scenario,rgn_nam,rgn_id,year,prop_accel,prop_no_accel,avg_biomass_accel,avg_biomass_no_accel,historic_1900
SSP1,Antarctica,213,2005,0.8835027797876855,0.8835027797876855,99047642.80409896,99047642.80409896,112107901.71809204
SSP1,Antarctica,213,2006,0.8804423069005225,0.8804423069005225,98704539.61045401,98704539.61045401,112107901.71809204
SSP1,Antarctica,213,2007,0.8773924355581507,0.8773924355581507,98362624.93375057,98362624.93375057,112107901.71809204
SSP1,Antarctica,213,2008,0.8743531290365879,0.8743531290365879,98021894.65694004,98021894.65694004,112107901.71809204
SSP1,Antarctica,213,2009,0.8713243507390644,0.8713243507390644,97682344.6772354,97682344.6772354,112107901.71809204
SSP1,Antarctica,213,2010,0.8683060641955828,0.8683060641955828,97343970.90606171,97343970.90606171,112107901.71809204
SSP1,Antarctica,213,2011,0.8652982330624782,0.8652982330624782,97006769.26900701,97006769.26900701,112107901.71809204
SSP1,Antarctica,213,2012,0.8623008211219815,0.8623008211219815,96670735.70577316,96670735.70577316,112107901.71809204
SSP1,Antarctica,213,2013,0.859313792281782,0.859313792281782,96335866.17012697,96335866.17012697,112107901.71809204
SSP1,Antarctica,213,2014,0.8563371105745942,0.8563371105745942,96002156.62985152,96002156.62985152,112107901.71809204
SSP1,Antarctica,213,2015,0.8533707401577236,0.8533707401577236,95669603.06669754,95669603.06669754,112107901.71809204
SSP1,Antarctica,213,2016,0.850414645312636,0.850414645312636,95338201.4763351,95338201.4763351,112107901.71809204
SSP1,Antarctica,213,2017,0.8474687904445266,0.8474687904445266,95007947.86830533,95007947.86830533,112107901.71809204
SSP1,Antarctica,213,2018,0.8445331400818922,0.8445331400818922,94678838.26597242,94678838.26597242,112107901.71809204
SSP1,Antarctica,213,2019,0.841607658876103,0.841607658876103,94350868.70647569,94350868.70647569,112107901.71809204
SSP1,Antarctica,213,2020,0.8386923116009785,0.8386923116009785,94024035.24068192,94024035.24068192,112107901.71809204
SSP1,Antarctica,213,2021,0.8357870631523615,0.8357870631523615,93698333.93313773,93698333.93313773,112107901.71809204
SSP1,Antarctica,213,2022,0.8328918785476973,0.8328918785476973,93373760.8620223,93373760.8620223,112107901.71809204
SSP1,Antarctica,213,2023,0.8300067229256107,0.8300067229256107,93050312.11910002,93050312.11910002,112107901.71809204
SSP1,Antarctica,213,2024,0.8271315615454877,0.8271315615454877,92727983.80967353,92727983.80967353,112107901.71809204
SSP1,Antarctica,213,2025,0.8242663597870563,0.8242663597870563,92406772.0525368,92406772.0525368,112107901.71809204
SSP1,Antarctica,213,2026,0.8214110831499697,0.8214110831499697,92086672.97992833,92086672.97992833,112107901.71809204
SSP1,Antarctica,213,2027,0.8185656972533913,0.8185656972533913,91767682.73748468,91767682.73748468,112107901.71809204
SSP1,Antarctica,213,2028,0.8157301678355805,0.8157301678355805,91449797.48419398,91449797.48419398,112107901.71809204
SSP1,Antarctica,213,2029,0.8129044607534798,0.8129044607534798,91133013.39234972,91133013.39234972,112107901.71809204
SSP1,Antarctica,213,2030,0.8100885419823043,0.8100885419823043,90817326.64750464,90817326.64750464,112107901.71809204
SSP1,Antarctica,213,2031,0.8072823776151316,0.8072823776151316,90502733.44842483,90502733.44842483,112107901.71809204
SSP1,Antarctica,213,2032,0.8044859338624935,0.8044859338624935,90189230.00704391,90189230.00704391,112107901.71809204
SSP1,Antarctica,213,2033,0.8016991770519695,0.8016991770519695,89876812.54841746,89876812.54841746,112107901.71809204
SSP1,Antarctica,213,2034,0.7989220736277809,0.7989220736277809,89565477.31067756,89565477.31067756,112107901.71809204
SSP1,Antarctica,213,2035,0.7961545901503871,0.7961545901503871,89255220.54498746,89255220.54498746,112107901.71809204
SSP1,Antarctica,213,2036,0.7933966932960828,0.7933966932960828,88946038.51549646,88946038.51549646,112107901.71809204
SSP1,Antarctica,213,2037,0.7906483498565965,0.7906483498565965,88637927.49929497,88637927.49929497,112107901.71809204
SSP1,Antarctica,213,2038,0.787909526738691,0.787909526738691,88330883.78636958,88330883.78636958,112107901.71809204
SSP1,Antarctica,213,2039,0.7851801909637648,0.7851801909637648,88024903.67955849,88024903.67955849,112107901.71809204
SSP1,Antarctica,213,2040,0.7824603096674552,0.7824603096674552,87719983.49450693,87719983.49450693,112107901.71809204
SSP1,Antarctica,213,2041,0.779749850099242,0.779749850099242,87416119.55962282,87416119.55962282,112107901.71809204
SSP1,Antarctica,213,2042,0.7770487796220539,0.7770487796220539,87113308.21603258,87113308.21603258,112107901.71809204
SSP1,Antarctica,213,2043,0.7743570657118748,0.7743570657118748,86811545.817537,86811545.817537,112107901.71809204
SSP1,Antarctica,213,2044,0.7716746759573526,0.7716746759573526,86510828.73056741,86510828.73056741,112107901.71809204
SSP1,Antarctica,213,2045,0.769001578059409,0.769001578059409,86211153.33414191,86211153.33414191,112107901.71809204
SSP1,Antarctica,213,2046,0.7663377398308503,0.7663377398308503,85912516.01982175,85912516.01982175,112107901.71809204
SSP1,Antarctica,213,2047,0.7636831291959796,0.7636831291959796,85614913.19166787,85614913.19166787,112107901.71809204
SSP1,Antarctica,213,2048,0.7610377141902116,0.7610377141902116,85318341.26619767,85318341.26619767,112107901.71809204
SSP1,Antarctica,213,2049,0.7584014629596866,0.7584014629596866,85022796.67234176,85022796.67234176,112107901.71809204
SSP1,Antarctica,213,2050,0.7557743437608871,0.7557743437608871,84728275.85140105,84728275.85140105,112107901.71809204
SSP1,Antarctica,213,2051,0.7531563249602565,0.7531563249602565,84434775.25700383,84434775.25700383,112107901.71809204
SSP1,Antarctica,213,2052,0.7505473750338171,0.7505473750338171,84142291.35506313,84142291.35506313,112107901.71809204
SSP1,Antarctica,213,2053,0.7479474625667908,0.7479474625667908,83850820.6237341,83850820.6237341,112107901.71809204
SSP1,Antarctica,213,2054,0.7453565562532214,0.7453565562532214,83560359.55337168,83560359.55337168,112107901.71809204
SSP1,Antarctica,213,2055,0.742774624895597,0.742774624895597,83270904.64648826,83270904.64648826,112107901.71809204
SSP1,Antarctica,213,2056,0.7402016374044745,0.7402016374044745,82982452.41771163,82982452.41771163,112107901.71809204
SSP1,Antarctica,213,2057,0.7376375627981054,0.7376375627981054,82694999.39374295,82694999.39374295,112107901.71809204
SSP1,Antarctica,213,2058,0.7350823702020628,0.7350823702020628,82408542.113315,82408542.113315,112107901.71809204
SSP1,Antarctica,213,2059,0.732536028848869,0.732536028848869,82123077.12715045,82123077.12715045,112107901.71809204
SSP1,Antarctica,213,2060,0.7299985080776262,0.7299985080776262,81838600.99792033,81838600.99792033,112107901.71809204
SSP1,Antarctica,213,2061,0.7274697773336462,0.7274697773336462,81555110.3002027,81555110.3002027,112107901.71809204
SSP1,Antarctica,213,2062,0.7249498061680827,0.7249498061680827,81272601.62044129,81272601.62044129,112107901.71809204
SSP1,Antarctica,213,2063,0.7224385642375654,0.7224385642375654,80991071.5569045,80991071.5569045,112107901.71809204
SSP1,Antarctica,213,2064,0.7199360213038335,0.7199360213038335,80710516.71964438,80710516.71964438,112107901.71809204
SSP1,Antarctica,213,2065,0.717442147233373,0.717442147233373,80430933.73045589,80430933.73045589,112107901.71809204
SSP1,Antarctica,213,2066,0.714956911997052,0.714956911997052,80152319.22283609,80152319.22283609,112107901.71809204
SSP1,Antarctica,213,2067,0.7124802856697613,0.7124802856697613,79874669.84194374,79874669.84194374,112107901.71809204
SSP1,Antarctica,213,2068,0.7100122384300521,0.7100122384300521,79597982.24455881,79597982.24455881,112107901.71809204
SSP1,Antarctica,213,2069,0.707552740559778,0.707552740559778,79322253.09904227,79322253.09904227,112107901.71809204
SSP1,Antarctica,213,2070,0.705101762443737,0.705101762443737,79047479.08529595,79047479.08529595,112107901.71809204
SSP1,Antarctica,213,2071,0.7026592745693145,0.7026592745693145,78773656.89472257,78773656.89472257,112107901.71809204
SSP1,Antarctica,213,2072,0.7002252475261289,0.7002252475261289,78500783.23018593,78500783.23018593,112107901.71809204
SSP1,Antarctica,213,2073,0.697799652005676,0.697799652005676,78228854.80597115,78228854.80597115,112107901.71809204
SSP1,Antarctica,213,2074,0.6953824588009773,0.6953824588009773,77957868.34774515,77957868.34774515,112107901.71809204
SSP1,Antarctica,213,2075,0.6929736388062281,0.6929736388062281,77687820.59251723,77687820.59251723,112107901.71809204
SSP1,Antarctica,213,2076,0.6905731630164464,0.6905731630164464,77418708.28859973,77418708.28859973,112107901.71809204
SSP1,Antarctica,213,2077,0.6881810025271244,0.6881810025271244,77150528.19556892,77150528.19556892,112107901.71809204
SSP1,Antarctica,213,2078,0.6857971285338801,0.6857971285338801,76883277.08422597,76883277.08422597,112107901.71809204
SSP1,Antarctica,213,2079,0.6834215123321105,0.6834215123321105,76616951.73655806,76616951.73655806,112107901.71809204
SSP1,Antarctica,213,2080,0.6810541253166458,0.6810541253166458,76351548.94569966,76351548.94569966,112107901.71809204
SSP1,Antarctica,213,2081,0.6786949389814052,0.6786949389814052,76087065.51589385,76087065.51589385,112107901.71809204
SSP1,Antarctica,213,2082,0.6763439249190539,0.6763439249190539,75823498.26245391,75823498.26245391,112107901.71809204
SSP1,Antarctica,213,2083,0.6740010548206603,0.6740010548206603,75560844.01172495,75560844.01172495,112107901.71809204
SSP1,Antarctica,213,2084,0.6716663004753558,0.6716663004753558,75299099.60104567,75299099.60104567,112107901.71809204
SSP1,Antarctica,213,2085,0.6693396337699948,0.6693396337699948,75038261.8787103,75038261.8787103,112107901.71809204
SSP1,Antarctica,213,2086,0.6670210266888162,0.6670210266888162,74778327.70393066,74778327.70393066,112107901.71809204
SSP1,Antarctica,213,2087,0.6647104513131064,0.6647104513131064,74519293.94679832,74519293.94679832,112107901.71809204
SSP1,Antarctica,213,2088,0.6624078798208621,0.6624078798208621,74261157.48824693,74261157.48824693,112107901.71809204
SSP1,Antarctica,213,2089,0.6601132844864568,0.6601132844864568,74003915.22001463,74003915.22001463,112107901.71809204
SSP1,Antarctica,213,2090,0.657826637680306,0.657826637680306,73747564.04460669,73747564.04460669,112107901.71809204
SSP1,Antarctica,213,2091,0.6555479118685344,0.6555479118685344,73492100.87525812,73492100.87525812,112107901.71809204
SSP1,Antarctica,213,2092,0.6532770796126448,0.6532770796126448,73237522.63589658,73237522.63589658,112107901.71809204
SSP1,Antarctica,213,2093,0.6510141135691877,0.6510141135691877,72983826.2611053,72983826.2611053,112107901.71809204
SSP1,Antarctica,213,2094,0.6487589864894316,0.6487589864894316,72731008.6960862,72731008.6960862,112107901.71809204
SSP1,Antarctica,213,2095,0.6465116712190354,0.6465116712190354,72479066.89662306,72479066.89662306,112107901.71809204
SSP1,Antarctica,213,2096,0.6442721406977214,0.6442721406977214,72227997.82904492,72227997.82904492,112107901.71809204
SSP1,Antarctica,213,2097,0.6420403679589489,0.6420403679589489,71977798.4701895,71977798.4701895,112107901.71809204
SSP1,Antarctica,213,2098,0.6398163261295902,0.6398163261295902,71728465.80736682,71728465.80736682,112107901.71809204
SSP1,Antarctica,213,2099,0.6375999884296064,0.6375999884296064,71479996.83832294,71479996.83832294,112107901.71809204
SSP1,Antarctica,213,2100,0.6353913281717256,0.6353913281717256,71232388.57120378,71232388.57120378,112107901.71809204
SSP2,Antarctica,213,2005,0.8835027797876855,0.8835027797876855,99047642.80409896,99047642.80409896,112107901.71809204
SSP2,Antarctica,213,2006,0.8804423069005225,0.8804423069005225,98704539.61045401,98704539.61045401,112107901.71809204
SSP2,Antarctica,213,2007,0.8773924355581507,0.8773924355581507,98362624.93375057,98362624.93375057,112107901.71809204
SSP2,Antarctica,213,2008,0.8743531290365879,0.8743531290365879,98021894.65694004,98021894.65694004,112107901.71809204
SSP2,Antarctica,213,2009,0.8713243507390644,0.8713243507390644,97682344.6772354,97682344.6772354,112107901.71809204
SSP2,Antarctica,213,2010,0.8683060641955828,0.8683060641955828,97343970.90606171,97343970.90606171,112107901.71809204
SSP2,Antarctica,213,2011,0.8652982330624782,0.8652982330624782,97006769.26900701,97006769.26900701,112107901.71809204
SSP2,Antarctica,213,2012,0.8623008211219815,0.8623008211219815,96670735.70577316,96670735.70577316,112107901.71809204
SSP2,Antarctica,213,2013,0.859313792281782,0.859313792281782,96335866.17012697,96335866.17012697,112107901.71809204
SSP2,Antarctica,213,2014,0.8563371105745942,0.8563371105745942,96002156.62985152,96002156.62985152,112107901.71809204
SSP2,Antarctica,213,2015,0.8533707401577236,0.8533707401577236,95669603.06669754,95669603.06669754,112107901.71809204
SSP2,Antarctica,213,2016,0.850414645312636,0.850414645312636,95338201.4763351,95338201.4763351,112107901.71809204
SSP2,Antarctica,213,2017,0.8474687904445266,0.8474687904445266,95007947.86830533,95007947.86830533,112107901.71809204
SSP2,Antarctica,213,2018,0.8445331400818922,0.8445331400818922,94678838.26597242,94678838.26597242,112107901.71809204
SSP2,Antarctica,213,2019,0.841607658876103,0.841607658876103,94350868.70647569,94350868.70647569,112107901.71809204
SSP2,Antarctica,213,2020,0.8386923116009785,0.8386923116009785,94024035.24068192,94024035.24068192,112107901.71809204
SSP2,Antarctica,213,2021,0.8357870631523615,0.8357870631523615,93698333.93313773,93698333.93313773,112107901.71809204
SSP2,Antarctica,213,2022,0.8328918785476973,0.8328918785476973,93373760.8620223,93373760.8620223,112107901.71809204
SSP2,Antarctica,213,2023,0.8300067229256107,0.8300067229256107,93050312.11910002,93050312.11910002,112107901.71809204
SSP2,Antarctica,213,2024,0.8271315615454877,0.8271315615454877,92727983.80967353,92727983.80967353,112107901.71809204
SSP2,Antarctica,213,2025,0.8242663597870563,0.8242663597870563,92406772.0525368,92406772.0525368,112107901.71809204
SSP2,Antarctica,213,2026,0.8214110831499697,0.8214110831499697,92086672.97992833,92086672.97992833,112107901.71809204
SSP2,Antarctica,213,2027,0.8185656972533913,0.8185656972533913,91767682.73748468,91767682.73748468,112107901.71809204
SSP2,Antarctica,213,2028,0.8157301678355805,0.8157301678355805,91449797.48419398,91449797.48419398,112107901.71809204
SSP2,Antarctica,213,2029,0.8129044607534798,0.8129044607534798,91133013.39234972,91133013.39234972,112107901.71809204
SSP2,Antarctica,213,2030,0.8100885419823043,0.8100885419823043,90817326.64750464,90817326.64750464,112107901.71809204
SSP2,Antarctica,213,2031,0.8072823776151316,0.8072823776151316,90502733.44842483,90502733.44842483,112107901.71809204
SSP2,Antarctica,213,2032,0.8044859338624935,0.8044859338624935,90189230.00704391,90189230.00704391,112107901.71809204
SSP2,Antarctica,213,2033,0.8016991770519695,0.8016991770519695,89876812.54841746,89876812.54841746,112107901.71809204
SSP2,Antarctica,213,2034,0.7989220736277809,0.7989220736277809,89565477.31067756,89565477.31067756,112107901.71809204
SSP2,Antarctica,213,2035,0.7961545901503871,0.7961545901503871,89255220.54498746,89255220.54498746,112107901.71809204
SSP2,Antarctica,213,2036,0.7933966932960828,0.7933966932960828,88946038.51549646,88946038.51549646,112107901.71809204
SSP2,Antarctica,213,2037,0.7906483498565965,0.7906483498565965,88637927.49929497,88637927.49929497,112107901.71809204
SSP2,Antarctica,213,2038,0.787909526738691,0.787909526738691,88330883.78636958,88330883.78636958,112107901.71809204
SSP2,Antarctica,213,2039,0.7851801909637648,0.7851801909637648,88024903.67955849,88024903.67955849,112107901.71809204
SSP2,Antarctica,213,2040,0.7824603096674552,0.7824603096674552,87719983.49450693,87719983.49450693,112107901.71809204
SSP2,Antarctica,213,2041,0.779749850099242,0.779749850099242,87416119.55962282,87416119.55962282,112107901.71809204
SSP2,Antarctica,213,2042,0.7770487796220539,0.7770487796220539,87113308.21603258,87113308.21603258,112107901.71809204
SSP2,Antarctica,213,2043,0.7743570657118748,0.7743570657118748,86811545.817537,86811545.817537,112107901.71809204
SSP2,Antarctica,213,2044,0.7716746759573526,0.7716746759573526,86510828.73056741,86510828.73056741,112107901.71809204
SSP2,Antarctica,213,2045,0.769001578059409,0.769001578059409,86211153.33414191,86211153.33414191,112107901.71809204
SSP2,Antarctica,213,2046,0.7663377398308503,0.7663377398308503,85912516.01982175,85912516.01982175,112107901.71809204
SSP2,Antarctica,213,2047,0.7636831291959796,0.7636831291959796,85614913.19166787,85614913.19166787,112107901.71809204
SSP2,Antarctica,213,2048,0.7610377141902116,0.7610377141902116,85318341.26619767,85318341.26619767,112107901.71809204
SSP2,Antarctica,213,2049,0.7584014629596866,0.7584014629596866,85022796.67234176,85022796.67234176,112107901.71809204
SSP2,Antarctica,213,2050,0.7557743437608871,0.7557743437608871,84728275.85140105,84728275.85140105,112107901.71809204
SSP2,Antarctica,213,2051,0.7531563249602565,0.7531563249602565,84434775.25700383,84434775.25700383,112107901.71809204
SSP2,Antarctica,213,2052,0.7505473750338171,0.7505473750338171,84142291.35506313,84142291.35506313,112107901.71809204
SSP2,Antarctica,213,2053,0.7479474625667908,0.7479474625667908,83850820.6237341,83850820.6237341,112107901.71809204
SSP2,Antarctica,213,2054,0.7453565562532214,0.7453565562532214,83560359.55337168,83560359.55337168,112107901.71809204
SSP2,Antarctica,213,2055,0.742774624895597,0.742774624895597,83270904.64648826,83270904.64648826,112107901.71809204
SSP2,Antarctica,213,2056,0.7402016374044745,0.7402016374044745,82982452.41771163,82982452.41771163,112107901.71809204
SSP2,Antarctica,213,2057,0.7376375627981054,0.7376375627981054,82694999.39374295,82694999.39374295,112107901.71809204
SSP2,Antarctica,213,2058,0.7350823702020628,0.7350823702020628,82408542.113315,82408542.113315,112107901.71809204
SSP2,Antarctica,213,2059,0.732536028848869,0.732536028848869,82123077.12715045,82123077.12715045,112107901.71809204
SSP2,Antarctica,213,2060,0.7299985080776262,0.7299985080776262,81838600.99792033,81838600.99792033,112107901.71809204
SSP2,Antarctica,213,2061,0.7274697773336462,0.7274697773336462,81555110.3002027,81555110.3002027,112107901.71809204
SSP2,Antarctica,213,2062,0.7249498061680827,0.7249498061680827,81272601.62044129,81272601.62044129,112107901.71809204
SSP2,Antarctica,213,2063,0.7224385642375654,0.7224385642375654,80991071.5569045,80991071.5569045,112107901.71809204
SSP2,Antarctica,213,2064,0.7199360213038335,0.7199360213038335,80710516.71964438,80710516.71964438,112107901.71809204
SSP2,Antarctica,213,2065,0.717442147233373,0.717442147233373,80430933.73045589,80430933.73045589,112107901.71809204
SSP2,Antarctica,213,2066,0.714956911997052,0.714956911997052,80152319.22283609,80152319.22283609,112107901.71809204
SSP2,Antarctica,213,2067,0.7124802856697613,0.7124802856697613,79874669.84194374,79874669.84194374,112107901.71809204
SSP2,Antarctica,213,2068,0.7100122384300521,0.7100122384300521,79597982.24455881,79597982.24455881,112107901.71809204
SSP2,Antarctica,213,2069,0.707552740559778,0.707552740559778,79322253.09904227,79322253.09904227,112107901.71809204
SSP2,Antarctica,213,2070,0.705101762443737,0.705101762443737,79047479.08529595,79047479.08529595,112107901.71809204
SSP2,Antarctica,213,2071,0.7026592745693145,0.7026592745693145,78773656.89472257,78773656.89472257,112107901.71809204
SSP2,Antarctica,213,2072,0.7002252475261289,0.7002252475261289,78500783.23018593,78500783.23018593,112107901.71809204
SSP2,Antarctica,213,2073,0.697799652005676,0.697799652005676,78228854.80597115,78228854.80597115,112107901.71809204
SSP2,Antarctica,213,2074,0.6953824588009773,0.6953824588009773,77957868.34774515,77957868.34774515,112107901.71809204
SSP2,Antarctica,213,2075,0.6929736388062281,0.6929736388062281,77687820.59251723,77687820.59251723,112107901.71809204
SSP2,Antarctica,213,2076,0.6905731630164464,0.6905731630164464,77418708.28859973,77418708.28859973,112107901.71809204
SSP2,Antarctica,213,2077,0.6881810025271244,0.6881810025271244,77150528.19556892,77150528.19556892,112107901.71809204
SSP2,Antarctica,213,2078,0.6857971285338801,0.6857971285338801,76883277.08422597,76883277.08422597,112107901.71809204
SSP2,Antarctica,213,2079,0.6834215123321105,0.6834215123321105,76616951.73655806,76616951.73655806,112107901.71809204
SSP2,Antarctica,213,2080,0.6810541253166458,0.6810541253166458,76351548.94569966,76351548.94569966,112107901.71809204
SSP2,Antarctica,213,2081,0.6786949389814052,0.6786949389814052,76087065.51589385,76087065.51589385,112107901.71809204
SSP2,Antarctica,213,2082,0.6763439249190539,0.6763439249190539,75823498.26245391,75823498.26245391,112107901.71809204
SSP2,Antarctica,213,2083,0.6740010548206603,0.6740010548206603,75560844.01172495,75560844.01172495,112107901.71809204
SSP2,Antarctica,213,2084,0.6716663004753558,0.6716663004753558,75299099.60104567,75299099.60104567,112107901.71809204
SSP2,Antarctica,213,2085,0.6693396337699948,0.6693396337699948,75038261.8787103,75038261.8787103,112107901.71809204
SSP2,Antarctica,213,2086,0.6670210266888162,0.6670210266888162,74778327.70393066,74778327.70393066,112107901.71809204
SSP2,Antarctica,213,2087,0.6647104513131064,0.6647104513131064,74519293.94679832,74519293.94679832,112107901.71809204
SSP2,Antarctica,213,2088,0.6624078798208621,0.6624078798208621,74261157.48824693,74261157.48824693,112107901.71809204
SSP2,Antarctica,213,2089,0.6601132844864568,0.6601132844864568,74003915.22001463,74003915.22001463,112107901.71809204
SSP2,Antarctica,213,2090,0.657826637680306,0.657826637680306,73747564.04460669,73747564.04460669,112107901.71809204
SSP2,Antarctica,213,2091,0.6555479118685344,0.6555479118685344,73492100.87525812,73492100.87525812,112107901.71809204
SSP2,Antarctica,213,2092,0.6532770796126448,0.6532770796126448,73237522.63589658,73237522.63589658,112107901.71809204
SSP2,Antarctica,213,2093,0.6510141135691877,0.6510141135691877,72983826.2611053,72983826.2611053,112107901.71809204
SSP2,Antarctica,213,2094,0.6510141135691877,0.6510141135691877,72983826.2611053,72983826.2611053,112107901.71809204
SSP2,Antarctica,213,2095,0.6510141135691877,0.6510141135691877,72983826.2611053,72983826.2611053,112107901.71809204
SSP2,Antarctica,213,2096,0.6510141135691877,0.6510141135691877,72983826.2611053,72983826.2611053,112107901.71809204
SSP2,Antarctica,213,2097,0.6510141135691877,0.6510141135691877,72983826.2611053,72983826.2611053,112107901.71809204
SSP2,Antarctica,213,2098,0.6510141135691877,0.6510141135691877,72983826.2611053,72983826.2611053,112107901.71809204
SSP2,Antarctica,213,2099,0.6510141135691877,0.6510141135691877,72983826.2611053,72983826.2611053,112107901.71809204
SSP2,Antarctica,213,2100,0.6510141135691877,0.6510141135691877,72983826.2611053,72983826.2611053,112107901.71809204
SSP3,Antarctica,213,2005,0.8835027797876855,0.8835027797876855,99047642.80409896,99047642.80409896,112107901.71809204
SSP3,Antarctica,213,2006,0.8804423069005225,0.8804423069005225,98704539.61045401,98704539.61045401,112107901.71809204
SSP3,Antarctica,213,2007,0.8773924355581507,0.8773924355581507,98362624.93375057,98362624.93375057,112107901.71809204
SSP3,Antarctica,213,2008,0.8743531290365879,0.8743531290365879,98021894.65694004,98021894.65694004,112107901.71809204
SSP3,Antarctica,213,2009,0.8713243507390644,0.8713243507390644,97682344.6772354,97682344.6772354,112107901.71809204
SSP3,Antarctica,213,2010,0.8683060641955828,0.8683060641955828,97343970.90606171,97343970.90606171,112107901.71809204
SSP3,Antarctica,213,2011,0.8652982330624782,0.8652982330624782,97006769.26900701,97006769.26900701,112107901.71809204
SSP3,Antarctica,213,2012,0.8623008211219815,0.8623008211219815,96670735.70577316,96670735.70577316,112107901.71809204
SSP3,Antarctica,213,2013,0.859313792281782,0.859313792281782,96335866.17012697,96335866.17012697,112107901.71809204
SSP3,Antarctica,213,2014,0.8563371105745942,0.8563371105745942,96002156.62985152,96002156.62985152,112107901.71809204
SSP3,Antarctica,213,2015,0.8533707401577236,0.8533707401577236,95669603.06669754,95669603.06669754,112107901.71809204
SSP3,Antarctica,213,2016,0.850414645312636,0.850414645312636,95338201.4763351,95338201.4763351,112107901.71809204
SSP3,Antarctica,213,2017,0.8474687904445266,0.8474687904445266,95007947.86830533,95007947.86830533,112107901.71809204
SSP3,Antarctica,213,2018,0.8445331400818922,0.8445331400818922,94678838.26597242,94678838.26597242,112107901.71809204
SSP3,Antarctica,213,2019,0.841607658876103,0.841607658876103,94350868.70647569,94350868.70647569,112107901.71809204
SSP3,Antarctica,213,2020,0.8386923116009785,0.8386923116009785,94024035.24068192,94024035.24068192,112107901.71809204
SSP3,Antarctica,213,2021,0.8357870631523615,0.8357870631523615,93698333.93313773,93698333.93313773,112107901.71809204
SSP3,Antarctica,213,2022,0.8328918785476973,0.8328918785476973,93373760.8620223,93373760.8620223,112107901.71809204
SSP3,Antarctica,213,2023,0.8300067229256107,0.8300067229256107,93050312.11910002,93050312.11910002,112107901.71809204
SSP3,Antarctica,213,2024,0.8271315615454877,0.8271315615454877,92727983.80967353,92727983.80967353,112107901.71809204
SSP3,Antarctica,213,2025,0.8242663597870563,0.8242663597870563,92406772.0525368,92406772.0525368,112107901.71809204
SSP3,Antarctica,213,2026,0.8214110831499697,0.8214110831499697,92086672.97992833,92086672.97992833,112107901.71809204
SSP3,Antarctica,213,2027,0.8185656972533913,0.8185656972533913,91767682.73748468,91767682.73748468,112107901.71809204
SSP3,Antarctica,213,2028,0.8157301678355805,0.8157301678355805,91449797.48419398,91449797.48419398,112107901.71809204
SSP3,Antarctica,213,2029,0.8129044607534798,0.8129044607534798,91133013.39234972,91133013.39234972,112107901.71809204
SSP3,Antarctica,213,2030,0.8100885419823043,0.8100885419823043,90817326.64750464,90817326.64750464,112107901.71809204
SSP3,Antarctica,213,2031,0.8072823776151316,0.8072823776151316,90502733.44842483,90502733.44842483,112107901.71809204
SSP3,Antarctica,213,2032,0.8044859338624935,0.8044859338624935,90189230.00704391,90189230.00704391,112107901.71809204
SSP3,Antarctica,213,2033,0.8016991770519695,0.8016991770519695,89876812.54841746,89876812.54841746,112107901.71809204
SSP3,Antarctica,213,2034,0.7989220736277809,0.7989220736277809,89565477.31067756,89565477.31067756,112107901.71809204
SSP3,Antarctica,213,2035,0.7961545901503871,0.7961545901503871,89255220.54498746,89255220.54498746,112107901.71809204
SSP3,Antarctica,213,2036,0.7933966932960828,0.7933966932960828,88946038.51549646,88946038.51549646,112107901.71809204
SSP3,Antarctica,213,2037,0.7906483498565965,0.7906483498565965,88637927.49929497,88637927.49929497,112107901.71809204
SSP3,Antarctica,213,2038,0.787909526738691,0.787909526738691,88330883.78636958,88330883.78636958,112107901.71809204
SSP3,Antarctica,213,2039,0.7851801909637648,0.7851801909637648,88024903.67955849,88024903.67955849,112107901.71809204
SSP3,Antarctica,213,2040,0.7824603096674552,0.7824603096674552,87719983.49450693,87719983.49450693,112107901.71809204
SSP3,Antarctica,213,2041,0.779749850099242,0.779749850099242,87416119.55962282,87416119.55962282,112107901.71809204
SSP3,Antarctica,213,2042,0.7770487796220539,0.7770487796220539,87113308.21603258,87113308.21603258,112107901.71809204
SSP3,Antarctica,213,2043,0.7743570657118748,0.7743570657118748,86811545.817537,86811545.817537,112107901.71809204
SSP3,Antarctica,213,2044,0.7716746759573526,0.7716746759573526,86510828.73056741,86510828.73056741,112107901.71809204
SSP3,Antarctica,213,2045,0.769001578059409,0.769001578059409,86211153.33414191,86211153.33414191,112107901.71809204
SSP3,Antarctica,213,2046,0.7663377398308503,0.7663377398308503,85912516.01982175,85912516.01982175,112107901.71809204
SSP3,Antarctica,213,2047,0.7636831291959796,0.7636831291959796,85614913.19166787,85614913.19166787,112107901.71809204
SSP3,Antarctica,213,2048,0.7610377141902116,0.7610377141902116,85318341.26619767,85318341.26619767,112107901.71809204
SSP3,Antarctica,213,2049,0.7584014629596866,0.7584014629596866,85022796.67234176,85022796.67234176,112107901.71809204
SSP3,Antarctica,213,2050,0.7557743437608871,0.7557743437608871,84728275.85140105,84728275.85140105,112107901.71809204
SSP3,Antarctica,213,2051,0.7531563249602565,0.7531563249602565,84434775.25700383,84434775.25700383,112107901.71809204
SSP3,Antarctica,213,2052,0.7505473750338171,0.7505473750338171,84142291.35506313,84142291.35506313,112107901.71809204
SSP3,Antarctica,213,2053,0.7479474625667908,0.7479474625667908,83850820.6237341,83850820.6237341,112107901.71809204
SSP3,Antarctica,213,2054,0.7453565562532214,0.7453565562532214,83560359.55337168,83560359.55337168,112107901.71809204
SSP3,Antarctica,213,2055,0.742774624895597,0.742774624895597,83270904.64648826,83270904.64648826,112107901.71809204
SSP3,Antarctica,213,2056,0.7402016374044745,0.7402016374044745,82982452.41771163,82982452.41771163,112107901.71809204
SSP3,Antarctica,213,2057,0.7376375627981054,0.7376375627981054,82694999.39374295,82694999.39374295,112107901.71809204
SSP3,Antarctica,213,2058,0.7350823702020628,0.7350823702020628,82408542.113315,82408542.113315,112107901.71809204
SSP3,Antarctica,213,2059,0.732536028848869,0.732536028848869,82123077.12715045,82123077.12715045,112107901.71809204
SSP3,Antarctica,213,2060,0.7299985080776262,0.7299985080776262,81838600.99792033,81838600.99792033,112107901.71809204
SSP3,Antarctica,213,2061,0.7274697773336462,0.7274697773336462,81555110.3002027,81555110.3002027,112107901.71809204
SSP3,Antarctica,213,2062,0.7249498061680827,0.7249498061680827,81272601.62044129,81272601.62044129,112107901.71809204
SSP3,Antarctica,213,2063,0.7224385642375654,0.7224385642375654,80991071.5569045,80991071.5569045,112107901.71809204
SSP3,Antarctica,213,2064,0.7199360213038335,0.7199360213038335,80710516.71964438,80710516.71964438,112107901.71809204
SSP3,Antarctica,213,2065,0.717442147233373,0.717442147233373,80430933.73045589,80430933.73045589,112107901.71809204
SSP3,Antarctica,213,2066,0.714956911997052,0.714956911997052,80152319.22283609,80152319.22283609,112107901.71809204
SSP3,Antarctica,213,2067,0.7124802856697613,0.7124802856697613,79874669.84194374,79874669.84194374,112107901.71809204
SSP3,Antarctica,213,2068,0.7100122384300521,0.7100122384300521,79597982.24455881,79597982.24455881,112107901.71809204
SSP3,Antarctica,213,2069,0.707552740559778,0.707552740559778,79322253.09904227,79322253.09904227,112107901.71809204
SSP3,Antarctica,213,2070,0.705101762443737,0.705101762443737,79047479.08529595,79047479.08529595,112107901.71809204
SSP3,Antarctica,213,2071,0.7026592745693145,0.7026592745693145,78773656.89472257,78773656.89472257,112107901.71809204
SSP3,Antarctica,213,2072,0.7002252475261289,0.7002252475261289,78500783.23018593,78500783.23018593,112107901.71809204
SSP3,Antarctica,213,2073,0.697799652005676,0.697799652005676,78228854.80597115,78228854.80597115,112107901.71809204
SSP3,Antarctica,213,2074,0.6953824588009773,0.6953824588009773,77957868.34774515,77957868.34774515,112107901.71809204
SSP3,Antarctica,213,2075,0.6929736388062281,0.6929736388062281,77687820.59251723,77687820.59251723,112107901.71809204
SSP3,Antarctica,213,2076,0.6905731630164464,0.6905731630164464,77418708.28859973,77418708.28859973,112107901.71809204
SSP3,Antarctica,213,2077,0.6881810025271244,0.6881810025271244,77150528.19556892,77150528.19556892,112107901.71809204
SSP3,Antarctica,213,2078,0.6857971285338801,0.6857971285338801,76883277.08422597,76883277.08422597,112107901.71809204
SSP3,Antarctica,213,2079,0.6834215123321105,0.6834215123321105,76616951.73655806,76616951.73655806,112107901.71809204
SSP3,Antarctica,213,2080,0.6810541253166458,0.6810541253166458,76351548.94569966,76351548.94569966,112107901.71809204
SSP3,Antarctica,213,2081,0.6786949389814052,0.6786949389814052,76087065.51589385,76087065.51589385,112107901.71809204
SSP3,Antarctica,213,2082,0.6763439249190539,0.6763439249190539,75823498.26245391,75823498.26245391,112107901.71809204
SSP3,Antarctica,213,2083,0.6740010548206603,0.6740010548206603,75560844.01172495,75560844.01172495,112107901.71809204
SSP3,Antarctica,213,2084,0.6716663004753558,0.6716663004753558,75299099.60104567,75299099.60104567,112107901.71809204
SSP3,Antarctica,213,2085,0.6693396337699948,0.6693396337699948,75038261.8787103,75038261.8787103,112107901.71809204
SSP3,Antarctica,213,2086,0.6670210266888162,0.6670210266888162,74778327.70393066,74778327.70393066,112107901.71809204
SSP3,Antarctica,213,2087,0.6647104513131064,0.6647104513131064,74519293.94679832,74519293.94679832,112107901.71809204
SSP3,Antarctica,213,2088,0.6624078798208621,0.6624078798208621,74261157.48824693,74261157.48824693,112107901.71809204
SSP3,Antarctica,213,2089,0.6601132844864568,0.6601132844864568,74003915.22001463,74003915.22001463,112107901.71809204
SSP3,Antarctica,213,2090,0.657826637680306,0.657826637680306,73747564.04460669,73747564.04460669,112107901.71809204
SSP3,Antarctica,213,2091,0.6555479118685344,0.6555479118685344,73492100.87525812,73492100.87525812,112107901.71809204
SSP3,Antarctica,213,2092,0.6532770796126448,0.6532770796126448,73237522.63589658,73237522.63589658,112107901.71809204
SSP3,Antarctica,213,2093,0.6510141135691877,0.6510141135691877,72983826.2611053,72983826.2611053,112107901.71809204
SSP3,Antarctica,213,2094,0.6487589864894316,0.6487589864894316,72731008.6960862,72731008.6960862,112107901.71809204
SSP3,Antarctica,213,2095,0.6465116712190354,0.6465116712190354,72479066.89662306,72479066.89662306,112107901.71809204
SSP3,Antarctica,213,2096,0.6442721406977214,0.6442721406977214,72227997.82904492,72227997.82904492,112107901.71809204
SSP3,Antarctica,213,2097,0.6420403679589489,0.6420403679589489,71977798.4701895,71977798.4701895,112107901.71809204
SSP3,Antarctica,213,2098,0.6398163261295902,0.6398163261295902,71728465.80736682,71728465.80736682,112107901.71809204
SSP3,Antarctica,213,2099,0.6375999884296064,0.6375999884296064,71479996.83832294,71479996.83832294,112107901.71809204
SSP3,Antarctica,213,2100,0.6353913281717256,0.6353913281717256,71232388.57120378,71232388.57120378,112107901.71809204
SSP4,Antarctica,213,2005,0.8835027797876855,0.8835027797876855,99047642.80409896,99047642.80409896,112107901.71809204
SSP4,Antarctica,213,2006,0.8804423069005225,0.8804423069005225,98704539.61045401,98704539.61045401,112107901.71809204
SSP4,Antarctica,213,2007,0.8773924355581507,0.8773924355581507,98362624.93375057,98362624.93375057,112107901.71809204
SSP4,Antarctica,213,2008,0.8743531290365879,0.8743531290365879,98021894.65694004,98021894.65694004,112107901.71809204
SSP4,Antarctica,213,2009,0.8713243507390644,0.8713243507390644,97682344.6772354,97682344.6772354,112107901.71809204
SSP4,Antarctica,213,2010,0.8683060641955828,0.8683060641955828,97343970.90606171,97343970.90606171,112107901.71809204
SSP4,Antarctica,213,2011,0.8652982330624782,0.8652982330624782,97006769.26900701,97006769.26900701,112107901.71809204
SSP4,Antarctica,213,2012,0.8623008211219815,0.8623008211219815,96670735.70577316,96670735.70577316,112107901.71809204
SSP4,Antarctica,213,2013,0.859313792281782,0.859313792281782,96335866.17012697,96335866.17012697,112107901.71809204
SSP4,Antarctica,213,2014,0.8563371105745942,0.8563371105745942,96002156.62985152,96002156.62985152,112107901.71809204
SSP4,Antarctica,213,2015,0.8533707401577236,0.8533707401577236,95669603.06669754,95669603.06669754,112107901.71809204
SSP4,Antarctica,213,2016,0.850414645312636,0.850414645312636,95338201.4763351,95338201.4763351,112107901.71809204
SSP4,Antarctica,213,2017,0.8474687904445266,0.8474687904445266,95007947.86830533,95007947.86830533,112107901.71809204
SSP4,Antarctica,213,2018,0.8445331400818922,0.8445331400818922,94678838.26597242,94678838.26597242,112107901.71809204
SSP4,Antarctica,213,2019,0.841607658876103,0.841607658876103,94350868.70647569,94350868.70647569,112107901.71809204
SSP4,Antarctica,213,2020,0.8386923116009785,0.8386923116009785,94024035.24068192,94024035.24068192,112107901.71809204
SSP4,Antarctica,213,2021,0.8357870631523615,0.8357870631523615,93698333.93313773,93698333.93313773,112107901.71809204
SSP4,Antarctica,213,2022,0.8328918785476973,0.8328918785476973,93373760.8620223,93373760.8620223,112107901.71809204
SSP4,Antarctica,213,2023,0.8300067229256107,0.8300067229256107,93050312.11910002,93050312.11910002,112107901.71809204
SSP4,Antarctica,213,2024,0.8271315615454877,0.8271315615454877,92727983.80967353,92727983.80967353,112107901.71809204
SSP4,Antarctica,213,2025,0.8242663597870563,0.8242663597870563,92406772.0525368,92406772.0525368,112107901.71809204
SSP4,Antarctica,213,2026,0.8214110831499697,0.8214110831499697,92086672.97992833,92086672.97992833,112107901.71809204
SSP4,Antarctica,213,2027,0.8185656972533913,0.8185656972533913,91767682.73748468,91767682.73748468,112107901.71809204
SSP4,Antarctica,213,2028,0.8157301678355805,0.8157301678355805,91449797.48419398,91449797.48419398,112107901.71809204
SSP4,Antarctica,213,2029,0.8129044607534798,0.8129044607534798,91133013.39234972,91133013.39234972,112107901.71809204
SSP4,Antarctica,213,2030,0.8100885419823043,0.8100885419823043,90817326.64750464,90817326.64750464,112107901.71809204
SSP4,Antarctica,213,2031,0.8072823776151316,0.8072823776151316,90502733.44842483,90502733.44842483,112107901.71809204
SSP4,Antarctica,213,2032,0.8044859338624935,0.8044859338624935,90189230.00704391,90189230.00704391,112107901.71809204
SSP4,Antarctica,213,2033,0.8016991770519695,0.8016991770519695,89876812.54841746,89876812.54841746,112107901.71809204
SSP4,Antarctica,213,2034,0.7989220736277809,0.7989220736277809,89565477.31067756,89565477.31067756,112107901.71809204
SSP4,Antarctica,213,2035,0.7961545901503871,0.7961545901503871,89255220.54498746,89255220.54498746,112107901.71809204
SSP4,Antarctica,213,2036,0.7933966932960828,0.7933966932960828,88946038.51549646,88946038.51549646,112107901.71809204
SSP4,Antarctica,213,2037,0.7906483498565965,0.7906483498565965,88637927.49929497,88637927.49929497,112107901.71809204
SSP4,Antarctica,213,2038,0.787909526738691,0.787909526738691,88330883.78636958,88330883.78636958,112107901.71809204
SSP4,Antarctica,213,2039,0.7851801909637648,0.7851801909637648,88024903.67955849,88024903.67955849,112107901.71809204
SSP4,Antarctica,213,2040,0.7824603096674552,0.7824603096674552,87719983.49450693,87719983.49450693,112107901.71809204
SSP4,Antarctica,213,2041,0.779749850099242,0.779749850099242,87416119.55962282,87416119.55962282,112107901.71809204
SSP4,Antarctica,213,2042,0.7770487796220539,0.7770487796220539,87113308.21603258,87113308.21603258,112107901.71809204
SSP4,Antarctica,213,2043,0.7743570657118748,0.7743570657118748,86811545.817537,86811545.817537,112107901.71809204
SSP4,Antarctica,213,2044,0.7716746759573526,0.7716746759573526,86510828.73056741,86510828.73056741,112107901.71809204
SSP4,Antarctica,213,2045,0.769001578059409,0.769001578059409,86211153.33414191,86211153.33414191,112107901.71809204
SSP4,Antarctica,213,2046,0.7663377398308503,0.7663377398308503,85912516.01982175,85912516.01982175,112107901.71809204
SSP4,Antarctica,213,2047,0.7636831291959796,0.7636831291959796,85614913.19166787,85614913.19166787,112107901.71809204
SSP4,Antarctica,213,2048,0.7610377141902116,0.7610377141902116,85318341.26619767,85318341.26619767,112107901.71809204
SSP4,Antarctica,213,2049,0.7584014629596866,0.7584014629596866,85022796.67234176,85022796.67234176,112107901.71809204
SSP4,Antarctica,213,2050,0.7557743437608871,0.7557743437608871,84728275.85140105,84728275.85140105,112107901.71809204
SSP4,Antarctica,213,2051,0.7531563249602565,0.7531563249602565,84434775.25700383,84434775.25700383,112107901.71809204
SSP4,Antarctica,213,2052,0.7505473750338171,0.7505473750338171,84142291.35506313,84142291.35506313,112107901.71809204
SSP4,Antarctica,213,2053,0.7479474625667908,0.7479474625667908,83850820.6237341,83850820.6237341,112107901.71809204
SSP4,Antarctica,213,2054,0.7453565562532214,0.7453565562532214,83560359.55337168,83560359.55337168,112107901.71809204
SSP4,Antarctica,213,2055,0.742774624895597,0.742774624895597,83270904.64648826,83270904.64648826,112107901.71809204
SSP4,Antarctica,213,2056,0.7402016374044745,0.7402016374044745,82982452.41771163,82982452.41771163,112107901.71809204
SSP4,Antarctica,213,2057,0.7376375627981054,0.7376375627981054,82694999.39374295,82694999.39374295,112107901.71809204
SSP4,Antarctica,213,2058,0.7350823702020628,0.7350823702020628,82408542.113315,82408542.113315,112107901.71809204
SSP4,Antarctica,213,2059,0.732536028848869,0.732536028848869,82123077.12715045,82123077.12715045,112107901.71809204
SSP4,Antarctica,213,2060,0.7299985080776262,0.7299985080776262,81838600.99792033,81838600.99792033,112107901.71809204
SSP4,Antarctica,213,2061,0.7274697773336462,0.7274697773336462,81555110.3002027,81555110.3002027,112107901.71809204
SSP4,Antarctica,213,2062,0.7249498061680827,0.7249498061680827,81272601.62044129,81272601.62044129,112107901.71809204
SSP4,Antarctica,213,2063,0.7224385642375654,0.7224385642375654,80991071.5569045,80991071.5569045,112107901.71809204
SSP4,Antarctica,213,2064,0.7199360213038335,0.7199360213038335,80710516.71964438,80710516.71964438,112107901.71809204
SSP4,Antarctica,213,2065,0.717442147233373,0.717442147233373,80430933.73045589,80430933.73045589,112107901.71809204
SSP4,Antarctica,213,2066,0.714956911997052,0.714956911997052,80152319.22283609,80152319.22283609,112107901.71809204
SSP4,Antarctica,213,2067,0.7124802856697613,0.7124802856697613,79874669.84194374,79874669.84194374,112107901.71809204
SSP4,Antarctica,213,2068,0.7100122384300521,0.7100122384300521,79597982.24455881,79597982.24455881,112107901.71809204
SSP4,Antarctica,213,2069,0.707552740559778,0.707552740559778,79322253.09904227,79322253.09904227,112107901.71809204
SSP4,Antarctica,213,2070,0.705101762443737,0.705101762443737,79047479.08529595,79047479.08529595,112107901.71809204
SSP4,Antarctica,213,2071,0.7026592745693145,0.7026592745693145,78773656.89472257,78773656.89472257,112107901.71809204
SSP4,Antarctica,213,2072,0.7002252475261289,0.7002252475261289,78500783.23018593,78500783.23018593,112107901.71809204
SSP4,Antarctica,213,2073,0.697799652005676,0.697799652005676,78228854.80597115,78228854.80597115,112107901.71809204
SSP4,Antarctica,213,2074,0.6953824588009773,0.6953824588009773,77957868.34774515,77957868.34774515,112107901.71809204
SSP4,Antarctica,213,2075,0.6929736388062281,0.6929736388062281,77687820.59251723,77687820.59251723,112107901.71809204
SSP4,Antarctica,213,2076,0.6905731630164464,0.6905731630164464,77418708.28859973,77418708.28859973,112107901.71809204
SSP4,Antarctica,213,2077,0.6881810025271244,0.6881810025271244,77150528.19556892,77150528.19556892,112107901.71809204
SSP4,Antarctica,213,2078,0.6857971285338801,0.6857971285338801,76883277.08422597,76883277.08422597,112107901.71809204
SSP4,Antarctica,213,2079,0.6834215123321105,0.6834215123321105,76616951.73655806,76616951.73655806,112107901.71809204
SSP4,Antarctica,213,2080,0.6810541253166458,0.6810541253166458,76351548.94569966,76351548.94569966,112107901.71809204
SSP4,Antarctica,213,2081,0.6786949389814052,0.6786949389814052,76087065.51589385,76087065.51589385,112107901.71809204
SSP4,Antarctica,213,2082,0.6763439249190539,0.6763439249190539,75823498.26245391,75823498.26245391,112107901.71809204
SSP4,Antarctica,213,2083,0.6740010548206603,0.6740010548206603,75560844.01172495,75560844.01172495,112107901.71809204
SSP4,Antarctica,213,2084,0.6716663004753558,0.6716663004753558,75299099.60104567,75299099.60104567,112107901.71809204
SSP4,Antarctica,213,2085,0.6693396337699948,0.6693396337699948,75038261.8787103,75038261.8787103,112107901.71809204
SSP4,Antarctica,213,2086,0.6670210266888162,0.6670210266888162,74778327.70393066,74778327.70393066,112107901.71809204
SSP4,Antarctica,213,2087,0.6647104513131064,0.6647104513131064,74519293.94679832,74519293.94679832,112107901.71809204
SSP4,Antarctica,213,2088,0.6624078798208621,0.6624078798208621,74261157.48824693,74261157.48824693,112107901.71809204
SSP4,Antarctica,213,2089,0.6601132844864568,0.6601132844864568,74003915.22001463,74003915.22001463,112107901.71809204
SSP4,Antarctica,213,2090,0.657826637680306,0.657826637680306,73747564.04460669,73747564.04460669,112107901.71809204
SSP4,Antarctica,213,2091,0.6555479118685344,0.6555479118685344,73492100.87525812,73492100.87525812,112107901.71809204
SSP4,Antarctica,213,2092,0.6532770796126448,0.6532770796126448,73237522.63589658,73237522.63589658,112107901.71809204
SSP4,Antarctica,213,2093,0.6510141135691877,0.6510141135691877,72983826.2611053,72983826.2611053,112107901.71809204
SSP4,Antarctica,213,2094,0.6487589864894316,0.6487589864894316,72731008.6960862,72731008.6960862,112107901.71809204
SSP4,Antarctica,213,2095,0.6465116712190354,0.6465116712190354,72479066.89662306,72479066.89662306,112107901.71809204
SSP4,Antarctica,213,2096,0.6442721406977214,0.6442721406977214,72227997.82904492,72227997.82904492,112107901.71809204
SSP4,Antarctica,213,2097,0.6420403679589489,0.6420403679589489,71977798.4701895,71977798.4701895,112107901.71809204
SSP4,Antarctica,213,2098,0.6398163261295902,0.6398163261295902,71728465.80736682,71728465.80736682,112107901.71809204
SSP4,Antarctica,213,2099,0.6375999884296064,0.6375999884296064,71479996.83832294,71479996.83832294,112107901.71809204
SSP4,Antarctica,213,2100,0.6353913281717256,0.6353913281717256,71232388.57120378,71232388.57120378,112107901.71809204
SSP5,Antarctica,213,2005,0.8835027797876855,0.8835027797876855,99047642.80409896,99047642.80409896,112107901.71809204
SSP5,Antarctica,213,2006,0.8804423069005225,0.8804423069005225,98704539.61045401,98704539.61045401,112107901.71809204
SSP5,Antarctica,213,2007,0.8773924355581507,0.8773924355581507,98362624.93375057,98362624.93375057,112107901.71809204
SSP5,Antarctica,213,2008,0.8743531290365879,0.8743531290365879,98021894.65694004,98021894.65694004,112107901.71809204
SSP5,Antarctica,213,2009,0.8713243507390644,0.8713243507390644,97682344.6772354,97682344.6772354,112107901.71809204
SSP5,Antarctica,213,2010,0.8683060641955828,0.8683060641955828,97343970.90606171,97343970.90606171,112107901.71809204
SSP5,Antarctica,213,2011,0.8652982330624782,0.8652982330624782,97006769.26900701,97006769.26900701,112107901.71809204
SSP5,Antarctica,213,2012,0.8623008211219815,0.8623008211219815,96670735.70577316,96670735.70577316,112107901.71809204
SSP5,Antarctica,213,2013,0.859313792281782,0.859313792281782,96335866.17012697,96335866.17012697,112107901.71809204
SSP5,Antarctica,213,2014,0.8563371105745942,0.8563371105745942,96002156.62985152,96002156.62985152,112107901.71809204
SSP5,Antarctica,213,2015,0.8533707401577236,0.8533707401577236,95669603.06669754,95669603.06669754,112107901.71809204
SSP5,Antarctica,213,2016,0.850414645312636,0.850414645312636,95338201.4763351,95338201.4763351,112107901.71809204
SSP5,Antarctica,213,2017,0.8474687904445266,0.8474687904445266,95007947.86830533,95007947.86830533,112107901.71809204
SSP5,Antarctica,213,2018,0.8445331400818922,0.8445331400818922,94678838.26597242,94678838.26597242,112107901.71809204
SSP5,Antarctica,213,2019,0.841607658876103,0.841607658876103,94350868.70647569,94350868.70647569,112107901.71809204
SSP5,Antarctica,213,2020,0.8386923116009785,0.8386923116009785,94024035.24068192,94024035.24068192,112107901.71809204
SSP5,Antarctica,213,2021,0.8357870631523615,0.8357870631523615,93698333.93313773,93698333.93313773,112107901.71809204
SSP5,Antarctica,213,2022,0.8328918785476973,0.8328918785476973,93373760.8620223,93373760.8620223,112107901.71809204
SSP5,Antarctica,213,2023,0.8300067229256107,0.8300067229256107,93050312.11910002,93050312.11910002,112107901.71809204
SSP5,Antarctica,213,2024,0.8271315615454877,0.8271315615454877,92727983.80967353,92727983.80967353,112107901.71809204
SSP5,Antarctica,213,2025,0.8242663597870563,0.8242663597870563,92406772.0525368,92406772.0525368,112107901.71809204
SSP5,Antarctica,213,2026,0.8214110831499697,0.8214110831499697,92086672.97992833,92086672.97992833,112107901.71809204
SSP5,Antarctica,213,2027,0.8185656972533913,0.8185656972533913,91767682.73748468,91767682.73748468,112107901.71809204
SSP5,Antarctica,213,2028,0.8157301678355805,0.8157301678355805,91449797.48419398,91449797.48419398,112107901.71809204
SSP5,Antarctica,213,2029,0.8129044607534798,0.8129044607534798,91133013.39234972,91133013.39234972,112107901.71809204
SSP5,Antarctica,213,2030,0.8100885419823043,0.8100885419823043,90817326.64750464,90817326.64750464,112107901.71809204
SSP5,Antarctica,213,2031,0.8072823776151316,0.8072823776151316,90502733.44842483,90502733.44842483,112107901.71809204
SSP5,Antarctica,213,2032,0.8044859338624935,0.8044859338624935,90189230.00704391,90189230.00704391,112107901.71809204
SSP5,Antarctica,213,2033,0.8016991770519695,0.8016991770519695,89876812.54841746,89876812.54841746,112107901.71809204
SSP5,Antarctica,213,2034,0.7989220736277809,0.7989220736277809,89565477.31067756,89565477.31067756,112107901.71809204
SSP5,Antarctica,213,2035,0.7961545901503871,0.7961545901503871,89255220.54498746,89255220.54498746,112107901.71809204
SSP5,Antarctica,213,2036,0.7933966932960828,0.7933966932960828,88946038.51549646,88946038.51549646,112107901.71809204
SSP5,Antarctica,213,2037,0.7906483498565965,0.7906483498565965,88637927.49929497,88637927.49929497,112107901.71809204
SSP5,Antarctica,213,2038,0.787909526738691,0.787909526738691,88330883.78636958,88330883.78636958,112107901.71809204
SSP5,Antarctica,213,2039,0.7851801909637648,0.7851801909637648,88024903.67955849,88024903.67955849,112107901.71809204
SSP5,Antarctica,213,2040,0.7824603096674552,0.7824603096674552,87719983.49450693,87719983.49450693,112107901.71809204
SSP5,Antarctica,213,2041,0.779749850099242,0.779749850099242,87416119.55962282,87416119.55962282,112107901.71809204
SSP5,Antarctica,213,2042,0.7770487796220539,0.7770487796220539,87113308.21603258,87113308.21603258,112107901.71809204
SSP5,Antarctica,213,2043,0.7743570657118748,0.7743570657118748,86811545.817537,86811545.817537,112107901.71809204
SSP5,Antarctica,213,2044,0.7716746759573526,0.7716746759573526,86510828.73056741,86510828.73056741,112107901.71809204
SSP5,Antarctica,213,2045,0.769001578059409,0.769001578059409,86211153.33414191,86211153.33414191,112107901.71809204
SSP5,Antarctica,213,2046,0.7663377398308503,0.7663377398308503,85912516.01982175,85912516.01982175,112107901.71809204
SSP5,Antarctica,213,2047,0.7636831291959796,0.7636831291959796,85614913.19166787,85614913.19166787,112107901.71809204
SSP5,Antarctica,213,2048,0.7610377141902116,0.7610377141902116,85318341.26619767,85318341.26619767,112107901.71809204
SSP5,Antarctica,213,2049,0.7584014629596866,0.7584014629596866,85022796.67234176,85022796.67234176,112107901.71809204
SSP5,Antarctica,213,2050,0.7557743437608871,0.7557743437608871,84728275.85140105,84728275.85140105,112107901.71809204
SSP5,Antarctica,213,2051,0.7531563249602565,0.7531563249602565,84434775.25700383,84434775.25700383,112107901.71809204
SSP5,Antarctica,213,2052,0.7505473750338171,0.7505473750338171,84142291.35506313,84142291.35506313,112107901.71809204
SSP5,Antarctica,213,2053,0.7479474625667908,0.7479474625667908,83850820.6237341,83850820.6237341,112107901.71809204
SSP5,Antarctica,213,2054,0.7453565562532214,0.7453565562532214,83560359.55337168,83560359.55337168,112107901.71809204
SSP5,Antarctica,213,2055,0.742774624895597,0.742774624895597,83270904.64648826,83270904.64648826,112107901.71809204
SSP5,Antarctica,213,2056,0.7402016374044745,0.7402016374044745,82982452.41771163,82982452.41771163,112107901.71809204
SSP5,Antarctica,213,2057,0.7376375627981054,0.7376375627981054,82694999.39374295,82694999.39374295,112107901.71809204
SSP5,Antarctica,213,2058,0.7350823702020628,0.7350823702020628,82408542.113315,82408542.113315,112107901.71809204
SSP5,Antarctica,213,2059,0.732536028848869,0.732536028848869,82123077.12715045,82123077.12715045,112107901.71809204
SSP5,Antarctica,213,2060,0.7299985080776262,0.7299985080776262,81838600.99792033,81838600.99792033,112107901.71809204
SSP5,Antarctica,213,2061,0.7274697773336462,0.7274697773336462,81555110.3002027,81555110.3002027,112107901.71809204
SSP5,Antarctica,213,2062,0.7249498061680827,0.7249498061680827,81272601.62044129,81272601.62044129,112107901.71809204
SSP5,Antarctica,213,2063,0.7224385642375654,0.7224385642375654,80991071.5569045,80991071.5569045,112107901.71809204
SSP5,Antarctica,213,2064,0.7199360213038335,0.7199360213038335,80710516.71964438,80710516.71964438,112107901.71809204
SSP5,Antarctica,213,2065,0.717442147233373,0.717442147233373,80430933.73045589,80430933.73045589,112107901.71809204
SSP5,Antarctica,213,2066,0.714956911997052,0.714956911997052,80152319.22283609,80152319.22283609,112107901.71809204
SSP5,Antarctica,213,2067,0.7124802856697613,0.7124802856697613,79874669.84194374,79874669.84194374,112107901.71809204
SSP5,Antarctica,213,2068,0.7100122384300521,0.7100122384300521,79597982.24455881,79597982.24455881,112107901.71809204
SSP5,Antarctica,213,2069,0.707552740559778,0.707552740559778,79322253.09904227,79322253.09904227,112107901.71809204
SSP5,Antarctica,213,2070,0.705101762443737,0.705101762443737,79047479.08529595,79047479.08529595,112107901.71809204
SSP5,Antarctica,213,2071,0.7026592745693145,0.7026592745693145,78773656.89472257,78773656.89472257,112107901.71809204
SSP5,Antarctica,213,2072,0.7002252475261289,0.7002252475261289,78500783.23018593,78500783.23018593,112107901.71809204
SSP5,Antarctica,213,2073,0.697799652005676,0.697799652005676,78228854.80597115,78228854.80597115,112107901.71809204
SSP5,Antarctica,213,2074,0.6953824588009773,0.6953824588009773,77957868.34774515,77957868.34774515,112107901.71809204
SSP5,Antarctica,213,2075,0.6929736388062281,0.6929736388062281,77687820.59251723,77687820.59251723,112107901.71809204
SSP5,Antarctica,213,2076,0.6905731630164464,0.6905731630164464,77418708.28859973,77418708.28859973,112107901.71809204
SSP5,Antarctica,213,2077,0.6881810025271244,0.6881810025271244,77150528.19556892,77150528.19556892,112107901.71809204
SSP5,Antarctica,213,2078,0.6857971285338801,0.6857971285338801,76883277.08422597,76883277.08422597,112107901.71809204
SSP5,Antarctica,213,2079,0.6834215123321105,0.6834215123321105,76616951.73655806,76616951.73655806,112107901.71809204
SSP5,Antarctica,213,2080,0.6810541253166458,0.6810541253166458,76351548.94569966,76351548.94569966,112107901.71809204
SSP5,Antarctica,213,2081,0.6786949389814052,0.6786949389814052,76087065.51589385,76087065.51589385,112107901.71809204
SSP5,Antarctica,213,2082,0.6763439249190539,0.6763439249190539,75823498.26245391,75823498.26245391,112107901.71809204
SSP5,Antarctica,213,2083,0.6740010548206603,0.6740010548206603,75560844.01172495,75560844.01172495,112107901.71809204
SSP5,Antarctica,213,2084,0.6716663004753558,0.6716663004753558,75299099.60104567,75299099.60104567,112107901.71809204
SSP5,Antarctica,213,2085,0.6693396337699948,0.6693396337699948,75038261.8787103,75038261.8787103,112107901.71809204
SSP5,Antarctica,213,2086,0.6670210266888162,0.6670210266888162,74778327.70393066,74778327.70393066,112107901.71809204
SSP5,Antarctica,213,2087,0.6647104513131064,0.6647104513131064,74519293.94679832,74519293.94679832,112107901.71809204
SSP5,Antarctica,213,2088,0.6624078798208621,0.6624078798208621,74261157.48824693,74261157.48824693,112107901.71809204
SSP5,Antarctica,213,2089,0.6601132844864568,0.6601132844864568,74003915.22001463,74003915.22001463,112107901.71809204
SSP5,Antarctica,213,2090,0.657826637680306,0.657826637680306,73747564.04460669,73747564.04460669,112107901.71809204
SSP5,Antarctica,213,2091,0.6555479118685344,0.6555479118685344,73492100.87525812,73492100.87525812,112107901.71809204
SSP5,Antarctica,213,2092,0.6532770796126448,0.6532770796126448,73237522.63589658,73237522.63589658,112107901.71809204
SSP5,Antarctica,213,2093,0.6510141135691877,0.6510141135691877,72983826.2611053,72983826.2611053,112107901.71809204
SSP5,Antarctica,213,2094,0.6487589864894316,0.6487589864894316,72731008.6960862,72731008.6960862,112107901.71809204
SSP5,Antarctica,213,2095,0.6465116712190354,0.6465116712190354,72479066.89662306,72479066.89662306,112107901.71809204
SSP5,Antarctica,213,2096,0.6442721406977214,0.6442721406977214,72227997.82904492,72227997.82904492,112107901.71809204
SSP5,Antarctica,213,2097,0.6420403679589489,0.6420403679589489,71977798.4701895,71977798.4701895,112107901.71809204
SSP5,Antarctica,213,2098,0.6398163261295902,0.6398163261295902,71728465.80736682,71728465.80736682,112107901.71809204
SSP5,Antarctica,213,2099,0.6375999884296064,0.6375999884296064,71479996.83832294,71479996.83832294,112107901.71809204
SSP5,Antarctica,213,2100,0.6353913281717256,0.6353913281717256,71232388.57120378,71232388.57120378,112107901.71809204
SSP1,Arctic Sea,260,2005,0.9061827560236775,0.9061827560236775,1105723.0299847105,1105723.0299847105,1220198.7100666251
SSP1,Arctic Sea,260,2006,0.9030437192044706,0.9030437192044706,1101892.7813070626,1101892.7813070626,1220198.7100666251
SSP1,Arctic Sea,260,2007,0.8999155560772281,0.8999155560772281,1098075.8006943234,1098075.8006943234,1220198.7100666251
SSP1,Arctic Sea,260,2008,0.8967982289752439,0.8967982289752439,1094272.0421856265,1094272.0421856265,1220198.7100666251
SSP1,Arctic Sea,260,2009,0.8936917003622902,0.8936917003622902,1090481.4599793153,1090481.4599793153,1220198.7100666251
SSP1,Arctic Sea,260,2010,0.8905959328321658,0.8905959328321658,1086704.0084323913,1086704.0084323913,1220198.7100666251
SSP1,Arctic Sea,260,2011,0.8875108891082449,0.8875108891082449,1082939.6420599641,1082939.6420599641,1220198.7100666251
SSP1,Arctic Sea,260,2012,0.8844365320430296,0.8844365320430296,1079188.3155347041,1079188.3155347041,1220198.7100666251
SSP1,Arctic Sea,260,2013,0.881372824617701,0.881372824617701,1075449.9836862965,1075449.9836862965,1220198.7100666251
SSP1,Arctic Sea,260,2014,0.8783197299416741,0.8783197299416741,1071724.6015008972,1071724.6015008972,1220198.7100666251
SSP1,Arctic Sea,260,2015,0.8752772112521542,0.8752772112521542,1068012.1241205914,1068012.1241205914,1220198.7100666251
SSP1,Arctic Sea,260,2016,0.8722452319136934,0.8722452319136934,1064312.506842853,1064312.506842853,1220198.7100666251
SSP1,Arctic Sea,260,2017,0.8692237554177501,0.8692237554177501,1060625.7051200063,1060625.7051200063,1220198.7100666251
SSP1,Arctic Sea,260,2018,0.8662127453822488,0.8662127453822488,1056951.67455869,1056951.67455869,1220198.7100666251
SSP1,Arctic Sea,260,2019,0.8632121655511424,0.8632121655511424,1053290.3709193221,1053290.3709193221,1220198.7100666251
SSP1,Arctic Sea,260,2020,0.8602219797939755,0.8602219797939755,1049641.7501155674,1049641.7501155674,1220198.7100666251
SSP1,Arctic Sea,260,2021,0.8572421521054493,0.8572421521054493,1046005.7682138069,1046005.7682138069,1220198.7100666251
SSP1,Arctic Sea,260,2022,0.8542726466049885,0.8542726466049885,1042382.3814326088,1042382.3814326088,1220198.7100666251
SSP1,Arctic Sea,260,2023,0.8513134275363083,0.8513134275363083,1038771.5461422008,1038771.5461422008,1220198.7100666251
SSP1,Arctic Sea,260,2024,0.8483644592669852,0.8483644592669852,1035173.2188639453,1035173.2188639453,1220198.7100666251
SSP1,Arctic Sea,260,2025,0.8454257062880266,0.8454257062880266,1031587.3562698156,1031587.3562698156,1220198.7100666251
SSP1,Arctic Sea,260,2026,0.842497133213444,0.842497133213444,1028013.915181874,1028013.915181874,1220198.7100666251
SSP1,Arctic Sea,260,2027,0.8395787047798267,0.8395787047798267,1024452.8525717524,1024452.8525717524,1220198.7100666251
SSP1,Arctic Sea,260,2028,0.8366703858459172,0.8366703858459172,1020904.1255601338,1020904.1255601338,1220198.7100666251
SSP1,Arctic Sea,260,2029,0.8337721413921885,0.8337721413921885,1017367.6914162362,1017367.6914162362,1220198.7100666251
SSP1,Arctic Sea,260,2030,0.8308839365204214,0.8308839365204214,1013843.5075572978,1013843.5075572978,1220198.7100666251
SSP1,Arctic Sea,260,2031,0.8280057364532851,0.8280057364532851,1010331.5315480644,1010331.5315480644,1220198.7100666251
SSP1,Arctic Sea,260,2032,0.8251375065339184,0.8251375065339184,1006831.7211002787,1006831.7211002787,1220198.7100666251
SSP1,Arctic Sea,260,2033,0.8222792122255119,0.8222792122255119,1003344.0340721704,1003344.0340721704,1220198.7100666251
SSP1,Arctic Sea,260,2034,0.819430819110893,0.819430819110893,999868.4284679497,999868.4284679497,1220198.7100666251
SSP1,Arctic Sea,260,2035,0.8165922928921104,0.8165922928921104,996404.8624373008,996404.8624373008,1220198.7100666251
SSP1,Arctic Sea,260,2036,0.8137635993900219,0.8137635993900219,992953.2942748786,992953.2942748786,1220198.7100666251
SSP1,Arctic Sea,260,2037,0.8109447045438825,0.8109447045438825,989513.6824198058,989513.6824198058,1220198.7100666251
SSP1,Arctic Sea,260,2038,0.8081355744109344,0.8081355744109344,986085.9854551733,986085.9854551733,1220198.7100666251
SSP1,Arctic Sea,260,2039,0.8053361751659983,0.8053361751659983,982670.1621075409,982670.1621075409,1220198.7100666251
SSP1,Arctic Sea,260,2040,0.8025464731010662,0.8025464731010662,979266.1712464404,979266.1712464404,1220198.7100666251
SSP1,Arctic Sea,260,2041,0.7997664346248948,0.7997664346248948,975873.9718838806,975873.9718838806,1220198.7100666251
SSP1,Arctic Sea,260,2042,0.7969960262626022,0.7969960262626022,972493.5231738534,972493.5231738534,1220198.7100666251
SSP1,Arctic Sea,260,2043,0.7942352146552641,0.7942352146552641,969124.7844118425,969124.7844118425,1220198.7100666251
SSP1,Arctic Sea,260,2044,0.7914839665595121,0.7914839665595121,965767.7150343326,965767.7150343326,1220198.7100666251
SSP1,Arctic Sea,260,2045,0.7887422488471336,0.7887422488471336,962422.2746183214,962422.2746183214,1220198.7100666251
SSP1,Arctic Sea,260,2046,0.7860100285046727,0.7860100285046727,959088.4228808329,959088.4228808329,1220198.7100666251
SSP1,Arctic Sea,260,2047,0.7832872726330332,0.7832872726330332,955766.119678432,955766.119678432,1220198.7100666251
SSP1,Arctic Sea,260,2048,0.7805739484470817,0.7805739484470817,952455.3250067414,952455.3250067414,1220198.7100666251
SSP1,Arctic Sea,260,2049,0.7778700232752536,0.7778700232752536,949155.99899996,949155.99899996,1220198.7100666251
SSP1,Arctic Sea,260,2050,0.7751754645591589,0.7751754645591589,945868.1019303825,945868.1019303825,1220198.7100666251
SSP1,Arctic Sea,260,2051,0.7724902398531909,0.7724902398531909,942591.5942079214,942591.5942079214,1220198.7100666251
SSP1,Arctic Sea,260,2052,0.769814316824135,0.769814316824135,939326.4363796299,939326.4363796299,1220198.7100666251
SSP1,Arctic Sea,260,2053,0.7671476632507798,0.7671476632507798,936072.5891292272,936072.5891292272,1220198.7100666251
SSP1,Arctic Sea,260,2054,0.7644902470235284,0.7644902470235284,932830.013276625,932830.013276625,1220198.7100666251
SSP1,Arctic Sea,260,2055,0.7618420361440128,0.7618420361440128,929598.6697774556,929598.6697774556,1220198.7100666251
SSP1,Arctic Sea,260,2056,0.7592029987247076,0.7592029987247076,926378.519722602,926378.519722602,1220198.7100666251
SSP1,Arctic Sea,260,2057,0.7565731029885469,0.7565731029885469,923169.5243377289,923169.5243377289,1220198.7100666251
SSP1,Arctic Sea,260,2058,0.7539523172685408,0.7539523172685408,919971.6449828164,919971.6449828164,1220198.7100666251
SSP1,Arctic Sea,260,2059,0.7513406100073949,0.7513406100073949,916784.8431516945,916784.8431516945,1220198.7100666251
SSP1,Arctic Sea,260,2060,0.7487379497571298,0.7487379497571298,913609.0804715793,913609.0804715793,1220198.7100666251
SSP1,Arctic Sea,260,2061,0.7461443051787026,0.7461443051787026,910444.3187026111,910444.3187026111,1220198.7100666251
SSP1,Arctic Sea,260,2062,0.7435596450416294,0.7435596450416294,907290.519737394,907290.519737394,1220198.7100666251
SSP1,Arctic Sea,260,2063,0.7409839382236099,0.7409839382236099,904147.6456005366,904147.6456005366,1220198.7100666251
SSP1,Arctic Sea,260,2064,0.7384171537101513,0.7384171537101513,901015.6584481954,901015.6584481954,1220198.7100666251
SSP1,Arctic Sea,260,2065,0.7358592605941963,0.7358592605941963,897894.5205676189,897894.5205676189,1220198.7100666251
SSP1,Arctic Sea,260,2066,0.7333102280757502,0.7333102280757502,894784.1943766931,894784.1943766931,1220198.7100666251
SSP1,Arctic Sea,260,2067,0.73077002546151,0.73077002546151,891684.6424234894,891684.6424234894,1220198.7100666251
SSP1,Arctic Sea,260,2068,0.7282386221644951,0.7282386221644951,888595.8273858133,888595.8273858133,1220198.7100666251
SSP1,Arctic Sea,260,2069,0.7257159877036788,0.7257159877036788,885517.7120707557,885517.7120707557,1220198.7100666251
SSP1,Arctic Sea,260,2070,0.7232020917036214,0.7232020917036214,882450.259414244,882450.259414244,1220198.7100666251
SSP1,Arctic Sea,260,2071,0.7206969038941043,0.7206969038941043,879393.4324805967,879393.4324805967,1220198.7100666251
SSP1,Arctic Sea,260,2072,0.7182003941097659,0.7182003941097659,876347.1944620782,876347.1944620782,1220198.7100666251
SSP1,Arctic Sea,260,2073,0.7157125322897375,0.7157125322897375,873311.5086784555,873311.5086784555,1220198.7100666251
SSP1,Arctic Sea,260,2074,0.7132332884772824,0.7132332884772824,870286.3385765571,870286.3385765571,1220198.7100666251
SSP1,Arctic Sea,260,2075,0.7107626328194344,0.7107626328194344,867271.6477298322,867271.6477298322,1220198.7100666251
SSP1,Arctic Sea,260,2076,0.7083005355666389,0.7083005355666389,864267.3998379125,864267.3998379125,1220198.7100666251
SSP1,Arctic Sea,260,2077,0.7058469670723941,0.7058469670723941,861273.558726175,861273.558726175,1220198.7100666251
SSP1,Arctic Sea,260,2078,0.7034018977928946,0.7034018977928946,858290.0883453061,858290.0883453061,1220198.7100666251
SSP1,Arctic Sea,260,2079,0.7009652982866752,0.7009652982866752,855316.9527708682,855316.9527708682,1220198.7100666251
SSP1,Arctic Sea,260,2080,0.6985371392142565,0.6985371392142565,852354.1162028664,852354.1162028664,1220198.7100666251
SSP1,Arctic Sea,260,2081,0.6961173913377922,0.6961173913377922,849401.5429653181,849401.5429653181,1220198.7100666251
SSP1,Arctic Sea,260,2082,0.6937060255207158,0.6937060255207158,846459.1975058228,846459.1975058228,1220198.7100666251
SSP1,Arctic Sea,260,2083,0.691303012727391,0.691303012727391,843527.0443951343,843527.0443951343,1220198.7100666251
SSP1,Arctic Sea,260,2084,0.6889083240227616,0.6889083240227616,840605.0483267343,840605.0483267343,1220198.7100666251
SSP1,Arctic Sea,260,2085,0.6865219305720027,0.6865219305720027,837693.1741164069,837693.1741164069,1220198.7100666251
SSP1,Arctic Sea,260,2086,0.6841438036401744,0.6841438036401744,834791.3867018152,834791.3867018152,1220198.7100666251
SSP1,Arctic Sea,260,2087,0.6817739145918744,0.6817739145918744,831899.6511420787,831899.6511420787,1220198.7100666251
SSP1,Arctic Sea,260,2088,0.6794122348908951,0.6794122348908951,829017.9326173532,829017.9326173532,1220198.7100666251
SSP1,Arctic Sea,260,2089,0.6770587360998782,0.6770587360998782,826146.19642841094,826146.19642841094,1220198.7100666251
SSP1,Arctic Sea,260,2090,0.6747133898799733,0.6747133898799733,823284.4079962233,823284.4079962233,1220198.7100666251
SSP1,Arctic Sea,260,2091,0.6723761679904963,0.6723761679904963,820432.532861544,820432.532861544,1220198.7100666251
SSP1,Arctic Sea,260,2092,0.6700470422885897,0.6700470422885897,817590.5366844946,817590.5366844946,1220198.7100666251
SSP1,Arctic Sea,260,2093,0.6677259847288831,0.6677259847288831,814758.3852441502,814758.3852441502,1220198.7100666251
SSP1,Arctic Sea,260,2094,0.6654129673631561,0.6654129673631561,811936.0444381285,811936.0444381285,1220198.7100666251
SSP1,Arctic Sea,260,2095,0.6631079623400016,0.6631079623400016,809123.4802821781,809123.4802821781,1220198.7100666251
SSP1,Arctic Sea,260,2096,0.6608109419044901,0.6608109419044901,806320.6589097704,806320.6589097704,1220198.7100666251
SSP1,Arctic Sea,260,2097,0.6585218783978362,0.6585218783978362,803527.5465716907,803527.5465716907,1220198.7100666251
SSP1,Arctic Sea,260,2098,0.6562407442570647,0.6562407442570647,800744.1096356324,800744.1096356324,1220198.7100666251
SSP1,Arctic Sea,260,2099,0.6539675120146793,0.6539675120146793,797970.3145857919,797970.3145857919,1220198.7100666251
SSP1,Arctic Sea,260,2100,0.651702154298332,0.651702154298332,795206.1280224654,795206.1280224654,1220198.7100666251
SSP2,Arctic Sea,260,2005,0.9061827560236775,0.9061827560236775,1105723.0299847105,1105723.0299847105,1220198.7100666251
SSP2,Arctic Sea,260,2006,0.9030437192044706,0.9030437192044706,1101892.7813070626,1101892.7813070626,1220198.7100666251
SSP2,Arctic Sea,260,2007,0.8999155560772281,0.8999155560772281,1098075.8006943234,1098075.8006943234,1220198.7100666251
SSP2,Arctic Sea,260,2008,0.8967982289752439,0.8967982289752439,1094272.0421856265,1094272.0421856265,1220198.7100666251
SSP2,Arctic Sea,260,2009,0.8936917003622902,0.8936917003622902,1090481.4599793153,1090481.4599793153,1220198.7100666251
SSP2,Arctic Sea,260,2010,0.8905959328321658,0.8905959328321658,1086704.0084323913,1086704.0084323913,1220198.7100666251
SSP2,Arctic Sea,260,2011,0.8875108891082449,0.8875108891082449,1082939.6420599641,1082939.6420599641,1220198.7100666251
SSP2,Arctic Sea,260,2012,0.8844365320430296,0.8844365320430296,1079188.3155347041,1079188.3155347041,1220198.7100666251
SSP2,Arctic Sea,260,2013,0.881372824617701,0.881372824617701,1075449.9836862965,1075449.9836862965,1220198.7100666251
SSP2,Arctic Sea,260,2014,0.8783197299416741,0.8783197299416741,1071724.6015008972,1071724.6015008972,1220198.7100666251
SSP2,Arctic Sea,260,2015,0.8752772112521542,0.8752772112521542,1068012.1241205914,1068012.1241205914,1220198.7100666251
SSP2,Arctic Sea,260,2016,0.8722452319136934,0.8722452319136934,1064312.506842853,1064312.506842853,1220198.7100666251
SSP2,Arctic Sea,260,2017,0.8692237554177501,0.8692237554177501,1060625.7051200063,1060625.7051200063,1220198.7100666251
SSP2,Arctic Sea,260,2018,0.8662127453822488,0.8662127453822488,1056951.67455869,1056951.67455869,1220198.7100666251
SSP2,Arctic Sea,260,2019,0.8632121655511424,0.8632121655511424,1053290.3709193221,1053290.3709193221,1220198.7100666251
SSP2,Arctic Sea,260,2020,0.8602219797939755,0.8602219797939755,1049641.7501155674,1049641.7501155674,1220198.7100666251
SSP2,Arctic Sea,260,2021,0.8572421521054493,0.8572421521054493,1046005.7682138069,1046005.7682138069,1220198.7100666251
SSP2,Arctic Sea,260,2022,0.8542726466049885,0.8542726466049885,1042382.3814326088,1042382.3814326088,1220198.7100666251
SSP2,Arctic Sea,260,2023,0.8513134275363083,0.8513134275363083,1038771.5461422008,1038771.5461422008,1220198.7100666251
SSP2,Arctic Sea,260,2024,0.8483644592669852,0.8483644592669852,1035173.2188639453,1035173.2188639453,1220198.7100666251
SSP2,Arctic Sea,260,2025,0.8454257062880266,0.8454257062880266,1031587.3562698156,1031587.3562698156,1220198.7100666251
SSP2,Arctic Sea,260,2026,0.842497133213444,0.842497133213444,1028013.915181874,1028013.915181874,1220198.7100666251
SSP2,Arctic Sea,260,2027,0.8395787047798267,0.8395787047798267,1024452.8525717524,1024452.8525717524,1220198.7100666251
SSP2,Arctic Sea,260,2028,0.8366703858459172,0.8366703858459172,1020904.1255601338,1020904.1255601338,1220198.7100666251
SSP2,Arctic Sea,260,2029,0.8337721413921885,0.8337721413921885,1017367.6914162362,1017367.6914162362,1220198.7100666251
SSP2,Arctic Sea,260,2030,0.8308839365204214,0.8308839365204214,1013843.5075572978,1013843.5075572978,1220198.7100666251
SSP2,Arctic Sea,260,2031,0.8280057364532851,0.8280057364532851,1010331.5315480644,1010331.5315480644,1220198.7100666251
SSP2,Arctic Sea,260,2032,0.8251375065339184,0.8251375065339184,1006831.7211002787,1006831.7211002787,1220198.7100666251
SSP2,Arctic Sea,260,2033,0.8222792122255119,0.8222792122255119,1003344.0340721704,1003344.0340721704,1220198.7100666251
SSP2,Arctic Sea,260,2034,0.819430819110893,0.819430819110893,999868.4284679497,999868.4284679497,1220198.7100666251
SSP2,Arctic Sea,260,2035,0.8165922928921104,0.8165922928921104,996404.8624373008,996404.8624373008,1220198.7100666251
SSP2,Arctic Sea,260,2036,0.8137635993900219,0.8137635993900219,992953.2942748786,992953.2942748786,1220198.7100666251
SSP2,Arctic Sea,260,2037,0.8109447045438825,0.8109447045438825,989513.6824198058,989513.6824198058,1220198.7100666251
SSP2,Arctic Sea,260,2038,0.8081355744109344,0.8081355744109344,986085.9854551733,986085.9854551733,1220198.7100666251
SSP2,Arctic Sea,260,2039,0.8053361751659983,0.8053361751659983,982670.1621075409,982670.1621075409,1220198.7100666251
SSP2,Arctic Sea,260,2040,0.8025464731010662,0.8025464731010662,979266.1712464404,979266.1712464404,1220198.7100666251
SSP2,Arctic Sea,260,2041,0.7997664346248948,0.7997664346248948,975873.9718838806,975873.9718838806,1220198.7100666251
SSP2,Arctic Sea,260,2042,0.7969960262626022,0.7969960262626022,972493.5231738534,972493.5231738534,1220198.7100666251
SSP2,Arctic Sea,260,2043,0.7942352146552641,0.7942352146552641,969124.7844118425,969124.7844118425,1220198.7100666251
SSP2,Arctic Sea,260,2044,0.7914839665595121,0.7914839665595121,965767.7150343326,965767.7150343326,1220198.7100666251
SSP2,Arctic Sea,260,2045,0.7887422488471336,0.7887422488471336,962422.2746183214,962422.2746183214,1220198.7100666251
SSP2,Arctic Sea,260,2046,0.7860100285046727,0.7860100285046727,959088.4228808329,959088.4228808329,1220198.7100666251
SSP2,Arctic Sea,260,2047,0.7832872726330332,0.7832872726330332,955766.119678432,955766.119678432,1220198.7100666251
SSP2,Arctic Sea,260,2048,0.7805739484470817,0.7805739484470817,952455.3250067414,952455.3250067414,1220198.7100666251
SSP2,Arctic Sea,260,2049,0.7778700232752536,0.7778700232752536,949155.99899996,949155.99899996,1220198.7100666251
SSP2,Arctic Sea,260,2050,0.7751754645591589,0.7751754645591589,945868.1019303825,945868.1019303825,1220198.7100666251
SSP2,Arctic Sea,260,2051,0.7724902398531909,0.7724902398531909,942591.5942079214,942591.5942079214,1220198.7100666251
SSP2,Arctic Sea,260,2052,0.769814316824135,0.769814316824135,939326.4363796299,939326.4363796299,1220198.7100666251
SSP2,Arctic Sea,260,2053,0.7671476632507798,0.7671476632507798,936072.5891292272,936072.5891292272,1220198.7100666251
SSP2,Arctic Sea,260,2054,0.7644902470235284,0.7644902470235284,932830.013276625,932830.013276625,1220198.7100666251
SSP2,Arctic Sea,260,2055,0.7618420361440128,0.7618420361440128,929598.6697774556,929598.6697774556,1220198.7100666251
SSP2,Arctic Sea,260,2056,0.7592029987247076,0.7592029987247076,926378.519722602,926378.519722602,1220198.7100666251
SSP2,Arctic Sea,260,2057,0.7565731029885469,0.7565731029885469,923169.5243377289,923169.5243377289,1220198.7100666251
SSP2,Arctic Sea,260,2058,0.7539523172685408,0.7539523172685408,919971.6449828164,919971.6449828164,1220198.7100666251
SSP2,Arctic Sea,260,2059,0.7513406100073949,0.7513406100073949,916784.8431516945,916784.8431516945,1220198.7100666251
SSP2,Arctic Sea,260,2060,0.7487379497571298,0.7487379497571298,913609.0804715793,913609.0804715793,1220198.7100666251
SSP2,Arctic Sea,260,2061,0.7461443051787026,0.7461443051787026,910444.3187026111,910444.3187026111,1220198.7100666251
SSP2,Arctic Sea,260,2062,0.7435596450416294,0.7435596450416294,907290.519737394,907290.519737394,1220198.7100666251
SSP2,Arctic Sea,260,2063,0.7409839382236099,0.7409839382236099,904147.6456005366,904147.6456005366,1220198.7100666251
SSP2,Arctic Sea,260,2064,0.7384171537101513,0.7384171537101513,901015.6584481954,901015.6584481954,1220198.7100666251
SSP2,Arctic Sea,260,2065,0.7358592605941963,0.7358592605941963,897894.5205676189,897894.5205676189,1220198.7100666251
SSP2,Arctic Sea,260,2066,0.7333102280757502,0.7333102280757502,894784.1943766931,894784.1943766931,1220198.7100666251
SSP2,Arctic Sea,260,2067,0.73077002546151,0.73077002546151,891684.6424234894,891684.6424234894,1220198.7100666251
SSP2,Arctic Sea,260,2068,0.7282386221644951,0.7282386221644951,888595.8273858133,888595.8273858133,1220198.7100666251
SSP2,Arctic Sea,260,2069,0.7257159877036788,0.7257159877036788,885517.7120707557,885517.7120707557,1220198.7100666251
SSP2,Arctic Sea,260,2070,0.7232020917036214,0.7232020917036214,882450.259414244,882450.259414244,1220198.7100666251
SSP2,Arctic Sea,260,2071,0.7206969038941043,0.7206969038941043,879393.4324805967,879393.4324805967,1220198.7100666251
SSP2,Arctic Sea,260,2072,0.7182003941097659,0.7182003941097659,876347.1944620782,876347.1944620782,1220198.7100666251
SSP2,Arctic Sea,260,2073,0.7157125322897375,0.7157125322897375,873311.5086784555,873311.5086784555,1220198.7100666251
SSP2,Arctic Sea,260,2074,0.7132332884772824,0.7132332884772824,870286.3385765571,870286.3385765571,1220198.7100666251
SSP2,Arctic Sea,260,2075,0.7107626328194344,0.7107626328194344,867271.6477298322,867271.6477298322,1220198.7100666251
SSP2,Arctic Sea,260,2076,0.7083005355666389,0.7083005355666389,864267.3998379125,864267.3998379125,1220198.7100666251
SSP2,Arctic Sea,260,2077,0.7058469670723941,0.7058469670723941,861273.558726175,861273.558726175,1220198.7100666251
SSP2,Arctic Sea,260,2078,0.7034018977928946,0.7034018977928946,858290.0883453061,858290.0883453061,1220198.7100666251
SSP2,Arctic Sea,260,2079,0.7009652982866752,0.7009652982866752,855316.9527708682,855316.9527708682,1220198.7100666251
SSP2,Arctic Sea,260,2080,0.6985371392142565,0.6985371392142565,852354.1162028664,852354.1162028664,1220198.7100666251
SSP2,Arctic Sea,260,2081,0.6961173913377922,0.6961173913377922,849401.5429653181,849401.5429653181,1220198.7100666251
SSP2,Arctic Sea,260,2082,0.6937060255207158,0.6937060255207158,846459.1975058228,846459.1975058228,1220198.7100666251
SSP2,Arctic Sea,260,2083,0.691303012727391,0.691303012727391,843527.0443951343,843527.0443951343,1220198.7100666251
SSP2,Arctic Sea,260,2084,0.6889083240227616,0.6889083240227616,840605.0483267343,840605.0483267343,1220198.7100666251
SSP2,Arctic Sea,260,2085,0.6865219305720027,0.6865219305720027,837693.1741164069,837693.1741164069,1220198.7100666251
SSP2,Arctic Sea,260,2086,0.6841438036401744,0.6841438036401744,834791.3867018152,834791.3867018152,1220198.7100666251
SSP2,Arctic Sea,260,2087,0.6817739145918744,0.6817739145918744,831899.6511420787,831899.6511420787,1220198.7100666251
SSP2,Arctic Sea,260,2088,0.6794122348908951,0.6794122348908951,829017.9326173532,829017.9326173532,1220198.7100666251
SSP2,Arctic Sea,260,2089,0.6770587360998782,0.6770587360998782,826146.19642841094,826146.19642841094,1220198.7100666251
SSP2,Arctic Sea,260,2090,0.6747133898799733,0.6747133898799733,823284.4079962233,823284.4079962233,1220198.7100666251
SSP2,Arctic Sea,260,2091,0.6723761679904963,0.6723761679904963,820432.532861544,820432.532861544,1220198.7100666251
SSP2,Arctic Sea,260,2092,0.6700470422885897,0.6700470422885897,817590.5366844946,817590.5366844946,1220198.7100666251
SSP2,Arctic Sea,260,2093,0.6677259847288831,0.6677259847288831,814758.3852441502,814758.3852441502,1220198.7100666251
SSP2,Arctic Sea,260,2094,0.6654129673631561,0.6654129673631561,811936.0444381285,811936.0444381285,1220198.7100666251
SSP2,Arctic Sea,260,2095,0.6631079623400016,0.6631079623400016,809123.4802821781,809123.4802821781,1220198.7100666251
SSP2,Arctic Sea,260,2096,0.6608109419044901,0.6608109419044901,806320.6589097704,806320.6589097704,1220198.7100666251
SSP2,Arctic Sea,260,2097,0.6585218783978362,0.6585218783978362,803527.5465716907,803527.5465716907,1220198.7100666251
SSP2,Arctic Sea,260,2098,0.6562407442570647,0.6562407442570647,800744.1096356324,800744.1096356324,1220198.7100666251
SSP2,Arctic Sea,260,2099,0.6539675120146793,0.6539675120146793,797970.3145857919,797970.3145857919,1220198.7100666251
SSP2,Arctic Sea,260,2100,0.651702154298332,0.651702154298332,795206.1280224654,795206.1280224654,1220198.7100666251
SSP3,Arctic Sea,260,2005,0.9061827560236775,0.9061827560236775,1105723.0299847105,1105723.0299847105,1220198.7100666251
SSP3,Arctic Sea,260,2006,0.9030437192044706,0.9030437192044706,1101892.7813070626,1101892.7813070626,1220198.7100666251
SSP3,Arctic Sea,260,2007,0.8999155560772281,0.8999155560772281,1098075.8006943234,1098075.8006943234,1220198.7100666251
SSP3,Arctic Sea,260,2008,0.8967982289752439,0.8967982289752439,1094272.0421856265,1094272.0421856265,1220198.7100666251
SSP3,Arctic Sea,260,2009,0.8936917003622902,0.8936917003622902,1090481.4599793153,1090481.4599793153,1220198.7100666251
SSP3,Arctic Sea,260,2010,0.8905959328321658,0.8905959328321658,1086704.0084323913,1086704.0084323913,1220198.7100666251
SSP3,Arctic Sea,260,2011,0.8875108891082449,0.8875108891082449,1082939.6420599641,1082939.6420599641,1220198.7100666251
SSP3,Arctic Sea,260,2012,0.8844365320430296,0.8844365320430296,1079188.3155347041,1079188.3155347041,1220198.7100666251
SSP3,Arctic Sea,260,2013,0.881372824617701,0.881372824617701,1075449.9836862965,1075449.9836862965,1220198.7100666251
SSP3,Arctic Sea,260,2014,0.8783197299416741,0.8783197299416741,1071724.6015008972,1071724.6015008972,1220198.7100666251
SSP3,Arctic Sea,260,2015,0.8752772112521542,0.8752772112521542,1068012.1241205914,1068012.1241205914,1220198.7100666251
SSP3,Arctic Sea,260,2016,0.8722452319136934,0.8722452319136934,1064312.506842853,1064312.506842853,1220198.7100666251
SSP3,Arctic Sea,260,2017,0.8692237554177501,0.8692237554177501,1060625.7051200063,1060625.7051200063,1220198.7100666251
SSP3,Arctic Sea,260,2018,0.8662127453822488,0.8662127453822488,1056951.67455869,1056951.67455869,1220198.7100666251
SSP3,Arctic Sea,260,2019,0.8632121655511424,0.8632121655511424,1053290.3709193221,1053290.3709193221,1220198.7100666251
SSP3,Arctic Sea,260,2020,0.8602219797939755,0.8602219797939755,1049641.7501155674,1049641.7501155674,1220198.7100666251
SSP3,Arctic Sea,260,2021,0.8572421521054493,0.8572421521054493,1046005.7682138069,1046005.7682138069,1220198.7100666251
SSP3,Arctic Sea,260,2022,0.8542726466049885,0.8542726466049885,1042382.3814326088,1042382.3814326088,1220198.7100666251
SSP3,Arctic Sea,260,2023,0.8513134275363083,0.8513134275363083,1038771.5461422008,1038771.5461422008,1220198.7100666251
SSP3,Arctic Sea,260,2024,0.8483644592669852,0.8483644592669852,1035173.2188639453,1035173.2188639453,1220198.7100666251
SSP3,Arctic Sea,260,2025,0.8454257062880266,0.8454257062880266,1031587.3562698156,1031587.3562698156,1220198.7100666251
SSP3,Arctic Sea,260,2026,0.842497133213444,0.842497133213444,1028013.915181874,1028013.915181874,1220198.7100666251
SSP3,Arctic Sea,260,2027,0.8395787047798267,0.8395787047798267,1024452.8525717524,1024452.8525717524,1220198.7100666251
SSP3,Arctic Sea,260,2028,0.8366703858459172,0.8366703858459172,1020904.1255601338,1020904.1255601338,1220198.7100666251
SSP3,Arctic Sea,260,2029,0.8337721413921885,0.8337721413921885,1017367.6914162362,1017367.6914162362,1220198.7100666251
SSP3,Arctic Sea,260,2030,0.8308839365204214,0.8308839365204214,1013843.5075572978,1013843.5075572978,1220198.7100666251
SSP3,Arctic Sea,260,2031,0.8280057364532851,0.8280057364532851,1010331.5315480644,1010331.5315480644,1220198.7100666251
SSP3,Arctic Sea,260,2032,0.8251375065339184,0.8251375065339184,1006831.7211002787,1006831.7211002787,1220198.7100666251
SSP3,Arctic Sea,260,2033,0.8222792122255119,0.8222792122255119,1003344.0340721704,1003344.0340721704,1220198.7100666251
SSP3,Arctic Sea,260,2034,0.819430819110893,0.819430819110893,999868.4284679497,999868.4284679497,1220198.7100666251
SSP3,Arctic Sea,260,2035,0.8165922928921104,0.8165922928921104,996404.8624373008,996404.8624373008,1220198.7100666251
SSP3,Arctic Sea,260,2036,0.8137635993900219,0.8137635993900219,992953.2942748786,992953.2942748786,1220198.7100666251
SSP3,Arctic Sea,260,2037,0.8109447045438825,0.8109447045438825,989513.6824198058,989513.6824198058,1220198.7100666251
SSP3,Arctic Sea,260,2038,0.8081355744109344,0.8081355744109344,986085.9854551733,986085.9854551733,1220198.7100666251
SSP3,Arctic Sea,260,2039,0.8053361751659983,0.8053361751659983,982670.1621075409,982670.1621075409,1220198.7100666251
SSP3,Arctic Sea,260,2040,0.8025464731010662,0.8025464731010662,979266.1712464404,979266.1712464404,1220198.7100666251
SSP3,Arctic Sea,260,2041,0.7997664346248948,0.7997664346248948,975873.9718838806,975873.9718838806,1220198.7100666251
SSP3,Arctic Sea,260,2042,0.7969960262626022,0.7969960262626022,972493.5231738534,972493.5231738534,1220198.7100666251
SSP3,Arctic Sea,260,2043,0.7942352146552641,0.7942352146552641,969124.7844118425,969124.7844118425,1220198.7100666251
SSP3,Arctic Sea,260,2044,0.7914839665595121,0.7914839665595121,965767.7150343326,965767.7150343326,1220198.7100666251
SSP3,Arctic Sea,260,2045,0.7887422488471336,0.7887422488471336,962422.2746183214,962422.2746183214,1220198.7100666251
SSP3,Arctic Sea,260,2046,0.7860100285046727,0.7860100285046727,959088.4228808329,959088.4228808329,1220198.7100666251
SSP3,Arctic Sea,260,2047,0.7832872726330332,0.7832872726330332,955766.119678432,955766.119678432,1220198.7100666251
SSP3,Arctic Sea,260,2048,0.7805739484470817,0.7805739484470817,952455.3250067414,952455.3250067414,1220198.7100666251
SSP3,Arctic Sea,260,2049,0.7778700232752536,0.7778700232752536,949155.99899996,949155.99899996,1220198.7100666251
SSP3,Arctic Sea,260,2050,0.7751754645591589,0.7751754645591589,945868.1019303825,945868.1019303825,1220198.7100666251
SSP3,Arctic Sea,260,2051,0.7724902398531909,0.7724902398531909,942591.5942079214,942591.5942079214,1220198.7100666251
SSP3,Arctic Sea,260,2052,0.769814316824135,0.769814316824135,939326.4363796299,939326.4363796299,1220198.7100666251
SSP3,Arctic Sea,260,2053,0.7671476632507798,0.7671476632507798,936072.5891292272,936072.5891292272,1220198.7100666251
SSP3,Arctic Sea,260,2054,0.7644902470235284,0.7644902470235284,932830.013276625,932830.013276625,1220198.7100666251
SSP3,Arctic Sea,260,2055,0.7618420361440128,0.7618420361440128,929598.6697774556,929598.6697774556,1220198.7100666251
SSP3,Arctic Sea,260,2056,0.7592029987247076,0.7592029987247076,926378.519722602,926378.519722602,1220198.7100666251
SSP3,Arctic Sea,260,2057,0.7565731029885469,0.7565731029885469,923169.5243377289,923169.5243377289,1220198.7100666251
SSP3,Arctic Sea,260,2058,0.7539523172685408,0.7539523172685408,919971.6449828164,919971.6449828164,1220198.7100666251
SSP3,Arctic Sea,260,2059,0.7513406100073949,0.7513406100073949,916784.8431516945,916784.8431516945,1220198.7100666251
SSP3,Arctic Sea,260,2060,0.7487379497571298,0.7487379497571298,913609.0804715793,913609.0804715793,1220198.7100666251
SSP3,Arctic Sea,260,2061,0.7461443051787026,0.7461443051787026,910444.3187026111,910444.3187026111,1220198.7100666251
SSP3,Arctic Sea,260,2062,0.7435596450416294,0.7435596450416294,907290.519737394,907290.519737394,1220198.7100666251
SSP3,Arctic Sea,260,2063,0.7409839382236099,0.7409839382236099,904147.6456005366,904147.6456005366,1220198.7100666251
SSP3,Arctic Sea,260,2064,0.7384171537101513,0.7384171537101513,901015.6584481954,901015.6584481954,1220198.7100666251
SSP3,Arctic Sea,260,2065,0.7358592605941963,0.7358592605941963,897894.5205676189,897894.5205676189,1220198.7100666251
SSP3,Arctic Sea,260,2066,0.7333102280757502,0.7333102280757502,894784.1943766931,894784.1943766931,1220198.7100666251
SSP3,Arctic Sea,260,2067,0.73077002546151,0.73077002546151,891684.6424234894,891684.6424234894,1220198.7100666251
SSP3,Arctic Sea,260,2068,0.7282386221644951,0.7282386221644951,888595.8273858133,888595.8273858133,1220198.7100666251
SSP3,Arctic Sea,260,2069,0.7257159877036788,0.7257159877036788,885517.7120707557,885517.7120707557,1220198.7100666251
SSP3,Arctic Sea,260,2070,0.7232020917036214,0.7232020917036214,882450.259414244,882450.259414244,1220198.7100666251
SSP3,Arctic Sea,260,2071,0.7206969038941043,0.7206969038941043,879393.4324805967,879393.4324805967,1220198.7100666251
SSP3,Arctic Sea,260,2072,0.7182003941097659,0.7182003941097659,876347.1944620782,876347.1944620782,1220198.7100666251
SSP3,Arctic Sea,260,2073,0.7157125322897375,0.7157125322897375,873311.5086784555,873311.5086784555,1220198.7100666251
SSP3,Arctic Sea,260,2074,0.7132332884772824,0.7132332884772824,870286.3385765571,870286.3385765571,1220198.7100666251
SSP3,Arctic Sea,260,2075,0.7107626328194344,0.7107626328194344,867271.6477298322,867271.6477298322,1220198.7100666251
SSP3,Arctic Sea,260,2076,0.7083005355666389,0.7083005355666389,864267.3998379125,864267.3998379125,1220198.7100666251
SSP3,Arctic Sea,260,2077,0.7058469670723941,0.7058469670723941,861273.558726175,861273.558726175,1220198.7100666251
SSP3,Arctic Sea,260,2078,0.7034018977928946,0.7034018977928946,858290.0883453061,858290.0883453061,1220198.7100666251
SSP3,Arctic Sea,260,2079,0.7009652982866752,0.7009652982866752,855316.9527708682,855316.9527708682,1220198.7100666251
SSP3,Arctic Sea,260,2080,0.6985371392142565,0.6985371392142565,852354.1162028664,852354.1162028664,1220198.7100666251
SSP3,Arctic Sea,260,2081,0.6961173913377922,0.6961173913377922,849401.5429653181,849401.5429653181,1220198.7100666251
SSP3,Arctic Sea,260,2082,0.6937060255207158,0.6937060255207158,846459.1975058228,846459.1975058228,1220198.7100666251
SSP3,Arctic Sea,260,2083,0.691303012727391,0.691303012727391,843527.0443951343,843527.0443951343,1220198.7100666251
SSP3,Arctic Sea,260,2084,0.6889083240227616,0.6889083240227616,840605.0483267343,840605.0483267343,1220198.7100666251
SSP3,Arctic Sea,260,2085,0.6865219305720027,0.6865219305720027,837693.1741164069,837693.1741164069,1220198.7100666251
SSP3,Arctic Sea,260,2086,0.6841438036401744,0.6841438036401744,834791.3867018152,834791.3867018152,1220198.7100666251
SSP3,Arctic Sea,260,2087,0.6817739145918744,0.6817739145918744,831899.6511420787,831899.6511420787,1220198.7100666251
SSP3,Arctic Sea,260,2088,0.6794122348908951,0.6794122348908951,829017.9326173532,829017.9326173532,1220198.7100666251
SSP3,Arctic Sea,260,2089,0.6770587360998782,0.6770587360998782,826146.19642841094,826146.19642841094,1220198.7100666251
SSP3,Arctic Sea,260,2090,0.6747133898799733,0.6747133898799733,823284.4079962233,823284.4079962233,1220198.7100666251
SSP3,Arctic Sea,260,2091,0.6723761679904963,0.6723761679904963,820432.532861544,820432.532861544,1220198.7100666251
SSP3,Arctic Sea,260,2092,0.6700470422885897,0.6700470422885897,817590.5366844946,817590.5366844946,1220198.7100666251
SSP3,Arctic Sea,260,2093,0.6677259847288831,0.6677259847288831,814758.3852441502,814758.3852441502,1220198.7100666251
SSP3,Arctic Sea,260,2094,0.6654129673631561,0.6654129673631561,811936.0444381285,811936.0444381285,1220198.7100666251
SSP3,Arctic Sea,260,2095,0.6631079623400016,0.6631079623400016,809123.4802821781,809123.4802821781,1220198.7100666251
SSP3,Arctic Sea,260,2096,0.6608109419044901,0.6608109419044901,806320.6589097704,806320.6589097704,1220198.7100666251
SSP3,Arctic Sea,260,2097,0.6585218783978362,0.6585218783978362,803527.5465716907,803527.5465716907,1220198.7100666251
SSP3,Arctic Sea,260,2098,0.6562407442570647,0.6562407442570647,800744.1096356324,800744.1096356324,1220198.7100666251
SSP3,Arctic Sea,260,2099,0.6539675120146793,0.6539675120146793,797970.3145857919,797970.3145857919,1220198.7100666251
SSP3,Arctic Sea,260,2100,0.651702154298332,0.651702154298332,795206.1280224654,795206.1280224654,1220198.7100666251
SSP4,Arctic Sea,260,2005,0.9061827560236775,0.9061827560236775,1105723.0299847105,1105723.0299847105,1220198.7100666251
SSP4,Arctic Sea,260,2006,0.9030437192044706,0.9030437192044706,1101892.7813070626,1101892.7813070626,1220198.7100666251
SSP4,Arctic Sea,260,2007,0.8999155560772281,0.8999155560772281,1098075.8006943234,1098075.8006943234,1220198.7100666251
SSP4,Arctic Sea,260,2008,0.8967982289752439,0.8967982289752439,1094272.0421856265,1094272.0421856265,1220198.7100666251
SSP4,Arctic Sea,260,2009,0.8936917003622902,0.8936917003622902,1090481.4599793153,1090481.4599793153,1220198.7100666251
SSP4,Arctic Sea,260,2010,0.8905959328321658,0.8905959328321658,1086704.0084323913,1086704.0084323913,1220198.7100666251
SSP4,Arctic Sea,260,2011,0.8875108891082449,0.8875108891082449,1082939.6420599641,1082939.6420599641,1220198.7100666251
SSP4,Arctic Sea,260,2012,0.8844365320430296,0.8844365320430296,1079188.3155347041,1079188.3155347041,1220198.7100666251
SSP4,Arctic Sea,260,2013,0.881372824617701,0.881372824617701,1075449.9836862965,1075449.9836862965,1220198.7100666251
SSP4,Arctic Sea,260,2014,0.8783197299416741,0.8783197299416741,1071724.6015008972,1071724.6015008972,1220198.7100666251
SSP4,Arctic Sea,260,2015,0.8752772112521542,0.8752772112521542,1068012.1241205914,1068012.1241205914,1220198.7100666251
SSP4,Arctic Sea,260,2016,0.8722452319136934,0.8722452319136934,1064312.506842853,1064312.506842853,1220198.7100666251
SSP4,Arctic Sea,260,2017,0.8692237554177501,0.8692237554177501,1060625.7051200063,1060625.7051200063,1220198.7100666251
SSP4,Arctic Sea,260,2018,0.8662127453822488,0.8662127453822488,1056951.67455869,1056951.67455869,1220198.7100666251
SSP4,Arctic Sea,260,2019,0.8632121655511424,0.8632121655511424,1053290.3709193221,1053290.3709193221,1220198.7100666251
SSP4,Arctic Sea,260,2020,0.8602219797939755,0.8602219797939755,1049641.7501155674,1049641.7501155674,1220198.7100666251
SSP4,Arctic Sea,260,2021,0.8572421521054493,0.8572421521054493,1046005.7682138069,1046005.7682138069,1220198.7100666251
SSP4,Arctic Sea,260,2022,0.8542726466049885,0.8542726466049885,1042382.3814326088,1042382.3814326088,1220198.7100666251
SSP4,Arctic Sea,260,2023,0.8513134275363083,0.8513134275363083,1038771.5461422008,1038771.5461422008,1220198.7100666251
SSP4,Arctic Sea,260,2024,0.8483644592669852,0.8483644592669852,1035173.2188639453,1035173.2188639453,1220198.7100666251
SSP4,Arctic Sea,260,2025,0.8454257062880266,0.8454257062880266,1031587.3562698156,1031587.3562698156,1220198.7100666251
SSP4,Arctic Sea,260,2026,0.842497133213444,0.842497133213444,1028013.915181874,1028013.915181874,1220198.7100666251
SSP4,Arctic Sea,260,2027,0.8395787047798267,0.8395787047798267,1024452.8525717524,1024452.8525717524,1220198.7100666251
SSP4,Arctic Sea,260,2028,0.8366703858459172,0.8366703858459172,1020904.1255601338,1020904.1255601338,1220198.7100666251
SSP4,Arctic Sea,260,2029,0.8337721413921885,0.8337721413921885,1017367.6914162362,1017367.6914162362,1220198.7100666251
SSP4,Arctic Sea,260,2030,0.8308839365204214,0.8308839365204214,1013843.5075572978,1013843.5075572978,1220198.7100666251
SSP4,Arctic Sea,260,2031,0.8280057364532851,0.8280057364532851,1010331.5315480644,1010331.5315480644,1220198.7100666251
SSP4,Arctic Sea,260,2032,0.8251375065339184,0.8251375065339184,1006831.7211002787,1006831.7211002787,1220198.7100666251
SSP4,Arctic Sea,260,2033,0.8222792122255119,0.8222792122255119,1003344.0340721704,1003344.0340721704,1220198.7100666251
SSP4,Arctic Sea,260,2034,0.819430819110893,0.819430819110893,999868.4284679497,999868.4284679497,1220198.7100666251
SSP4,Arctic Sea,260,2035,0.8165922928921104,0.8165922928921104,996404.8624373008,996404.8624373008,1220198.7100666251
SSP4,Arctic Sea,260,2036,0.8137635993900219,0.8137635993900219,992953.2942748786,992953.2942748786,1220198.7100666251
SSP4,Arctic Sea,260,2037,0.8109447045438825,0.8109447045438825,989513.6824198058,989513.6824198058,1220198.7100666251
SSP4,Arctic Sea,260,2038,0.8081355744109344,0.8081355744109344,986085.9854551733,986085.9854551733,1220198.7100666251
SSP4,Arctic Sea,260,2039,0.8053361751659983,0.8053361751659983,982670.1621075409,982670.1621075409,1220198.7100666251
SSP4,Arctic Sea,260,2040,0.8025464731010662,0.8025464731010662,979266.1712464404,979266.1712464404,1220198.7100666251
SSP4,Arctic Sea,260,2041,0.7997664346248948,0.7997664346248948,975873.9718838806,975873.9718838806,1220198.7100666251
SSP4,Arctic Sea,260,2042,0.7969960262626022,0.7969960262626022,972493.5231738534,972493.5231738534,1220198.7100666251
SSP4,Arctic Sea,260,2043,0.7942352146552641,0.7942352146552641,969124.7844118425,969124.7844118425,1220198.7100666251
SSP4,Arctic Sea,260,2044,0.7914839665595121,0.7914839665595121,965767.7150343326,965767.7150343326,1220198.7100666251
SSP4,Arctic Sea,260,2045,0.7887422488471336,0.7887422488471336,962422.2746183214,962422.2746183214,1220198.7100666251
SSP4,Arctic Sea,260,2046,0.7860100285046727,0.7860100285046727,959088.4228808329,959088.4228808329,1220198.7100666251
SSP4,Arctic Sea,260,2047,0.7832872726330332,0.7832872726330332,955766.119678432,955766.119678432,1220198.7100666251
SSP4,Arctic Sea,260,2048,0.7805739484470817,0.7805739484470817,952455.3250067414,952455.3250067414,1220198.7100666251
SSP4,Arctic Sea,260,2049,0.7778700232752536,0.7778700232752536,949155.99899996,949155.99899996,1220198.7100666251
SSP4,Arctic Sea,260,2050,0.7751754645591589,0.7751754645591589,945868.1019303825,945868.1019303825,1220198.7100666251
SSP4,Arctic Sea,260,2051,0.7724902398531909,0.7724902398531909,942591.5942079214,942591.5942079214,1220198.7100666251
SSP4,Arctic Sea,260,2052,0.769814316824135,0.769814316824135,939326.4363796299,939326.4363796299,1220198.7100666251
SSP4,Arctic Sea,260,2053,0.7671476632507798,0.7671476632507798,936072.5891292272,936072.5891292272,1220198.7100666251
SSP4,Arctic Sea,260,2054,0.7644902470235284,0.7644902470235284,932830.013276625,932830.013276625,1220198.7100666251
SSP4,Arctic Sea,260,2055,0.7618420361440128,0.7618420361440128,929598.6697774556,929598.6697774556,1220198.7100666251
SSP4,Arctic Sea,260,2056,0.7592029987247076,0.7592029987247076,926378.519722602,926378.519722602,1220198.7100666251
SSP4,Arctic Sea,260,2057,0.7565731029885469,0.7565731029885469,923169.5243377289,923169.5243377289,1220198.7100666251
SSP4,Arctic Sea,260,2058,0.7539523172685408,0.7539523172685408,919971.6449828164,919971.6449828164,1220198.7100666251
SSP4,Arctic Sea,260,2059,0.7513406100073949,0.7513406100073949,916784.8431516945,916784.8431516945,1220198.7100666251
SSP4,Arctic Sea,260,2060,0.7487379497571298,0.7487379497571298,913609.0804715793,913609.0804715793,1220198.7100666251
SSP4,Arctic Sea,260,2061,0.7461443051787026,0.7461443051787026,910444.3187026111,910444.3187026111,1220198.7100666251
SSP4,Arctic Sea,260,2062,0.7435596450416294,0.7435596450416294,907290.519737394,907290.519737394,1220198.7100666251
SSP4,Arctic Sea,260,2063,0.7409839382236099,0.7409839382236099,904147.6456005366,904147.6456005366,1220198.7100666251
SSP4,Arctic Sea,260,2064,0.7384171537101513,0.7384171537101513,901015.6584481954,901015.6584481954,1220198.7100666251
SSP4,Arctic Sea,260,2065,0.7358592605941963,0.7358592605941963,897894.5205676189,897894.5205676189,1220198.7100666251
SSP4,Arctic Sea,260,2066,0.7333102280757502,0.7333102280757502,894784.1943766931,894784.1943766931,1220198.7100666251
SSP4,Arctic Sea,260,2067,0.73077002546151,0.73077002546151,891684.6424234894,891684.6424234894,1220198.7100666251
SSP4,Arctic Sea,260,2068,0.7282386221644951,0.7282386221644951,888595.8273858133,888595.8273858133,1220198.7100666251
SSP4,Arctic Sea,260,2069,0.7257159877036788,0.7257159877036788,885517.7120707557,885517.7120707557,1220198.7100666251
SSP4,Arctic Sea,260,2070,0.7232020917036214,0.7232020917036214,882450.259414244,882450.259414244,1220198.7100666251
SSP4,Arctic Sea,260,2071,0.7206969038941043,0.7206969038941043,879393.4324805967,879393.4324805967,1220198.7100666251
SSP4,Arctic Sea,260,2072,0.7182003941097659,0.7182003941097659,876347.1944620782,876347.1944620782,1220198.7100666251
SSP4,Arctic Sea,260,2073,0.7157125322897375,0.7157125322897375,873311.5086784555,873311.5086784555,1220198.7100666251
SSP4,Arctic Sea,260,2074,0.7132332884772824,0.7132332884772824,870286.3385765571,870286.3385765571,1220198.7100666251
SSP4,Arctic Sea,260,2075,0.7107626328194344,0.7107626328194344,867271.6477298322,867271.6477298322,1220198.7100666251
SSP4,Arctic Sea,260,2076,0.7083005355666389,0.7083005355666389,864267.3998379125,864267.3998379125,1220198.7100666251
SSP4,Arctic Sea,260,2077,0.7058469670723941,0.7058469670723941,861273.558726175,861273.558726175,1220198.7100666251
SSP4,Arctic Sea,260,2078,0.7034018977928946,0.7034018977928946,858290.0883453061,858290.0883453061,1220198.7100666251
SSP4,Arctic Sea,260,2079,0.7009652982866752,0.7009652982866752,855316.9527708682,855316.9527708682,1220198.7100666251
SSP4,Arctic Sea,260,2080,0.6985371392142565,0.6985371392142565,852354.1162028664,852354.1162028664,1220198.7100666251
SSP4,Arctic Sea,260,2081,0.6961173913377922,0.6961173913377922,849401.5429653181,849401.5429653181,1220198.7100666251
SSP4,Arctic Sea,260,2082,0.6937060255207158,0.6937060255207158,846459.1975058228,846459.1975058228,1220198.7100666251
SSP4,Arctic Sea,260,2083,0.691303012727391,0.691303012727391,843527.0443951343,843527.0443951343,1220198.7100666251
SSP4,Arctic Sea,260,2084,0.6889083240227616,0.6889083240227616,840605.0483267343,840605.0483267343,1220198.7100666251
SSP4,Arctic Sea,260,2085,0.6865219305720027,0.6865219305720027,837693.1741164069,837693.1741164069,1220198.7100666251
SSP4,Arctic Sea,260,2086,0.6841438036401744,0.6841438036401744,834791.3867018152,834791.3867018152,1220198.7100666251
SSP4,Arctic Sea,260,2087,0.6817739145918744,0.6817739145918744,831899.6511420787,831899.6511420787,1220198.7100666251
SSP4,Arctic Sea,260,2088,0.6794122348908951,0.6794122348908951,829017.9326173532,829017.9326173532,1220198.7100666251
SSP4,Arctic Sea,260,2089,0.6770587360998782,0.6770587360998782,826146.19642841094,826146.19642841094,1220198.7100666251
SSP4,Arctic Sea,260,2090,0.6747133898799733,0.6747133898799733,823284.4079962233,823284.4079962233,1220198.7100666251
SSP4,Arctic Sea,260,2091,0.6723761679904963,0.6723761679904963,820432.532861544,820432.532861544,1220198.7100666251
SSP4,Arctic Sea,260,2092,0.6700470422885897,0.6700470422885897,817590.5366844946,817590.5366844946,1220198.7100666251
SSP4,Arctic Sea,260,2093,0.6677259847288831,0.6677259847288831,814758.3852441502,814758.3852441502,1220198.7100666251
SSP4,Arctic Sea,260,2094,0.6654129673631561,0.6654129673631561,811936.0444381285,811936.0444381285,1220198.7100666251
SSP4,Arctic Sea,260,2095,0.6631079623400016,0.6631079623400016,809123.4802821781,809123.4802821781,1220198.7100666251
SSP4,Arctic Sea,260,2096,0.6608109419044901,0.6608109419044901,806320.6589097704,806320.6589097704,1220198.7100666251
SSP4,Arctic Sea,260,2097,0.6585218783978362,0.6585218783978362,803527.5465716907,803527.5465716907,1220198.7100666251
SSP4,Arctic Sea,260,2098,0.6562407442570647,0.6562407442570647,800744.1096356324,800744.1096356324,1220198.7100666251
SSP4,Arctic Sea,260,2099,0.6539675120146793,0.6539675120146793,797970.3145857919,797970.3145857919,1220198.7100666251
SSP4,Arctic Sea,260,2100,0.651702154298332,0.651702154298332,795206.1280224654,795206.1280224654,1220198.7100666251
SSP5,Arctic Sea,260,2005,0.9061827560236775,0.9061827560236775,1105723.0299847105,1105723.0299847105,1220198.7100666251
SSP5,Arctic Sea,260,2006,0.9030437192044706,0.9030437192044706,1101892.7813070626,1101892.7813070626,1220198.7100666251
SSP5,Arctic Sea,260,2007,0.8999155560772281,0.8999155560772281,1098075.8006943234,1098075.8006943234,1220198.7100666251
SSP5,Arctic Sea,260,2008,0.8967982289752439,0.8967982289752439,1094272.0421856265,1094272.0421856265,1220198.7100666251
SSP5,Arctic Sea,260,2009,0.8936917003622902,0.8936917003622902,1090481.4599793153,1090481.4599793153,1220198.7100666251
SSP5,Arctic Sea,260,2010,0.8905959328321658,0.8905959328321658,1086704.0084323913,1086704.0084323913,1220198.7100666251
SSP5,Arctic Sea,260,2011,0.8875108891082449,0.8875108891082449,1082939.6420599641,1082939.6420599641,1220198.7100666251
SSP5,Arctic Sea,260,2012,0.8844365320430296,0.8844365320430296,1079188.3155347041,1079188.3155347041,1220198.7100666251
SSP5,Arctic Sea,260,2013,0.881372824617701,0.881372824617701,1075449.9836862965,1075449.9836862965,1220198.7100666251
SSP5,Arctic Sea,260,2014,0.8783197299416741,0.8783197299416741,1071724.6015008972,1071724.6015008972,1220198.7100666251
SSP5,Arctic Sea,260,2015,0.8752772112521542,0.8752772112521542,1068012.1241205914,1068012.1241205914,1220198.7100666251
SSP5,Arctic Sea,260,2016,0.8722452319136934,0.8722452319136934,1064312.506842853,1064312.506842853,1220198.7100666251
SSP5,Arctic Sea,260,2017,0.8692237554177501,0.8692237554177501,1060625.7051200063,1060625.7051200063,1220198.7100666251
SSP5,Arctic Sea,260,2018,0.8662127453822488,0.8662127453822488,1056951.67455869,1056951.67455869,1220198.7100666251
SSP5,Arctic Sea,260,2019,0.8632121655511424,0.8632121655511424,1053290.3709193221,1053290.3709193221,1220198.7100666251
SSP5,Arctic Sea,260,2020,0.8602219797939755,0.8602219797939755,1049641.7501155674,1049641.7501155674,1220198.7100666251
SSP5,Arctic Sea,260,2021,0.8572421521054493,0.8572421521054493,1046005.7682138069,1046005.7682138069,1220198.7100666251
SSP5,Arctic Sea,260,2022,0.8542726466049885,0.8542726466049885,1042382.3814326088,1042382.3814326088,1220198.7100666251
SSP5,Arctic Sea,260,2023,0.8513134275363083,0.8513134275363083,1038771.5461422008,1038771.5461422008,1220198.7100666251
SSP5,Arctic Sea,260,2024,0.8483644592669852,0.8483644592669852,1035173.2188639453,1035173.2188639453,1220198.7100666251
SSP5,Arctic Sea,260,2025,0.8454257062880266,0.8454257062880266,1031587.3562698156,1031587.3562698156,1220198.7100666251
SSP5,Arctic Sea,260,2026,0.842497133213444,0.842497133213444,1028013.915181874,1028013.915181874,1220198.7100666251
SSP5,Arctic Sea,260,2027,0.8395787047798267,0.8395787047798267,1024452.8525717524,1024452.8525717524,1220198.7100666251
SSP5,Arctic Sea,260,2028,0.8366703858459172,0.8366703858459172,1020904.1255601338,1020904.1255601338,1220198.7100666251
SSP5,Arctic Sea,260,2029,0.8337721413921885,0.8337721413921885,1017367.6914162362,1017367.6914162362,1220198.7100666251
SSP5,Arctic Sea,260,2030,0.8308839365204214,0.8308839365204214,1013843.5075572978,1013843.5075572978,1220198.7100666251
SSP5,Arctic Sea,260,2031,0.8280057364532851,0.8280057364532851,1010331.5315480644,1010331.5315480644,1220198.7100666251
SSP5,Arctic Sea,260,2032,0.8251375065339184,0.8251375065339184,1006831.7211002787,1006831.7211002787,1220198.7100666251
SSP5,Arctic Sea,260,2033,0.8222792122255119,0.8222792122255119,1003344.0340721704,1003344.0340721704,1220198.7100666251
SSP5,Arctic Sea,260,2034,0.819430819110893,0.819430819110893,999868.4284679497,999868.4284679497,1220198.7100666251
SSP5,Arctic Sea,260,2035,0.8165922928921104,0.8165922928921104,996404.8624373008,996404.8624373008,1220198.7100666251
SSP5,Arctic Sea,260,2036,0.8137635993900219,0.8137635993900219,992953.2942748786,992953.2942748786,1220198.7100666251
SSP5,Arctic Sea,260,2037,0.8109447045438825,0.8109447045438825,989513.6824198058,989513.6824198058,1220198.7100666251
SSP5,Arctic Sea,260,2038,0.8081355744109344,0.8081355744109344,986085.9854551733,986085.9854551733,1220198.7100666251
SSP5,Arctic Sea,260,2039,0.8053361751659983,0.8053361751659983,982670.1621075409,982670.1621075409,1220198.7100666251
SSP5,Arctic Sea,260,2040,0.8025464731010662,0.8025464731010662,979266.1712464404,979266.1712464404,1220198.7100666251
SSP5,Arctic Sea,260,2041,0.7997664346248948,0.7997664346248948,975873.9718838806,975873.9718838806,1220198.7100666251
SSP5,Arctic Sea,260,2042,0.7969960262626022,0.7969960262626022,972493.5231738534,972493.5231738534,1220198.7100666251
SSP5,Arctic Sea,260,2043,0.7942352146552641,0.7942352146552641,969124.7844118425,969124.7844118425,1220198.7100666251
SSP5,Arctic Sea,260,2044,0.7914839665595121,0.7914839665595121,965767.7150343326,965767.7150343326,1220198.7100666251
SSP5,Arctic Sea,260,2045,0.7887422488471336,0.7887422488471336,962422.2746183214,962422.2746183214,1220198.7100666251
SSP5,Arctic Sea,260,2046,0.7860100285046727,0.7860100285046727,959088.4228808329,959088.4228808329,1220198.7100666251
SSP5,Arctic Sea,260,2047,0.7832872726330332,0.7832872726330332,955766.119678432,955766.119678432,1220198.7100666251
SSP5,Arctic Sea,260,2048,0.7805739484470817,0.7805739484470817,952455.3250067414,952455.3250067414,1220198.7100666251
SSP5,Arctic Sea,260,2049,0.7778700232752536,0.7778700232752536,949155.99899996,949155.99899996,1220198.7100666251
SSP5,Arctic Sea,260,2050,0.7751754645591589,0.7751754645591589,945868.1019303825,945868.1019303825,1220198.7100666251
SSP5,Arctic Sea,260,2051,0.7724902398531909,0.7724902398531909,942591.5942079214,942591.5942079214,1220198.7100666251
SSP5,Arctic Sea,260,2052,0.769814316824135,0.769814316824135,939326.4363796299,939326.4363796299,1220198.7100666251
SSP5,Arctic Sea,260,2053,0.7671476632507798,0.7671476632507798,936072.5891292272,936072.5891292272,1220198.7100666251
SSP5,Arctic Sea,260,2054,0.7644902470235284,0.7644902470235284,932830.013276625,932830.013276625,1220198.7100666251
SSP5,Arctic Sea,260,2055,0.7618420361440128,0.7618420361440128,929598.6697774556,929598.6697774556,1220198.7100666251
SSP5,Arctic Sea,260,2056,0.7592029987247076,0.7592029987247076,926378.519722602,926378.519722602,1220198.7100666251
SSP5,Arctic Sea,260,2057,0.7565731029885469,0.7565731029885469,923169.5243377289,923169.5243377289,1220198.7100666251
SSP5,Arctic Sea,260,2058,0.7539523172685408,0.7539523172685408,919971.6449828164,919971.6449828164,1220198.7100666251
SSP5,Arctic Sea,260,2059,0.7513406100073949,0.7513406100073949,916784.8431516945,916784.8431516945,1220198.7100666251
SSP5,Arctic Sea,260,2060,0.7487379497571298,0.7487379497571298,913609.0804715793,913609.0804715793,1220198.7100666251
SSP5,Arctic Sea,260,2061,0.7461443051787026,0.7461443051787026,910444.3187026111,910444.3187026111,1220198.7100666251
SSP5,Arctic Sea,260,2062,0.7435596450416294,0.7435596450416294,907290.519737394,907290.519737394,1220198.7100666251
SSP5,Arctic Sea,260,2063,0.7409839382236099,0.7409839382236099,904147.6456005366,904147.6456005366,1220198.7100666251
SSP5,Arctic Sea,260,2064,0.7384171537101513,0.7384171537101513,901015.6584481954,901015.6584481954,1220198.7100666251
SSP5,Arctic Sea,260,2065,0.7358592605941963,0.7358592605941963,897894.5205676189,897894.5205676189,1220198.7100666251
SSP5,Arctic Sea,260,2066,0.7333102280757502,0.7333102280757502,894784.1943766931,894784.1943766931,1220198.7100666251
SSP5,Arctic Sea,260,2067,0.73077002546151,0.73077002546151,891684.6424234894,891684.6424234894,1220198.7100666251
SSP5,Arctic Sea,260,2068,0.7282386221644951,0.7282386221644951,888595.8273858133,888595.8273858133,1220198.7100666251
SSP5,Arctic Sea,260,2069,0.7257159877036788,0.7257159877036788,885517.7120707557,885517.7120707557,1220198.7100666251
SSP5,Arctic Sea,260,2070,0.7232020917036214,0.7232020917036214,882450.259414244,882450.259414244,1220198.7100666251
SSP5,Arctic Sea,260,2071,0.7206969038941043,0.7206969038941043,879393.4324805967,879393.4324805967,1220198.7100666251
SSP5,Arctic Sea,260,2072,0.7182003941097659,0.7182003941097659,876347.1944620782,876347.1944620782,1220198.7100666251
SSP5,Arctic Sea,260,2073,0.7157125322897375,0.7157125322897375,873311.5086784555,873311.5086784555,1220198.7100666251
SSP5,Arctic Sea,260,2074,0.7132332884772824,0.7132332884772824,870286.3385765571,870286.3385765571,1220198.7100666251
SSP5,Arctic Sea,260,2075,0.7107626328194344,0.7107626328194344,867271.6477298322,867271.6477298322,1220198.7100666251
SSP5,Arctic Sea,260,2076,0.7083005355666389,0.7083005355666389,864267.3998379125,864267.3998379125,1220198.7100666251
SSP5,Arctic Sea,260,2077,0.7058469670723941,0.7058469670723941,861273.558726175,861273.558726175,1220198.7100666251
SSP5,Arctic Sea,260,2078,0.7034018977928946,0.7034018977928946,858290.0883453061,858290.0883453061,1220198.7100666251
SSP5,Arctic Sea,260,2079,0.7009652982866752,0.7009652982866752,855316.9527708682,855316.9527708682,1220198.7100666251
SSP5,Arctic Sea,260,2080,0.6985371392142565,0.6985371392142565,852354.1162028664,852354.1162028664,1220198.7100666251
SSP5,Arctic Sea,260,2081,0.6961173913377922,0.6961173913377922,849401.5429653181,849401.5429653181,1220198.7100666251
SSP5,Arctic Sea,260,2082,0.6937060255207158,0.6937060255207158,846459.1975058228,846459.1975058228,1220198.7100666251
SSP5,Arctic Sea,260,2083,0.691303012727391,0.691303012727391,843527.0443951343,843527.0443951343,1220198.7100666251
SSP5,Arctic Sea,260,2084,0.6889083240227616,0.6889083240227616,840605.0483267343,840605.0483267343,1220198.7100666251
SSP5,Arctic Sea,260,2085,0.6865219305720027,0.6865219305720027,837693.1741164069,837693.1741164069,1220198.7100666251
SSP5,Arctic Sea,260,2086,0.6841438036401744,0.6841438036401744,834791.3867018152,834791.3867018152,1220198.7100666251
SSP5,Arctic Sea,260,2087,0.6817739145918744,0.6817739145918744,831899.6511420787,831899.6511420787,1220198.7100666251
SSP5,Arctic Sea,260,2088,0.6794122348908951,0.6794122348908951,829017.9326173532,829017.9326173532,1220198.7100666251
SSP5,Arctic Sea,260,2089,0.6770587360998782,0.6770587360998782,826146.19642841094,826146.19642841094,1220198.7100666251
SSP5,Arctic Sea,260,2090,0.6747133898799733,0.6747133898799733,823284.4079962233,823284.4079962233,1220198.7100666251
SSP5,Arctic Sea,260,2091,0.6723761679904963,0.6723761679904963,820432.532861544,820432.532861544,1220198.7100666251
SSP5,Arctic Sea,260,2092,0.6700470422885897,0.6700470422885897,817590.5366844946,817590.5366844946,1220198.7100666251
SSP5,Arctic Sea,260,2093,0.6677259847288831,0.6677259847288831,814758.3852441502,814758.3852441502,1220198.7100666251
SSP5,Arctic Sea,260,2094,0.6654129673631561,0.6654129673631561,811936.0444381285,811936.0444381285,1220198.7100666251
SSP5,Arctic Sea,260,2095,0.6631079623400016,0.6631079623400016,809123.4802821781,809123.4802821781,1220198.7100666251
SSP5,Arctic Sea,260,2096,0.6608109419044901,0.6608109419044901,806320.6589097704,806320.6589097704,1220198.7100666251
SSP5,Arctic Sea,260,2097,0.6585218783978362,0.6585218783978362,803527.5465716907,803527.5465716907,1220198.7100666251
SSP5,Arctic Sea,260,2098,0.6562407442570647,0.6562407442570647,800744.1096356324,800744.1096356324,1220198.7100666251
SSP5,Arctic Sea,260,2099,0.6539675120146793,0.6539675120146793,797970.3145857919,797970.3145857919,1220198.7100666251
SSP5,Arctic Sea,260,2100,0.651702154298332,0.651702154298332,795206.1280224654,795206.1280224654,1220198.7100666251
SSP1,"Atlantic, Northwest",261,2005,0.8719827789756647,0.8719827789756647,24365559.332527533,24365559.332527533,27942707.03505204
SSP1,"Atlantic, Northwest",261,2006,0.8689622116224195,0.8689622116224195,24281156.50389616,24281156.50389616,27942707.03505204
SSP1,"Atlantic, Northwest",261,2007,0.8659521075803261,0.8659521075803261,24197046.04850292,24197046.04850292,27942707.03505204
SSP1,"Atlantic, Northwest",261,2008,0.8629524306042468,0.8629524306042468,24113226.953560542,24113226.953560542,27942707.03505204
SSP1,"Atlantic, Northwest",261,2009,0.8599631445745974,0.8599631445745974,24029698.209790077,24029698.209790077,27942707.03505204
SSP1,"Atlantic, Northwest",261,2010,0.8569842134969131,0.8569842134969131,23946458.811408732,23946458.811408732,27942707.03505204
SSP1,"Atlantic, Northwest",261,2011,0.8540156015014146,0.8540156015014146,23863507.756117776,23863507.756117776,27942707.03505204
SSP1,"Atlantic, Northwest",261,2012,0.8510572728425762,0.8510572728425762,23780844.045090456,23780844.045090456,27942707.03505204
SSP1,"Atlantic, Northwest",261,2013,0.8481091918986956,0.8481091918986956,23698466.68295998,23698466.68295998,27942707.03505204
SSP1,"Atlantic, Northwest",261,2014,0.8451713231714649,0.8451713231714649,23616374.677807532,23616374.677807532,27942707.03505204
SSP1,"Atlantic, Northwest",261,2015,0.8422436312855428,0.8422436312855428,23534567.041150313,23534567.041150313,27942707.03505204
SSP1,"Atlantic, Northwest",261,2016,0.8393260809881294,0.8393260809881294,23453042.78792966,23453042.78792966,27942707.03505204
SSP1,"Atlantic, Northwest",261,2017,0.836418637148541,0.836418637148541,23371800.936499175,23371800.936499175,27942707.03505204
SSP1,"Atlantic, Northwest",261,2018,0.8335212647577873,0.8335212647577873,23290840.508612897,23290840.508612897,27942707.03505204
SSP1,"Atlantic, Northwest",261,2019,0.8306339289281501,0.8306339289281501,23210160.529413536,23210160.529413536,27942707.03505204
SSP1,"Atlantic, Northwest",261,2020,0.827756594892763,0.827756594892763,23129760.02742073,23129760.02742073,27942707.03505204
SSP1,"Atlantic, Northwest",261,2021,0.8248892280051925,0.8248892280051925,23049638.034519337,23049638.034519337,27942707.03505204
SSP1,"Atlantic, Northwest",261,2022,0.8220317937390215,0.8220317937390215,22969793.5859478,22969793.5859478,27942707.03505204
SSP1,"Atlantic, Northwest",261,2023,0.8191842576874329,0.8191842576874329,22890225.72028651,22890225.72028651,27942707.03505204
SSP1,"Atlantic, Northwest",261,2024,0.8163465855627955,0.8163465855627955,22810933.479446236,22810933.479446236,27942707.03505204
SSP1,"Atlantic, Northwest",261,2025,0.8135187431962515,0.8135187431962515,22731915.90865659,22731915.90865659,27942707.03505204
SSP1,"Atlantic, Northwest",261,2026,0.8107006965373046,0.8107006965373046,22653172.056454528,22653172.056454528,27942707.03505204
SSP1,"Atlantic, Northwest",261,2027,0.8078924116534101,0.8078924116534101,22574700.9746729,22574700.9746729,27942707.03505204
SSP1,"Atlantic, Northwest",261,2028,0.8050938547295664,0.8050938547295664,22496501.718429018,22496501.718429018,27942707.03505204
SSP1,"Atlantic, Northwest",261,2029,0.8023049920679078,0.8023049920679078,22418573.346113298,22418573.346113298,27942707.03505204
SSP1,"Atlantic, Northwest",261,2030,0.799525790087299,0.799525790087299,22340914.919377908,22340914.919377908,27942707.03505204
SSP1,"Atlantic, Northwest",261,2031,0.7967562153229301,0.7967562153229301,22263525.503125474,22263525.503125474,27942707.03505204
SSP1,"Atlantic, Northwest",261,2032,0.7939962344259142,0.7939962344259142,22186404.16549782,22186404.16549782,27942707.03505204
SSP1,"Atlantic, Northwest",261,2033,0.7912458141628858,0.7912458141628858,22109549.977864746,22109549.977864746,27942707.03505204
SSP1,"Atlantic, Northwest",261,2034,0.7885049214156001,0.7885049214156001,22032962.014812846,22032962.014812846,27942707.03505204
SSP1,"Atlantic, Northwest",261,2035,0.7857735231805353,0.7857735231805353,21956639.35413437,21956639.35413437,27942707.03505204
SSP1,"Atlantic, Northwest",261,2036,0.7830515865684938,0.7830515865684938,21880581.07681611,21880581.07681611,27942707.03505204
SSP1,"Atlantic, Northwest",261,2037,0.7803390788042073,0.7803390788042073,21804786.26702835,21804786.26702835,27942707.03505204
SSP1,"Atlantic, Northwest",261,2038,0.7776359672259415,0.7776359672259415,21729254.012113813,21729254.012113813,27942707.03505204
SSP1,"Atlantic, Northwest",261,2039,0.7749422192851034,0.7749422192851034,21653983.4025767,21653983.4025767,27942707.03505204
SSP1,"Atlantic, Northwest",261,2040,0.772257802545849,0.772257802545849,21578973.53207172,21578973.53207172,27942707.03505204
SSP1,"Atlantic, Northwest",261,2041,0.7695826846846922,0.7695826846846922,21504223.497393183,21504223.497393183,27942707.03505204
SSP1,"Atlantic, Northwest",261,2042,0.7669168334901169,0.7669168334901169,21429732.39846412,21429732.39846412,27942707.03505204
SSP1,"Atlantic, Northwest",261,2043,0.7642602168621879,0.7642602168621879,21355499.338325456,21355499.338325456,27942707.03505204
SSP1,"Atlantic, Northwest",261,2044,0.7616128028121651,0.7616128028121651,21281523.42312519,21281523.42312519,27942707.03505204
SSP1,"Atlantic, Northwest",261,2045,0.7589745594621182,0.7589745594621182,21207803.76210765,21207803.76210765,27942707.03505204
SSP1,"Atlantic, Northwest",261,2046,0.7563454550445424,0.7563454550445424,21134339.46760277,21134339.46760277,27942707.03505204
SSP1,"Atlantic, Northwest",261,2047,0.7537254579019765,0.7537254579019765,21061129.65501538,21061129.65501538,27942707.03505204
SSP1,"Atlantic, Northwest",261,2048,0.7511145364866214,0.7511145364866214,20988173.442814566,20988173.442814566,27942707.03505204
SSP1,"Atlantic, Northwest",261,2049,0.74851265935996,0.74851265935996,20915469.952523064,20915469.952523064,27942707.03505204
SSP1,"Atlantic, Northwest",261,2050,0.7459197951923793,0.7459197951923793,20843018.30870667,20843018.30870667,27942707.03505204
SSP1,"Atlantic, Northwest",261,2051,0.7433359127627925,0.7433359127627925,20770817.63896371,20770817.63896371,27942707.03505204
SSP1,"Atlantic, Northwest",261,2052,0.7407609809582636,0.7407609809582636,20698867.07391452,20698867.07391452,27942707.03505204
SSP1,"Atlantic, Northwest",261,2053,0.738194968773632,0.738194968773632,20627165.747190986,20627165.747190986,27942707.03505204
SSP1,"Atlantic, Northwest",261,2054,0.7356378453111402,0.7356378453111402,20555712.79542612,20555712.79542612,27942707.03505204
SSP1,"Atlantic, Northwest",261,2055,0.7330895797800608,0.7330895797800608,20484507.358243648,20484507.358243648,27942707.03505204
SSP1,"Atlantic, Northwest",261,2056,0.7305501414963265,0.7305501414963265,20413548.578247663,20413548.578247663,27942707.03505204
SSP1,"Atlantic, Northwest",261,2057,0.7280194998821597,0.7280194998821597,20342835.601012293,20342835.601012293,27942707.03505204
SSP1,"Atlantic, Northwest",261,2058,0.7254976244657059,0.7254976244657059,20272367.57507142,20272367.57507142,27942707.03505204
SSP1,"Atlantic, Northwest",261,2059,0.7229844848806646,0.7229844848806646,20202143.65190842,20202143.65190842,27942707.03505204
SSP1,"Atlantic, Northwest",261,2060,0.7204800508659255,0.7204800508659255,20132162.985945947,20132162.985945947,27942707.03505204
SSP1,"Atlantic, Northwest",261,2061,0.7179842922652033,0.7179842922652033,20062424.734535757,20062424.734535757,27942707.03505204
SSP1,"Atlantic, Northwest",261,2062,0.715497179026675,0.715497179026675,19992928.05794856,19992928.05794856,27942707.03505204
SSP1,"Atlantic, Northwest",261,2063,0.7130186812026172,0.7130186812026172,19923672.1193639,19923672.1193639,27942707.03505204
SSP1,"Atlantic, Northwest",261,2064,0.7105487689490466,0.7105487689490466,19854656.08486009,19854656.08486009,27942707.03505204
SSP1,"Atlantic, Northwest",261,2065,0.7080874125253597,0.7080874125253597,19785879.123404164,19785879.123404164,27942707.03505204
SSP1,"Atlantic, Northwest",261,2066,0.7056345822939755,0.7056345822939755,19717340.406841874,19717340.406841874,27942707.03505204
SSP1,"Atlantic, Northwest",261,2067,0.7031902487199777,0.7031902487199777,19649039.109887715,19649039.109887715,27942707.03505204
SSP1,"Atlantic, Northwest",261,2068,0.7007543823707603,0.7007543823707603,19580974.41011499,19580974.41011499,27942707.03505204
SSP1,"Atlantic, Northwest",261,2069,0.6983269539156718,0.6983269539156718,19513145.487945903,19513145.487945903,27942707.03505204
SSP1,"Atlantic, Northwest",261,2070,0.6959079341256632,0.6959079341256632,19445551.5266417,19445551.5266417,27942707.03505204
SSP1,"Atlantic, Northwest",261,2071,0.6934972938729353,0.6934972938729353,19378191.71229282,19378191.71229282,27942707.03505204
SSP1,"Atlantic, Northwest",261,2072,0.6910950041305882,0.6910950041305882,19311065.233809106,19311065.233809106,27942707.03505204
SSP1,"Atlantic, Northwest",261,2073,0.6887010359722722,0.6887010359722722,19244171.282910038,19244171.282910038,27942707.03505204
SSP1,"Atlantic, Northwest",261,2074,0.6863153605718385,0.6863153605718385,19177509.05411499,19177509.05411499,27942707.03505204
SSP1,"Atlantic, Northwest",261,2075,0.6839379492029933,0.6839379492029933,19111077.744733546,19111077.744733546,27942707.03505204
SSP1,"Atlantic, Northwest",261,2076,0.681568773238951,0.681568773238951,19044876.554855824,19044876.554855824,27942707.03505204
SSP1,"Atlantic, Northwest",261,2077,0.6792078041520897,0.6792078041520897,18978904.687342845,18978904.687342845,27942707.03505204
SSP1,"Atlantic, Northwest",261,2078,0.6768550135136081,0.6768550135136081,18913161.34781694,18913161.34781694,27942707.03505204
SSP1,"Atlantic, Northwest",261,2079,0.6745103729931826,0.6745103729931826,18847645.744652178,18847645.744652178,27942707.03505204
SSP1,"Atlantic, Northwest",261,2080,0.6721738543586266,0.6721738543586266,18782357.088964842,18782357.088964842,27942707.03505204
SSP1,"Atlantic, Northwest",261,2081,0.6698454294755507,0.6698454294755507,18717294.594603926,18717294.594603926,27942707.03505204
SSP1,"Atlantic, Northwest",261,2082,0.6675250703070231,0.6675250703070231,18652457.47814166,18652457.47814166,27942707.03505204
SSP1,"Atlantic, Northwest",261,2083,0.6652127489132328,0.6652127489132328,18587844.958864097,18587844.958864097,27942707.03505204
SSP1,"Atlantic, Northwest",261,2084,0.662908437451153,0.662908437451153,18523456.25876169,18523456.25876169,27942707.03505204
SSP1,"Atlantic, Northwest",261,2085,0.6606121081742057,0.6606121081742057,18459290.602519937,18459290.602519937,27942707.03505204
SSP1,"Atlantic, Northwest",261,2086,0.6583237334319275,0.6583237334319275,18395347.217510045,18395347.217510045,27942707.03505204
SSP1,"Atlantic, Northwest",261,2087,0.6560432856696369,0.6560432856696369,18331625.33377962,18331625.33377962,27942707.03505204
SSP1,"Atlantic, Northwest",261,2088,0.6537707374281025,0.6537707374281025,18268124.1840434,18268124.1840434,27942707.03505204
SSP1,"Atlantic, Northwest",261,2089,0.6515060613432123,0.6515060613432123,18204843.003674023,18204843.003674023,27942707.03505204
SSP1,"Atlantic, Northwest",261,2090,0.649249230145644,0.649249230145644,18141781.030692805,18141781.030692805,27942707.03505204
SSP1,"Atlantic, Northwest",261,2091,0.6470002166605368,0.6470002166605368,18078937.505760573,18078937.505760573,27942707.03505204
SSP1,"Atlantic, Northwest",261,2092,0.6447589938071644,0.6447589938071644,18016311.672168527,18016311.672168527,27942707.03505204
SSP1,"Atlantic, Northwest",261,2093,0.6425255345986087,0.6425255345986087,17953902.775829118,17953902.775829118,27942707.03505204
SSP1,"Atlantic, Northwest",261,2094,0.6402998121414349,0.6402998121414349,17891710.065266974,17891710.065266974,27942707.03505204
SSP1,"Atlantic, Northwest",261,2095,0.6380817996353675,0.6380817996353675,17829732.79160985,17829732.79160985,27942707.03505204
SSP1,"Atlantic, Northwest",261,2096,0.6358714703729678,0.6358714703729678,17767970.20857961,17767970.20857961,27942707.03505204
SSP1,"Atlantic, Northwest",261,2097,0.6336687977393123,0.6336687977393123,17706421.57248325,17706421.57248325,27942707.03505204
SSP1,"Atlantic, Northwest",261,2098,0.631473755211672,0.631473755211672,17645086.142203916,17645086.142203916,27942707.03505204
SSP1,"Atlantic, Northwest",261,2099,0.6292863163591934,0.6292863163591934,17583963.179192018,17583963.179192018,27942707.03505204
SSP1,"Atlantic, Northwest",261,2100,0.6271064548425803,0.6271064548425803,17523051.94745631,17523051.94745631,27942707.03505204
SSP2,"Atlantic, Northwest",261,2005,0.8719827789756647,0.8719827789756647,24365559.332527533,24365559.332527533,27942707.03505204
SSP2,"Atlantic, Northwest",261,2006,0.8689622116224195,0.8689622116224195,24281156.50389616,24281156.50389616,27942707.03505204
SSP2,"Atlantic, Northwest",261,2007,0.8659521075803261,0.8659521075803261,24197046.04850292,24197046.04850292,27942707.03505204
SSP2,"Atlantic, Northwest",261,2008,0.8629524306042468,0.8629524306042468,24113226.953560542,24113226.953560542,27942707.03505204
SSP2,"Atlantic, Northwest",261,2009,0.8599631445745974,0.8599631445745974,24029698.209790077,24029698.209790077,27942707.03505204
SSP2,"Atlantic, Northwest",261,2010,0.8569842134969131,0.8569842134969131,23946458.811408732,23946458.811408732,27942707.03505204
SSP2,"Atlantic, Northwest",261,2011,0.8540156015014146,0.8540156015014146,23863507.756117776,23863507.756117776,27942707.03505204
SSP2,"Atlantic, Northwest",261,2012,0.8510572728425762,0.8510572728425762,23780844.045090456,23780844.045090456,27942707.03505204
SSP2,"Atlantic, Northwest",261,2013,0.8481091918986956,0.8481091918986956,23698466.68295998,23698466.68295998,27942707.03505204
SSP2,"Atlantic, Northwest",261,2014,0.8451713231714649,0.8451713231714649,23616374.677807532,23616374.677807532,27942707.03505204
SSP2,"Atlantic, Northwest",261,2015,0.8422436312855428,0.8422436312855428,23534567.041150313,23534567.041150313,27942707.03505204
SSP2,"Atlantic, Northwest",261,2016,0.8393260809881294,0.8393260809881294,23453042.78792966,23453042.78792966,27942707.03505204
SSP2,"Atlantic, Northwest",261,2017,0.836418637148541,0.836418637148541,23371800.936499175,23371800.936499175,27942707.03505204
SSP2,"Atlantic, Northwest",261,2018,0.8335212647577873,0.8335212647577873,23290840.508612897,23290840.508612897,27942707.03505204
SSP2,"Atlantic, Northwest",261,2019,0.8306339289281501,0.8306339289281501,23210160.529413536,23210160.529413536,27942707.03505204
SSP2,"Atlantic, Northwest",261,2020,0.827756594892763,0.827756594892763,23129760.02742073,23129760.02742073,27942707.03505204
SSP2,"Atlantic, Northwest",261,2021,0.8248892280051925,0.8248892280051925,23049638.034519337,23049638.034519337,27942707.03505204
SSP2,"Atlantic, Northwest",261,2022,0.8220317937390215,0.8220317937390215,22969793.5859478,22969793.5859478,27942707.03505204
SSP2,"Atlantic, Northwest",261,2023,0.8191842576874329,0.8191842576874329,22890225.72028651,22890225.72028651,27942707.03505204
SSP2,"Atlantic, Northwest",261,2024,0.8163465855627955,0.8163465855627955,22810933.479446236,22810933.479446236,27942707.03505204
SSP2,"Atlantic, Northwest",261,2025,0.8135187431962515,0.8135187431962515,22731915.90865659,22731915.90865659,27942707.03505204
SSP2,"Atlantic, Northwest",261,2026,0.8107006965373046,0.8107006965373046,22653172.056454528,22653172.056454528,27942707.03505204
SSP2,"Atlantic, Northwest",261,2027,0.8078924116534101,0.8078924116534101,22574700.9746729,22574700.9746729,27942707.03505204
SSP2,"Atlantic, Northwest",261,2028,0.8050938547295664,0.8050938547295664,22496501.718429018,22496501.718429018,27942707.03505204
SSP2,"Atlantic, Northwest",261,2029,0.8023049920679078,0.8023049920679078,22418573.346113298,22418573.346113298,27942707.03505204
SSP2,"Atlantic, Northwest",261,2030,0.799525790087299,0.799525790087299,22340914.919377908,22340914.919377908,27942707.03505204
SSP2,"Atlantic, Northwest",261,2031,0.7967562153229301,0.7967562153229301,22263525.503125474,22263525.503125474,27942707.03505204
SSP2,"Atlantic, Northwest",261,2032,0.7939962344259142,0.7939962344259142,22186404.16549782,22186404.16549782,27942707.03505204
SSP2,"Atlantic, Northwest",261,2033,0.7912458141628858,0.7912458141628858,22109549.977864746,22109549.977864746,27942707.03505204
SSP2,"Atlantic, Northwest",261,2034,0.7885049214156001,0.7885049214156001,22032962.014812846,22032962.014812846,27942707.03505204
SSP2,"Atlantic, Northwest",261,2035,0.7857735231805353,0.7857735231805353,21956639.35413437,21956639.35413437,27942707.03505204
SSP2,"Atlantic, Northwest",261,2036,0.7830515865684938,0.7830515865684938,21880581.07681611,21880581.07681611,27942707.03505204
SSP2,"Atlantic, Northwest",261,2037,0.7803390788042073,0.7803390788042073,21804786.26702835,21804786.26702835,27942707.03505204
SSP2,"Atlantic, Northwest",261,2038,0.7776359672259415,0.7776359672259415,21729254.012113813,21729254.012113813,27942707.03505204
SSP2,"Atlantic, Northwest",261,2039,0.7749422192851034,0.7749422192851034,21653983.4025767,21653983.4025767,27942707.03505204
SSP2,"Atlantic, Northwest",261,2040,0.772257802545849,0.772257802545849,21578973.53207172,21578973.53207172,27942707.03505204
SSP2,"Atlantic, Northwest",261,2041,0.7695826846846922,0.7695826846846922,21504223.497393183,21504223.497393183,27942707.03505204
SSP2,"Atlantic, Northwest",261,2042,0.7669168334901169,0.7669168334901169,21429732.39846412,21429732.39846412,27942707.03505204
SSP2,"Atlantic, Northwest",261,2043,0.7642602168621879,0.7642602168621879,21355499.338325456,21355499.338325456,27942707.03505204
SSP2,"Atlantic, Northwest",261,2044,0.7616128028121651,0.7616128028121651,21281523.42312519,21281523.42312519,27942707.03505204
SSP2,"Atlantic, Northwest",261,2045,0.7589745594621182,0.7589745594621182,21207803.76210765,21207803.76210765,27942707.03505204
SSP2,"Atlantic, Northwest",261,2046,0.7563454550445424,0.7563454550445424,21134339.46760277,21134339.46760277,27942707.03505204
SSP2,"Atlantic, Northwest",261,2047,0.7537254579019765,0.7537254579019765,21061129.65501538,21061129.65501538,27942707.03505204
SSP2,"Atlantic, Northwest",261,2048,0.7511145364866214,0.7511145364866214,20988173.442814566,20988173.442814566,27942707.03505204
SSP2,"Atlantic, Northwest",261,2049,0.74851265935996,0.74851265935996,20915469.952523064,20915469.952523064,27942707.03505204
SSP2,"Atlantic, Northwest",261,2050,0.7459197951923793,0.7459197951923793,20843018.30870667,20843018.30870667,27942707.03505204
SSP2,"Atlantic, Northwest",261,2051,0.7433359127627925,0.7433359127627925,20770817.63896371,20770817.63896371,27942707.03505204
SSP2,"Atlantic, Northwest",261,2052,0.7407609809582636,0.7407609809582636,20698867.07391452,20698867.07391452,27942707.03505204
SSP2,"Atlantic, Northwest",261,2053,0.738194968773632,0.738194968773632,20627165.747190986,20627165.747190986,27942707.03505204
SSP2,"Atlantic, Northwest",261,2054,0.7356378453111402,0.7356378453111402,20555712.79542612,20555712.79542612,27942707.03505204
SSP2,"Atlantic, Northwest",261,2055,0.7330895797800608,0.7330895797800608,20484507.358243648,20484507.358243648,27942707.03505204
SSP2,"Atlantic, Northwest",261,2056,0.7305501414963265,0.7305501414963265,20413548.578247663,20413548.578247663,27942707.03505204
SSP2,"Atlantic, Northwest",261,2057,0.7280194998821597,0.7280194998821597,20342835.601012293,20342835.601012293,27942707.03505204
SSP2,"Atlantic, Northwest",261,2058,0.7254976244657059,0.7254976244657059,20272367.57507142,20272367.57507142,27942707.03505204
SSP2,"Atlantic, Northwest",261,2059,0.7229844848806646,0.7229844848806646,20202143.65190842,20202143.65190842,27942707.03505204
SSP2,"Atlantic, Northwest",261,2060,0.7204800508659255,0.7204800508659255,20132162.985945947,20132162.985945947,27942707.03505204
SSP2,"Atlantic, Northwest",261,2061,0.7179842922652033,0.7179842922652033,20062424.734535757,20062424.734535757,27942707.03505204
SSP2,"Atlantic, Northwest",261,2062,0.715497179026675,0.715497179026675,19992928.05794856,19992928.05794856,27942707.03505204
SSP2,"Atlantic, Northwest",261,2063,0.7130186812026172,0.7130186812026172,19923672.1193639,19923672.1193639,27942707.03505204
SSP2,"Atlantic, Northwest",261,2064,0.7105487689490466,0.7105487689490466,19854656.08486009,19854656.08486009,27942707.03505204
SSP2,"Atlantic, Northwest",261,2065,0.7080874125253597,0.7080874125253597,19785879.123404164,19785879.123404164,27942707.03505204
SSP2,"Atlantic, Northwest",261,2066,0.7056345822939755,0.7056345822939755,19717340.406841874,19717340.406841874,27942707.03505204
SSP2,"Atlantic, Northwest",261,2067,0.7031902487199777,0.7031902487199777,19649039.109887715,19649039.109887715,27942707.03505204
SSP2,"Atlantic, Northwest",261,2068,0.7007543823707603,0.7007543823707603,19580974.41011499,19580974.41011499,27942707.03505204
SSP2,"Atlantic, Northwest",261,2069,0.6983269539156718,0.6983269539156718,19513145.487945903,19513145.487945903,27942707.03505204
SSP2,"Atlantic, Northwest",261,2070,0.6959079341256632,0.6959079341256632,19445551.5266417,19445551.5266417,27942707.03505204
SSP2,"Atlantic, Northwest",261,2071,0.6934972938729353,0.6934972938729353,19378191.71229282,19378191.71229282,27942707.03505204
SSP2,"Atlantic, Northwest",261,2072,0.6910950041305882,0.6910950041305882,19311065.233809106,19311065.233809106,27942707.03505204
SSP2,"Atlantic, Northwest",261,2073,0.6887010359722722,0.6887010359722722,19244171.282910038,19244171.282910038,27942707.03505204
SSP2,"Atlantic, Northwest",261,2074,0.6863153605718385,0.6863153605718385,19177509.05411499,19177509.05411499,27942707.03505204
SSP2,"Atlantic, Northwest",261,2075,0.6839379492029933,0.6839379492029933,19111077.744733546,19111077.744733546,27942707.03505204
SSP2,"Atlantic, Northwest",261,2076,0.681568773238951,0.681568773238951,19044876.554855824,19044876.554855824,27942707.03505204
SSP2,"Atlantic, Northwest",261,2077,0.6792078041520897,0.6792078041520897,18978904.687342845,18978904.687342845,27942707.03505204
SSP2,"Atlantic, Northwest",261,2078,0.6768550135136081,0.6768550135136081,18913161.34781694,18913161.34781694,27942707.03505204
SSP2,"Atlantic, Northwest",261,2079,0.6745103729931826,0.6745103729931826,18847645.744652178,18847645.744652178,27942707.03505204
SSP2,"Atlantic, Northwest",261,2080,0.6721738543586266,0.6721738543586266,18782357.088964842,18782357.088964842,27942707.03505204
SSP2,"Atlantic, Northwest",261,2081,0.6698454294755507,0.6698454294755507,18717294.594603926,18717294.594603926,27942707.03505204
SSP2,"Atlantic, Northwest",261,2082,0.6675250703070231,0.6675250703070231,18652457.47814166,18652457.47814166,27942707.03505204
SSP2,"Atlantic, Northwest",261,2083,0.6652127489132328,0.6652127489132328,18587844.958864097,18587844.958864097,27942707.03505204
SSP2,"Atlantic, Northwest",261,2084,0.662908437451153,0.662908437451153,18523456.25876169,18523456.25876169,27942707.03505204
SSP2,"Atlantic, Northwest",261,2085,0.6606121081742057,0.6606121081742057,18459290.602519937,18459290.602519937,27942707.03505204
SSP2,"Atlantic, Northwest",261,2086,0.6583237334319275,0.6583237334319275,18395347.217510045,18395347.217510045,27942707.03505204
SSP2,"Atlantic, Northwest",261,2087,0.6560432856696369,0.6560432856696369,18331625.33377962,18331625.33377962,27942707.03505204
SSP2,"Atlantic, Northwest",261,2088,0.6537707374281025,0.6537707374281025,18268124.1840434,18268124.1840434,27942707.03505204
SSP2,"Atlantic, Northwest",261,2089,0.6515060613432123,0.6515060613432123,18204843.003674023,18204843.003674023,27942707.03505204
SSP2,"Atlantic, Northwest",261,2090,0.6515060613432123,0.6515060613432123,18204843.003674023,18204843.003674023,27942707.03505204
SSP2,"Atlantic, Northwest",261,2091,0.6515060613432123,0.6515060613432123,18204843.003674023,18204843.003674023,27942707.03505204
SSP2,"Atlantic, Northwest",261,2092,0.6515060613432123,0.6515060613432123,18204843.003674023,18204843.003674023,27942707.03505204
SSP2,"Atlantic, Northwest",261,2093,0.6515060613432123,0.6515060613432123,18204843.003674023,18204843.003674023,27942707.03505204
SSP2,"Atlantic, Northwest",261,2094,0.6515060613432123,0.6515060613432123,18204843.003674023,18204843.003674023,27942707.03505204
SSP2,"Atlantic, Northwest",261,2095,0.6515060613432123,0.6515060613432123,18204843.003674023,18204843.003674023,27942707.03505204
SSP2,"Atlantic, Northwest",261,2096,0.6515060613432123,0.6515060613432123,18204843.003674023,18204843.003674023,27942707.03505204
SSP2,"Atlantic, Northwest",261,2097,0.6515060613432123,0.6515060613432123,18204843.003674023,18204843.003674023,27942707.03505204
SSP2,"Atlantic, Northwest",261,2098,0.6515060613432123,0.6515060613432123,18204843.003674023,18204843.003674023,27942707.03505204
SSP2,"Atlantic, Northwest",261,2099,0.6515060613432123,0.6515060613432123,18204843.003674023,18204843.003674023,27942707.03505204
SSP2,"Atlantic, Northwest",261,2100,0.6515060613432123,0.6515060613432123,18204843.003674023,18204843.003674023,27942707.03505204
SSP3,"Atlantic, Northwest",261,2005,0.8719827789756647,0.8719827789756647,24365559.332527533,24365559.332527533,27942707.03505204
SSP3,"Atlantic, Northwest",261,2006,0.8689622116224195,0.8689622116224195,24281156.50389616,24281156.50389616,27942707.03505204
SSP3,"Atlantic, Northwest",261,2007,0.8659521075803261,0.8659521075803261,24197046.04850292,24197046.04850292,27942707.03505204
SSP3,"Atlantic, Northwest",261,2008,0.8629524306042468,0.8629524306042468,24113226.953560542,24113226.953560542,27942707.03505204
SSP3,"Atlantic, Northwest",261,2009,0.8599631445745974,0.8599631445745974,24029698.209790077,24029698.209790077,27942707.03505204
SSP3,"Atlantic, Northwest",261,2010,0.8569842134969131,0.8569842134969131,23946458.811408732,23946458.811408732,27942707.03505204
SSP3,"Atlantic, Northwest",261,2011,0.8540156015014146,0.8540156015014146,23863507.756117776,23863507.756117776,27942707.03505204
SSP3,"Atlantic, Northwest",261,2012,0.8510572728425762,0.8510572728425762,23780844.045090456,23780844.045090456,27942707.03505204
SSP3,"Atlantic, Northwest",261,2013,0.8481091918986956,0.8481091918986956,23698466.68295998,23698466.68295998,27942707.03505204
SSP3,"Atlantic, Northwest",261,2014,0.8451713231714649,0.8451713231714649,23616374.677807532,23616374.677807532,27942707.03505204
SSP3,"Atlantic, Northwest",261,2015,0.8422436312855428,0.8422436312855428,23534567.041150313,23534567.041150313,27942707.03505204
SSP3,"Atlantic, Northwest",261,2016,0.8393260809881294,0.8393260809881294,23453042.78792966,23453042.78792966,27942707.03505204
SSP3,"Atlantic, Northwest",261,2017,0.836418637148541,0.836418637148541,23371800.936499175,23371800.936499175,27942707.03505204
SSP3,"Atlantic, Northwest",261,2018,0.8335212647577873,0.8335212647577873,23290840.508612897,23290840.508612897,27942707.03505204
SSP3,"Atlantic, Northwest",261,2019,0.8306339289281501,0.8306339289281501,23210160.529413536,23210160.529413536,27942707.03505204
SSP3,"Atlantic, Northwest",261,2020,0.827756594892763,0.827756594892763,23129760.02742073,23129760.02742073,27942707.03505204
SSP3,"Atlantic, Northwest",261,2021,0.8248892280051925,0.8248892280051925,23049638.034519337,23049638.034519337,27942707.03505204
SSP3,"Atlantic, Northwest",261,2022,0.8220317937390215,0.8220317937390215,22969793.5859478,22969793.5859478,27942707.03505204
SSP3,"Atlantic, Northwest",261,2023,0.8191842576874329,0.8191842576874329,22890225.72028651,22890225.72028651,27942707.03505204
SSP3,"Atlantic, Northwest",261,2024,0.8163465855627955,0.8163465855627955,22810933.479446236,22810933.479446236,27942707.03505204
SSP3,"Atlantic, Northwest",261,2025,0.8135187431962515,0.8135187431962515,22731915.90865659,22731915.90865659,27942707.03505204
SSP3,"Atlantic, Northwest",261,2026,0.8107006965373046,0.8107006965373046,22653172.056454528,22653172.056454528,27942707.03505204
SSP3,"Atlantic, Northwest",261,2027,0.8078924116534101,0.8078924116534101,22574700.9746729,22574700.9746729,27942707.03505204
SSP3,"Atlantic, Northwest",261,2028,0.8050938547295664,0.8050938547295664,22496501.718429018,22496501.718429018,27942707.03505204
SSP3,"Atlantic, Northwest",261,2029,0.8023049920679078,0.8023049920679078,22418573.346113298,22418573.346113298,27942707.03505204
SSP3,"Atlantic, Northwest",261,2030,0.799525790087299,0.799525790087299,22340914.919377908,22340914.919377908,27942707.03505204
SSP3,"Atlantic, Northwest",261,2031,0.7967562153229301,0.7967562153229301,22263525.503125474,22263525.503125474,27942707.03505204
SSP3,"Atlantic, Northwest",261,2032,0.7939962344259142,0.7939962344259142,22186404.16549782,22186404.16549782,27942707.03505204
SSP3,"Atlantic, Northwest",261,2033,0.7912458141628858,0.7912458141628858,22109549.977864746,22109549.977864746,27942707.03505204
SSP3,"Atlantic, Northwest",261,2034,0.7885049214156001,0.7885049214156001,22032962.014812846,22032962.014812846,27942707.03505204
SSP3,"Atlantic, Northwest",261,2035,0.7857735231805353,0.7857735231805353,21956639.35413437,21956639.35413437,27942707.03505204
SSP3,"Atlantic, Northwest",261,2036,0.7830515865684938,0.7830515865684938,21880581.07681611,21880581.07681611,27942707.03505204
SSP3,"Atlantic, Northwest",261,2037,0.7803390788042073,0.7803390788042073,21804786.26702835,21804786.26702835,27942707.03505204
SSP3,"Atlantic, Northwest",261,2038,0.7776359672259415,0.7776359672259415,21729254.012113813,21729254.012113813,27942707.03505204
SSP3,"Atlantic, Northwest",261,2039,0.7749422192851034,0.7749422192851034,21653983.4025767,21653983.4025767,27942707.03505204
SSP3,"Atlantic, Northwest",261,2040,0.772257802545849,0.772257802545849,21578973.53207172,21578973.53207172,27942707.03505204
SSP3,"Atlantic, Northwest",261,2041,0.7695826846846922,0.7695826846846922,21504223.497393183,21504223.497393183,27942707.03505204
SSP3,"Atlantic, Northwest",261,2042,0.7669168334901169,0.7669168334901169,21429732.39846412,21429732.39846412,27942707.03505204
SSP3,"Atlantic, Northwest",261,2043,0.7642602168621879,0.7642602168621879,21355499.338325456,21355499.338325456,27942707.03505204
SSP3,"Atlantic, Northwest",261,2044,0.7616128028121651,0.7616128028121651,21281523.42312519,21281523.42312519,27942707.03505204
SSP3,"Atlantic, Northwest",261,2045,0.7589745594621182,0.7589745594621182,21207803.76210765,21207803.76210765,27942707.03505204
SSP3,"Atlantic, Northwest",261,2046,0.7563454550445424,0.7563454550445424,21134339.46760277,21134339.46760277,27942707.03505204
SSP3,"Atlantic, Northwest",261,2047,0.7537254579019765,0.7537254579019765,21061129.65501538,21061129.65501538,27942707.03505204
SSP3,"Atlantic, Northwest",261,2048,0.7511145364866214,0.7511145364866214,20988173.442814566,20988173.442814566,27942707.03505204
SSP3,"Atlantic, Northwest",261,2049,0.74851265935996,0.74851265935996,20915469.952523064,20915469.952523064,27942707.03505204
SSP3,"Atlantic, Northwest",261,2050,0.7459197951923793,0.7459197951923793,20843018.30870667,20843018.30870667,27942707.03505204
SSP3,"Atlantic, Northwest",261,2051,0.7433359127627925,0.7433359127627925,20770817.63896371,20770817.63896371,27942707.03505204
SSP3,"Atlantic, Northwest",261,2052,0.7407609809582636,0.7407609809582636,20698867.07391452,20698867.07391452,27942707.03505204
SSP3,"Atlantic, Northwest",261,2053,0.738194968773632,0.738194968773632,20627165.747190986,20627165.747190986,27942707.03505204
SSP3,"Atlantic, Northwest",261,2054,0.7356378453111402,0.7356378453111402,20555712.79542612,20555712.79542612,27942707.03505204
SSP3,"Atlantic, Northwest",261,2055,0.7330895797800608,0.7330895797800608,20484507.358243648,20484507.358243648,27942707.03505204
SSP3,"Atlantic, Northwest",261,2056,0.7305501414963265,0.7305501414963265,20413548.578247663,20413548.578247663,27942707.03505204
SSP3,"Atlantic, Northwest",261,2057,0.7280194998821597,0.7280194998821597,20342835.601012293,20342835.601012293,27942707.03505204
SSP3,"Atlantic, Northwest",261,2058,0.7254976244657059,0.7254976244657059,20272367.57507142,20272367.57507142,27942707.03505204
SSP3,"Atlantic, Northwest",261,2059,0.7229844848806646,0.7229844848806646,20202143.65190842,20202143.65190842,27942707.03505204
SSP3,"Atlantic, Northwest",261,2060,0.7204800508659255,0.7204800508659255,20132162.985945947,20132162.985945947,27942707.03505204
SSP3,"Atlantic, Northwest",261,2061,0.7179842922652033,0.7179842922652033,20062424.734535757,20062424.734535757,27942707.03505204
SSP3,"Atlantic, Northwest",261,2062,0.715497179026675,0.715497179026675,19992928.05794856,19992928.05794856,27942707.03505204
SSP3,"Atlantic, Northwest",261,2063,0.7130186812026172,0.7130186812026172,19923672.1193639,19923672.1193639,27942707.03505204
SSP3,"Atlantic, Northwest",261,2064,0.7105487689490466,0.7105487689490466,19854656.08486009,19854656.08486009,27942707.03505204
SSP3,"Atlantic, Northwest",261,2065,0.7080874125253597,0.7080874125253597,19785879.123404164,19785879.123404164,27942707.03505204
SSP3,"Atlantic, Northwest",261,2066,0.7056345822939755,0.7056345822939755,19717340.406841874,19717340.406841874,27942707.03505204
SSP3,"Atlantic, Northwest",261,2067,0.7031902487199777,0.7031902487199777,19649039.109887715,19649039.109887715,27942707.03505204
SSP3,"Atlantic, Northwest",261,2068,0.7007543823707603,0.7007543823707603,19580974.41011499,19580974.41011499,27942707.03505204
SSP3,"Atlantic, Northwest",261,2069,0.6983269539156718,0.6983269539156718,19513145.487945903,19513145.487945903,27942707.03505204
SSP3,"Atlantic, Northwest",261,2070,0.6959079341256632,0.6959079341256632,19445551.5266417,19445551.5266417,27942707.03505204
SSP3,"Atlantic, Northwest",261,2071,0.6934972938729353,0.6934972938729353,19378191.71229282,19378191.71229282,27942707.03505204
SSP3,"Atlantic, Northwest",261,2072,0.6910950041305882,0.6910950041305882,19311065.233809106,19311065.233809106,27942707.03505204
SSP3,"Atlantic, Northwest",261,2073,0.6887010359722722,0.6887010359722722,19244171.282910038,19244171.282910038,27942707.03505204
SSP3,"Atlantic, Northwest",261,2074,0.6863153605718385,0.6863153605718385,19177509.05411499,19177509.05411499,27942707.03505204
SSP3,"Atlantic, Northwest",261,2075,0.6839379492029933,0.6839379492029933,19111077.744733546,19111077.744733546,27942707.03505204
SSP3,"Atlantic, Northwest",261,2076,0.681568773238951,0.681568773238951,19044876.554855824,19044876.554855824,27942707.03505204
SSP3,"Atlantic, Northwest",261,2077,0.6792078041520897,0.6792078041520897,18978904.687342845,18978904.687342845,27942707.03505204
SSP3,"Atlantic, Northwest",261,2078,0.6768550135136081,0.6768550135136081,18913161.34781694,18913161.34781694,27942707.03505204
SSP3,"Atlantic, Northwest",261,2079,0.6745103729931826,0.6745103729931826,18847645.744652178,18847645.744652178,27942707.03505204
SSP3,"Atlantic, Northwest",261,2080,0.6721738543586266,0.6721738543586266,18782357.088964842,18782357.088964842,27942707.03505204
SSP3,"Atlantic, Northwest",261,2081,0.6698454294755507,0.6698454294755507,18717294.594603926,18717294.594603926,27942707.03505204
SSP3,"Atlantic, Northwest",261,2082,0.6675250703070231,0.6675250703070231,18652457.47814166,18652457.47814166,27942707.03505204
SSP3,"Atlantic, Northwest",261,2083,0.6652127489132328,0.6652127489132328,18587844.958864097,18587844.958864097,27942707.03505204
SSP3,"Atlantic, Northwest",261,2084,0.662908437451153,0.662908437451153,18523456.25876169,18523456.25876169,27942707.03505204
SSP3,"Atlantic, Northwest",261,2085,0.6606121081742057,0.6606121081742057,18459290.602519937,18459290.602519937,27942707.03505204
SSP3,"Atlantic, Northwest",261,2086,0.6583237334319275,0.6583237334319275,18395347.217510045,18395347.217510045,27942707.03505204
SSP3,"Atlantic, Northwest",261,2087,0.6560432856696369,0.6560432856696369,18331625.33377962,18331625.33377962,27942707.03505204
SSP3,"Atlantic, Northwest",261,2088,0.6537707374281025,0.6537707374281025,18268124.1840434,18268124.1840434,27942707.03505204
SSP3,"Atlantic, Northwest",261,2089,0.6515060613432123,0.6515060613432123,18204843.003674023,18204843.003674023,27942707.03505204
SSP3,"Atlantic, Northwest",261,2090,0.649249230145644,0.649249230145644,18141781.030692805,18141781.030692805,27942707.03505204
SSP3,"Atlantic, Northwest",261,2091,0.6470002166605368,0.6470002166605368,18078937.505760573,18078937.505760573,27942707.03505204
SSP3,"Atlantic, Northwest",261,2092,0.6447589938071644,0.6447589938071644,18016311.672168527,18016311.672168527,27942707.03505204
SSP3,"Atlantic, Northwest",261,2093,0.6425255345986087,0.6425255345986087,17953902.775829118,17953902.775829118,27942707.03505204
SSP3,"Atlantic, Northwest",261,2094,0.6402998121414349,0.6402998121414349,17891710.065266974,17891710.065266974,27942707.03505204
SSP3,"Atlantic, Northwest",261,2095,0.6380817996353675,0.6380817996353675,17829732.79160985,17829732.79160985,27942707.03505204
SSP3,"Atlantic, Northwest",261,2096,0.6358714703729678,0.6358714703729678,17767970.20857961,17767970.20857961,27942707.03505204
SSP3,"Atlantic, Northwest",261,2097,0.6336687977393123,0.6336687977393123,17706421.57248325,17706421.57248325,27942707.03505204
SSP3,"Atlantic, Northwest",261,2098,0.631473755211672,0.631473755211672,17645086.142203916,17645086.142203916,27942707.03505204
SSP3,"Atlantic, Northwest",261,2099,0.6292863163591934,0.6292863163591934,17583963.179192018,17583963.179192018,27942707.03505204
SSP3,"Atlantic, Northwest",261,2100,0.6271064548425803,0.6271064548425803,17523051.94745631,17523051.94745631,27942707.03505204
SSP4,"Atlantic, Northwest",261,2005,0.8719827789756647,0.8719827789756647,24365559.332527533,24365559.332527533,27942707.03505204
SSP4,"Atlantic, Northwest",261,2006,0.8689622116224195,0.8689622116224195,24281156.50389616,24281156.50389616,27942707.03505204
SSP4,"Atlantic, Northwest",261,2007,0.8659521075803261,0.8659521075803261,24197046.04850292,24197046.04850292,27942707.03505204
SSP4,"Atlantic, Northwest",261,2008,0.8629524306042468,0.8629524306042468,24113226.953560542,24113226.953560542,27942707.03505204
SSP4,"Atlantic, Northwest",261,2009,0.8599631445745974,0.8599631445745974,24029698.209790077,24029698.209790077,27942707.03505204
SSP4,"Atlantic, Northwest",261,2010,0.8569842134969131,0.8569842134969131,23946458.811408732,23946458.811408732,27942707.03505204
SSP4,"Atlantic, Northwest",261,2011,0.8540156015014146,0.8540156015014146,23863507.756117776,23863507.756117776,27942707.03505204
SSP4,"Atlantic, Northwest",261,2012,0.8510572728425762,0.8510572728425762,23780844.045090456,23780844.045090456,27942707.03505204
SSP4,"Atlantic, Northwest",261,2013,0.8481091918986956,0.8481091918986956,23698466.68295998,23698466.68295998,27942707.03505204
SSP4,"Atlantic, Northwest",261,2014,0.8451713231714649,0.8451713231714649,23616374.677807532,23616374.677807532,27942707.03505204
SSP4,"Atlantic, Northwest",261,2015,0.8422436312855428,0.8422436312855428,23534567.041150313,23534567.041150313,27942707.03505204
SSP4,"Atlantic, Northwest",261,2016,0.8393260809881294,0.8393260809881294,23453042.78792966,23453042.78792966,27942707.03505204
SSP4,"Atlantic, Northwest",261,2017,0.836418637148541,0.836418637148541,23371800.936499175,23371800.936499175,27942707.03505204
SSP4,"Atlantic, Northwest",261,2018,0.8335212647577873,0.8335212647577873,23290840.508612897,23290840.508612897,27942707.03505204
SSP4,"Atlantic, Northwest",261,2019,0.8306339289281501,0.8306339289281501,23210160.529413536,23210160.529413536,27942707.03505204
SSP4,"Atlantic, Northwest",261,2020,0.827756594892763,0.827756594892763,23129760.02742073,23129760.02742073,27942707.03505204
SSP4,"Atlantic, Northwest",261,2021,0.8248892280051925,0.8248892280051925,23049638.034519337,23049638.034519337,27942707.03505204
SSP4,"Atlantic, Northwest",261,2022,0.8220317937390215,0.8220317937390215,22969793.5859478,22969793.5859478,27942707.03505204
SSP4,"Atlantic, Northwest",261,2023,0.8191842576874329,0.8191842576874329,22890225.72028651,22890225.72028651,27942707.03505204
SSP4,"Atlantic, Northwest",261,2024,0.8163465855627955,0.8163465855627955,22810933.479446236,22810933.479446236,27942707.03505204
SSP4,"Atlantic, Northwest",261,2025,0.8135187431962515,0.8135187431962515,22731915.90865659,22731915.90865659,27942707.03505204
SSP4,"Atlantic, Northwest",261,2026,0.8107006965373046,0.8107006965373046,22653172.056454528,22653172.056454528,27942707.03505204
SSP4,"Atlantic, Northwest",261,2027,0.8078924116534101,0.8078924116534101,22574700.9746729,22574700.9746729,27942707.03505204
SSP4,"Atlantic, Northwest",261,2028,0.8050938547295664,0.8050938547295664,22496501.718429018,22496501.718429018,27942707.03505204
SSP4,"Atlantic, Northwest",261,2029,0.8023049920679078,0.8023049920679078,22418573.346113298,22418573.346113298,27942707.03505204
SSP4,"Atlantic, Northwest",261,2030,0.799525790087299,0.799525790087299,22340914.919377908,22340914.919377908,27942707.03505204
SSP4,"Atlantic, Northwest",261,2031,0.7967562153229301,0.7967562153229301,22263525.503125474,22263525.503125474,27942707.03505204
SSP4,"Atlantic, Northwest",261,2032,0.7939962344259142,0.7939962344259142,22186404.16549782,22186404.16549782,27942707.03505204
SSP4,"Atlantic, Northwest",261,2033,0.7912458141628858,0.7912458141628858,22109549.977864746,22109549.977864746,27942707.03505204
SSP4,"Atlantic, Northwest",261,2034,0.7885049214156001,0.7885049214156001,22032962.014812846,22032962.014812846,27942707.03505204
SSP4,"Atlantic, Northwest",261,2035,0.7857735231805353,0.7857735231805353,21956639.35413437,21956639.35413437,27942707.03505204
SSP4,"Atlantic, Northwest",261,2036,0.7830515865684938,0.7830515865684938,21880581.07681611,21880581.07681611,27942707.03505204
SSP4,"Atlantic, Northwest",261,2037,0.7803390788042073,0.7803390788042073,21804786.26702835,21804786.26702835,27942707.03505204
SSP4,"Atlantic, Northwest",261,2038,0.7776359672259415,0.7776359672259415,21729254.012113813,21729254.012113813,27942707.03505204
SSP4,"Atlantic, Northwest",261,2039,0.7749422192851034,0.7749422192851034,21653983.4025767,21653983.4025767,27942707.03505204
SSP4,"Atlantic, Northwest",261,2040,0.772257802545849,0.772257802545849,21578973.53207172,21578973.53207172,27942707.03505204
SSP4,"Atlantic, Northwest",261,2041,0.7695826846846922,0.7695826846846922,21504223.497393183,21504223.497393183,27942707.03505204
SSP4,"Atlantic, Northwest",261,2042,0.7669168334901169,0.7669168334901169,21429732.39846412,21429732.39846412,27942707.03505204
SSP4,"Atlantic, Northwest",261,2043,0.7642602168621879,0.7642602168621879,21355499.338325456,21355499.338325456,27942707.03505204
SSP4,"Atlantic, Northwest",261,2044,0.7616128028121651,0.7616128028121651,21281523.42312519,21281523.42312519,27942707.03505204
SSP4,"Atlantic, Northwest",261,2045,0.7589745594621182,0.7589745594621182,21207803.76210765,21207803.76210765,27942707.03505204
SSP4,"Atlantic, Northwest",261,2046,0.7563454550445424,0.7563454550445424,21134339.46760277,21134339.46760277,27942707.03505204
SSP4,"Atlantic, Northwest",261,2047,0.7537254579019765,0.7537254579019765,21061129.65501538,21061129.65501538,27942707.03505204
SSP4,"Atlantic, Northwest",261,2048,0.7511145364866214,0.7511145364866214,20988173.442814566,20988173.442814566,27942707.03505204
SSP4,"Atlantic, Northwest",261,2049,0.74851265935996,0.74851265935996,20915469.952523064,20915469.952523064,27942707.03505204
SSP4,"Atlantic, Northwest",261,2050,0.7459197951923793,0.7459197951923793,20843018.30870667,20843018.30870667,27942707.03505204
SSP4,"Atlantic, Northwest",261,2051,0.7433359127627925,0.7433359127627925,20770817.63896371,20770817.63896371,27942707.03505204
SSP4,"Atlantic, Northwest",261,2052,0.7407609809582636,0.7407609809582636,20698867.07391452,20698867.07391452,27942707.03505204
SSP4,"Atlantic, Northwest",261,2053,0.738194968773632,0.738194968773632,20627165.747190986,20627165.747190986,27942707.03505204
SSP4,"Atlantic, Northwest",261,2054,0.7356378453111402,0.7356378453111402,20555712.79542612,20555712.79542612,27942707.03505204
SSP4,"Atlantic, Northwest",261,2055,0.7330895797800608,0.7330895797800608,20484507.358243648,20484507.358243648,27942707.03505204
SSP4,"Atlantic, Northwest",261,2056,0.7305501414963265,0.7305501414963265,20413548.578247663,20413548.578247663,27942707.03505204
SSP4,"Atlantic, Northwest",261,2057,0.7280194998821597,0.7280194998821597,20342835.601012293,20342835.601012293,27942707.03505204
SSP4,"Atlantic, Northwest",261,2058,0.7254976244657059,0.7254976244657059,20272367.57507142,20272367.57507142,27942707.03505204
SSP4,"Atlantic, Northwest",261,2059,0.7229844848806646,0.7229844848806646,20202143.65190842,20202143.65190842,27942707.03505204
SSP4,"Atlantic, Northwest",261,2060,0.7204800508659255,0.7204800508659255,20132162.985945947,20132162.985945947,27942707.03505204
SSP4,"Atlantic, Northwest",261,2061,0.7179842922652033,0.7179842922652033,20062424.734535757,20062424.734535757,27942707.03505204
SSP4,"Atlantic, Northwest",261,2062,0.715497179026675,0.715497179026675,19992928.05794856,19992928.05794856,27942707.03505204
SSP4,"Atlantic, Northwest",261,2063,0.7130186812026172,0.7130186812026172,19923672.1193639,19923672.1193639,27942707.03505204
SSP4,"Atlantic, Northwest",261,2064,0.7105487689490466,0.7105487689490466,19854656.08486009,19854656.08486009,27942707.03505204
SSP4,"Atlantic, Northwest",261,2065,0.7080874125253597,0.7080874125253597,19785879.123404164,19785879.123404164,27942707.03505204
SSP4,"Atlantic, Northwest",261,2066,0.7056345822939755,0.7056345822939755,19717340.406841874,19717340.406841874,27942707.03505204
SSP4,"Atlantic, Northwest",261,2067,0.7031902487199777,0.7031902487199777,19649039.109887715,19649039.109887715,27942707.03505204
SSP4,"Atlantic, Northwest",261,2068,0.7007543823707603,0.7007543823707603,19580974.41011499,19580974.41011499,27942707.03505204
SSP4,"Atlantic, Northwest",261,2069,0.6983269539156718,0.6983269539156718,19513145.487945903,19513145.487945903,27942707.03505204
SSP4,"Atlantic, Northwest",261,2070,0.6959079341256632,0.6959079341256632,19445551.5266417,19445551.5266417,27942707.03505204
SSP4,"Atlantic, Northwest",261,2071,0.6934972938729353,0.6934972938729353,19378191.71229282,19378191.71229282,27942707.03505204
SSP4,"Atlantic, Northwest",261,2072,0.6910950041305882,0.6910950041305882,19311065.233809106,19311065.233809106,27942707.03505204
SSP4,"Atlantic, Northwest",261,2073,0.6887010359722722,0.6887010359722722,19244171.282910038,19244171.282910038,27942707.03505204
SSP4,"Atlantic, Northwest",261,2074,0.6863153605718385,0.6863153605718385,19177509.05411499,19177509.05411499,27942707.03505204
SSP4,"Atlantic, Northwest",261,2075,0.6839379492029933,0.6839379492029933,19111077.744733546,19111077.744733546,27942707.03505204
SSP4,"Atlantic, Northwest",261,2076,0.681568773238951,0.681568773238951,19044876.554855824,19044876.554855824,27942707.03505204
SSP4,"Atlantic, Northwest",261,2077,0.6792078041520897,0.6792078041520897,18978904.687342845,18978904.687342845,27942707.03505204
SSP4,"Atlantic, Northwest",261,2078,0.6768550135136081,0.6768550135136081,18913161.34781694,18913161.34781694,27942707.03505204
SSP4,"Atlantic, Northwest",261,2079,0.6745103729931826,0.6745103729931826,18847645.744652178,18847645.744652178,27942707.03505204
SSP4,"Atlantic, Northwest",261,2080,0.6721738543586266,0.6721738543586266,18782357.088964842,18782357.088964842,27942707.03505204
SSP4,"Atlantic, Northwest",261,2081,0.6698454294755507,0.6698454294755507,18717294.594603926,18717294.594603926,27942707.03505204
SSP4,"Atlantic, Northwest",261,2082,0.6675250703070231,0.6675250703070231,18652457.47814166,18652457.47814166,27942707.03505204
SSP4,"Atlantic, Northwest",261,2083,0.6652127489132328,0.6652127489132328,18587844.958864097,18587844.958864097,27942707.03505204
SSP4,"Atlantic, Northwest",261,2084,0.662908437451153,0.662908437451153,18523456.25876169,18523456.25876169,27942707.03505204
SSP4,"Atlantic, Northwest",261,2085,0.6606121081742057,0.6606121081742057,18459290.602519937,18459290.602519937,27942707.03505204
SSP4,"Atlantic, Northwest",261,2086,0.6583237334319275,0.6583237334319275,18395347.217510045,18395347.217510045,27942707.03505204
SSP4,"Atlantic, Northwest",261,2087,0.6560432856696369,0.6560432856696369,18331625.33377962,18331625.33377962,27942707.03505204
SSP4,"Atlantic, Northwest",261,2088,0.6537707374281025,0.6537707374281025,18268124.1840434,18268124.1840434,27942707.03505204
SSP4,"Atlantic, Northwest",261,2089,0.6515060613432123,0.6515060613432123,18204843.003674023,18204843.003674023,27942707.03505204
SSP4,"Atlantic, Northwest",261,2090,0.649249230145644,0.649249230145644,18141781.030692805,18141781.030692805,27942707.03505204
SSP4,"Atlantic, Northwest",261,2091,0.6470002166605368,0.6470002166605368,18078937.505760573,18078937.505760573,27942707.03505204
SSP4,"Atlantic, Northwest",261,2092,0.6447589938071644,0.6447589938071644,18016311.672168527,18016311.672168527,27942707.03505204
SSP4,"Atlantic, Northwest",261,2093,0.6425255345986087,0.6425255345986087,17953902.775829118,17953902.775829118,27942707.03505204
SSP4,"Atlantic, Northwest",261,2094,0.6402998121414349,0.6402998121414349,17891710.065266974,17891710.065266974,27942707.03505204
SSP4,"Atlantic, Northwest",261,2095,0.6380817996353675,0.6380817996353675,17829732.79160985,17829732.79160985,27942707.03505204
SSP4,"Atlantic, Northwest",261,2096,0.6358714703729678,0.6358714703729678,17767970.20857961,17767970.20857961,27942707.03505204
SSP4,"Atlantic, Northwest",261,2097,0.6336687977393123,0.6336687977393123,17706421.57248325,17706421.57248325,27942707.03505204
SSP4,"Atlantic, Northwest",261,2098,0.631473755211672,0.631473755211672,17645086.142203916,17645086.142203916,27942707.03505204
SSP4,"Atlantic, Northwest",261,2099,0.6292863163591934,0.6292863163591934,17583963.179192018,17583963.179192018,27942707.03505204
SSP4,"Atlantic, Northwest",261,2100,0.6271064548425803,0.6271064548425803,17523051.94745631,17523051.94745631,27942707.03505204
SSP5,"Atlantic, Northwest",261,2005,0.8719827789756647,0.8719827789756647,24365559.332527533,24365559.332527533,27942707.03505204
SSP5,"Atlantic, Northwest",261,2006,0.8689622116224195,0.8689622116224195,24281156.50389616,24281156.50389616,27942707.03505204
SSP5,"Atlantic, Northwest",261,2007,0.8659521075803261,0.8659521075803261,24197046.04850292,24197046.04850292,27942707.03505204
SSP5,"Atlantic, Northwest",261,2008,0.8629524306042468,0.8629524306042468,24113226.953560542,24113226.953560542,27942707.03505204
SSP5,"Atlantic, Northwest",261,2009,0.8599631445745974,0.8599631445745974,24029698.209790077,24029698.209790077,27942707.03505204
SSP5,"Atlantic, Northwest",261,2010,0.8569842134969131,0.8569842134969131,23946458.811408732,23946458.811408732,27942707.03505204
SSP5,"Atlantic, Northwest",261,2011,0.8540156015014146,0.8540156015014146,23863507.756117776,23863507.756117776,27942707.03505204
SSP5,"Atlantic, Northwest",261,2012,0.8510572728425762,0.8510572728425762,23780844.045090456,23780844.045090456,27942707.03505204
SSP5,"Atlantic, Northwest",261,2013,0.8481091918986956,0.8481091918986956,23698466.68295998,23698466.68295998,27942707.03505204
SSP5,"Atlantic, Northwest",261,2014,0.8451713231714649,0.8451713231714649,23616374.677807532,23616374.677807532,27942707.03505204
SSP5,"Atlantic, Northwest",261,2015,0.8422436312855428,0.8422436312855428,23534567.041150313,23534567.041150313,27942707.03505204
SSP5,"Atlantic, Northwest",261,2016,0.8393260809881294,0.8393260809881294,23453042.78792966,23453042.78792966,27942707.03505204
SSP5,"Atlantic, Northwest",261,2017,0.836418637148541,0.836418637148541,23371800.936499175,23371800.936499175,27942707.03505204
SSP5,"Atlantic, Northwest",261,2018,0.8335212647577873,0.8335212647577873,23290840.508612897,23290840.508612897,27942707.03505204
SSP5,"Atlantic, Northwest",261,2019,0.8306339289281501,0.8306339289281501,23210160.529413536,23210160.529413536,27942707.03505204
SSP5,"Atlantic, Northwest",261,2020,0.827756594892763,0.827756594892763,23129760.02742073,23129760.02742073,27942707.03505204
SSP5,"Atlantic, Northwest",261,2021,0.8248892280051925,0.8248892280051925,23049638.034519337,23049638.034519337,27942707.03505204
SSP5,"Atlantic, Northwest",261,2022,0.8220317937390215,0.8220317937390215,22969793.5859478,22969793.5859478,27942707.03505204
SSP5,"Atlantic, Northwest",261,2023,0.8191842576874329,0.8191842576874329,22890225.72028651,22890225.72028651,27942707.03505204
SSP5,"Atlantic, Northwest",261,2024,0.8163465855627955,0.8163465855627955,22810933.479446236,22810933.479446236,27942707.03505204
SSP5,"Atlantic, Northwest",261,2025,0.8135187431962515,0.8135187431962515,22731915.90865659,22731915.90865659,27942707.03505204
SSP5,"Atlantic, Northwest",261,2026,0.8107006965373046,0.8107006965373046,22653172.056454528,22653172.056454528,27942707.03505204
SSP5,"Atlantic, Northwest",261,2027,0.8078924116534101,0.8078924116534101,22574700.9746729,22574700.9746729,27942707.03505204
SSP5,"Atlantic, Northwest",261,2028,0.8050938547295664,0.8050938547295664,22496501.718429018,22496501.718429018,27942707.03505204
SSP5,"Atlantic, Northwest",261,2029,0.8023049920679078,0.8023049920679078,22418573.346113298,22418573.346113298,27942707.03505204
SSP5,"Atlantic, Northwest",261,2030,0.799525790087299,0.799525790087299,22340914.919377908,22340914.919377908,27942707.03505204
SSP5,"Atlantic, Northwest",261,2031,0.7967562153229301,0.7967562153229301,22263525.503125474,22263525.503125474,27942707.03505204
SSP5,"Atlantic, Northwest",261,2032,0.7939962344259142,0.7939962344259142,22186404.16549782,22186404.16549782,27942707.03505204
SSP5,"Atlantic, Northwest",261,2033,0.7912458141628858,0.7912458141628858,22109549.977864746,22109549.977864746,27942707.03505204
SSP5,"Atlantic, Northwest",261,2034,0.7885049214156001,0.7885049214156001,22032962.014812846,22032962.014812846,27942707.03505204
SSP5,"Atlantic, Northwest",261,2035,0.7857735231805353,0.7857735231805353,21956639.35413437,21956639.35413437,27942707.03505204
SSP5,"Atlantic, Northwest",261,2036,0.7830515865684938,0.7830515865684938,21880581.07681611,21880581.07681611,27942707.03505204
SSP5,"Atlantic, Northwest",261,2037,0.7803390788042073,0.7803390788042073,21804786.26702835,21804786.26702835,27942707.03505204
SSP5,"Atlantic, Northwest",261,2038,0.7776359672259415,0.7776359672259415,21729254.012113813,21729254.012113813,27942707.03505204
SSP5,"Atlantic, Northwest",261,2039,0.7749422192851034,0.7749422192851034,21653983.4025767,21653983.4025767,27942707.03505204
SSP5,"Atlantic, Northwest",261,2040,0.772257802545849,0.772257802545849,21578973.53207172,21578973.53207172,27942707.03505204
SSP5,"Atlantic, Northwest",261,2041,0.7695826846846922,0.7695826846846922,21504223.497393183,21504223.497393183,27942707.03505204
SSP5,"Atlantic, Northwest",261,2042,0.7669168334901169,0.7669168334901169,21429732.39846412,21429732.39846412,27942707.03505204
SSP5,"Atlantic, Northwest",261,2043,0.7642602168621879,0.7642602168621879,21355499.338325456,21355499.338325456,27942707.03505204
SSP5,"Atlantic, Northwest",261,2044,0.7616128028121651,0.7616128028121651,21281523.42312519,21281523.42312519,27942707.03505204
SSP5,"Atlantic, Northwest",261,2045,0.7589745594621182,0.7589745594621182,21207803.76210765,21207803.76210765,27942707.03505204
SSP5,"Atlantic, Northwest",261,2046,0.7563454550445424,0.7563454550445424,21134339.46760277,21134339.46760277,27942707.03505204
SSP5,"Atlantic, Northwest",261,2047,0.7537254579019765,0.7537254579019765,21061129.65501538,21061129.65501538,27942707.03505204
SSP5,"Atlantic, Northwest",261,2048,0.7511145364866214,0.7511145364866214,20988173.442814566,20988173.442814566,27942707.03505204
SSP5,"Atlantic, Northwest",261,2049,0.74851265935996,0.74851265935996,20915469.952523064,20915469.952523064,27942707.03505204
SSP5,"Atlantic, Northwest",261,2050,0.7459197951923793,0.7459197951923793,20843018.30870667,20843018.30870667,27942707.03505204
SSP5,"Atlantic, Northwest",261,2051,0.7433359127627925,0.7433359127627925,20770817.63896371,20770817.63896371,27942707.03505204
SSP5,"Atlantic, Northwest",261,2052,0.7407609809582636,0.7407609809582636,20698867.07391452,20698867.07391452,27942707.03505204
SSP5,"Atlantic, Northwest",261,2053,0.738194968773632,0.738194968773632,20627165.747190986,20627165.747190986,27942707.03505204
SSP5,"Atlantic, Northwest",261,2054,0.7356378453111402,0.7356378453111402,20555712.79542612,20555712.79542612,27942707.03505204
SSP5,"Atlantic, Northwest",261,2055,0.7330895797800608,0.7330895797800608,20484507.358243648,20484507.358243648,27942707.03505204
SSP5,"Atlantic, Northwest",261,2056,0.7305501414963265,0.7305501414963265,20413548.578247663,20413548.578247663,27942707.03505204
SSP5,"Atlantic, Northwest",261,2057,0.7280194998821597,0.7280194998821597,20342835.601012293,20342835.601012293,27942707.03505204
SSP5,"Atlantic, Northwest",261,2058,0.7254976244657059,0.7254976244657059,20272367.57507142,20272367.57507142,27942707.03505204
SSP5,"Atlantic, Northwest",261,2059,0.7229844848806646,0.7229844848806646,20202143.65190842,20202143.65190842,27942707.03505204
SSP5,"Atlantic, Northwest",261,2060,0.7204800508659255,0.7204800508659255,20132162.985945947,20132162.985945947,27942707.03505204
SSP5,"Atlantic, Northwest",261,2061,0.7179842922652033,0.7179842922652033,20062424.734535757,20062424.734535757,27942707.03505204
SSP5,"Atlantic, Northwest",261,2062,0.715497179026675,0.715497179026675,19992928.05794856,19992928.05794856,27942707.03505204
SSP5,"Atlantic, Northwest",261,2063,0.7130186812026172,0.7130186812026172,19923672.1193639,19923672.1193639,27942707.03505204
SSP5,"Atlantic, Northwest",261,2064,0.7105487689490466,0.7105487689490466,19854656.08486009,19854656.08486009,27942707.03505204
SSP5,"Atlantic, Northwest",261,2065,0.7080874125253597,0.7080874125253597,19785879.123404164,19785879.123404164,27942707.03505204
SSP5,"Atlantic, Northwest",261,2066,0.7056345822939755,0.7056345822939755,19717340.406841874,19717340.406841874,27942707.03505204
SSP5,"Atlantic, Northwest",261,2067,0.7031902487199777,0.7031902487199777,19649039.109887715,19649039.109887715,27942707.03505204
SSP5,"Atlantic, Northwest",261,2068,0.7007543823707603,0.7007543823707603,19580974.41011499,19580974.41011499,27942707.03505204
SSP5,"Atlantic, Northwest",261,2069,0.6983269539156718,0.6983269539156718,19513145.487945903,19513145.487945903,27942707.03505204
SSP5,"Atlantic, Northwest",261,2070,0.6959079341256632,0.6959079341256632,19445551.5266417,19445551.5266417,27942707.03505204
SSP5,"Atlantic, Northwest",261,2071,0.6934972938729353,0.6934972938729353,19378191.71229282,19378191.71229282,27942707.03505204
SSP5,"Atlantic, Northwest",261,2072,0.6910950041305882,0.6910950041305882,19311065.233809106,19311065.233809106,27942707.03505204
SSP5,"Atlantic, Northwest",261,2073,0.6887010359722722,0.6887010359722722,19244171.282910038,19244171.282910038,27942707.03505204
SSP5,"Atlantic, Northwest",261,2074,0.6863153605718385,0.6863153605718385,19177509.05411499,19177509.05411499,27942707.03505204
SSP5,"Atlantic, Northwest",261,2075,0.6839379492029933,0.6839379492029933,19111077.744733546,19111077.744733546,27942707.03505204
SSP5,"Atlantic, Northwest",261,2076,0.681568773238951,0.681568773238951,19044876.554855824,19044876.554855824,27942707.03505204
SSP5,"Atlantic, Northwest",261,2077,0.6792078041520897,0.6792078041520897,18978904.687342845,18978904.687342845,27942707.03505204
SSP5,"Atlantic, Northwest",261,2078,0.6768550135136081,0.6768550135136081,18913161.34781694,18913161.34781694,27942707.03505204
SSP5,"Atlantic, Northwest",261,2079,0.6745103729931826,0.6745103729931826,18847645.744652178,18847645.744652178,27942707.03505204
SSP5,"Atlantic, Northwest",261,2080,0.6721738543586266,0.6721738543586266,18782357.088964842,18782357.088964842,27942707.03505204
SSP5,"Atlantic, Northwest",261,2081,0.6698454294755507,0.6698454294755507,18717294.594603926,18717294.594603926,27942707.03505204
SSP5,"Atlantic, Northwest",261,2082,0.6675250703070231,0.6675250703070231,18652457.47814166,18652457.47814166,27942707.03505204
SSP5,"Atlantic, Northwest",261,2083,0.6652127489132328,0.6652127489132328,18587844.958864097,18587844.958864097,27942707.03505204
SSP5,"Atlantic, Northwest",261,2084,0.662908437451153,0.662908437451153,18523456.25876169,18523456.25876169,27942707.03505204
SSP5,"Atlantic, Northwest",261,2085,0.6606121081742057,0.6606121081742057,18459290.602519937,18459290.602519937,27942707.03505204
SSP5,"Atlantic, Northwest",261,2086,0.6583237334319275,0.6583237334319275,18395347.217510045,18395347.217510045,27942707.03505204
SSP5,"Atlantic, Northwest",261,2087,0.6560432856696369,0.6560432856696369,18331625.33377962,18331625.33377962,27942707.03505204
SSP5,"Atlantic, Northwest",261,2088,0.6537707374281025,0.6537707374281025,18268124.1840434,18268124.1840434,27942707.03505204
SSP5,"Atlantic, Northwest",261,2089,0.6515060613432123,0.6515060613432123,18204843.003674023,18204843.003674023,27942707.03505204
SSP5,"Atlantic, Northwest",261,2090,0.649249230145644,0.649249230145644,18141781.030692805,18141781.030692805,27942707.03505204
SSP5,"Atlantic, Northwest",261,2091,0.6470002166605368,0.6470002166605368,18078937.505760573,18078937.505760573,27942707.03505204
SSP5,"Atlantic, Northwest",261,2092,0.6447589938071644,0.6447589938071644,18016311.672168527,18016311.672168527,27942707.03505204
SSP5,"Atlantic, Northwest",261,2093,0.6425255345986087,0.6425255345986087,17953902.775829118,17953902.775829118,27942707.03505204
SSP5,"Atlantic, Northwest",261,2094,0.6402998121414349,0.6402998121414349,17891710.065266974,17891710.065266974,27942707.03505204
SSP5,"Atlantic, Northwest",261,2095,0.6380817996353675,0.6380817996353675,17829732.79160985,17829732.79160985,27942707.03505204
SSP5,"Atlantic, Northwest",261,2096,0.6358714703729678,0.6358714703729678,17767970.20857961,17767970.20857961,27942707.03505204
SSP5,"Atlantic, Northwest",261,2097,0.6336687977393123,0.6336687977393123,17706421.57248325,17706421.57248325,27942707.03505204
SSP5,"Atlantic, Northwest",261,2098,0.631473755211672,0.631473755211672,17645086.142203916,17645086.142203916,27942707.03505204
SSP5,"Atlantic, Northwest",261,2099,0.6292863163591934,0.6292863163591934,17583963.179192018,17583963.179192018,27942707.03505204
SSP5,"Atlantic, Northwest",261,2100,0.6271064548425803,0.6271064548425803,17523051.94745631,17523051.94745631,27942707.03505204
SSP1,"Atlantic, Northeast",262,2005,0.9417991053048357,0.9417991053048357,31789817.731828805,31789817.731828805,33754351.169763826
SSP1,"Atlantic, Northeast",262,2006,0.9385366926753785,0.9385366926753785,31679697.110273436,31679697.110273436,33754351.169763826
SSP1,"Atlantic, Northeast",262,2007,0.9352855811143816,0.9352855811143816,31569957.948951468,31569957.948951468,33754351.169763826
SSP1,"Atlantic, Northeast",262,2008,0.9320457314746975,0.9320457314746975,31460598.926476337,31460598.926476337,33754351.169763826
SSP1,"Atlantic, Northeast",262,2009,0.9288171047447852,0.9288171047447852,31351618.72603879,31351618.72603879,33754351.169763826
SSP1,"Atlantic, Northeast",262,2010,0.9255996620482407,0.9255996620482407,31243016.035391036,31243016.035391036,33754351.169763826
SSP1,"Atlantic, Northeast",262,2011,0.9223933646433286,0.9223933646433286,31134789.54683093,31134789.54683093,33754351.169763826
SSP1,"Atlantic, Northeast",262,2012,0.9191981739225157,0.9191981739225157,31026937.95718624,31026937.95718624,33754351.169763826
SSP1,"Atlantic, Northeast",262,2013,0.9160140514120063,0.9160140514120063,30919459.967798956,30919459.967798956,33754351.169763826
SSP1,"Atlantic, Northeast",262,2014,0.9128409587712786,0.9128409587712786,30812354.28450964,30812354.28450964,33754351.169763826
SSP1,"Atlantic, Northeast",262,2015,0.9096788577926231,0.9096788577926231,30705619.61764185,30705619.61764185,33754351.169763826
SSP1,"Atlantic, Northeast",262,2016,0.9065277104006831,0.9065277104006831,30599254.681986623,30599254.681986623,33754351.169763826
SSP1,"Atlantic, Northeast",262,2017,0.9033874786519953,0.9033874786519953,30493258.19678697,30493258.19678697,33754351.169763826
SSP1,"Atlantic, Northeast",262,2018,0.9002581247345335,0.9002581247345335,30387628.88572249,30387628.88572249,33754351.169763826
SSP1,"Atlantic, Northeast",262,2019,0.8971396109672533,0.8971396109672533,30282365.47689397,30282365.47689397,33754351.169763826
SSP1,"Atlantic, Northeast",262,2020,0.894031899799638,0.894031899799638,30177466.70280809,30177466.70280809,33754351.169763826
SSP1,"Atlantic, Northeast",262,2021,0.8909349538112473,0.8909349538112473,30072931.300362155,30072931.300362155,33754351.169763826
SSP1,"Atlantic, Northeast",262,2022,0.8878487357112653,0.8878487357112653,29968758.010828882,29968758.010828882,33754351.169763826
SSP1,"Atlantic, Northeast",262,2023,0.8847732083380528,0.8847732083380528,29864945.57984125,29864945.57984125,33754351.169763826
SSP1,"Atlantic, Northeast",262,2024,0.8817083346586995,0.8817083346586995,29761492.757377386,29761492.757377386,33754351.169763826
SSP1,"Atlantic, Northeast",262,2025,0.8786540777685773,0.8786540777685773,29658398.297745533,29658398.297745533,33754351.169763826
SSP1,"Atlantic, Northeast",262,2026,0.8756104008908971,0.8756104008908971,29555660.959569026,29555660.959569026,33754351.169763826
SSP1,"Atlantic, Northeast",262,2027,0.8725772673762652,0.8725772673762652,29453279.505771358,29453279.505771358,33754351.169763826
SSP1,"Atlantic, Northeast",262,2028,0.869554640702242,0.869554640702242,29351252.703561284,29351252.703561284,33754351.169763826
SSP1,"Atlantic, Northeast",262,2029,0.8665424844729027,0.8665424844729027,29249579.324417975,29249579.324417975,33754351.169763826
SSP1,"Atlantic, Northeast",262,2030,0.8635407624183987,0.8635407624183987,29148258.144076224,29148258.144076224,33754351.169763826
SSP1,"Atlantic, Northeast",262,2031,0.8605494383945211,0.8605494383945211,29047287.942511708,29047287.942511708,33754351.169763826
SSP1,"Atlantic, Northeast",262,2032,0.857568476382265,0.857568476382265,28946667.50392629,28946667.50392629,33754351.169763826
SSP1,"Atlantic, Northeast",262,2033,0.8545978404873963,0.8545978404873963,28846395.616733383,28846395.616733383,33754351.169763826
SSP1,"Atlantic, Northeast",262,2034,0.8516374949400192,0.8516374949400192,28746471.07354337,28746471.07354337,33754351.169763826
SSP1,"Atlantic, Northeast",262,2035,0.8486874040941458,0.8486874040941458,28646892.671149053,28646892.671149053,33754351.169763826
SSP1,"Atlantic, Northeast",262,2036,0.8457475324272664,0.8457475324272664,28547659.21051117,28547659.21051117,33754351.169763826
SSP1,"Atlantic, Northeast",262,2037,0.8428178445399225,0.8428178445399225,28448769.49674396,28448769.49674396,33754351.169763826
SSP1,"Atlantic, Northeast",262,2038,0.8398983051552796,0.8398983051552796,28350222.339100767,28350222.339100767,33754351.169763826
SSP1,"Atlantic, Northeast",262,2039,0.8369888791187032,0.8369888791187032,28252016.550959714,28252016.550959714,33754351.169763826
SSP1,"Atlantic, Northeast",262,2040,0.8340895313973352,0.8340895313973352,28154150.949809402,28154150.949809402,33754351.169763826
SSP1,"Atlantic, Northeast",262,2041,0.831200227079672,0.831200227079672,28056624.357234683,28056624.357234683,33754351.169763826
SSP1,"Atlantic, Northeast",262,2042,0.8283209313751441,0.8283209313751441,27959435.598902456,27959435.598902456,33754351.169763826
SSP1,"Atlantic, Northeast",262,2043,0.8254516096136977,0.8254516096136977,27862583.504547548,27862583.504547548,33754351.169763826
SSP1,"Atlantic, Northeast",262,2044,0.8225922272453763,0.8225922272453763,27766066.907958597,27766066.907958597,33754351.169763826
SSP1,"Atlantic, Northeast",262,2045,0.8197427498399056,0.8197427498399056,27669884.646964032,27669884.646964032,33754351.169763826
SSP1,"Atlantic, Northeast",262,2046,0.8169031430862784,0.8169031430862784,27574035.563418068,27574035.563418068,33754351.169763826
SSP1,"Atlantic, Northeast",262,2047,0.8140733727923416,0.8140733727923416,27478518.50318676,27478518.50318676,33754351.169763826
SSP1,"Atlantic, Northeast",262,2048,0.8112534048843844,0.8112534048843844,27383332.316134106,27383332.316134106,33754351.169763826
SSP1,"Atlantic, Northeast",262,2049,0.8084432054067279,0.8084432054067279,27288475.856108204,27288475.856108204,33754351.169763826
SSP1,"Atlantic, Northeast",262,2050,0.8056427405213169,0.8056427405213169,27193947.98092745,27193947.98092745,33754351.169763826
SSP1,"Atlantic, Northeast",262,2051,0.8028519765073115,0.8028519765073115,27099747.55236677,27099747.55236677,33754351.169763826
SSP1,"Atlantic, Northeast",262,2052,0.8000708797606818,0.8000708797606818,27005873.436143942,27005873.436143942,33754351.169763826
SSP1,"Atlantic, Northeast",262,2053,0.7972994167938028,0.7972994167938028,26912324.501905914,26912324.501905914,33754351.169763826
SSP1,"Atlantic, Northeast",262,2054,0.7945375542350515,0.7945375542350515,26819099.6232152,26819099.6232152,33754351.169763826
SSP1,"Atlantic, Northeast",262,2055,0.7917852588284048,0.7917852588284048,26726197.67753632,26726197.67753632,33754351.169763826
SSP1,"Atlantic, Northeast",262,2056,0.7890424974330394,0.7890424974330394,26633617.546222284,26633617.546222284,33754351.169763826
SSP1,"Atlantic, Northeast",262,2057,0.7863092370229323,0.7863092370229323,26541358.11450112,26541358.11450112,33754351.169763826
SSP1,"Atlantic, Northeast",262,2058,0.7835854446864636,0.7835854446864636,26449418.27146244,26449418.27146244,33754351.169763826
SSP1,"Atlantic, Northeast",262,2059,0.7808710876260196,0.7808710876260196,26357796.91004409,26357796.91004409,33754351.169763826
SSP1,"Atlantic, Northeast",262,2060,0.7781661331575989,0.7781661331575989,26266492.92701879,26266492.92701879,33754351.169763826
SSP1,"Atlantic, Northeast",262,2061,0.7754705487104173,0.7754705487104173,26175505.22298087,26175505.22298087,33754351.169763826
SSP1,"Atlantic, Northeast",262,2062,0.7727843018265174,0.7727843018265174,26084832.70233303,26084832.70233303,33754351.169763826
SSP1,"Atlantic, Northeast",262,2063,0.7701073601603762,0.7701073601603762,25994474.273273125,25994474.273273125,33754351.169763826
SSP1,"Atlantic, Northeast",262,2064,0.7674396914785165,0.7674396914785165,25904428.847781055,25904428.847781055,33754351.169763826
SSP1,"Atlantic, Northeast",262,2065,0.7647812636591189,0.7647812636591189,25814695.341605637,25814695.341605637,33754351.169763826
SSP1,"Atlantic, Northeast",262,2066,0.7621320446916342,0.7621320446916342,25725272.67425156,25725272.67425156,33754351.169763826
SSP1,"Atlantic, Northeast",262,2067,0.7594920026763987,0.7594920026763987,25636159.76896637,25636159.76896637,33754351.169763826
SSP1,"Atlantic, Northeast",262,2068,0.7568611058242498,0.7568611058242498,25547355.55272751,25547355.55272751,33754351.169763826
SSP1,"Atlantic, Northeast",262,2069,0.7542393224561432,0.7542393224561432,25458858.956229392,25458858.956229392,33754351.169763826
SSP1,"Atlantic, Northeast",262,2070,0.7516266210027716,0.7516266210027716,25370668.913870532,25370668.913870532,33754351.169763826
SSP1,"Atlantic, Northeast",262,2071,0.7490229700041842,0.7490229700041842,25282784.36374071,25282784.36374071,33754351.169763826
SSP1,"Atlantic, Northeast",262,2072,0.7464283381094085,0.7464283381094085,25195204.24760818,25195204.24760818,33754351.169763826
SSP1,"Atlantic, Northeast",262,2073,0.7438426940760723,0.7438426940760723,25107927.510906946,25107927.510906946,33754351.169763826
SSP1,"Atlantic, Northeast",262,2074,0.7412660067700276,0.7412660067700276,25020953.10272404,25020953.10272404,33754351.169763826
SSP1,"Atlantic, Northeast",262,2075,0.738698245164976,0.738698245164976,24934279.97578689,24934279.97578689,33754351.169763826
SSP1,"Atlantic, Northeast",262,2076,0.7361393783420944,0.7361393783420944,24847907.08645069,24847907.08645069,33754351.169763826
SSP1,"Atlantic, Northeast",262,2077,0.7335893754896637,0.7335893754896637,24761833.394685846,24761833.394685846,33754351.169763826
SSP1,"Atlantic, Northeast",262,2078,0.731048205902697,0.731048205902697,24676057.86406545,24676057.86406545,33754351.169763826
SSP1,"Atlantic, Northeast",262,2079,0.7285158389825703,0.7285158389825703,24590579.4617528,24590579.4617528,33754351.169763826
SSP1,"Atlantic, Northeast",262,2080,0.72599224423665365,0.72599224423665365,24505397.158488955,24505397.158488955,33754351.169763826
SSP1,"Atlantic, Northeast",262,2081,0.7234773912779444,0.7234773912779444,24420509.928580362,24420509.928580362,33754351.169763826
SSP1,"Atlantic, Northeast",262,2082,0.7209712498247011,0.7209712498247011,24335916.749886487,24335916.749886487,33754351.169763826
SSP1,"Atlantic, Northeast",262,2083,0.7184737897000789,0.7184737897000789,24251616.60380751,24251616.60380751,33754351.169763826
SSP1,"Atlantic, Northeast",262,2084,0.7159849808317664,0.7159849808317664,24167608.475272067,24167608.475272067,33754351.169763826
SSP1,"Atlantic, Northeast",262,2085,0.7135047932516231,0.7135047932516231,24083891.35272502,24083891.35272502,33754351.169763826
SSP1,"Atlantic, Northeast",262,2086,0.7110331970953188,0.7110331970953188,24000464.228115287,24000464.228115287,33754351.169763826
SSP1,"Atlantic, Northeast",262,2087,0.7085701626019739,0.7085701626019739,23917326.096883684,23917326.096883684,33754351.169763826
SSP1,"Atlantic, Northeast",262,2088,0.7061156601138017,0.7061156601138017,23834475.957950857,23834475.957950857,33754351.169763826
SSP1,"Atlantic, Northeast",262,2089,0.7036696600757499,0.7036696600757499,23751912.813705202,23751912.813705202,33754351.169763826
SSP1,"Atlantic, Northeast",262,2090,0.7012321330351461,0.7012321330351461,23669635.669990867,23669635.669990867,33754351.169763826
SSP1,"Atlantic, Northeast",262,2091,0.6988030496413425,0.6988030496413425,23587643.53609578,23587643.53609578,33754351.169763826
SSP1,"Atlantic, Northeast",262,2092,0.6963823806453625,0.6963823806453625,23505935.42473971,23505935.42473971,33754351.169763826
SSP1,"Atlantic, Northeast",262,2093,0.6939700968995487,0.6939700968995487,23424510.352062397,23424510.352062397,33754351.169763826
SSP1,"Atlantic, Northeast",262,2094,0.6915661693572117,0.6915661693572117,23343367.337611686,23343367.337611686,33754351.169763826
SSP1,"Atlantic, Northeast",262,2095,0.6891705690722805,0.6891705690722805,23262505.404331733,23262505.404331733,33754351.169763826
SSP1,"Atlantic, Northeast",262,2096,0.6867832671989538,0.6867832671989538,23181923.57855123,23181923.57855123,33754351.169763826
SSP1,"Atlantic, Northeast",262,2097,0.68440423499135306,0.68440423499135306,23101620.889971696,23101620.889971696,33754351.169763826
SSP1,"Atlantic, Northeast",262,2098,0.682033443803176,0.682033443803176,23021596.371655785,23021596.371655785,33754351.169763826
SSP1,"Atlantic, Northeast",262,2099,0.6796708650873517,0.6796708650873517,22941849.06001564,22941849.06001564,33754351.169763826
SSP1,"Atlantic, Northeast",262,2100,0.6773164703956968,0.6773164703956968,22862377.994801294,22862377.994801294,33754351.169763826
SSP2,"Atlantic, Northeast",262,2005,0.9417991053048357,0.9417991053048357,31789817.731828805,31789817.731828805,33754351.169763826
SSP2,"Atlantic, Northeast",262,2006,0.9385366926753785,0.9385366926753785,31679697.110273436,31679697.110273436,33754351.169763826
SSP2,"Atlantic, Northeast",262,2007,0.9352855811143816,0.9352855811143816,31569957.948951468,31569957.948951468,33754351.169763826
SSP2,"Atlantic, Northeast",262,2008,0.9320457314746975,0.9320457314746975,31460598.926476337,31460598.926476337,33754351.169763826
SSP2,"Atlantic, Northeast",262,2009,0.9288171047447852,0.9288171047447852,31351618.72603879,31351618.72603879,33754351.169763826
SSP2,"Atlantic, Northeast",262,2010,0.9255996620482407,0.9255996620482407,31243016.035391036,31243016.035391036,33754351.169763826
SSP2,"Atlantic, Northeast",262,2011,0.9223933646433286,0.9223933646433286,31134789.54683093,31134789.54683093,33754351.169763826
SSP2,"Atlantic, Northeast",262,2012,0.9191981739225157,0.9191981739225157,31026937.95718624,31026937.95718624,33754351.169763826
SSP2,"Atlantic, Northeast",262,2013,0.9160140514120063,0.9160140514120063,30919459.967798956,30919459.967798956,33754351.169763826
SSP2,"Atlantic, Northeast",262,2014,0.9128409587712786,0.9128409587712786,30812354.28450964,30812354.28450964,33754351.169763826
SSP2,"Atlantic, Northeast",262,2015,0.9096788577926231,0.9096788577926231,30705619.61764185,30705619.61764185,33754351.169763826
SSP2,"Atlantic, Northeast",262,2016,0.9065277104006831,0.9065277104006831,30599254.681986623,30599254.681986623,33754351.169763826
SSP2,"Atlantic, Northeast",262,2017,0.9033874786519953,0.9033874786519953,30493258.19678697,30493258.19678697,33754351.169763826
SSP2,"Atlantic, Northeast",262,2018,0.9002581247345335,0.9002581247345335,30387628.88572249,30387628.88572249,33754351.169763826
SSP2,"Atlantic, Northeast",262,2019,0.8971396109672533,0.8971396109672533,30282365.47689397,30282365.47689397,33754351.169763826
SSP2,"Atlantic, Northeast",262,2020,0.894031899799638,0.894031899799638,30177466.70280809,30177466.70280809,33754351.169763826
SSP2,"Atlantic, Northeast",262,2021,0.8909349538112473,0.8909349538112473,30072931.300362155,30072931.300362155,33754351.169763826
SSP2,"Atlantic, Northeast",262,2022,0.8878487357112653,0.8878487357112653,29968758.010828882,29968758.010828882,33754351.169763826
SSP2,"Atlantic, Northeast",262,2023,0.8847732083380528,0.8847732083380528,29864945.57984125,29864945.57984125,33754351.169763826
SSP2,"Atlantic, Northeast",262,2024,0.8817083346586995,0.8817083346586995,29761492.757377386,29761492.757377386,33754351.169763826
SSP2,"Atlantic, Northeast",262,2025,0.8786540777685773,0.8786540777685773,29658398.297745533,29658398.297745533,33754351.169763826
SSP2,"Atlantic, Northeast",262,2026,0.8756104008908971,0.8756104008908971,29555660.959569026,29555660.959569026,33754351.169763826
SSP2,"Atlantic, Northeast",262,2027,0.8725772673762652,0.8725772673762652,29453279.505771358,29453279.505771358,33754351.169763826
SSP2,"Atlantic, Northeast",262,2028,0.869554640702242,0.869554640702242,29351252.703561284,29351252.703561284,33754351.169763826
SSP2,"Atlantic, Northeast",262,2029,0.8665424844729027,0.8665424844729027,29249579.324417975,29249579.324417975,33754351.169763826
SSP2,"Atlantic, Northeast",262,2030,0.8635407624183987,0.8635407624183987,29148258.144076224,29148258.144076224,33754351.169763826
SSP2,"Atlantic, Northeast",262,2031,0.8605494383945211,0.8605494383945211,29047287.942511708,29047287.942511708,33754351.169763826
SSP2,"Atlantic, Northeast",262,2032,0.857568476382265,0.857568476382265,28946667.50392629,28946667.50392629,33754351.169763826
SSP2,"Atlantic, Northeast",262,2033,0.8545978404873963,0.8545978404873963,28846395.616733383,28846395.616733383,33754351.169763826
SSP2,"Atlantic, Northeast",262,2034,0.8516374949400192,0.8516374949400192,28746471.07354337,28746471.07354337,33754351.169763826
SSP2,"Atlantic, Northeast",262,2035,0.8486874040941458,0.8486874040941458,28646892.671149053,28646892.671149053,33754351.169763826
SSP2,"Atlantic, Northeast",262,2036,0.8457475324272664,0.8457475324272664,28547659.21051117,28547659.21051117,33754351.169763826
SSP2,"Atlantic, Northeast",262,2037,0.8428178445399225,0.8428178445399225,28448769.49674396,28448769.49674396,33754351.169763826
SSP2,"Atlantic, Northeast",262,2038,0.8398983051552796,0.8398983051552796,28350222.339100767,28350222.339100767,33754351.169763826
SSP2,"Atlantic, Northeast",262,2039,0.8369888791187032,0.8369888791187032,28252016.550959714,28252016.550959714,33754351.169763826
SSP2,"Atlantic, Northeast",262,2040,0.8340895313973352,0.8340895313973352,28154150.949809402,28154150.949809402,33754351.169763826
SSP2,"Atlantic, Northeast",262,2041,0.831200227079672,0.831200227079672,28056624.357234683,28056624.357234683,33754351.169763826
SSP2,"Atlantic, Northeast",262,2042,0.8283209313751441,0.8283209313751441,27959435.598902456,27959435.598902456,33754351.169763826
SSP2,"Atlantic, Northeast",262,2043,0.8254516096136977,0.8254516096136977,27862583.504547548,27862583.504547548,33754351.169763826
SSP2,"Atlantic, Northeast",262,2044,0.8225922272453763,0.8225922272453763,27766066.907958597,27766066.907958597,33754351.169763826
SSP2,"Atlantic, Northeast",262,2045,0.8197427498399056,0.8197427498399056,27669884.646964032,27669884.646964032,33754351.169763826
SSP2,"Atlantic, Northeast",262,2046,0.8169031430862784,0.8169031430862784,27574035.563418068,27574035.563418068,33754351.169763826
SSP2,"Atlantic, Northeast",262,2047,0.8140733727923416,0.8140733727923416,27478518.50318676,27478518.50318676,33754351.169763826
SSP2,"Atlantic, Northeast",262,2048,0.8112534048843844,0.8112534048843844,27383332.316134106,27383332.316134106,33754351.169763826
SSP2,"Atlantic, Northeast",262,2049,0.8084432054067279,0.8084432054067279,27288475.856108204,27288475.856108204,33754351.169763826
SSP2,"Atlantic, Northeast",262,2050,0.8056427405213169,0.8056427405213169,27193947.98092745,27193947.98092745,33754351.169763826
SSP2,"Atlantic, Northeast",262,2051,0.8028519765073115,0.8028519765073115,27099747.55236677,27099747.55236677,33754351.169763826
SSP2,"Atlantic, Northeast",262,2052,0.8000708797606818,0.8000708797606818,27005873.436143942,27005873.436143942,33754351.169763826
SSP2,"Atlantic, Northeast",262,2053,0.7972994167938028,0.7972994167938028,26912324.501905914,26912324.501905914,33754351.169763826
SSP2,"Atlantic, Northeast",262,2054,0.7945375542350515,0.7945375542350515,26819099.6232152,26819099.6232152,33754351.169763826
SSP2,"Atlantic, Northeast",262,2055,0.7917852588284048,0.7917852588284048,26726197.67753632,26726197.67753632,33754351.169763826
SSP2,"Atlantic, Northeast",262,2056,0.7890424974330394,0.7890424974330394,26633617.546222284,26633617.546222284,33754351.169763826
SSP2,"Atlantic, Northeast",262,2057,0.7863092370229323,0.7863092370229323,26541358.11450112,26541358.11450112,33754351.169763826
SSP2,"Atlantic, Northeast",262,2058,0.7835854446864636,0.7835854446864636,26449418.27146244,26449418.27146244,33754351.169763826
SSP2,"Atlantic, Northeast",262,2059,0.7808710876260196,0.7808710876260196,26357796.91004409,26357796.91004409,33754351.169763826
SSP2,"Atlantic, Northeast",262,2060,0.7781661331575989,0.7781661331575989,26266492.92701879,26266492.92701879,33754351.169763826
SSP2,"Atlantic, Northeast",262,2061,0.7754705487104173,0.7754705487104173,26175505.22298087,26175505.22298087,33754351.169763826
SSP2,"Atlantic, Northeast",262,2062,0.7727843018265174,0.7727843018265174,26084832.70233303,26084832.70233303,33754351.169763826
SSP2,"Atlantic, Northeast",262,2063,0.7701073601603762,0.7701073601603762,25994474.273273125,25994474.273273125,33754351.169763826
SSP2,"Atlantic, Northeast",262,2064,0.7674396914785165,0.7674396914785165,25904428.847781055,25904428.847781055,33754351.169763826
SSP2,"Atlantic, Northeast",262,2065,0.7647812636591189,0.7647812636591189,25814695.341605637,25814695.341605637,33754351.169763826
SSP2,"Atlantic, Northeast",262,2066,0.7621320446916342,0.7621320446916342,25725272.67425156,25725272.67425156,33754351.169763826
SSP2,"Atlantic, Northeast",262,2067,0.7594920026763987,0.7594920026763987,25636159.76896637,25636159.76896637,33754351.169763826
SSP2,"Atlantic, Northeast",262,2068,0.7568611058242498,0.7568611058242498,25547355.55272751,25547355.55272751,33754351.169763826
SSP2,"Atlantic, Northeast",262,2069,0.7542393224561432,0.7542393224561432,25458858.956229392,25458858.956229392,33754351.169763826
SSP2,"Atlantic, Northeast",262,2070,0.7516266210027716,0.7516266210027716,25370668.913870532,25370668.913870532,33754351.169763826
SSP2,"Atlantic, Northeast",262,2071,0.7490229700041842,0.7490229700041842,25282784.36374071,25282784.36374071,33754351.169763826
SSP2,"Atlantic, Northeast",262,2072,0.7464283381094085,0.7464283381094085,25195204.24760818,25195204.24760818,33754351.169763826
SSP2,"Atlantic, Northeast",262,2073,0.7438426940760723,0.7438426940760723,25107927.510906946,25107927.510906946,33754351.169763826
SSP2,"Atlantic, Northeast",262,2074,0.7412660067700276,0.7412660067700276,25020953.10272404,25020953.10272404,33754351.169763826
SSP2,"Atlantic, Northeast",262,2075,0.738698245164976,0.738698245164976,24934279.97578689,24934279.97578689,33754351.169763826
SSP2,"Atlantic, Northeast",262,2076,0.7361393783420944,0.7361393783420944,24847907.08645069,24847907.08645069,33754351.169763826
SSP2,"Atlantic, Northeast",262,2077,0.7335893754896637,0.7335893754896637,24761833.394685846,24761833.394685846,33754351.169763826
SSP2,"Atlantic, Northeast",262,2078,0.731048205902697,0.731048205902697,24676057.86406545,24676057.86406545,33754351.169763826
SSP2,"Atlantic, Northeast",262,2079,0.7285158389825703,0.7285158389825703,24590579.4617528,24590579.4617528,33754351.169763826
SSP2,"Atlantic, Northeast",262,2080,0.72599224423665365,0.72599224423665365,24505397.158488955,24505397.158488955,33754351.169763826
SSP2,"Atlantic, Northeast",262,2081,0.7234773912779444,0.7234773912779444,24420509.928580362,24420509.928580362,33754351.169763826
SSP2,"Atlantic, Northeast",262,2082,0.7209712498247011,0.7209712498247011,24335916.749886487,24335916.749886487,33754351.169763826
SSP2,"Atlantic, Northeast",262,2083,0.7184737897000789,0.7184737897000789,24251616.60380751,24251616.60380751,33754351.169763826
SSP2,"Atlantic, Northeast",262,2084,0.7159849808317664,0.7159849808317664,24167608.475272067,24167608.475272067,33754351.169763826
SSP2,"Atlantic, Northeast",262,2085,0.7135047932516231,0.7135047932516231,24083891.35272502,24083891.35272502,33754351.169763826
SSP2,"Atlantic, Northeast",262,2086,0.7110331970953188,0.7110331970953188,24000464.228115287,24000464.228115287,33754351.169763826
SSP2,"Atlantic, Northeast",262,2087,0.7085701626019739,0.7085701626019739,23917326.096883684,23917326.096883684,33754351.169763826
SSP2,"Atlantic, Northeast",262,2088,0.7061156601138017,0.7061156601138017,23834475.957950857,23834475.957950857,33754351.169763826
SSP2,"Atlantic, Northeast",262,2089,0.7036696600757499,0.7036696600757499,23751912.813705202,23751912.813705202,33754351.169763826
SSP2,"Atlantic, Northeast",262,2090,0.7012321330351461,0.7012321330351461,23669635.669990867,23669635.669990867,33754351.169763826
SSP2,"Atlantic, Northeast",262,2091,0.6988030496413425,0.6988030496413425,23587643.53609578,23587643.53609578,33754351.169763826
SSP2,"Atlantic, Northeast",262,2092,0.6963823806453625,0.6963823806453625,23505935.42473971,23505935.42473971,33754351.169763826
SSP2,"Atlantic, Northeast",262,2093,0.6939700968995487,0.6939700968995487,23424510.352062397,23424510.352062397,33754351.169763826
SSP2,"Atlantic, Northeast",262,2094,0.6915661693572117,0.6915661693572117,23343367.337611686,23343367.337611686,33754351.169763826
SSP2,"Atlantic, Northeast",262,2095,0.6891705690722805,0.6891705690722805,23262505.404331733,23262505.404331733,33754351.169763826
SSP2,"Atlantic, Northeast",262,2096,0.6867832671989538,0.6867832671989538,23181923.57855123,23181923.57855123,33754351.169763826
SSP2,"Atlantic, Northeast",262,2097,0.68440423499135306,0.68440423499135306,23101620.889971696,23101620.889971696,33754351.169763826
SSP2,"Atlantic, Northeast",262,2098,0.682033443803176,0.682033443803176,23021596.371655785,23021596.371655785,33754351.169763826
SSP2,"Atlantic, Northeast",262,2099,0.6796708650873517,0.6796708650873517,22941849.06001564,22941849.06001564,33754351.169763826
SSP2,"Atlantic, Northeast",262,2100,0.6773164703956968,0.6773164703956968,22862377.994801294,22862377.994801294,33754351.169763826
SSP3,"Atlantic, Northeast",262,2005,0.9417991053048357,0.9417991053048357,31789817.731828805,31789817.731828805,33754351.169763826
SSP3,"Atlantic, Northeast",262,2006,0.9385366926753785,0.9385366926753785,31679697.110273436,31679697.110273436,33754351.169763826
SSP3,"Atlantic, Northeast",262,2007,0.9352855811143816,0.9352855811143816,31569957.948951468,31569957.948951468,33754351.169763826
SSP3,"Atlantic, Northeast",262,2008,0.9320457314746975,0.9320457314746975,31460598.926476337,31460598.926476337,33754351.169763826
SSP3,"Atlantic, Northeast",262,2009,0.9288171047447852,0.9288171047447852,31351618.72603879,31351618.72603879,33754351.169763826
SSP3,"Atlantic, Northeast",262,2010,0.9255996620482407,0.9255996620482407,31243016.035391036,31243016.035391036,33754351.169763826
SSP3,"Atlantic, Northeast",262,2011,0.9223933646433286,0.9223933646433286,31134789.54683093,31134789.54683093,33754351.169763826
SSP3,"Atlantic, Northeast",262,2012,0.9191981739225157,0.9191981739225157,31026937.95718624,31026937.95718624,33754351.169763826
SSP3,"Atlantic, Northeast",262,2013,0.9160140514120063,0.9160140514120063,30919459.967798956,30919459.967798956,33754351.169763826
SSP3,"Atlantic, Northeast",262,2014,0.9128409587712786,0.9128409587712786,30812354.28450964,30812354.28450964,33754351.169763826
SSP3,"Atlantic, Northeast",262,2015,0.9096788577926231,0.9096788577926231,30705619.61764185,30705619.61764185,33754351.169763826
SSP3,"Atlantic, Northeast",262,2016,0.9065277104006831,0.9065277104006831,30599254.681986623,30599254.681986623,33754351.169763826
SSP3,"Atlantic, Northeast",262,2017,0.9033874786519953,0.9033874786519953,30493258.19678697,30493258.19678697,33754351.169763826
SSP3,"Atlantic, Northeast",262,2018,0.9002581247345335,0.9002581247345335,30387628.88572249,30387628.88572249,33754351.169763826
SSP3,"Atlantic, Northeast",262,2019,0.8971396109672533,0.8971396109672533,30282365.47689397,30282365.47689397,33754351.169763826
SSP3,"Atlantic, Northeast",262,2020,0.894031899799638,0.894031899799638,30177466.70280809,30177466.70280809,33754351.169763826
SSP3,"Atlantic, Northeast",262,2021,0.8909349538112473,0.8909349538112473,30072931.300362155,30072931.300362155,33754351.169763826
SSP3,"Atlantic, Northeast",262,2022,0.8878487357112653,0.8878487357112653,29968758.010828882,29968758.010828882,33754351.169763826
SSP3,"Atlantic, Northeast",262,2023,0.8847732083380528,0.8847732083380528,29864945.57984125,29864945.57984125,33754351.169763826
SSP3,"Atlantic, Northeast",262,2024,0.8817083346586995,0.8817083346586995,29761492.757377386,29761492.757377386,33754351.169763826
SSP3,"Atlantic, Northeast",262,2025,0.8786540777685773,0.8786540777685773,29658398.297745533,29658398.297745533,33754351.169763826
SSP3,"Atlantic, Northeast",262,2026,0.8756104008908971,0.8756104008908971,29555660.959569026,29555660.959569026,33754351.169763826
SSP3,"Atlantic, Northeast",262,2027,0.8725772673762652,0.8725772673762652,29453279.505771358,29453279.505771358,33754351.169763826
SSP3,"Atlantic, Northeast",262,2028,0.869554640702242,0.869554640702242,29351252.703561284,29351252.703561284,33754351.169763826
SSP3,"Atlantic, Northeast",262,2029,0.8665424844729027,0.8665424844729027,29249579.324417975,29249579.324417975,33754351.169763826
SSP3,"Atlantic, Northeast",262,2030,0.8635407624183987,0.8635407624183987,29148258.144076224,29148258.144076224,33754351.169763826
SSP3,"Atlantic, Northeast",262,2031,0.8605494383945211,0.8605494383945211,29047287.942511708,29047287.942511708,33754351.169763826
SSP3,"Atlantic, Northeast",262,2032,0.857568476382265,0.857568476382265,28946667.50392629,28946667.50392629,33754351.169763826
SSP3,"Atlantic, Northeast",262,2033,0.8545978404873963,0.8545978404873963,28846395.616733383,28846395.616733383,33754351.169763826
SSP3,"Atlantic, Northeast",262,2034,0.8516374949400192,0.8516374949400192,28746471.07354337,28746471.07354337,33754351.169763826
SSP3,"Atlantic, Northeast",262,2035,0.8486874040941458,0.8486874040941458,28646892.671149053,28646892.671149053,33754351.169763826
SSP3,"Atlantic, Northeast",262,2036,0.8457475324272664,0.8457475324272664,28547659.21051117,28547659.21051117,33754351.169763826
SSP3,"Atlantic, Northeast",262,2037,0.8428178445399225,0.8428178445399225,28448769.49674396,28448769.49674396,33754351.169763826
SSP3,"Atlantic, Northeast",262,2038,0.8398983051552796,0.8398983051552796,28350222.339100767,28350222.339100767,33754351.169763826
SSP3,"Atlantic, Northeast",262,2039,0.8369888791187032,0.8369888791187032,28252016.550959714,28252016.550959714,33754351.169763826
SSP3,"Atlantic, Northeast",262,2040,0.8340895313973352,0.8340895313973352,28154150.949809402,28154150.949809402,33754351.169763826
SSP3,"Atlantic, Northeast",262,2041,0.831200227079672,0.831200227079672,28056624.357234683,28056624.357234683,33754351.169763826
SSP3,"Atlantic, Northeast",262,2042,0.8283209313751441,0.8283209313751441,27959435.598902456,27959435.598902456,33754351.169763826
SSP3,"Atlantic, Northeast",262,2043,0.8254516096136977,0.8254516096136977,27862583.504547548,27862583.504547548,33754351.169763826
SSP3,"Atlantic, Northeast",262,2044,0.8225922272453763,0.8225922272453763,27766066.907958597,27766066.907958597,33754351.169763826
SSP3,"Atlantic, Northeast",262,2045,0.8197427498399056,0.8197427498399056,27669884.646964032,27669884.646964032,33754351.169763826
SSP3,"Atlantic, Northeast",262,2046,0.8169031430862784,0.8169031430862784,27574035.563418068,27574035.563418068,33754351.169763826
SSP3,"Atlantic, Northeast",262,2047,0.8140733727923416,0.8140733727923416,27478518.50318676,27478518.50318676,33754351.169763826
SSP3,"Atlantic, Northeast",262,2048,0.8112534048843844,0.8112534048843844,27383332.316134106,27383332.316134106,33754351.169763826
SSP3,"Atlantic, Northeast",262,2049,0.8084432054067279,0.8084432054067279,27288475.856108204,27288475.856108204,33754351.169763826
SSP3,"Atlantic, Northeast",262,2050,0.8056427405213169,0.8056427405213169,27193947.98092745,27193947.98092745,33754351.169763826
SSP3,"Atlantic, Northeast",262,2051,0.8028519765073115,0.8028519765073115,27099747.55236677,27099747.55236677,33754351.169763826
SSP3,"Atlantic, Northeast",262,2052,0.8000708797606818,0.8000708797606818,27005873.436143942,27005873.436143942,33754351.169763826
SSP3,"Atlantic, Northeast",262,2053,0.7972994167938028,0.7972994167938028,26912324.501905914,26912324.501905914,33754351.169763826
SSP3,"Atlantic, Northeast",262,2054,0.7945375542350515,0.7945375542350515,26819099.6232152,26819099.6232152,33754351.169763826
SSP3,"Atlantic, Northeast",262,2055,0.7917852588284048,0.7917852588284048,26726197.67753632,26726197.67753632,33754351.169763826
SSP3,"Atlantic, Northeast",262,2056,0.7890424974330394,0.7890424974330394,26633617.546222284,26633617.546222284,33754351.169763826
SSP3,"Atlantic, Northeast",262,2057,0.7863092370229323,0.7863092370229323,26541358.11450112,26541358.11450112,33754351.169763826
SSP3,"Atlantic, Northeast",262,2058,0.7835854446864636,0.7835854446864636,26449418.27146244,26449418.27146244,33754351.169763826
SSP3,"Atlantic, Northeast",262,2059,0.7808710876260196,0.7808710876260196,26357796.91004409,26357796.91004409,33754351.169763826
SSP3,"Atlantic, Northeast",262,2060,0.7781661331575989,0.7781661331575989,26266492.92701879,26266492.92701879,33754351.169763826
SSP3,"Atlantic, Northeast",262,2061,0.7754705487104173,0.7754705487104173,26175505.22298087,26175505.22298087,33754351.169763826
SSP3,"Atlantic, Northeast",262,2062,0.7727843018265174,0.7727843018265174,26084832.70233303,26084832.70233303,33754351.169763826
SSP3,"Atlantic, Northeast",262,2063,0.7701073601603762,0.7701073601603762,25994474.273273125,25994474.273273125,33754351.169763826
SSP3,"Atlantic, Northeast",262,2064,0.7674396914785165,0.7674396914785165,25904428.847781055,25904428.847781055,33754351.169763826
SSP3,"Atlantic, Northeast",262,2065,0.7647812636591189,0.7647812636591189,25814695.341605637,25814695.341605637,33754351.169763826
SSP3,"Atlantic, Northeast",262,2066,0.7621320446916342,0.7621320446916342,25725272.67425156,25725272.67425156,33754351.169763826
SSP3,"Atlantic, Northeast",262,2067,0.7594920026763987,0.7594920026763987,25636159.76896637,25636159.76896637,33754351.169763826
SSP3,"Atlantic, Northeast",262,2068,0.7568611058242498,0.7568611058242498,25547355.55272751,25547355.55272751,33754351.169763826
SSP3,"Atlantic, Northeast",262,2069,0.7542393224561432,0.7542393224561432,25458858.956229392,25458858.956229392,33754351.169763826
SSP3,"Atlantic, Northeast",262,2070,0.7516266210027716,0.7516266210027716,25370668.913870532,25370668.913870532,33754351.169763826
SSP3,"Atlantic, Northeast",262,2071,0.7490229700041842,0.7490229700041842,25282784.36374071,25282784.36374071,33754351.169763826
SSP3,"Atlantic, Northeast",262,2072,0.7464283381094085,0.7464283381094085,25195204.24760818,25195204.24760818,33754351.169763826
SSP3,"Atlantic, Northeast",262,2073,0.7438426940760723,0.7438426940760723,25107927.510906946,25107927.510906946,33754351.169763826
SSP3,"Atlantic, Northeast",262,2074,0.7412660067700276,0.7412660067700276,25020953.10272404,25020953.10272404,33754351.169763826
SSP3,"Atlantic, Northeast",262,2075,0.738698245164976,0.738698245164976,24934279.97578689,24934279.97578689,33754351.169763826
SSP3,"Atlantic, Northeast",262,2076,0.7361393783420944,0.7361393783420944,24847907.08645069,24847907.08645069,33754351.169763826
SSP3,"Atlantic, Northeast",262,2077,0.7335893754896637,0.7335893754896637,24761833.394685846,24761833.394685846,33754351.169763826
SSP3,"Atlantic, Northeast",262,2078,0.731048205902697,0.731048205902697,24676057.86406545,24676057.86406545,33754351.169763826
SSP3,"Atlantic, Northeast",262,2079,0.7285158389825703,0.7285158389825703,24590579.4617528,24590579.4617528,33754351.169763826
SSP3,"Atlantic, Northeast",262,2080,0.72599224423665365,0.72599224423665365,24505397.158488955,24505397.158488955,33754351.169763826
SSP3,"Atlantic, Northeast",262,2081,0.7234773912779444,0.7234773912779444,24420509.928580362,24420509.928580362,33754351.169763826
SSP3,"Atlantic, Northeast",262,2082,0.7209712498247011,0.7209712498247011,24335916.749886487,24335916.749886487,33754351.169763826
SSP3,"Atlantic, Northeast",262,2083,0.7184737897000789,0.7184737897000789,24251616.60380751,24251616.60380751,33754351.169763826
SSP3,"Atlantic, Northeast",262,2084,0.7159849808317664,0.7159849808317664,24167608.475272067,24167608.475272067,33754351.169763826
SSP3,"Atlantic, Northeast",262,2085,0.7135047932516231,0.7135047932516231,24083891.35272502,24083891.35272502,33754351.169763826
SSP3,"Atlantic, Northeast",262,2086,0.7110331970953188,0.7110331970953188,24000464.228115287,24000464.228115287,33754351.169763826
SSP3,"Atlantic, Northeast",262,2087,0.7085701626019739,0.7085701626019739,23917326.096883684,23917326.096883684,33754351.169763826
SSP3,"Atlantic, Northeast",262,2088,0.7061156601138017,0.7061156601138017,23834475.957950857,23834475.957950857,33754351.169763826
SSP3,"Atlantic, Northeast",262,2089,0.7036696600757499,0.7036696600757499,23751912.813705202,23751912.813705202,33754351.169763826
SSP3,"Atlantic, Northeast",262,2090,0.7012321330351461,0.7012321330351461,23669635.669990867,23669635.669990867,33754351.169763826
SSP3,"Atlantic, Northeast",262,2091,0.6988030496413425,0.6988030496413425,23587643.53609578,23587643.53609578,33754351.169763826
SSP3,"Atlantic, Northeast",262,2092,0.6963823806453625,0.6963823806453625,23505935.42473971,23505935.42473971,33754351.169763826
SSP3,"Atlantic, Northeast",262,2093,0.6939700968995487,0.6939700968995487,23424510.352062397,23424510.352062397,33754351.169763826
SSP3,"Atlantic, Northeast",262,2094,0.6915661693572117,0.6915661693572117,23343367.337611686,23343367.337611686,33754351.169763826
SSP3,"Atlantic, Northeast",262,2095,0.6891705690722805,0.6891705690722805,23262505.404331733,23262505.404331733,33754351.169763826
SSP3,"Atlantic, Northeast",262,2096,0.6867832671989538,0.6867832671989538,23181923.57855123,23181923.57855123,33754351.169763826
SSP3,"Atlantic, Northeast",262,2097,0.68440423499135306,0.68440423499135306,23101620.889971696,23101620.889971696,33754351.169763826
SSP3,"Atlantic, Northeast",262,2098,0.682033443803176,0.682033443803176,23021596.371655785,23021596.371655785,33754351.169763826
SSP3,"Atlantic, Northeast",262,2099,0.6796708650873517,0.6796708650873517,22941849.06001564,22941849.06001564,33754351.169763826
SSP3,"Atlantic, Northeast",262,2100,0.6773164703956968,0.6773164703956968,22862377.994801294,22862377.994801294,33754351.169763826
SSP4,"Atlantic, Northeast",262,2005,0.9417991053048357,0.9417991053048357,31789817.731828805,31789817.731828805,33754351.169763826
SSP4,"Atlantic, Northeast",262,2006,0.9385366926753785,0.9385366926753785,31679697.110273436,31679697.110273436,33754351.169763826
SSP4,"Atlantic, Northeast",262,2007,0.9352855811143816,0.9352855811143816,31569957.948951468,31569957.948951468,33754351.169763826
SSP4,"Atlantic, Northeast",262,2008,0.9320457314746975,0.9320457314746975,31460598.926476337,31460598.926476337,33754351.169763826
SSP4,"Atlantic, Northeast",262,2009,0.9288171047447852,0.9288171047447852,31351618.72603879,31351618.72603879,33754351.169763826
SSP4,"Atlantic, Northeast",262,2010,0.9255996620482407,0.9255996620482407,31243016.035391036,31243016.035391036,33754351.169763826
SSP4,"Atlantic, Northeast",262,2011,0.9223933646433286,0.9223933646433286,31134789.54683093,31134789.54683093,33754351.169763826
SSP4,"Atlantic, Northeast",262,2012,0.9191981739225157,0.9191981739225157,31026937.95718624,31026937.95718624,33754351.169763826
SSP4,"Atlantic, Northeast",262,2013,0.9160140514120063,0.9160140514120063,30919459.967798956,30919459.967798956,33754351.169763826
SSP4,"Atlantic, Northeast",262,2014,0.9128409587712786,0.9128409587712786,30812354.28450964,30812354.28450964,33754351.169763826
SSP4,"Atlantic, Northeast",262,2015,0.9096788577926231,0.9096788577926231,30705619.61764185,30705619.61764185,33754351.169763826
SSP4,"Atlantic, Northeast",262,2016,0.9065277104006831,0.9065277104006831,30599254.681986623,30599254.681986623,33754351.169763826
SSP4,"Atlantic, Northeast",262,2017,0.9033874786519953,0.9033874786519953,30493258.19678697,30493258.19678697,33754351.169763826
SSP4,"Atlantic, Northeast",262,2018,0.9002581247345335,0.9002581247345335,30387628.88572249,30387628.88572249,33754351.169763826
SSP4,"Atlantic, Northeast",262,2019,0.8971396109672533,0.8971396109672533,30282365.47689397,30282365.47689397,33754351.169763826
SSP4,"Atlantic, Northeast",262,2020,0.894031899799638,0.894031899799638,30177466.70280809,30177466.70280809,33754351.169763826
SSP4,"Atlantic, Northeast",262,2021,0.8909349538112473,0.8909349538112473,30072931.300362155,30072931.300362155,33754351.169763826
SSP4,"Atlantic, Northeast",262,2022,0.8878487357112653,0.8878487357112653,29968758.010828882,29968758.010828882,33754351.169763826
SSP4,"Atlantic, Northeast",262,2023,0.8847732083380528,0.8847732083380528,29864945.57984125,29864945.57984125,33754351.169763826
SSP4,"Atlantic, Northeast",262,2024,0.8817083346586995,0.8817083346586995,29761492.757377386,29761492.757377386,33754351.169763826
SSP4,"Atlantic, Northeast",262,2025,0.8786540777685773,0.8786540777685773,29658398.297745533,29658398.297745533,33754351.169763826
SSP4,"Atlantic, Northeast",262,2026,0.8756104008908971,0.8756104008908971,29555660.959569026,29555660.959569026,33754351.169763826
SSP4,"Atlantic, Northeast",262,2027,0.8725772673762652,0.8725772673762652,29453279.505771358,29453279.505771358,33754351.169763826
SSP4,"Atlantic, Northeast",262,2028,0.869554640702242,0.869554640702242,29351252.703561284,29351252.703561284,33754351.169763826
SSP4,"Atlantic, Northeast",262,2029,0.8665424844729027,0.8665424844729027,29249579.324417975,29249579.324417975,33754351.169763826
SSP4,"Atlantic, Northeast",262,2030,0.8635407624183987,0.8635407624183987,29148258.144076224,29148258.144076224,33754351.169763826
SSP4,"Atlantic, Northeast",262,2031,0.8605494383945211,0.8605494383945211,29047287.942511708,29047287.942511708,33754351.169763826
SSP4,"Atlantic, Northeast",262,2032,0.857568476382265,0.857568476382265,28946667.50392629,28946667.50392629,33754351.169763826
SSP4,"Atlantic, Northeast",262,2033,0.8545978404873963,0.8545978404873963,28846395.616733383,28846395.616733383,33754351.169763826
SSP4,"Atlantic, Northeast",262,2034,0.8516374949400192,0.8516374949400192,28746471.07354337,28746471.07354337,33754351.169763826
SSP4,"Atlantic, Northeast",262,2035,0.8486874040941458,0.8486874040941458,28646892.671149053,28646892.671149053,33754351.169763826
SSP4,"Atlantic, Northeast",262,2036,0.8457475324272664,0.8457475324272664,28547659.21051117,28547659.21051117,33754351.169763826
SSP4,"Atlantic, Northeast",262,2037,0.8428178445399225,0.8428178445399225,28448769.49674396,28448769.49674396,33754351.169763826
SSP4,"Atlantic, Northeast",262,2038,0.8398983051552796,0.8398983051552796,28350222.339100767,28350222.339100767,33754351.169763826
SSP4,"Atlantic, Northeast",262,2039,0.8369888791187032,0.8369888791187032,28252016.550959714,28252016.550959714,33754351.169763826
SSP4,"Atlantic, Northeast",262,2040,0.8340895313973352,0.8340895313973352,28154150.949809402,28154150.949809402,33754351.169763826
SSP4,"Atlantic, Northeast",262,2041,0.831200227079672,0.831200227079672,28056624.357234683,28056624.357234683,33754351.169763826
SSP4,"Atlantic, Northeast",262,2042,0.8283209313751441,0.8283209313751441,27959435.598902456,27959435.598902456,33754351.169763826
SSP4,"Atlantic, Northeast",262,2043,0.8254516096136977,0.8254516096136977,27862583.504547548,27862583.504547548,33754351.169763826
SSP4,"Atlantic, Northeast",262,2044,0.8225922272453763,0.8225922272453763,27766066.907958597,27766066.907958597,33754351.169763826
SSP4,"Atlantic, Northeast",262,2045,0.8197427498399056,0.8197427498399056,27669884.646964032,27669884.646964032,33754351.169763826
SSP4,"Atlantic, Northeast",262,2046,0.8169031430862784,0.8169031430862784,27574035.563418068,27574035.563418068,33754351.169763826
SSP4,"Atlantic, Northeast",262,2047,0.8140733727923416,0.8140733727923416,27478518.50318676,27478518.50318676,33754351.169763826
SSP4,"Atlantic, Northeast",262,2048,0.8112534048843844,0.8112534048843844,27383332.316134106,27383332.316134106,33754351.169763826
SSP4,"Atlantic, Northeast",262,2049,0.8084432054067279,0.8084432054067279,27288475.856108204,27288475.856108204,33754351.169763826
SSP4,"Atlantic, Northeast",262,2050,0.8056427405213169,0.8056427405213169,27193947.98092745,27193947.98092745,33754351.169763826
SSP4,"Atlantic, Northeast",262,2051,0.8028519765073115,0.8028519765073115,27099747.55236677,27099747.55236677,33754351.169763826
SSP4,"Atlantic, Northeast",262,2052,0.8000708797606818,0.8000708797606818,27005873.436143942,27005873.436143942,33754351.169763826
SSP4,"Atlantic, Northeast",262,2053,0.7972994167938028,0.7972994167938028,26912324.501905914,26912324.501905914,33754351.169763826
SSP4,"Atlantic, Northeast",262,2054,0.7945375542350515,0.7945375542350515,26819099.6232152,26819099.6232152,33754351.169763826
SSP4,"Atlantic, Northeast",262,2055,0.7917852588284048,0.7917852588284048,26726197.67753632,26726197.67753632,33754351.169763826
SSP4,"Atlantic, Northeast",262,2056,0.7890424974330394,0.7890424974330394,26633617.546222284,26633617.546222284,33754351.169763826
SSP4,"Atlantic, Northeast",262,2057,0.7863092370229323,0.7863092370229323,26541358.11450112,26541358.11450112,33754351.169763826
SSP4,"Atlantic, Northeast",262,2058,0.7835854446864636,0.7835854446864636,26449418.27146244,26449418.27146244,33754351.169763826
SSP4,"Atlantic, Northeast",262,2059,0.7808710876260196,0.7808710876260196,26357796.91004409,26357796.91004409,33754351.169763826
SSP4,"Atlantic, Northeast",262,2060,0.7781661331575989,0.7781661331575989,26266492.92701879,26266492.92701879,33754351.169763826
SSP4,"Atlantic, Northeast",262,2061,0.7754705487104173,0.7754705487104173,26175505.22298087,26175505.22298087,33754351.169763826
SSP4,"Atlantic, Northeast",262,2062,0.7727843018265174,0.7727843018265174,26084832.70233303,26084832.70233303,33754351.169763826
SSP4,"Atlantic, Northeast",262,2063,0.7701073601603762,0.7701073601603762,25994474.273273125,25994474.273273125,33754351.169763826
SSP4,"Atlantic, Northeast",262,2064,0.7674396914785165,0.7674396914785165,25904428.847781055,25904428.847781055,33754351.169763826
SSP4,"Atlantic, Northeast",262,2065,0.7647812636591189,0.7647812636591189,25814695.341605637,25814695.341605637,33754351.169763826
SSP4,"Atlantic, Northeast",262,2066,0.7621320446916342,0.7621320446916342,25725272.67425156,25725272.67425156,33754351.169763826
SSP4,"Atlantic, Northeast",262,2067,0.7594920026763987,0.7594920026763987,25636159.76896637,25636159.76896637,33754351.169763826
SSP4,"Atlantic, Northeast",262,2068,0.7568611058242498,0.7568611058242498,25547355.55272751,25547355.55272751,33754351.169763826
SSP4,"Atlantic, Northeast",262,2069,0.7542393224561432,0.7542393224561432,25458858.956229392,25458858.956229392,33754351.169763826
SSP4,"Atlantic, Northeast",262,2070,0.7516266210027716,0.7516266210027716,25370668.913870532,25370668.913870532,33754351.169763826
SSP4,"Atlantic, Northeast",262,2071,0.7490229700041842,0.7490229700041842,25282784.36374071,25282784.36374071,33754351.169763826
SSP4,"Atlantic, Northeast",262,2072,0.7464283381094085,0.7464283381094085,25195204.24760818,25195204.24760818,33754351.169763826
SSP4,"Atlantic, Northeast",262,2073,0.7438426940760723,0.7438426940760723,25107927.510906946,25107927.510906946,33754351.169763826
SSP4,"Atlantic, Northeast",262,2074,0.7412660067700276,0.7412660067700276,25020953.10272404,25020953.10272404,33754351.169763826
SSP4,"Atlantic, Northeast",262,2075,0.738698245164976,0.738698245164976,24934279.97578689,24934279.97578689,33754351.169763826
SSP4,"Atlantic, Northeast",262,2076,0.7361393783420944,0.7361393783420944,24847907.08645069,24847907.08645069,33754351.169763826
SSP4,"Atlantic, Northeast",262,2077,0.7335893754896637,0.7335893754896637,24761833.394685846,24761833.394685846,33754351.169763826
SSP4,"Atlantic, Northeast",262,2078,0.731048205902697,0.731048205902697,24676057.86406545,24676057.86406545,33754351.169763826
SSP4,"Atlantic, Northeast",262,2079,0.7285158389825703,0.7285158389825703,24590579.4617528,24590579.4617528,33754351.169763826
SSP4,"Atlantic, Northeast",262,2080,0.72599224423665365,0.72599224423665365,24505397.158488955,24505397.158488955,33754351.169763826
SSP4,"Atlantic, Northeast",262,2081,0.7234773912779444,0.7234773912779444,24420509.928580362,24420509.928580362,33754351.169763826
SSP4,"Atlantic, Northeast",262,2082,0.7209712498247011,0.7209712498247011,24335916.749886487,24335916.749886487,33754351.169763826
SSP4,"Atlantic, Northeast",262,2083,0.7184737897000789,0.7184737897000789,24251616.60380751,24251616.60380751,33754351.169763826
SSP4,"Atlantic, Northeast",262,2084,0.7159849808317664,0.7159849808317664,24167608.475272067,24167608.475272067,33754351.169763826
SSP4,"Atlantic, Northeast",262,2085,0.7135047932516231,0.7135047932516231,24083891.35272502,24083891.35272502,33754351.169763826
SSP4,"Atlantic, Northeast",262,2086,0.7110331970953188,0.7110331970953188,24000464.228115287,24000464.228115287,33754351.169763826
SSP4,"Atlantic, Northeast",262,2087,0.7085701626019739,0.7085701626019739,23917326.096883684,23917326.096883684,33754351.169763826
SSP4,"Atlantic, Northeast",262,2088,0.7061156601138017,0.7061156601138017,23834475.957950857,23834475.957950857,33754351.169763826
SSP4,"Atlantic, Northeast",262,2089,0.7036696600757499,0.7036696600757499,23751912.813705202,23751912.813705202,33754351.169763826
SSP4,"Atlantic, Northeast",262,2090,0.7012321330351461,0.7012321330351461,23669635.669990867,23669635.669990867,33754351.169763826
SSP4,"Atlantic, Northeast",262,2091,0.6988030496413425,0.6988030496413425,23587643.53609578,23587643.53609578,33754351.169763826
SSP4,"Atlantic, Northeast",262,2092,0.6963823806453625,0.6963823806453625,23505935.42473971,23505935.42473971,33754351.169763826
SSP4,"Atlantic, Northeast",262,2093,0.6939700968995487,0.6939700968995487,23424510.352062397,23424510.352062397,33754351.169763826
SSP4,"Atlantic, Northeast",262,2094,0.6915661693572117,0.6915661693572117,23343367.337611686,23343367.337611686,33754351.169763826
SSP4,"Atlantic, Northeast",262,2095,0.6891705690722805,0.6891705690722805,23262505.404331733,23262505.404331733,33754351.169763826
SSP4,"Atlantic, Northeast",262,2096,0.6867832671989538,0.6867832671989538,23181923.57855123,23181923.57855123,33754351.169763826
SSP4,"Atlantic, Northeast",262,2097,0.68440423499135306,0.68440423499135306,23101620.889971696,23101620.889971696,33754351.169763826
SSP4,"Atlantic, Northeast",262,2098,0.682033443803176,0.682033443803176,23021596.371655785,23021596.371655785,33754351.169763826
SSP4,"Atlantic, Northeast",262,2099,0.6796708650873517,0.6796708650873517,22941849.06001564,22941849.06001564,33754351.169763826
SSP4,"Atlantic, Northeast",262,2100,0.6773164703956968,0.6773164703956968,22862377.994801294,22862377.994801294,33754351.169763826
SSP5,"Atlantic, Northeast",262,2005,0.9417991053048357,0.9417991053048357,31789817.731828805,31789817.731828805,33754351.169763826
SSP5,"Atlantic, Northeast",262,2006,0.9385366926753785,0.9385366926753785,31679697.110273436,31679697.110273436,33754351.169763826
SSP5,"Atlantic, Northeast",262,2007,0.9352855811143816,0.9352855811143816,31569957.948951468,31569957.948951468,33754351.169763826
SSP5,"Atlantic, Northeast",262,2008,0.9320457314746975,0.9320457314746975,31460598.926476337,31460598.926476337,33754351.169763826
SSP5,"Atlantic, Northeast",262,2009,0.9288171047447852,0.9288171047447852,31351618.72603879,31351618.72603879,33754351.169763826
SSP5,"Atlantic, Northeast",262,2010,0.9255996620482407,0.9255996620482407,31243016.035391036,31243016.035391036,33754351.169763826
SSP5,"Atlantic, Northeast",262,2011,0.9223933646433286,0.9223933646433286,31134789.54683093,31134789.54683093,33754351.169763826
SSP5,"Atlantic, Northeast",262,2012,0.9191981739225157,0.9191981739225157,31026937.95718624,31026937.95718624,33754351.169763826
SSP5,"Atlantic, Northeast",262,2013,0.9160140514120063,0.9160140514120063,30919459.967798956,30919459.967798956,33754351.169763826
SSP5,"Atlantic, Northeast",262,2014,0.9128409587712786,0.9128409587712786,30812354.28450964,30812354.28450964,33754351.169763826
SSP5,"Atlantic, Northeast",262,2015,0.9096788577926231,0.9096788577926231,30705619.61764185,30705619.61764185,33754351.169763826
SSP5,"Atlantic, Northeast",262,2016,0.9065277104006831,0.9065277104006831,30599254.681986623,30599254.681986623,33754351.169763826
SSP5,"Atlantic, Northeast",262,2017,0.9033874786519953,0.9033874786519953,30493258.19678697,30493258.19678697,33754351.169763826
SSP5,"Atlantic, Northeast",262,2018,0.9002581247345335,0.9002581247345335,30387628.88572249,30387628.88572249,33754351.169763826
SSP5,"Atlantic, Northeast",262,2019,0.8971396109672533,0.8971396109672533,30282365.47689397,30282365.47689397,33754351.169763826
SSP5,"Atlantic, Northeast",262,2020,0.894031899799638,0.894031899799638,30177466.70280809,30177466.70280809,33754351.169763826
SSP5,"Atlantic, Northeast",262,2021,0.8909349538112473,0.8909349538112473,30072931.300362155,30072931.300362155,33754351.169763826
SSP5,"Atlantic, Northeast",262,2022,0.8878487357112653,0.8878487357112653,29968758.010828882,29968758.010828882,33754351.169763826
SSP5,"Atlantic, Northeast",262,2023,0.8847732083380528,0.8847732083380528,29864945.57984125,29864945.57984125,33754351.169763826
SSP5,"Atlantic, Northeast",262,2024,0.8817083346586995,0.8817083346586995,29761492.757377386,29761492.757377386,33754351.169763826
SSP5,"Atlantic, Northeast",262,2025,0.8786540777685773,0.8786540777685773,29658398.297745533,29658398.297745533,33754351.169763826
SSP5,"Atlantic, Northeast",262,2026,0.8756104008908971,0.8756104008908971,29555660.959569026,29555660.959569026,33754351.169763826
SSP5,"Atlantic, Northeast",262,2027,0.8725772673762652,0.8725772673762652,29453279.505771358,29453279.505771358,33754351.169763826
SSP5,"Atlantic, Northeast",262,2028,0.869554640702242,0.869554640702242,29351252.703561284,29351252.703561284,33754351.169763826
SSP5,"Atlantic, Northeast",262,2029,0.8665424844729027,0.8665424844729027,29249579.324417975,29249579.324417975,33754351.169763826
SSP5,"Atlantic, Northeast",262,2030,0.8635407624183987,0.8635407624183987,29148258.144076224,29148258.144076224,33754351.169763826
SSP5,"Atlantic, Northeast",262,2031,0.8605494383945211,0.8605494383945211,29047287.942511708,29047287.942511708,33754351.169763826
SSP5,"Atlantic, Northeast",262,2032,0.857568476382265,0.857568476382265,28946667.50392629,28946667.50392629,33754351.169763826
SSP5,"Atlantic, Northeast",262,2033,0.8545978404873963,0.8545978404873963,28846395.616733383,28846395.616733383,33754351.169763826
SSP5,"Atlantic, Northeast",262,2034,0.8516374949400192,0.8516374949400192,28746471.07354337,28746471.07354337,33754351.169763826
SSP5,"Atlantic, Northeast",262,2035,0.8486874040941458,0.8486874040941458,28646892.671149053,28646892.671149053,33754351.169763826
SSP5,"Atlantic, Northeast",262,2036,0.8457475324272664,0.8457475324272664,28547659.21051117,28547659.21051117,33754351.169763826
SSP5,"Atlantic, Northeast",262,2037,0.8428178445399225,0.8428178445399225,28448769.49674396,28448769.49674396,33754351.169763826
SSP5,"Atlantic, Northeast",262,2038,0.8398983051552796,0.8398983051552796,28350222.339100767,28350222.339100767,33754351.169763826
SSP5,"Atlantic, Northeast",262,2039,0.8369888791187032,0.8369888791187032,28252016.550959714,28252016.550959714,33754351.169763826
SSP5,"Atlantic, Northeast",262,2040,0.8340895313973352,0.8340895313973352,28154150.949809402,28154150.949809402,33754351.169763826
SSP5,"Atlantic, Northeast",262,2041,0.831200227079672,0.831200227079672,28056624.357234683,28056624.357234683,33754351.169763826
SSP5,"Atlantic, Northeast",262,2042,0.8283209313751441,0.8283209313751441,27959435.598902456,27959435.598902456,33754351.169763826
SSP5,"Atlantic, Northeast",262,2043,0.8254516096136977,0.8254516096136977,27862583.504547548,27862583.504547548,33754351.169763826
SSP5,"Atlantic, Northeast",262,2044,0.8225922272453763,0.8225922272453763,27766066.907958597,27766066.907958597,33754351.169763826
SSP5,"Atlantic, Northeast",262,2045,0.8197427498399056,0.8197427498399056,27669884.646964032,27669884.646964032,33754351.169763826
SSP5,"Atlantic, Northeast",262,2046,0.8169031430862784,0.8169031430862784,27574035.563418068,27574035.563418068,33754351.169763826
SSP5,"Atlantic, Northeast",262,2047,0.8140733727923416,0.8140733727923416,27478518.50318676,27478518.50318676,33754351.169763826
SSP5,"Atlantic, Northeast",262,2048,0.8112534048843844,0.8112534048843844,27383332.316134106,27383332.316134106,33754351.169763826
SSP5,"Atlantic, Northeast",262,2049,0.8084432054067279,0.8084432054067279,27288475.856108204,27288475.856108204,33754351.169763826
SSP5,"Atlantic, Northeast",262,2050,0.8056427405213169,0.8056427405213169,27193947.98092745,27193947.98092745,33754351.169763826
SSP5,"Atlantic, Northeast",262,2051,0.8028519765073115,0.8028519765073115,27099747.55236677,27099747.55236677,33754351.169763826
SSP5,"Atlantic, Northeast",262,2052,0.8000708797606818,0.8000708797606818,27005873.436143942,27005873.436143942,33754351.169763826
SSP5,"Atlantic, Northeast",262,2053,0.7972994167938028,0.7972994167938028,26912324.501905914,26912324.501905914,33754351.169763826
SSP5,"Atlantic, Northeast",262,2054,0.7945375542350515,0.7945375542350515,26819099.6232152,26819099.6232152,33754351.169763826
SSP5,"Atlantic, Northeast",262,2055,0.7917852588284048,0.7917852588284048,26726197.67753632,26726197.67753632,33754351.169763826
SSP5,"Atlantic, Northeast",262,2056,0.7890424974330394,0.7890424974330394,26633617.546222284,26633617.546222284,33754351.169763826
SSP5,"Atlantic, Northeast",262,2057,0.7863092370229323,0.7863092370229323,26541358.11450112,26541358.11450112,33754351.169763826
SSP5,"Atlantic, Northeast",262,2058,0.7835854446864636,0.7835854446864636,26449418.27146244,26449418.27146244,33754351.169763826
SSP5,"Atlantic, Northeast",262,2059,0.7808710876260196,0.7808710876260196,26357796.91004409,26357796.91004409,33754351.169763826
SSP5,"Atlantic, Northeast",262,2060,0.7781661331575989,0.7781661331575989,26266492.92701879,26266492.92701879,33754351.169763826
SSP5,"Atlantic, Northeast",262,2061,0.7754705487104173,0.7754705487104173,26175505.22298087,26175505.22298087,33754351.169763826
SSP5,"Atlantic, Northeast",262,2062,0.7727843018265174,0.7727843018265174,26084832.70233303,26084832.70233303,33754351.169763826
SSP5,"Atlantic, Northeast",262,2063,0.7701073601603762,0.7701073601603762,25994474.273273125,25994474.273273125,33754351.169763826
SSP5,"Atlantic, Northeast",262,2064,0.7674396914785165,0.7674396914785165,25904428.847781055,25904428.847781055,33754351.169763826
SSP5,"Atlantic, Northeast",262,2065,0.7647812636591189,0.7647812636591189,25814695.341605637,25814695.341605637,33754351.169763826
SSP5,"Atlantic, Northeast",262,2066,0.7621320446916342,0.7621320446916342,25725272.67425156,25725272.67425156,33754351.169763826
SSP5,"Atlantic, Northeast",262,2067,0.7594920026763987,0.7594920026763987,25636159.76896637,25636159.76896637,33754351.169763826
SSP5,"Atlantic, Northeast",262,2068,0.7568611058242498,0.7568611058242498,25547355.55272751,25547355.55272751,33754351.169763826
SSP5,"Atlantic, Northeast",262,2069,0.7542393224561432,0.7542393224561432,25458858.956229392,25458858.956229392,33754351.169763826
SSP5,"Atlantic, Northeast",262,2070,0.7516266210027716,0.7516266210027716,25370668.913870532,25370668.913870532,33754351.169763826
SSP5,"Atlantic, Northeast",262,2071,0.7490229700041842,0.7490229700041842,25282784.36374071,25282784.36374071,33754351.169763826
SSP5,"Atlantic, Northeast",262,2072,0.7464283381094085,0.7464283381094085,25195204.24760818,25195204.24760818,33754351.169763826
SSP5,"Atlantic, Northeast",262,2073,0.7438426940760723,0.7438426940760723,25107927.510906946,25107927.510906946,33754351.169763826
SSP5,"Atlantic, Northeast",262,2074,0.7412660067700276,0.7412660067700276,25020953.10272404,25020953.10272404,33754351.169763826
SSP5,"Atlantic, Northeast",262,2075,0.738698245164976,0.738698245164976,24934279.97578689,24934279.97578689,33754351.169763826
SSP5,"Atlantic, Northeast",262,2076,0.7361393783420944,0.7361393783420944,24847907.08645069,24847907.08645069,33754351.169763826
SSP5,"Atlantic, Northeast",262,2077,0.7335893754896637,0.7335893754896637,24761833.394685846,24761833.394685846,33754351.169763826
SSP5,"Atlantic, Northeast",262,2078,0.731048205902697,0.731048205902697,24676057.86406545,24676057.86406545,33754351.169763826
SSP5,"Atlantic, Northeast",262,2079,0.7285158389825703,0.7285158389825703,24590579.4617528,24590579.4617528,33754351.169763826
SSP5,"Atlantic, Northeast",262,2080,0.72599224423665365,0.72599224423665365,24505397.158488955,24505397.158488955,33754351.169763826
SSP5,"Atlantic, Northeast",262,2081,0.7234773912779444,0.7234773912779444,24420509.928580362,24420509.928580362,33754351.169763826
SSP5,"Atlantic, Northeast",262,2082,0.7209712498247011,0.7209712498247011,24335916.749886487,24335916.749886487,33754351.169763826
SSP5,"Atlantic, Northeast",262,2083,0.7184737897000789,0.7184737897000789,24251616.60380751,24251616.60380751,33754351.169763826
SSP5,"Atlantic, Northeast",262,2084,0.7159849808317664,0.7159849808317664,24167608.475272067,24167608.475272067,33754351.169763826
SSP5,"Atlantic, Northeast",262,2085,0.7135047932516231,0.7135047932516231,24083891.35272502,24083891.35272502,33754351.169763826
SSP5,"Atlantic, Northeast",262,2086,0.7110331970953188,0.7110331970953188,24000464.228115287,24000464.228115287,33754351.169763826
SSP5,"Atlantic, Northeast",262,2087,0.7085701626019739,0.7085701626019739,23917326.096883684,23917326.096883684,33754351.169763826
SSP5,"Atlantic, Northeast",262,2088,0.7061156601138017,0.7061156601138017,23834475.957950857,23834475.957950857,33754351.169763826
SSP5,"Atlantic, Northeast",262,2089,0.7036696600757499,0.7036696600757499,23751912.813705202,23751912.813705202,33754351.169763826
SSP5,"Atlantic, Northeast",262,2090,0.7012321330351461,0.7012321330351461,23669635.669990867,23669635.669990867,33754351.169763826
SSP5,"Atlantic, Northeast",262,2091,0.6988030496413425,0.6988030496413425,23587643.53609578,23587643.53609578,33754351.169763826
SSP5,"Atlantic, Northeast",262,2092,0.6963823806453625,0.6963823806453625,23505935.42473971,23505935.42473971,33754351.169763826
SSP5,"Atlantic, Northeast",262,2093,0.6939700968995487,0.6939700968995487,23424510.352062397,23424510.352062397,33754351.169763826
SSP5,"Atlantic, Northeast",262,2094,0.6915661693572117,0.6915661693572117,23343367.337611686,23343367.337611686,33754351.169763826
SSP5,"Atlantic, Northeast",262,2095,0.6891705690722805,0.6891705690722805,23262505.404331733,23262505.404331733,33754351.169763826
SSP5,"Atlantic, Northeast",262,2096,0.6867832671989538,0.6867832671989538,23181923.57855123,23181923.57855123,33754351.169763826
SSP5,"Atlantic, Northeast",262,2097,0.68440423499135306,0.68440423499135306,23101620.889971696,23101620.889971696,33754351.169763826
SSP5,"Atlantic, Northeast",262,2098,0.682033443803176,0.682033443803176,23021596.371655785,23021596.371655785,33754351.169763826
SSP5,"Atlantic, Northeast",262,2099,0.6796708650873517,0.6796708650873517,22941849.06001564,22941849.06001564,33754351.169763826
SSP5,"Atlantic, Northeast",262,2100,0.6773164703956968,0.6773164703956968,22862377.994801294,22862377.994801294,33754351.169763826
SSP1,"Atlantic, Western-Central",263,2005,0.8690037751739228,0.8690037751739228,12598478.9804089,12598478.9804089,14497611.334182564
SSP1,"Atlantic, Western-Central",263,2006,0.8659935271547811,0.8659935271547811,12554837.57460789,12554837.57460789,14497611.334182564
SSP1,"Atlantic, Western-Central",263,2007,0.8629937067003929,0.8629937067003929,12511347.34358784,12511347.34358784,14497611.334182564
SSP1,"Atlantic, Western-Central",263,2008,0.8600042776894469,0.8600042776894469,12468007.763676014,12468007.763676014,14497611.334182564
SSP1,"Atlantic, Western-Central",263,2009,0.8570252041257561,0.8570252041257561,12424818.313013688,12424818.313013688,14497611.334182564
SSP1,"Atlantic, Western-Central",263,2010,0.8540564501378257,0.8540564501378257,12381778.471549869,12381778.471549869,14497611.334182564
SSP1,"Atlantic, Western-Central",263,2011,0.8510979799784204,0.8510979799784204,12338887.721035033,12338887.721035033,14497611.334182564
SSP1,"Atlantic, Western-Central",263,2012,0.848149758024134,0.848149758024134,12296145.545014884,12296145.545014884,14497611.334182564
SSP1,"Atlantic, Western-Central",263,2013,0.8452117487749604,0.8452117487749604,12253551.428824132,12253551.428824132,14497611.334182564
SSP1,"Atlantic, Western-Central",263,2014,0.8422839168538667,0.8422839168538667,12211104.859580303,12211104.859580303,14497611.334182564
SSP1,"Atlantic, Western-Central",263,2015,0.8393662270063665,0.8393662270063665,12168805.326177554,12168805.326177554,14497611.334182564
SSP1,"Atlantic, Western-Central",263,2016,0.8364586441000958,0.8364586441000958,12126652.31928053,12126652.31928053,14497611.334182564
SSP1,"Atlantic, Western-Central",263,2017,0.8335611331243901,0.8335611331243901,12084645.331318218,12084645.331318218,14497611.334182564
SSP1,"Atlantic, Western-Central",263,2018,0.8306736591898619,0.8306736591898619,12042783.856477847,12042783.856477847,14497611.334182564
SSP1,"Atlantic, Western-Central",263,2019,0.8277961875279822,0.8277961875279822,12001067.39069879,12001067.39069879,14497611.334182564
SSP1,"Atlantic, Western-Central",263,2020,0.8249286834906604,0.8249286834906604,11959495.431666499,11959495.431666499,14497611.334182564
SSP1,"Atlantic, Western-Central",263,2021,0.8220711125498276,0.8220711125498276,11918067.478806451,11918067.478806451,14497611.334182564
SSP1,"Atlantic, Western-Central",263,2022,0.8192234402970212,0.8192234402970212,11876783.033278128,11876783.033278128,14497611.334182564
SSP1,"Atlantic, Western-Central",263,2023,0.8163856324429701,0.8163856324429701,11835641.597969005,11835641.597969005,14497611.334182564
SSP1,"Atlantic, Western-Central",263,2024,0.8135576548171821,0.8135576548171821,11794642.677488565,11794642.677488565,14497611.334182564
SSP1,"Atlantic, Western-Central",263,2025,0.810739473367532,0.810739473367532,11753785.778162336,11753785.778162336,14497611.334182564
SSP1,"Atlantic, Western-Central",263,2026,0.8079310541598523,0.8079310541598523,11713070.408025943,11713070.408025943,14497611.334182564
SSP1,"Atlantic, Western-Central",263,2027,0.805132363377524,0.805132363377524,11672496.076819187,11672496.076819187,14497611.334182564
SSP1,"Atlantic, Western-Central",263,2028,0.8023433673210696,0.8023433673210696,11632062.295980142,11632062.295980142,14497611.334182564
SSP1,"Atlantic, Western-Central",263,2029,0.7995640324077473,0.7995640324077473,11591768.578639273,11591768.578639273,14497611.334182564
SSP1,"Atlantic, Western-Central",263,2030,0.7967943251711468,0.7967943251711468,11551614.439613566,11551614.439613566,14497611.334182564
SSP1,"Atlantic, Western-Central",263,2031,0.7940342122607861,0.7940342122607861,11511599.395400696,11511599.395400696,14497611.334182564
SSP1,"Atlantic, Western-Central",263,2032,0.7912836604417098,0.7912836604417098,11471722.9641732,11471722.9641732,14497611.334182564
SSP1,"Atlantic, Western-Central",263,2033,0.7885426365940894,0.7885426365940894,11431984.665772673,11431984.665772673,14497611.334182564
SSP1,"Atlantic, Western-Central",263,2034,0.785811107712824,0.785811107712824,11392384.021703994,11392384.021703994,14497611.334182564
SSP1,"Atlantic, Western-Central",263,2035,0.7830890409071434,0.7830890409071434,11352920.555129556,11352920.555129556,14497611.334182564
SSP1,"Atlantic, Western-Central",263,2036,0.7803764034002113,0.7803764034002113,11313593.790863529,11313593.790863529,14497611.334182564
SSP1,"Atlantic, Western-Central",263,2037,0.7776731625287315,0.7776731625287315,11274403.255366137,11274403.255366137,14497611.334182564
SSP1,"Atlantic, Western-Central",263,2038,0.7749792857425538,0.7749792857425538,11235348.476737956,11235348.476737956,14497611.334182564
SSP1,"Atlantic, Western-Central",263,2039,0.7722947406042827,0.7722947406042827,11196428.984714232,11196428.984714232,14497611.334182564
SSP1,"Atlantic, Western-Central",263,2040,0.7696194947888864,0.7696194947888864,11157644.310659219,11157644.310659219,14497611.334182564
SSP1,"Atlantic, Western-Central",263,2041,0.7669535160833079,0.7669535160833079,11118993.987560533,11118993.987560533,14497611.334182564
SSP1,"Atlantic, Western-Central",263,2042,0.7642967723860764,0.7642967723860764,11080477.550023533,11080477.550023533,14497611.334182564
SSP1,"Atlantic, Western-Central",263,2043,0.7616492317069222,0.7616492317069222,11042094.534265717,11042094.534265717,14497611.334182564
SSP1,"Atlantic, Western-Central",263,2044,0.7590108621663898,0.7590108621663898,11003844.478111133,11003844.478111133,14497611.334182564
SSP1,"Atlantic, Western-Central",263,2045,0.7563816319954552,0.7563816319954552,10965726.920984816,10965726.920984816,14497611.334182564
SSP1,"Atlantic, Western-Central",263,2046,0.7537615095351426,0.7537615095351426,10927741.403907243,10927741.403907243,14497611.334182564
SSP1,"Atlantic, Western-Central",263,2047,0.7511504632361443,0.7511504632361443,10889887.469488809,10889887.469488809,14497611.334182564
SSP1,"Atlantic, Western-Central",263,2048,0.7485484616584394,0.7485484616584394,10852164.661924314,10852164.661924314,14497611.334182564
SSP1,"Atlantic, Western-Central",263,2049,0.7459554734709164,0.7459554734709164,10814572.526987478,10814572.526987478,14497611.334182564
SSP1,"Atlantic, Western-Central",263,2050,0.7433714674509951,0.7433714674509951,10777110.612025471,10777110.612025471,14497611.334182564
SSP1,"Atlantic, Western-Central",263,2051,0.7407964124842512,0.7407964124842512,10739778.465953462,10739778.465953462,14497611.334182564
SSP1,"Atlantic, Western-Central",263,2052,0.7382302775640412,0.7382302775640412,10702575.639249185,10702575.639249185,14497611.334182564
SSP1,"Atlantic, Western-Central",263,2053,0.7356730317911299,0.7356730317911299,10665501.683947533,10665501.683947533,14497611.334182564
SSP1,"Atlantic, Western-Central",263,2054,0.7331246443733168,0.7331246443733168,10628556.15363516,10628556.15363516,14497611.334182564
SSP1,"Atlantic, Western-Central",263,2055,0.730585084625067,0.730585084625067,10591738.6034451,10591738.6034451,14497611.334182564
SSP1,"Atlantic, Western-Central",263,2056,0.7280543219671408,0.7280543219671408,10555048.590051422,10555048.590051422,14497611.334182564
SSP1,"Atlantic, Western-Central",263,2057,0.7255323259262254,0.7255323259262254,10518485.671663884,10518485.671663884,14497611.334182564
SSP1,"Atlantic, Western-Central",263,2058,0.7230190661345685,0.7230190661345685,10482049.408022612,10482049.408022612,14497611.334182564
SSP1,"Atlantic, Western-Central",263,2059,0.7205145123296121,0.7205145123296121,10445739.360392807,10445739.360392807,14497611.334182564
SSP1,"Atlantic, Western-Central",263,2060,0.7180186343536287,0.7180186343536287,10409555.091559453,10409555.091559453,14497611.334182564
SSP1,"Atlantic, Western-Central",263,2061,0.7155314021533574,0.7155314021533574,10373496.165822057,10373496.165822057,14497611.334182564
SSP1,"Atlantic, Western-Central",263,2062,0.7130527857796428,0.7130527857796428,10337562.148989402,10337562.148989402,14497611.334182564
SSP1,"Atlantic, Western-Central",263,2063,0.7105827553870739,0.7105827553870739,10301752.60837432,10301752.60837432,14497611.334182564
SSP1,"Atlantic, Western-Central",263,2064,0.7081212812336249,0.7081212812336249,10266067.11278848,10266067.11278848,14497611.334182564
SSP1,"Atlantic, Western-Central",263,2065,0.7056683336802969,0.7056683336802969,10230505.232537197,10230505.232537197,14497611.334182564
SSP1,"Atlantic, Western-Central",263,2066,0.7032238831907615,0.7032238831907615,10195066.539414259,10195066.539414259,14497611.334182564
SSP1,"Atlantic, Western-Central",263,2067,0.7007879003310041,0.7007879003310041,10159750.606696766,10159750.606696766,14497611.334182564
SSP1,"Atlantic, Western-Central",263,2068,0.6983603557689707,0.6983603557689707,10124557.009139998,10124557.009139998,14497611.334182564
SSP1,"Atlantic, Western-Central",263,2069,0.6959412202742142,0.6959412202742142,10089485.322972292,10089485.322972292,14497611.334182564
SSP1,"Atlantic, Western-Central",263,2070,0.6935304647175422,0.6935304647175422,10054535.12588994,10054535.12588994,14497611.334182564
SSP1,"Atlantic, Western-Central",263,2071,0.6911280600706664,0.6911280600706664,10019705.997052101,10019705.997052101,14497611.334182564
SSP1,"Atlantic, Western-Central",263,2072,0.6887339774058534,0.6887339774058534,9984997.517075738,9984997.517075738,14497611.334182564
SSP1,"Atlantic, Western-Central",263,2073,0.6863481878955757,0.6863481878955757,9950409.268030563,9950409.268030563,14497611.334182564
SSP1,"Atlantic, Western-Central",263,2074,0.6839706628121656,0.6839706628121656,9915940.833434012,9915940.833434012,14497611.334182564
SSP1,"Atlantic, Western-Central",263,2075,0.6816013735274679,0.6816013735274679,9881591.798246222,9881591.798246222,14497611.334182564
SSP1,"Atlantic, Western-Central",263,2076,0.6792402915124965,0.6792402915124965,9847361.748865038,9847361.748865038,14497611.334182564
SSP1,"Atlantic, Western-Central",263,2077,0.6768873883370903,0.6768873883370903,9813250.273121035,9813250.273121035,14497611.334182564
SSP1,"Atlantic, Western-Central",263,2078,0.6745426356695706,0.6745426356695706,9779256.960272547,9779256.960272547,14497611.334182564
SSP1,"Atlantic, Western-Central",263,2079,0.6722060052764005,0.6722060052764005,9745381.401000729,9745381.401000729,14497611.334182564
SSP1,"Atlantic, Western-Central",263,2080,0.6698774690218445,0.6698774690218445,9711623.187404623,9711623.187404623,14497611.334182564
SSP1,"Atlantic, Western-Central",263,2081,0.6675569988676302,0.6675569988676302,9677981.912996253,9677981.912996253,14497611.334182564
SSP1,"Atlantic, Western-Central",263,2082,0.66524456687261,0.66524456687261,9644457.172695722,9644457.172695722,14497611.334182564
SSP1,"Atlantic, Western-Central",263,2083,0.6629401451924254,0.6629401451924254,9611048.562826341,9611048.562826341,14497611.334182564
SSP1,"Atlantic, Western-Central",263,2084,0.6606437060791711,0.6606437060791711,9577755.681109766,9577755.681109766,14497611.334182564
SSP1,"Atlantic, Western-Central",263,2085,0.6583552218810613,0.6583552218810613,9544578.126661152,9544578.126661152,14497611.334182564
SSP1,"Atlantic, Western-Central",263,2086,0.6560746650420967,0.6560746650420967,9511515.49998433,9511515.49998433,14497611.334182564
SSP1,"Atlantic, Western-Central",263,2087,0.6538020081017321,0.6538020081017321,9478567.402966991,9478567.402966991,14497611.334182564
SSP1,"Atlantic, Western-Central",263,2088,0.6515372236945467,0.6515372236945467,9445733.4388759,9445733.4388759,14497611.334182564
SSP1,"Atlantic, Western-Central",263,2089,0.649280284549914,0.649280284549914,9413013.212352114,9413013.212352114,14497611.334182564
SSP1,"Atlantic, Western-Central",263,2090,0.6470311634916736,0.6470311634916736,9380406.329406219,9380406.329406219,14497611.334182564
SSP1,"Atlantic, Western-Central",263,2091,0.6447898334378036,0.6447898334378036,9347912.397413589,9347912.397413589,14497611.334182564
SSP1,"Atlantic, Western-Central",263,2092,0.6425562674000952,0.6425562674000952,9315531.025109662,9315531.025109662,14497611.334182564
SSP1,"Atlantic, Western-Central",263,2093,0.6403304384838271,0.6403304384838271,9283261.822585223,9283261.822585223,14497611.334182564
SSP1,"Atlantic, Western-Central",263,2094,0.6381123198874421,0.6381123198874421,9251104.40128171,9251104.40128171,14497611.334182564
SSP1,"Atlantic, Western-Central",263,2095,0.635901884902224,0.635901884902224,9219058.3739865385,9219058.3739865385,14497611.334182564
SSP1,"Atlantic, Western-Central",263,2096,0.6336991069119762,0.6336991069119762,9187123.354828434,9187123.354828434,14497611.334182564
SSP1,"Atlantic, Western-Central",263,2097,0.6315039593927012,0.6315039593927012,9155298.95927279,9155298.95927279,14497611.334182564
SSP1,"Atlantic, Western-Central",263,2098,0.6293164159122813,0.6293164159122813,9123584.804117037,9123584.804117037,14497611.334182564
SSP1,"Atlantic, Western-Central",263,2099,0.6271364501301601,0.6271364501301601,9091980.507486027,9091980.507486027,14497611.334182564
SSP1,"Atlantic, Western-Central",263,2100,0.6249640357970255,0.6249640357970255,9060485.688827435,9060485.688827435,14497611.334182564
SSP2,"Atlantic, Western-Central",263,2005,0.8690037751739228,0.8690037751739228,12598478.9804089,12598478.9804089,14497611.334182564
SSP2,"Atlantic, Western-Central",263,2006,0.8659935271547811,0.8659935271547811,12554837.57460789,12554837.57460789,14497611.334182564
SSP2,"Atlantic, Western-Central",263,2007,0.8629937067003929,0.8629937067003929,12511347.34358784,12511347.34358784,14497611.334182564
SSP2,"Atlantic, Western-Central",263,2008,0.8600042776894469,0.8600042776894469,12468007.763676014,12468007.763676014,14497611.334182564
SSP2,"Atlantic, Western-Central",263,2009,0.8570252041257561,0.8570252041257561,12424818.313013688,12424818.313013688,14497611.334182564
SSP2,"Atlantic, Western-Central",263,2010,0.8540564501378257,0.8540564501378257,12381778.471549869,12381778.471549869,14497611.334182564
SSP2,"Atlantic, Western-Central",263,2011,0.8510979799784204,0.8510979799784204,12338887.721035033,12338887.721035033,14497611.334182564
SSP2,"Atlantic, Western-Central",263,2012,0.848149758024134,0.848149758024134,12296145.545014884,12296145.545014884,14497611.334182564
SSP2,"Atlantic, Western-Central",263,2013,0.8452117487749604,0.8452117487749604,12253551.428824132,12253551.428824132,14497611.334182564
SSP2,"Atlantic, Western-Central",263,2014,0.8422839168538667,0.8422839168538667,12211104.859580303,12211104.859580303,14497611.334182564
SSP2,"Atlantic, Western-Central",263,2015,0.8393662270063665,0.8393662270063665,12168805.326177554,12168805.326177554,14497611.334182564
SSP2,"Atlantic, Western-Central",263,2016,0.8364586441000958,0.8364586441000958,12126652.31928053,12126652.31928053,14497611.334182564
SSP2,"Atlantic, Western-Central",263,2017,0.8335611331243901,0.8335611331243901,12084645.331318218,12084645.331318218,14497611.334182564
SSP2,"Atlantic, Western-Central",263,2018,0.8306736591898619,0.8306736591898619,12042783.856477847,12042783.856477847,14497611.334182564
SSP2,"Atlantic, Western-Central",263,2019,0.8277961875279822,0.8277961875279822,12001067.39069879,12001067.39069879,14497611.334182564
SSP2,"Atlantic, Western-Central",263,2020,0.8249286834906604,0.8249286834906604,11959495.431666499,11959495.431666499,14497611.334182564
SSP2,"Atlantic, Western-Central",263,2021,0.8220711125498276,0.8220711125498276,11918067.478806451,11918067.478806451,14497611.334182564
SSP2,"Atlantic, Western-Central",263,2022,0.8192234402970212,0.8192234402970212,11876783.033278128,11876783.033278128,14497611.334182564
SSP2,"Atlantic, Western-Central",263,2023,0.8163856324429701,0.8163856324429701,11835641.597969005,11835641.597969005,14497611.334182564
SSP2,"Atlantic, Western-Central",263,2024,0.8135576548171821,0.8135576548171821,11794642.677488565,11794642.677488565,14497611.334182564
SSP2,"Atlantic, Western-Central",263,2025,0.810739473367532,0.810739473367532,11753785.778162336,11753785.778162336,14497611.334182564
SSP2,"Atlantic, Western-Central",263,2026,0.8079310541598523,0.8079310541598523,11713070.408025943,11713070.408025943,14497611.334182564
SSP2,"Atlantic, Western-Central",263,2027,0.805132363377524,0.805132363377524,11672496.076819187,11672496.076819187,14497611.334182564
SSP2,"Atlantic, Western-Central",263,2028,0.8023433673210696,0.8023433673210696,11632062.295980142,11632062.295980142,14497611.334182564
SSP2,"Atlantic, Western-Central",263,2029,0.7995640324077473,0.7995640324077473,11591768.578639273,11591768.578639273,14497611.334182564
SSP2,"Atlantic, Western-Central",263,2030,0.7967943251711468,0.7967943251711468,11551614.439613566,11551614.439613566,14497611.334182564
SSP2,"Atlantic, Western-Central",263,2031,0.7940342122607861,0.7940342122607861,11511599.395400696,11511599.395400696,14497611.334182564
SSP2,"Atlantic, Western-Central",263,2032,0.7912836604417098,0.7912836604417098,11471722.9641732,11471722.9641732,14497611.334182564
SSP2,"Atlantic, Western-Central",263,2033,0.7885426365940894,0.7885426365940894,11431984.665772673,11431984.665772673,14497611.334182564
SSP2,"Atlantic, Western-Central",263,2034,0.785811107712824,0.785811107712824,11392384.021703994,11392384.021703994,14497611.334182564
SSP2,"Atlantic, Western-Central",263,2035,0.7830890409071434,0.7830890409071434,11352920.555129556,11352920.555129556,14497611.334182564
SSP2,"Atlantic, Western-Central",263,2036,0.7803764034002113,0.7803764034002113,11313593.790863529,11313593.790863529,14497611.334182564
SSP2,"Atlantic, Western-Central",263,2037,0.7776731625287315,0.7776731625287315,11274403.255366137,11274403.255366137,14497611.334182564
SSP2,"Atlantic, Western-Central",263,2038,0.7749792857425538,0.7749792857425538,11235348.476737956,11235348.476737956,14497611.334182564
SSP2,"Atlantic, Western-Central",263,2039,0.7722947406042827,0.7722947406042827,11196428.984714232,11196428.984714232,14497611.334182564
SSP2,"Atlantic, Western-Central",263,2040,0.7696194947888864,0.7696194947888864,11157644.310659219,11157644.310659219,14497611.334182564
SSP2,"Atlantic, Western-Central",263,2041,0.7669535160833079,0.7669535160833079,11118993.987560533,11118993.987560533,14497611.334182564
SSP2,"Atlantic, Western-Central",263,2042,0.7642967723860764,0.7642967723860764,11080477.550023533,11080477.550023533,14497611.334182564
SSP2,"Atlantic, Western-Central",263,2043,0.7616492317069222,0.7616492317069222,11042094.534265717,11042094.534265717,14497611.334182564
SSP2,"Atlantic, Western-Central",263,2044,0.7590108621663898,0.7590108621663898,11003844.478111133,11003844.478111133,14497611.334182564
SSP2,"Atlantic, Western-Central",263,2045,0.7563816319954552,0.7563816319954552,10965726.920984816,10965726.920984816,14497611.334182564
SSP2,"Atlantic, Western-Central",263,2046,0.7537615095351426,0.7537615095351426,10927741.403907243,10927741.403907243,14497611.334182564
SSP2,"Atlantic, Western-Central",263,2047,0.7511504632361443,0.7511504632361443,10889887.469488809,10889887.469488809,14497611.334182564
SSP2,"Atlantic, Western-Central",263,2048,0.7485484616584394,0.7485484616584394,10852164.661924314,10852164.661924314,14497611.334182564
SSP2,"Atlantic, Western-Central",263,2049,0.7459554734709164,0.7459554734709164,10814572.526987478,10814572.526987478,14497611.334182564
SSP2,"Atlantic, Western-Central",263,2050,0.7433714674509951,0.7433714674509951,10777110.612025471,10777110.612025471,14497611.334182564
SSP2,"Atlantic, Western-Central",263,2051,0.7407964124842512,0.7407964124842512,10739778.465953462,10739778.465953462,14497611.334182564
SSP2,"Atlantic, Western-Central",263,2052,0.7382302775640412,0.7382302775640412,10702575.639249185,10702575.639249185,14497611.334182564
SSP2,"Atlantic, Western-Central",263,2053,0.7356730317911299,0.7356730317911299,10665501.683947533,10665501.683947533,14497611.334182564
SSP2,"Atlantic, Western-Central",263,2054,0.7331246443733168,0.7331246443733168,10628556.15363516,10628556.15363516,14497611.334182564
SSP2,"Atlantic, Western-Central",263,2055,0.730585084625067,0.730585084625067,10591738.6034451,10591738.6034451,14497611.334182564
SSP2,"Atlantic, Western-Central",263,2056,0.7280543219671408,0.7280543219671408,10555048.590051422,10555048.590051422,14497611.334182564
SSP2,"Atlantic, Western-Central",263,2057,0.7255323259262254,0.7255323259262254,10518485.671663884,10518485.671663884,14497611.334182564
SSP2,"Atlantic, Western-Central",263,2058,0.7230190661345685,0.7230190661345685,10482049.408022612,10482049.408022612,14497611.334182564
SSP2,"Atlantic, Western-Central",263,2059,0.7205145123296121,0.7205145123296121,10445739.360392807,10445739.360392807,14497611.334182564
SSP2,"Atlantic, Western-Central",263,2060,0.7180186343536287,0.7180186343536287,10409555.091559453,10409555.091559453,14497611.334182564
SSP2,"Atlantic, Western-Central",263,2061,0.7155314021533574,0.7155314021533574,10373496.165822057,10373496.165822057,14497611.334182564
SSP2,"Atlantic, Western-Central",263,2062,0.7130527857796428,0.7130527857796428,10337562.148989402,10337562.148989402,14497611.334182564
SSP2,"Atlantic, Western-Central",263,2063,0.7105827553870739,0.7105827553870739,10301752.60837432,10301752.60837432,14497611.334182564
SSP2,"Atlantic, Western-Central",263,2064,0.7081212812336249,0.7081212812336249,10266067.11278848,10266067.11278848,14497611.334182564
SSP2,"Atlantic, Western-Central",263,2065,0.7056683336802969,0.7056683336802969,10230505.232537197,10230505.232537197,14497611.334182564
SSP2,"Atlantic, Western-Central",263,2066,0.7032238831907615,0.7032238831907615,10195066.539414259,10195066.539414259,14497611.334182564
SSP2,"Atlantic, Western-Central",263,2067,0.7007879003310041,0.7007879003310041,10159750.606696766,10159750.606696766,14497611.334182564
SSP2,"Atlantic, Western-Central",263,2068,0.6983603557689707,0.6983603557689707,10124557.009139998,10124557.009139998,14497611.334182564
SSP2,"Atlantic, Western-Central",263,2069,0.6959412202742142,0.6959412202742142,10089485.322972292,10089485.322972292,14497611.334182564
SSP2,"Atlantic, Western-Central",263,2070,0.6935304647175422,0.6935304647175422,10054535.12588994,10054535.12588994,14497611.334182564
SSP2,"Atlantic, Western-Central",263,2071,0.6911280600706664,0.6911280600706664,10019705.997052101,10019705.997052101,14497611.334182564
SSP2,"Atlantic, Western-Central",263,2072,0.6887339774058534,0.6887339774058534,9984997.517075738,9984997.517075738,14497611.334182564
SSP2,"Atlantic, Western-Central",263,2073,0.6863481878955757,0.6863481878955757,9950409.268030563,9950409.268030563,14497611.334182564
SSP2,"Atlantic, Western-Central",263,2074,0.6839706628121656,0.6839706628121656,9915940.833434012,9915940.833434012,14497611.334182564
SSP2,"Atlantic, Western-Central",263,2075,0.6816013735274679,0.6816013735274679,9881591.798246222,9881591.798246222,14497611.334182564
SSP2,"Atlantic, Western-Central",263,2076,0.6792402915124965,0.6792402915124965,9847361.748865038,9847361.748865038,14497611.334182564
SSP2,"Atlantic, Western-Central",263,2077,0.6768873883370903,0.6768873883370903,9813250.273121035,9813250.273121035,14497611.334182564
SSP2,"Atlantic, Western-Central",263,2078,0.6745426356695706,0.6745426356695706,9779256.960272547,9779256.960272547,14497611.334182564
SSP2,"Atlantic, Western-Central",263,2079,0.6722060052764005,0.6722060052764005,9745381.401000729,9745381.401000729,14497611.334182564
SSP2,"Atlantic, Western-Central",263,2080,0.6698774690218445,0.6698774690218445,9711623.187404623,9711623.187404623,14497611.334182564
SSP2,"Atlantic, Western-Central",263,2081,0.6675569988676302,0.6675569988676302,9677981.912996253,9677981.912996253,14497611.334182564
SSP2,"Atlantic, Western-Central",263,2082,0.66524456687261,0.66524456687261,9644457.172695722,9644457.172695722,14497611.334182564
SSP2,"Atlantic, Western-Central",263,2083,0.6629401451924254,0.6629401451924254,9611048.562826341,9611048.562826341,14497611.334182564
SSP2,"Atlantic, Western-Central",263,2084,0.6606437060791711,0.6606437060791711,9577755.681109766,9577755.681109766,14497611.334182564
SSP2,"Atlantic, Western-Central",263,2085,0.6583552218810613,0.6583552218810613,9544578.126661152,9544578.126661152,14497611.334182564
SSP2,"Atlantic, Western-Central",263,2086,0.6560746650420967,0.6560746650420967,9511515.49998433,9511515.49998433,14497611.334182564
SSP2,"Atlantic, Western-Central",263,2087,0.6538020081017321,0.6538020081017321,9478567.402966991,9478567.402966991,14497611.334182564
SSP2,"Atlantic, Western-Central",263,2088,0.6515372236945467,0.6515372236945467,9445733.4388759,9445733.4388759,14497611.334182564
SSP2,"Atlantic, Western-Central",263,2089,0.6515372236945467,0.6515372236945467,9445733.4388759,9445733.4388759,14497611.334182564
SSP2,"Atlantic, Western-Central",263,2090,0.6515372236945467,0.6515372236945467,9445733.4388759,9445733.4388759,14497611.334182564
SSP2,"Atlantic, Western-Central",263,2091,0.6515372236945467,0.6515372236945467,9445733.4388759,9445733.4388759,14497611.334182564
SSP2,"Atlantic, Western-Central",263,2092,0.6515372236945467,0.6515372236945467,9445733.4388759,9445733.4388759,14497611.334182564
SSP2,"Atlantic, Western-Central",263,2093,0.6515372236945467,0.6515372236945467,9445733.4388759,9445733.4388759,14497611.334182564
SSP2,"Atlantic, Western-Central",263,2094,0.6515372236945467,0.6515372236945467,9445733.4388759,9445733.4388759,14497611.334182564
SSP2,"Atlantic, Western-Central",263,2095,0.6515372236945467,0.6515372236945467,9445733.4388759,9445733.4388759,14497611.334182564
SSP2,"Atlantic, Western-Central",263,2096,0.6515372236945467,0.6515372236945467,9445733.4388759,9445733.4388759,14497611.334182564
SSP2,"Atlantic, Western-Central",263,2097,0.6515372236945467,0.6515372236945467,9445733.4388759,9445733.4388759,14497611.334182564
SSP2,"Atlantic, Western-Central",263,2098,0.6515372236945467,0.6515372236945467,9445733.4388759,9445733.4388759,14497611.334182564
SSP2,"Atlantic, Western-Central",263,2099,0.6515372236945467,0.6515372236945467,9445733.4388759,9445733.4388759,14497611.334182564
SSP2,"Atlantic, Western-Central",263,2100,0.6515372236945467,0.6515372236945467,9445733.4388759,9445733.4388759,14497611.334182564
SSP3,"Atlantic, Western-Central",263,2005,0.8690037751739228,0.8690037751739228,12598478.9804089,12598478.9804089,14497611.334182564
SSP3,"Atlantic, Western-Central",263,2006,0.8659935271547811,0.8659935271547811,12554837.57460789,12554837.57460789,14497611.334182564
SSP3,"Atlantic, Western-Central",263,2007,0.8629937067003929,0.8629937067003929,12511347.34358784,12511347.34358784,14497611.334182564
SSP3,"Atlantic, Western-Central",263,2008,0.8600042776894469,0.8600042776894469,12468007.763676014,12468007.763676014,14497611.334182564
SSP3,"Atlantic, Western-Central",263,2009,0.8570252041257561,0.8570252041257561,12424818.313013688,12424818.313013688,14497611.334182564
SSP3,"Atlantic, Western-Central",263,2010,0.8540564501378257,0.8540564501378257,12381778.471549869,12381778.471549869,14497611.334182564
SSP3,"Atlantic, Western-Central",263,2011,0.8510979799784204,0.8510979799784204,12338887.721035033,12338887.721035033,14497611.334182564
SSP3,"Atlantic, Western-Central",263,2012,0.848149758024134,0.848149758024134,12296145.545014884,12296145.545014884,14497611.334182564
SSP3,"Atlantic, Western-Central",263,2013,0.8452117487749604,0.8452117487749604,12253551.428824132,12253551.428824132,14497611.334182564
SSP3,"Atlantic, Western-Central",263,2014,0.8422839168538667,0.8422839168538667,12211104.859580303,12211104.859580303,14497611.334182564
SSP3,"Atlantic, Western-Central",263,2015,0.8393662270063665,0.8393662270063665,12168805.326177554,12168805.326177554,14497611.334182564
SSP3,"Atlantic, Western-Central",263,2016,0.8364586441000958,0.8364586441000958,12126652.31928053,12126652.31928053,14497611.334182564
SSP3,"Atlantic, Western-Central",263,2017,0.8335611331243901,0.8335611331243901,12084645.331318218,12084645.331318218,14497611.334182564
SSP3,"Atlantic, Western-Central",263,2018,0.8306736591898619,0.8306736591898619,12042783.856477847,12042783.856477847,14497611.334182564
SSP3,"Atlantic, Western-Central",263,2019,0.8277961875279822,0.8277961875279822,12001067.39069879,12001067.39069879,14497611.334182564
SSP3,"Atlantic, Western-Central",263,2020,0.8249286834906604,0.8249286834906604,11959495.431666499,11959495.431666499,14497611.334182564
SSP3,"Atlantic, Western-Central",263,2021,0.8220711125498276,0.8220711125498276,11918067.478806451,11918067.478806451,14497611.334182564
SSP3,"Atlantic, Western-Central",263,2022,0.8192234402970212,0.8192234402970212,11876783.033278128,11876783.033278128,14497611.334182564
SSP3,"Atlantic, Western-Central",263,2023,0.8163856324429701,0.8163856324429701,11835641.597969005,11835641.597969005,14497611.334182564
SSP3,"Atlantic, Western-Central",263,2024,0.8135576548171821,0.8135576548171821,11794642.677488565,11794642.677488565,14497611.334182564
SSP3,"Atlantic, Western-Central",263,2025,0.810739473367532,0.810739473367532,11753785.778162336,11753785.778162336,14497611.334182564
SSP3,"Atlantic, Western-Central",263,2026,0.8079310541598523,0.8079310541598523,11713070.408025943,11713070.408025943,14497611.334182564
SSP3,"Atlantic, Western-Central",263,2027,0.805132363377524,0.805132363377524,11672496.076819187,11672496.076819187,14497611.334182564
SSP3,"Atlantic, Western-Central",263,2028,0.8023433673210696,0.8023433673210696,11632062.295980142,11632062.295980142,14497611.334182564
SSP3,"Atlantic, Western-Central",263,2029,0.7995640324077473,0.7995640324077473,11591768.578639273,11591768.578639273,14497611.334182564
SSP3,"Atlantic, Western-Central",263,2030,0.7967943251711468,0.7967943251711468,11551614.439613566,11551614.439613566,14497611.334182564
SSP3,"Atlantic, Western-Central",263,2031,0.7940342122607861,0.7940342122607861,11511599.395400696,11511599.395400696,14497611.334182564
SSP3,"Atlantic, Western-Central",263,2032,0.7912836604417098,0.7912836604417098,11471722.9641732,11471722.9641732,14497611.334182564
SSP3,"Atlantic, Western-Central",263,2033,0.7885426365940894,0.7885426365940894,11431984.665772673,11431984.665772673,14497611.334182564
SSP3,"Atlantic, Western-Central",263,2034,0.785811107712824,0.785811107712824,11392384.021703994,11392384.021703994,14497611.334182564
SSP3,"Atlantic, Western-Central",263,2035,0.7830890409071434,0.7830890409071434,11352920.555129556,11352920.555129556,14497611.334182564
SSP3,"Atlantic, Western-Central",263,2036,0.7803764034002113,0.7803764034002113,11313593.790863529,11313593.790863529,14497611.334182564
SSP3,"Atlantic, Western-Central",263,2037,0.7776731625287315,0.7776731625287315,11274403.255366137,11274403.255366137,14497611.334182564
SSP3,"Atlantic, Western-Central",263,2038,0.7749792857425538,0.7749792857425538,11235348.476737956,11235348.476737956,14497611.334182564
SSP3,"Atlantic, Western-Central",263,2039,0.7722947406042827,0.7722947406042827,11196428.984714232,11196428.984714232,14497611.334182564
SSP3,"Atlantic, Western-Central",263,2040,0.7696194947888864,0.7696194947888864,11157644.310659219,11157644.310659219,14497611.334182564
SSP3,"Atlantic, Western-Central",263,2041,0.7669535160833079,0.7669535160833079,11118993.987560533,11118993.987560533,14497611.334182564
SSP3,"Atlantic, Western-Central",263,2042,0.7642967723860764,0.7642967723860764,11080477.550023533,11080477.550023533,14497611.334182564
SSP3,"Atlantic, Western-Central",263,2043,0.7616492317069222,0.7616492317069222,11042094.534265717,11042094.534265717,14497611.334182564
SSP3,"Atlantic, Western-Central",263,2044,0.7590108621663898,0.7590108621663898,11003844.478111133,11003844.478111133,14497611.334182564
SSP3,"Atlantic, Western-Central",263,2045,0.7563816319954552,0.7563816319954552,10965726.920984816,10965726.920984816,14497611.334182564
SSP3,"Atlantic, Western-Central",263,2046,0.7537615095351426,0.7537615095351426,10927741.403907243,10927741.403907243,14497611.334182564
SSP3,"Atlantic, Western-Central",263,2047,0.7511504632361443,0.7511504632361443,10889887.469488809,10889887.469488809,14497611.334182564
SSP3,"Atlantic, Western-Central",263,2048,0.7485484616584394,0.7485484616584394,10852164.661924314,10852164.661924314,14497611.334182564
SSP3,"Atlantic, Western-Central",263,2049,0.7459554734709164,0.7459554734709164,10814572.526987478,10814572.526987478,14497611.334182564
SSP3,"Atlantic, Western-Central",263,2050,0.7433714674509951,0.7433714674509951,10777110.612025471,10777110.612025471,14497611.334182564
SSP3,"Atlantic, Western-Central",263,2051,0.7407964124842512,0.7407964124842512,10739778.465953462,10739778.465953462,14497611.334182564
SSP3,"Atlantic, Western-Central",263,2052,0.7382302775640412,0.7382302775640412,10702575.639249185,10702575.639249185,14497611.334182564
SSP3,"Atlantic, Western-Central",263,2053,0.7356730317911299,0.7356730317911299,10665501.683947533,10665501.683947533,14497611.334182564
SSP3,"Atlantic, Western-Central",263,2054,0.7331246443733168,0.7331246443733168,10628556.15363516,10628556.15363516,14497611.334182564
SSP3,"Atlantic, Western-Central",263,2055,0.730585084625067,0.730585084625067,10591738.6034451,10591738.6034451,14497611.334182564
SSP3,"Atlantic, Western-Central",263,2056,0.7280543219671408,0.7280543219671408,10555048.590051422,10555048.590051422,14497611.334182564
SSP3,"Atlantic, Western-Central",263,2057,0.7255323259262254,0.7255323259262254,10518485.671663884,10518485.671663884,14497611.334182564
SSP3,"Atlantic, Western-Central",263,2058,0.7230190661345685,0.7230190661345685,10482049.408022612,10482049.408022612,14497611.334182564
SSP3,"Atlantic, Western-Central",263,2059,0.7205145123296121,0.7205145123296121,10445739.360392807,10445739.360392807,14497611.334182564
SSP3,"Atlantic, Western-Central",263,2060,0.7180186343536287,0.7180186343536287,10409555.091559453,10409555.091559453,14497611.334182564
SSP3,"Atlantic, Western-Central",263,2061,0.7155314021533574,0.7155314021533574,10373496.165822057,10373496.165822057,14497611.334182564
SSP3,"Atlantic, Western-Central",263,2062,0.7130527857796428,0.7130527857796428,10337562.148989402,10337562.148989402,14497611.334182564
SSP3,"Atlantic, Western-Central",263,2063,0.7105827553870739,0.7105827553870739,10301752.60837432,10301752.60837432,14497611.334182564
SSP3,"Atlantic, Western-Central",263,2064,0.7081212812336249,0.7081212812336249,10266067.11278848,10266067.11278848,14497611.334182564
SSP3,"Atlantic, Western-Central",263,2065,0.7056683336802969,0.7056683336802969,10230505.232537197,10230505.232537197,14497611.334182564
SSP3,"Atlantic, Western-Central",263,2066,0.7032238831907615,0.7032238831907615,10195066.539414259,10195066.539414259,14497611.334182564
SSP3,"Atlantic, Western-Central",263,2067,0.7007879003310041,0.7007879003310041,10159750.606696766,10159750.606696766,14497611.334182564
SSP3,"Atlantic, Western-Central",263,2068,0.6983603557689707,0.6983603557689707,10124557.009139998,10124557.009139998,14497611.334182564
SSP3,"Atlantic, Western-Central",263,2069,0.6959412202742142,0.6959412202742142,10089485.322972292,10089485.322972292,14497611.334182564
SSP3,"Atlantic, Western-Central",263,2070,0.6935304647175422,0.6935304647175422,10054535.12588994,10054535.12588994,14497611.334182564
SSP3,"Atlantic, Western-Central",263,2071,0.6911280600706664,0.6911280600706664,10019705.997052101,10019705.997052101,14497611.334182564
SSP3,"Atlantic, Western-Central",263,2072,0.6887339774058534,0.6887339774058534,9984997.517075738,9984997.517075738,14497611.334182564
SSP3,"Atlantic, Western-Central",263,2073,0.6863481878955757,0.6863481878955757,9950409.268030563,9950409.268030563,14497611.334182564
SSP3,"Atlantic, Western-Central",263,2074,0.6839706628121656,0.6839706628121656,9915940.833434012,9915940.833434012,14497611.334182564
SSP3,"Atlantic, Western-Central",263,2075,0.6816013735274679,0.6816013735274679,9881591.798246222,9881591.798246222,14497611.334182564
SSP3,"Atlantic, Western-Central",263,2076,0.6792402915124965,0.6792402915124965,9847361.748865038,9847361.748865038,14497611.334182564
SSP3,"Atlantic, Western-Central",263,2077,0.6768873883370903,0.6768873883370903,9813250.273121035,9813250.273121035,14497611.334182564
SSP3,"Atlantic, Western-Central",263,2078,0.6745426356695706,0.6745426356695706,9779256.960272547,9779256.960272547,14497611.334182564
SSP3,"Atlantic, Western-Central",263,2079,0.6722060052764005,0.6722060052764005,9745381.401000729,9745381.401000729,14497611.334182564
SSP3,"Atlantic, Western-Central",263,2080,0.6698774690218445,0.6698774690218445,9711623.187404623,9711623.187404623,14497611.334182564
SSP3,"Atlantic, Western-Central",263,2081,0.6675569988676302,0.6675569988676302,9677981.912996253,9677981.912996253,14497611.334182564
SSP3,"Atlantic, Western-Central",263,2082,0.66524456687261,0.66524456687261,9644457.172695722,9644457.172695722,14497611.334182564
SSP3,"Atlantic, Western-Central",263,2083,0.6629401451924254,0.6629401451924254,9611048.562826341,9611048.562826341,14497611.334182564
SSP3,"Atlantic, Western-Central",263,2084,0.6606437060791711,0.6606437060791711,9577755.681109766,9577755.681109766,14497611.334182564
SSP3,"Atlantic, Western-Central",263,2085,0.6583552218810613,0.6583552218810613,9544578.126661152,9544578.126661152,14497611.334182564
SSP3,"Atlantic, Western-Central",263,2086,0.6560746650420967,0.6560746650420967,9511515.49998433,9511515.49998433,14497611.334182564
SSP3,"Atlantic, Western-Central",263,2087,0.6538020081017321,0.6538020081017321,9478567.402966991,9478567.402966991,14497611.334182564
SSP3,"Atlantic, Western-Central",263,2088,0.6515372236945467,0.6515372236945467,9445733.4388759,9445733.4388759,14497611.334182564
SSP3,"Atlantic, Western-Central",263,2089,0.649280284549914,0.649280284549914,9413013.212352114,9413013.212352114,14497611.334182564
SSP3,"Atlantic, Western-Central",263,2090,0.6470311634916736,0.6470311634916736,9380406.329406219,9380406.329406219,14497611.334182564
SSP3,"Atlantic, Western-Central",263,2091,0.6447898334378036,0.6447898334378036,9347912.397413589,9347912.397413589,14497611.334182564
SSP3,"Atlantic, Western-Central",263,2092,0.6425562674000952,0.6425562674000952,9315531.025109662,9315531.025109662,14497611.334182564
SSP3,"Atlantic, Western-Central",263,2093,0.6403304384838271,0.6403304384838271,9283261.822585223,9283261.822585223,14497611.334182564
SSP3,"Atlantic, Western-Central",263,2094,0.6381123198874421,0.6381123198874421,9251104.40128171,9251104.40128171,14497611.334182564
SSP3,"Atlantic, Western-Central",263,2095,0.635901884902224,0.635901884902224,9219058.3739865385,9219058.3739865385,14497611.334182564
SSP3,"Atlantic, Western-Central",263,2096,0.6336991069119762,0.6336991069119762,9187123.354828434,9187123.354828434,14497611.334182564
SSP3,"Atlantic, Western-Central",263,2097,0.6315039593927012,0.6315039593927012,9155298.95927279,9155298.95927279,14497611.334182564
SSP3,"Atlantic, Western-Central",263,2098,0.6293164159122813,0.6293164159122813,9123584.804117037,9123584.804117037,14497611.334182564
SSP3,"Atlantic, Western-Central",263,2099,0.6271364501301601,0.6271364501301601,9091980.507486027,9091980.507486027,14497611.334182564
SSP3,"Atlantic, Western-Central",263,2100,0.6249640357970255,0.6249640357970255,9060485.688827435,9060485.688827435,14497611.334182564
SSP4,"Atlantic, Western-Central",263,2005,0.8690037751739228,0.8690037751739228,12598478.9804089,12598478.9804089,14497611.334182564
SSP4,"Atlantic, Western-Central",263,2006,0.8659935271547811,0.8659935271547811,12554837.57460789,12554837.57460789,14497611.334182564
SSP4,"Atlantic, Western-Central",263,2007,0.8629937067003929,0.8629937067003929,12511347.34358784,12511347.34358784,14497611.334182564
SSP4,"Atlantic, Western-Central",263,2008,0.8600042776894469,0.8600042776894469,12468007.763676014,12468007.763676014,14497611.334182564
SSP4,"Atlantic, Western-Central",263,2009,0.8570252041257561,0.8570252041257561,12424818.313013688,12424818.313013688,14497611.334182564
SSP4,"Atlantic, Western-Central",263,2010,0.8540564501378257,0.8540564501378257,12381778.471549869,12381778.471549869,14497611.334182564
SSP4,"Atlantic, Western-Central",263,2011,0.8510979799784204,0.8510979799784204,12338887.721035033,12338887.721035033,14497611.334182564
SSP4,"Atlantic, Western-Central",263,2012,0.848149758024134,0.848149758024134,12296145.545014884,12296145.545014884,14497611.334182564
SSP4,"Atlantic, Western-Central",263,2013,0.8452117487749604,0.8452117487749604,12253551.428824132,12253551.428824132,14497611.334182564
SSP4,"Atlantic, Western-Central",263,2014,0.8422839168538667,0.8422839168538667,12211104.859580303,12211104.859580303,14497611.334182564
SSP4,"Atlantic, Western-Central",263,2015,0.8393662270063665,0.8393662270063665,12168805.326177554,12168805.326177554,14497611.334182564
SSP4,"Atlantic, Western-Central",263,2016,0.8364586441000958,0.8364586441000958,12126652.31928053,12126652.31928053,14497611.334182564
SSP4,"Atlantic, Western-Central",263,2017,0.8335611331243901,0.8335611331243901,12084645.331318218,12084645.331318218,14497611.334182564
SSP4,"Atlantic, Western-Central",263,2018,0.8306736591898619,0.8306736591898619,12042783.856477847,12042783.856477847,14497611.334182564
SSP4,"Atlantic, Western-Central",263,2019,0.8277961875279822,0.8277961875279822,12001067.39069879,12001067.39069879,14497611.334182564
SSP4,"Atlantic, Western-Central",263,2020,0.8249286834906604,0.8249286834906604,11959495.431666499,11959495.431666499,14497611.334182564
SSP4,"Atlantic, Western-Central",263,2021,0.8220711125498276,0.8220711125498276,11918067.478806451,11918067.478806451,14497611.334182564
SSP4,"Atlantic, Western-Central",263,2022,0.8192234402970212,0.8192234402970212,11876783.033278128,11876783.033278128,14497611.334182564
SSP4,"Atlantic, Western-Central",263,2023,0.8163856324429701,0.8163856324429701,11835641.597969005,11835641.597969005,14497611.334182564
SSP4,"Atlantic, Western-Central",263,2024,0.8135576548171821,0.8135576548171821,11794642.677488565,11794642.677488565,14497611.334182564
SSP4,"Atlantic, Western-Central",263,2025,0.810739473367532,0.810739473367532,11753785.778162336,11753785.778162336,14497611.334182564
SSP4,"Atlantic, Western-Central",263,2026,0.8079310541598523,0.8079310541598523,11713070.408025943,11713070.408025943,14497611.334182564
SSP4,"Atlantic, Western-Central",263,2027,0.805132363377524,0.805132363377524,11672496.076819187,11672496.076819187,14497611.334182564
SSP4,"Atlantic, Western-Central",263,2028,0.8023433673210696,0.8023433673210696,11632062.295980142,11632062.295980142,14497611.334182564
SSP4,"Atlantic, Western-Central",263,2029,0.7995640324077473,0.7995640324077473,11591768.578639273,11591768.578639273,14497611.334182564
SSP4,"Atlantic, Western-Central",263,2030,0.7967943251711468,0.7967943251711468,11551614.439613566,11551614.439613566,14497611.334182564
SSP4,"Atlantic, Western-Central",263,2031,0.7940342122607861,0.7940342122607861,11511599.395400696,11511599.395400696,14497611.334182564
SSP4,"Atlantic, Western-Central",263,2032,0.7912836604417098,0.7912836604417098,11471722.9641732,11471722.9641732,14497611.334182564
SSP4,"Atlantic, Western-Central",263,2033,0.7885426365940894,0.7885426365940894,11431984.665772673,11431984.665772673,14497611.334182564
SSP4,"Atlantic, Western-Central",263,2034,0.785811107712824,0.785811107712824,11392384.021703994,11392384.021703994,14497611.334182564
SSP4,"Atlantic, Western-Central",263,2035,0.7830890409071434,0.7830890409071434,11352920.555129556,11352920.555129556,14497611.334182564
SSP4,"Atlantic, Western-Central",263,2036,0.7803764034002113,0.7803764034002113,11313593.790863529,11313593.790863529,14497611.334182564
SSP4,"Atlantic, Western-Central",263,2037,0.7776731625287315,0.7776731625287315,11274403.255366137,11274403.255366137,14497611.334182564
SSP4,"Atlantic, Western-Central",263,2038,0.7749792857425538,0.7749792857425538,11235348.476737956,11235348.476737956,14497611.334182564
SSP4,"Atlantic, Western-Central",263,2039,0.7722947406042827,0.7722947406042827,11196428.984714232,11196428.984714232,14497611.334182564
SSP4,"Atlantic, Western-Central",263,2040,0.7696194947888864,0.7696194947888864,11157644.310659219,11157644.310659219,14497611.334182564
SSP4,"Atlantic, Western-Central",263,2041,0.7669535160833079,0.7669535160833079,11118993.987560533,11118993.987560533,14497611.334182564
SSP4,"Atlantic, Western-Central",263,2042,0.7642967723860764,0.7642967723860764,11080477.550023533,11080477.550023533,14497611.334182564
SSP4,"Atlantic, Western-Central",263,2043,0.7616492317069222,0.7616492317069222,11042094.534265717,11042094.534265717,14497611.334182564
SSP4,"Atlantic, Western-Central",263,2044,0.7590108621663898,0.7590108621663898,11003844.478111133,11003844.478111133,14497611.334182564
SSP4,"Atlantic, Western-Central",263,2045,0.7563816319954552,0.7563816319954552,10965726.920984816,10965726.920984816,14497611.334182564
SSP4,"Atlantic, Western-Central",263,2046,0.7537615095351426,0.7537615095351426,10927741.403907243,10927741.403907243,14497611.334182564
SSP4,"Atlantic, Western-Central",263,2047,0.7511504632361443,0.7511504632361443,10889887.469488809,10889887.469488809,14497611.334182564
SSP4,"Atlantic, Western-Central",263,2048,0.7485484616584394,0.7485484616584394,10852164.661924314,10852164.661924314,14497611.334182564
SSP4,"Atlantic, Western-Central",263,2049,0.7459554734709164,0.7459554734709164,10814572.526987478,10814572.526987478,14497611.334182564
SSP4,"Atlantic, Western-Central",263,2050,0.7433714674509951,0.7433714674509951,10777110.612025471,10777110.612025471,14497611.334182564
SSP4,"Atlantic, Western-Central",263,2051,0.7407964124842512,0.7407964124842512,10739778.465953462,10739778.465953462,14497611.334182564
SSP4,"Atlantic, Western-Central",263,2052,0.7382302775640412,0.7382302775640412,10702575.639249185,10702575.639249185,14497611.334182564
SSP4,"Atlantic, Western-Central",263,2053,0.7356730317911299,0.7356730317911299,10665501.683947533,10665501.683947533,14497611.334182564
SSP4,"Atlantic, Western-Central",263,2054,0.7331246443733168,0.7331246443733168,10628556.15363516,10628556.15363516,14497611.334182564
SSP4,"Atlantic, Western-Central",263,2055,0.730585084625067,0.730585084625067,10591738.6034451,10591738.6034451,14497611.334182564
SSP4,"Atlantic, Western-Central",263,2056,0.7280543219671408,0.7280543219671408,10555048.590051422,10555048.590051422,14497611.334182564
SSP4,"Atlantic, Western-Central",263,2057,0.7255323259262254,0.7255323259262254,10518485.671663884,10518485.671663884,14497611.334182564
SSP4,"Atlantic, Western-Central",263,2058,0.7230190661345685,0.7230190661345685,10482049.408022612,10482049.408022612,14497611.334182564
SSP4,"Atlantic, Western-Central",263,2059,0.7205145123296121,0.7205145123296121,10445739.360392807,10445739.360392807,14497611.334182564
SSP4,"Atlantic, Western-Central",263,2060,0.7180186343536287,0.7180186343536287,10409555.091559453,10409555.091559453,14497611.334182564
SSP4,"Atlantic, Western-Central",263,2061,0.7155314021533574,0.7155314021533574,10373496.165822057,10373496.165822057,14497611.334182564
SSP4,"Atlantic, Western-Central",263,2062,0.7130527857796428,0.7130527857796428,10337562.148989402,10337562.148989402,14497611.334182564
SSP4,"Atlantic, Western-Central",263,2063,0.7105827553870739,0.7105827553870739,10301752.60837432,10301752.60837432,14497611.334182564
SSP4,"Atlantic, Western-Central",263,2064,0.7081212812336249,0.7081212812336249,10266067.11278848,10266067.11278848,14497611.334182564
SSP4,"Atlantic, Western-Central",263,2065,0.7056683336802969,0.7056683336802969,10230505.232537197,10230505.232537197,14497611.334182564
SSP4,"Atlantic, Western-Central",263,2066,0.7032238831907615,0.7032238831907615,10195066.539414259,10195066.539414259,14497611.334182564
SSP4,"Atlantic, Western-Central",263,2067,0.7007879003310041,0.7007879003310041,10159750.606696766,10159750.606696766,14497611.334182564
SSP4,"Atlantic, Western-Central",263,2068,0.6983603557689707,0.6983603557689707,10124557.009139998,10124557.009139998,14497611.334182564
SSP4,"Atlantic, Western-Central",263,2069,0.6959412202742142,0.6959412202742142,10089485.322972292,10089485.322972292,14497611.334182564
SSP4,"Atlantic, Western-Central",263,2070,0.6935304647175422,0.6935304647175422,10054535.12588994,10054535.12588994,14497611.334182564
SSP4,"Atlantic, Western-Central",263,2071,0.6911280600706664,0.6911280600706664,10019705.997052101,10019705.997052101,14497611.334182564
SSP4,"Atlantic, Western-Central",263,2072,0.6887339774058534,0.6887339774058534,9984997.517075738,9984997.517075738,14497611.334182564
SSP4,"Atlantic, Western-Central",263,2073,0.6863481878955757,0.6863481878955757,9950409.268030563,9950409.268030563,14497611.334182564
SSP4,"Atlantic, Western-Central",263,2074,0.6839706628121656,0.6839706628121656,9915940.833434012,9915940.833434012,14497611.334182564
SSP4,"Atlantic, Western-Central",263,2075,0.6816013735274679,0.6816013735274679,9881591.798246222,9881591.798246222,14497611.334182564
SSP4,"Atlantic, Western-Central",263,2076,0.6792402915124965,0.6792402915124965,9847361.748865038,9847361.748865038,14497611.334182564
SSP4,"Atlantic, Western-Central",263,2077,0.6768873883370903,0.6768873883370903,9813250.273121035,9813250.273121035,14497611.334182564
SSP4,"Atlantic, Western-Central",263,2078,0.6745426356695706,0.6745426356695706,9779256.960272547,9779256.960272547,14497611.334182564
SSP4,"Atlantic, Western-Central",263,2079,0.6722060052764005,0.6722060052764005,9745381.401000729,9745381.401000729,14497611.334182564
SSP4,"Atlantic, Western-Central",263,2080,0.6698774690218445,0.6698774690218445,9711623.187404623,9711623.187404623,14497611.334182564
SSP4,"Atlantic, Western-Central",263,2081,0.6675569988676302,0.6675569988676302,9677981.912996253,9677981.912996253,14497611.334182564
SSP4,"Atlantic, Western-Central",263,2082,0.66524456687261,0.66524456687261,9644457.172695722,9644457.172695722,14497611.334182564
SSP4,"Atlantic, Western-Central",263,2083,0.6629401451924254,0.6629401451924254,9611048.562826341,9611048.562826341,14497611.334182564
SSP4,"Atlantic, Western-Central",263,2084,0.6606437060791711,0.6606437060791711,9577755.681109766,9577755.681109766,14497611.334182564
SSP4,"Atlantic, Western-Central",263,2085,0.6583552218810613,0.6583552218810613,9544578.126661152,9544578.126661152,14497611.334182564
SSP4,"Atlantic, Western-Central",263,2086,0.6560746650420967,0.6560746650420967,9511515.49998433,9511515.49998433,14497611.334182564
SSP4,"Atlantic, Western-Central",263,2087,0.6538020081017321,0.6538020081017321,9478567.402966991,9478567.402966991,14497611.334182564
SSP4,"Atlantic, Western-Central",263,2088,0.6515372236945467,0.6515372236945467,9445733.4388759,9445733.4388759,14497611.334182564
SSP4,"Atlantic, Western-Central",263,2089,0.649280284549914,0.649280284549914,9413013.212352114,9413013.212352114,14497611.334182564
SSP4,"Atlantic, Western-Central",263,2090,0.6470311634916736,0.6470311634916736,9380406.329406219,9380406.329406219,14497611.334182564
SSP4,"Atlantic, Western-Central",263,2091,0.6447898334378036,0.6447898334378036,9347912.397413589,9347912.397413589,14497611.334182564
SSP4,"Atlantic, Western-Central",263,2092,0.6425562674000952,0.6425562674000952,9315531.025109662,9315531.025109662,14497611.334182564
SSP4,"Atlantic, Western-Central",263,2093,0.6403304384838271,0.6403304384838271,9283261.822585223,9283261.822585223,14497611.334182564
SSP4,"Atlantic, Western-Central",263,2094,0.6381123198874421,0.6381123198874421,9251104.40128171,9251104.40128171,14497611.334182564
SSP4,"Atlantic, Western-Central",263,2095,0.635901884902224,0.635901884902224,9219058.3739865385,9219058.3739865385,14497611.334182564
SSP4,"Atlantic, Western-Central",263,2096,0.6336991069119762,0.6336991069119762,9187123.354828434,9187123.354828434,14497611.334182564
SSP4,"Atlantic, Western-Central",263,2097,0.6315039593927012,0.6315039593927012,9155298.95927279,9155298.95927279,14497611.334182564
SSP4,"Atlantic, Western-Central",263,2098,0.6293164159122813,0.6293164159122813,9123584.804117037,9123584.804117037,14497611.334182564
SSP4,"Atlantic, Western-Central",263,2099,0.6271364501301601,0.6271364501301601,9091980.507486027,9091980.507486027,14497611.334182564
SSP4,"Atlantic, Western-Central",263,2100,0.6249640357970255,0.6249640357970255,9060485.688827435,9060485.688827435,14497611.334182564
SSP5,"Atlantic, Western-Central",263,2005,0.8690037751739228,0.8690037751739228,12598478.9804089,12598478.9804089,14497611.334182564
SSP5,"Atlantic, Western-Central",263,2006,0.8659935271547811,0.8659935271547811,12554837.57460789,12554837.57460789,14497611.334182564
SSP5,"Atlantic, Western-Central",263,2007,0.8629937067003929,0.8629937067003929,12511347.34358784,12511347.34358784,14497611.334182564
SSP5,"Atlantic, Western-Central",263,2008,0.8600042776894469,0.8600042776894469,12468007.763676014,12468007.763676014,14497611.334182564
SSP5,"Atlantic, Western-Central",263,2009,0.8570252041257561,0.8570252041257561,12424818.313013688,12424818.313013688,14497611.334182564
SSP5,"Atlantic, Western-Central",263,2010,0.8540564501378257,0.8540564501378257,12381778.471549869,12381778.471549869,14497611.334182564
SSP5,"Atlantic, Western-Central",263,2011,0.8510979799784204,0.8510979799784204,12338887.721035033,12338887.721035033,14497611.334182564
SSP5,"Atlantic, Western-Central",263,2012,0.848149758024134,0.848149758024134,12296145.545014884,12296145.545014884,14497611.334182564
SSP5,"Atlantic, Western-Central",263,2013,0.8452117487749604,0.8452117487749604,12253551.428824132,12253551.428824132,14497611.334182564
SSP5,"Atlantic, Western-Central",263,2014,0.8422839168538667,0.8422839168538667,12211104.859580303,12211104.859580303,14497611.334182564
SSP5,"Atlantic, Western-Central",263,2015,0.8393662270063665,0.8393662270063665,12168805.326177554,12168805.326177554,14497611.334182564
SSP5,"Atlantic, Western-Central",263,2016,0.8364586441000958,0.8364586441000958,12126652.31928053,12126652.31928053,14497611.334182564
SSP5,"Atlantic, Western-Central",263,2017,0.8335611331243901,0.8335611331243901,12084645.331318218,12084645.331318218,14497611.334182564
SSP5,"Atlantic, Western-Central",263,2018,0.8306736591898619,0.8306736591898619,12042783.856477847,12042783.856477847,14497611.334182564
SSP5,"Atlantic, Western-Central",263,2019,0.8277961875279822,0.8277961875279822,12001067.39069879,12001067.39069879,14497611.334182564
SSP5,"Atlantic, Western-Central",263,2020,0.8249286834906604,0.8249286834906604,11959495.431666499,11959495.431666499,14497611.334182564
SSP5,"Atlantic, Western-Central",263,2021,0.8220711125498276,0.8220711125498276,11918067.478806451,11918067.478806451,14497611.334182564
SSP5,"Atlantic, Western-Central",263,2022,0.8192234402970212,0.8192234402970212,11876783.033278128,11876783.033278128,14497611.334182564
SSP5,"Atlantic, Western-Central",263,2023,0.8163856324429701,0.8163856324429701,11835641.597969005,11835641.597969005,14497611.334182564
SSP5,"Atlantic, Western-Central",263,2024,0.8135576548171821,0.8135576548171821,11794642.677488565,11794642.677488565,14497611.334182564
SSP5,"Atlantic, Western-Central",263,2025,0.810739473367532,0.810739473367532,11753785.778162336,11753785.778162336,14497611.334182564
SSP5,"Atlantic, Western-Central",263,2026,0.8079310541598523,0.8079310541598523,11713070.408025943,11713070.408025943,14497611.334182564
SSP5,"Atlantic, Western-Central",263,2027,0.805132363377524,0.805132363377524,11672496.076819187,11672496.076819187,14497611.334182564
SSP5,"Atlantic, Western-Central",263,2028,0.8023433673210696,0.8023433673210696,11632062.295980142,11632062.295980142,14497611.334182564
SSP5,"Atlantic, Western-Central",263,2029,0.7995640324077473,0.7995640324077473,11591768.578639273,11591768.578639273,14497611.334182564
SSP5,"Atlantic, Western-Central",263,2030,0.7967943251711468,0.7967943251711468,11551614.439613566,11551614.439613566,14497611.334182564
SSP5,"Atlantic, Western-Central",263,2031,0.7940342122607861,0.7940342122607861,11511599.395400696,11511599.395400696,14497611.334182564
SSP5,"Atlantic, Western-Central",263,2032,0.7912836604417098,0.7912836604417098,11471722.9641732,11471722.9641732,14497611.334182564
SSP5,"Atlantic, Western-Central",263,2033,0.7885426365940894,0.7885426365940894,11431984.665772673,11431984.665772673,14497611.334182564
SSP5,"Atlantic, Western-Central",263,2034,0.785811107712824,0.785811107712824,11392384.021703994,11392384.021703994,14497611.334182564
SSP5,"Atlantic, Western-Central",263,2035,0.7830890409071434,0.7830890409071434,11352920.555129556,11352920.555129556,14497611.334182564
SSP5,"Atlantic, Western-Central",263,2036,0.7803764034002113,0.7803764034002113,11313593.790863529,11313593.790863529,14497611.334182564
SSP5,"Atlantic, Western-Central",263,2037,0.7776731625287315,0.7776731625287315,11274403.255366137,11274403.255366137,14497611.334182564
SSP5,"Atlantic, Western-Central",263,2038,0.7749792857425538,0.7749792857425538,11235348.476737956,11235348.476737956,14497611.334182564
SSP5,"Atlantic, Western-Central",263,2039,0.7722947406042827,0.7722947406042827,11196428.984714232,11196428.984714232,14497611.334182564
SSP5,"Atlantic, Western-Central",263,2040,0.7696194947888864,0.7696194947888864,11157644.310659219,11157644.310659219,14497611.334182564
SSP5,"Atlantic, Western-Central",263,2041,0.7669535160833079,0.7669535160833079,11118993.987560533,11118993.987560533,14497611.334182564
SSP5,"Atlantic, Western-Central",263,2042,0.7642967723860764,0.7642967723860764,11080477.550023533,11080477.550023533,14497611.334182564
SSP5,"Atlantic, Western-Central",263,2043,0.7616492317069222,0.7616492317069222,11042094.534265717,11042094.534265717,14497611.334182564
SSP5,"Atlantic, Western-Central",263,2044,0.7590108621663898,0.7590108621663898,11003844.478111133,11003844.478111133,14497611.334182564
SSP5,"Atlantic, Western-Central",263,2045,0.7563816319954552,0.7563816319954552,10965726.920984816,10965726.920984816,14497611.334182564
SSP5,"Atlantic, Western-Central",263,2046,0.7537615095351426,0.7537615095351426,10927741.403907243,10927741.403907243,14497611.334182564
SSP5,"Atlantic, Western-Central",263,2047,0.7511504632361443,0.7511504632361443,10889887.469488809,10889887.469488809,14497611.334182564
SSP5,"Atlantic, Western-Central",263,2048,0.7485484616584394,0.7485484616584394,10852164.661924314,10852164.661924314,14497611.334182564
SSP5,"Atlantic, Western-Central",263,2049,0.7459554734709164,0.7459554734709164,10814572.526987478,10814572.526987478,14497611.334182564
SSP5,"Atlantic, Western-Central",263,2050,0.7433714674509951,0.7433714674509951,10777110.612025471,10777110.612025471,14497611.334182564
SSP5,"Atlantic, Western-Central",263,2051,0.7407964124842512,0.7407964124842512,10739778.465953462,10739778.465953462,14497611.334182564
SSP5,"Atlantic, Western-Central",263,2052,0.7382302775640412,0.7382302775640412,10702575.639249185,10702575.639249185,14497611.334182564
SSP5,"Atlantic, Western-Central",263,2053,0.7356730317911299,0.7356730317911299,10665501.683947533,10665501.683947533,14497611.334182564
SSP5,"Atlantic, Western-Central",263,2054,0.7331246443733168,0.7331246443733168,10628556.15363516,10628556.15363516,14497611.334182564
SSP5,"Atlantic, Western-Central",263,2055,0.730585084625067,0.730585084625067,10591738.6034451,10591738.6034451,14497611.334182564
SSP5,"Atlantic, Western-Central",263,2056,0.7280543219671408,0.7280543219671408,10555048.590051422,10555048.590051422,14497611.334182564
SSP5,"Atlantic, Western-Central",263,2057,0.7255323259262254,0.7255323259262254,10518485.671663884,10518485.671663884,14497611.334182564
SSP5,"Atlantic, Western-Central",263,2058,0.7230190661345685,0.7230190661345685,10482049.408022612,10482049.408022612,14497611.334182564
SSP5,"Atlantic, Western-Central",263,2059,0.7205145123296121,0.7205145123296121,10445739.360392807,10445739.360392807,14497611.334182564
SSP5,"Atlantic, Western-Central",263,2060,0.7180186343536287,0.7180186343536287,10409555.091559453,10409555.091559453,14497611.334182564
SSP5,"Atlantic, Western-Central",263,2061,0.7155314021533574,0.7155314021533574,10373496.165822057,10373496.165822057,14497611.334182564
SSP5,"Atlantic, Western-Central",263,2062,0.7130527857796428,0.7130527857796428,10337562.148989402,10337562.148989402,14497611.334182564
SSP5,"Atlantic, Western-Central",263,2063,0.7105827553870739,0.7105827553870739,10301752.60837432,10301752.60837432,14497611.334182564
SSP5,"Atlantic, Western-Central",263,2064,0.7081212812336249,0.7081212812336249,10266067.11278848,10266067.11278848,14497611.334182564
SSP5,"Atlantic, Western-Central",263,2065,0.7056683336802969,0.7056683336802969,10230505.232537197,10230505.232537197,14497611.334182564
SSP5,"Atlantic, Western-Central",263,2066,0.7032238831907615,0.7032238831907615,10195066.539414259,10195066.539414259,14497611.334182564
SSP5,"Atlantic, Western-Central",263,2067,0.7007879003310041,0.7007879003310041,10159750.606696766,10159750.606696766,14497611.334182564
SSP5,"Atlantic, Western-Central",263,2068,0.6983603557689707,0.6983603557689707,10124557.009139998,10124557.009139998,14497611.334182564
SSP5,"Atlantic, Western-Central",263,2069,0.6959412202742142,0.6959412202742142,10089485.322972292,10089485.322972292,14497611.334182564
SSP5,"Atlantic, Western-Central",263,2070,0.6935304647175422,0.6935304647175422,10054535.12588994,10054535.12588994,14497611.334182564
SSP5,"Atlantic, Western-Central",263,2071,0.6911280600706664,0.6911280600706664,10019705.997052101,10019705.997052101,14497611.334182564
SSP5,"Atlantic, Western-Central",263,2072,0.6887339774058534,0.6887339774058534,9984997.517075738,9984997.517075738,14497611.334182564
SSP5,"Atlantic, Western-Central",263,2073,0.6863481878955757,0.6863481878955757,9950409.268030563,9950409.268030563,14497611.334182564
SSP5,"Atlantic, Western-Central",263,2074,0.6839706628121656,0.6839706628121656,9915940.833434012,9915940.833434012,14497611.334182564
SSP5,"Atlantic, Western-Central",263,2075,0.6816013735274679,0.6816013735274679,9881591.798246222,9881591.798246222,14497611.334182564
SSP5,"Atlantic, Western-Central",263,2076,0.6792402915124965,0.6792402915124965,9847361.748865038,9847361.748865038,14497611.334182564
SSP5,"Atlantic, Western-Central",263,2077,0.6768873883370903,0.6768873883370903,9813250.273121035,9813250.273121035,14497611.334182564
SSP5,"Atlantic, Western-Central",263,2078,0.6745426356695706,0.6745426356695706,9779256.960272547,9779256.960272547,14497611.334182564
SSP5,"Atlantic, Western-Central",263,2079,0.6722060052764005,0.6722060052764005,9745381.401000729,9745381.401000729,14497611.334182564
SSP5,"Atlantic, Western-Central",263,2080,0.6698774690218445,0.6698774690218445,9711623.187404623,9711623.187404623,14497611.334182564
SSP5,"Atlantic, Western-Central",263,2081,0.6675569988676302,0.6675569988676302,9677981.912996253,9677981.912996253,14497611.334182564
SSP5,"Atlantic, Western-Central",263,2082,0.66524456687261,0.66524456687261,9644457.172695722,9644457.172695722,14497611.334182564
SSP5,"Atlantic, Western-Central",263,2083,0.6629401451924254,0.6629401451924254,9611048.562826341,9611048.562826341,14497611.334182564
SSP5,"Atlantic, Western-Central",263,2084,0.6606437060791711,0.6606437060791711,9577755.681109766,9577755.681109766,14497611.334182564
SSP5,"Atlantic, Western-Central",263,2085,0.6583552218810613,0.6583552218810613,9544578.126661152,9544578.126661152,14497611.334182564
SSP5,"Atlantic, Western-Central",263,2086,0.6560746650420967,0.6560746650420967,9511515.49998433,9511515.49998433,14497611.334182564
SSP5,"Atlantic, Western-Central",263,2087,0.6538020081017321,0.6538020081017321,9478567.402966991,9478567.402966991,14497611.334182564
SSP5,"Atlantic, Western-Central",263,2088,0.6515372236945467,0.6515372236945467,9445733.4388759,9445733.4388759,14497611.334182564
SSP5,"Atlantic, Western-Central",263,2089,0.649280284549914,0.649280284549914,9413013.212352114,9413013.212352114,14497611.334182564
SSP5,"Atlantic, Western-Central",263,2090,0.6470311634916736,0.6470311634916736,9380406.329406219,9380406.329406219,14497611.334182564
SSP5,"Atlantic, Western-Central",263,2091,0.6447898334378036,0.6447898334378036,9347912.397413589,9347912.397413589,14497611.334182564
SSP5,"Atlantic, Western-Central",263,2092,0.6425562674000952,0.6425562674000952,9315531.025109662,9315531.025109662,14497611.334182564
SSP5,"Atlantic, Western-Central",263,2093,0.6403304384838271,0.6403304384838271,9283261.822585223,9283261.822585223,14497611.334182564
SSP5,"Atlantic, Western-Central",263,2094,0.6381123198874421,0.6381123198874421,9251104.40128171,9251104.40128171,14497611.334182564
SSP5,"Atlantic, Western-Central",263,2095,0.635901884902224,0.635901884902224,9219058.3739865385,9219058.3739865385,14497611.334182564
SSP5,"Atlantic, Western-Central",263,2096,0.6336991069119762,0.6336991069119762,9187123.354828434,9187123.354828434,14497611.334182564
SSP5,"Atlantic, Western-Central",263,2097,0.6315039593927012,0.6315039593927012,9155298.95927279,9155298.95927279,14497611.334182564
SSP5,"Atlantic, Western-Central",263,2098,0.6293164159122813,0.6293164159122813,9123584.804117037,9123584.804117037,14497611.334182564
SSP5,"Atlantic, Western-Central",263,2099,0.6271364501301601,0.6271364501301601,9091980.507486027,9091980.507486027,14497611.334182564
SSP5,"Atlantic, Western-Central",263,2100,0.6249640357970255,0.6249640357970255,9060485.688827435,9060485.688827435,14497611.334182564
SSP1,"Atlantic, Eastern Central",264,2005,0.771198635739894,0.771198635739894,25580456.006724205,25580456.006724205,33169737.10953484
SSP1,"Atlantic, Eastern Central",264,2006,0.7685271868556401,0.7685271868556401,25491844.749531943,25491844.749531943,33169737.10953484
SSP1,"Atlantic, Eastern Central",264,2007,0.7658649919285516,0.7658649919285516,25403540.443666082,25403540.443666082,33169737.10953484
SSP1,"Atlantic, Eastern Central",264,2008,0.7632120189027193,0.7632120189027193,25315542.025840536,25315542.025840536,33169737.10953484
SSP1,"Atlantic, Eastern Central",264,2009,0.760568235833276,0.760568235833276,25227848.436452463,25227848.436452463,33169737.10953484
SSP1,"Atlantic, Eastern Central",264,2010,0.7579336108860127,0.7579336108860127,25140458.619569518,25140458.619569518,33169737.10953484
SSP1,"Atlantic, Eastern Central",264,2011,0.7553081123369945,0.7553081123369945,25053371.522917114,25053371.522917114,33169737.10953484
SSP1,"Atlantic, Eastern Central",264,2012,0.7526917085721787,0.7526917085721787,24966586.09786578,24966586.09786578,33169737.10953484
SSP1,"Atlantic, Eastern Central",264,2013,0.7500843680870348,0.7500843680870348,24880101.29941851,24880101.29941851,33169737.10953484
SSP1,"Atlantic, Eastern Central",264,2014,0.7474860594861644,0.7474860594861644,24793916.086198196,24793916.086198196,33169737.10953484
SSP1,"Atlantic, Eastern Central",264,2015,0.7448967514829237,0.7448967514829237,24708029.420435086,24708029.420435086,33169737.10953484
SSP1,"Atlantic, Eastern Central",264,2016,0.742316412899046,0.742316412899046,24622440.267954275,24622440.267954275,33169737.10953484
SSP1,"Atlantic, Eastern Central",264,2017,0.7397450126642675,0.7397450126642675,24537147.598163273,24537147.598163273,33169737.10953484
SSP1,"Atlantic, Eastern Central",264,2018,0.7371825198159517,0.7371825198159517,24452150.384039577,24452150.384039577,33169737.10953484
SSP1,"Atlantic, Eastern Central",264,2019,0.7346289034987179,0.7346289034987179,24367447.602118313,24367447.602118313,33169737.10953484
SSP1,"Atlantic, Eastern Central",264,2020,0.732084132964069,0.732084132964069,24283038.23247992,24283038.23247992,33169737.10953484
SSP1,"Atlantic, Eastern Central",264,2021,0.7295481775700212,0.7295481775700212,24198921.258737847,24198921.258737847,33169737.10953484
SSP1,"Atlantic, Eastern Central",264,2022,0.7270210067807354,0.7270210067807354,24115095.668026343,24115095.668026343,33169737.10953484
SSP1,"Atlantic, Eastern Central",264,2023,0.7245025901661493,0.7245025901661493,24031560.450988233,24031560.450988233,33169737.10953484
SSP1,"Atlantic, Eastern Central",264,2024,0.7219928974016107,0.7219928974016107,23948314.601762787,23948314.601762787,33169737.10953484
SSP1,"Atlantic, Eastern Central",264,2025,0.719491898267513,0.719491898267513,23865357.117973592,23865357.117973592,33169737.10953484
SSP1,"Atlantic, Eastern Central",264,2026,0.7169995626489308,0.7169995626489308,23782687.000716493,23782687.000716493,33169737.10953484
SSP1,"Atlantic, Eastern Central",264,2027,0.7145158605352577,0.7145158605352577,23700303.25454756,23700303.25454756,33169737.10953484
SSP1,"Atlantic, Eastern Central",264,2028,0.7120407620198443,0.7120407620198443,23618204.8874711,23618204.8874711,33169737.10953484
SSP1,"Atlantic, Eastern Central",264,2029,0.7095742372996389,0.7095742372996389,23536390.910927713,23536390.910927713,33169737.10953484
SSP1,"Atlantic, Eastern Central",264,2030,0.7071162566748278,0.7071162566748278,23454860.3397824,23454860.3397824,33169737.10953484
SSP1,"Atlantic, Eastern Central",264,2031,0.7046667905484784,0.7046667905484784,23373612.192312676,23373612.192312676,33169737.10953484
SSP1,"Atlantic, Eastern Central",264,2032,0.7022258094261823,0.7022258094261823,23292645.49019678,23292645.49019678,33169737.10953484
SSP1,"Atlantic, Eastern Central",264,2033,0.6997932839157007,0.6997932839157007,23211959.25850187,23211959.25850187,33169737.10953484
SSP1,"Atlantic, Eastern Central",264,2034,0.6973691847266099,0.6973691847266099,23131552.52567229,23131552.52567229,33169737.10953484
SSP1,"Atlantic, Eastern Central",264,2035,0.6949534826699489,0.6949534826699489,23051424.323517885,23051424.323517885,33169737.10953484
SSP1,"Atlantic, Eastern Central",264,2036,0.6925461486578681,0.6925461486578681,22971573.68720232,22971573.68720232,33169737.10953484
SSP1,"Atlantic, Eastern Central",264,2037,0.6901471537032784,0.6901471537032784,22891999.65523148,22891999.65523148,33169737.10953484
SSP1,"Atlantic, Eastern Central",264,2038,0.68775646891950315,0.68775646891950315,22812701.269441888,22812701.269441888,33169737.10953484
SSP1,"Atlantic, Eastern Central",264,2039,0.6853740655199293,0.6853740655199293,22733677.574989162,22733677.574989162,33169737.10953484
SSP1,"Atlantic, Eastern Central",264,2040,0.6829999148176616,0.6829999148176616,22654927.620336525,22654927.620336525,33169737.10953484
SSP1,"Atlantic, Eastern Central",264,2041,0.6806339882251766,0.6806339882251766,22576450.457243342,22576450.457243342,33169737.10953484
SSP1,"Atlantic, Eastern Central",264,2042,0.6782762572539788,0.6782762572539788,22498245.1407537,22498245.1407537,33169737.10953484
SSP1,"Atlantic, Eastern Central",264,2043,0.6759266935142575,0.6759266935142575,22420310.72918505,22420310.72918505,33169737.10953484
SSP1,"Atlantic, Eastern Central",264,2044,0.6735852687145446,0.6735852687145446,22342646.284116827,22342646.284116827,33169737.10953484
SSP1,"Atlantic, Eastern Central",264,2045,0.6712519546613747,0.6712519546613747,22265250.8703792,22265250.8703792,33169737.10953484
SSP1,"Atlantic, Eastern Central",264,2046,0.668926723258945,0.668926723258945,22188123.55604177,22188123.55604177,33169737.10953484
SSP1,"Atlantic, Eastern Central",264,2047,0.666609546508777,0.666609546508777,22111263.412402373,22111263.412402373,33169737.10953484
SSP1,"Atlantic, Eastern Central",264,2048,0.6643003965093798,0.6643003965093798,22034669.513975885,22034669.513975885,33169737.10953484
SSP1,"Atlantic, Eastern Central",264,2049,0.6619992454559138,0.6619992454559138,21958340.93848309,21958340.93848309,33169737.10953484
SSP1,"Atlantic, Eastern Central",264,2050,0.6597060656398559,0.6597060656398559,21882276.766839556,21882276.766839556,33169737.10953484
SSP1,"Atlantic, Eastern Central",264,2051,0.657420829448666,0.657420829448666,21806476.08314459,21806476.08314459,33169737.10953484
SSP1,"Atlantic, Eastern Central",264,2052,0.6551435093654543,0.6551435093654543,21730937.974670194,21730937.974670194,33169737.10953484
SSP1,"Atlantic, Eastern Central",264,2053,0.6528740779686503,0.6528740779686503,21655661.53185008,21655661.53185008,33169737.10953484
SSP1,"Atlantic, Eastern Central",264,2054,0.6506125079316722,0.6506125079316722,21580645.84826872,21580645.84826872,33169737.10953484
SSP1,"Atlantic, Eastern Central",264,2055,0.6483587720225985,0.6483587720225985,21505890.020650424,21505890.020650424,33169737.10953484
SSP1,"Atlantic, Eastern Central",264,2056,0.6461128431038391,0.6461128431038391,21431393.148848474,21431393.148848474,33169737.10953484
SSP1,"Atlantic, Eastern Central",264,2057,0.6438746941318094,0.6438746941318094,21357154.335834276,21357154.335834276,33169737.10953484
SSP1,"Atlantic, Eastern Central",264,2058,0.6416442981566046,0.6416442981566046,21283172.687686566,21283172.687686566,33169737.10953484
SSP1,"Atlantic, Eastern Central",264,2059,0.6394216283216745,0.6394216283216745,21209447.31358064,21209447.31358064,33169737.10953484
SSP1,"Atlantic, Eastern Central",264,2060,0.6372066578635007,0.6372066578635007,21135977.32577763,21135977.32577763,33169737.10953484
SSP1,"Atlantic, Eastern Central",264,2061,0.6349993601112744,0.6349993601112744,21062761.839613818,21062761.839613818,33169737.10953484
SSP1,"Atlantic, Eastern Central",264,2062,0.6327997084865751,0.6327997084865751,20989799.973489977,20989799.973489977,33169737.10953484
SSP1,"Atlantic, Eastern Central",264,2063,0.63060767650305,0.63060767650305,20917090.848860763,20917090.848860763,33169737.10953484
SSP1,"Atlantic, Eastern Central",264,2064,0.6284232377660964,0.6284232377660964,20844633.590224124,20844633.590224124,33169737.10953484
SSP1,"Atlantic, Eastern Central",264,2065,0.6262463659725425,0.6262463659725425,20772427.32511078,20772427.32511078,33169737.10953484
SSP1,"Atlantic, Eastern Central",264,2066,0.6240770349103313,0.6240770349103313,20700471.184073687,20700471.184073687,33169737.10953484
SSP1,"Atlantic, Eastern Central",264,2067,0.6219152184582052,0.6219152184582052,20628764.300677598,20628764.300677598,33169737.10953484
SSP1,"Atlantic, Eastern Central",264,2068,0.6197608905853911,0.6197608905853911,20557305.81148861,20557305.81148861,33169737.10953484
SSP1,"Atlantic, Eastern Central",264,2069,0.617614025351287,0.617614025351287,20486094.856063776,20486094.856063776,33169737.10953484
SSP1,"Atlantic, Eastern Central",264,2070,0.6154745969051496,0.6154745969051496,20415130.576940738,20415130.576940738,33169737.10953484
SSP1,"Atlantic, Eastern Central",264,2071,0.6133425794857834,0.6133425794857834,20344412.119627412,20344412.119627412,33169737.10953484
SSP1,"Atlantic, Eastern Central",264,2072,0.61121794742123,0.61121794742123,20273938.63259169,20273938.63259169,33169737.10953484
SSP1,"Atlantic, Eastern Central",264,2073,0.6091006751284597,0.6091006751284597,20203709.267251194,20203709.267251194,33169737.10953484
SSP1,"Atlantic, Eastern Central",264,2074,0.6069907371130623,0.6069907371130623,20133723.17796305,20133723.17796305,33169737.10953484
SSP1,"Atlantic, Eastern Central",264,2075,0.6048881079689412,0.6048881079689412,20063979.522013705,20063979.522013705,33169737.10953484
SSP1,"Atlantic, Eastern Central",264,2076,0.6027927623780069,0.6027927623780069,19994477.459608793,19994477.459608793,33169737.10953484
SSP1,"Atlantic, Eastern Central",264,2077,0.6007046751098726,0.6007046751098726,19925216.15386301,19925216.15386301,33169737.10953484
SSP1,"Atlantic, Eastern Central",264,2078,0.5986238210215497,0.5986238210215497,19856194.770790037,19856194.770790037,33169737.10953484
SSP1,"Atlantic, Eastern Central",264,2079,0.5965501750571457,0.5965501750571457,19787412.479292512,19787412.479292512,33169737.10953484
SSP1,"Atlantic, Eastern Central",264,2080,0.5944837122475624,0.5944837122475624,19718868.451152,19718868.451152,33169737.10953484
SSP1,"Atlantic, Eastern Central",264,2081,0.5924244077101948,0.5924244077101948,19650561.861019045,19650561.861019045,33169737.10953484
SSP1,"Atlantic, Eastern Central",264,2082,0.5903722366486319,0.5903722366486319,19582491.88640321,19582491.88640321,33169737.10953484
SSP1,"Atlantic, Eastern Central",264,2083,0.588327174352358,0.588327174352358,19514657.707663186,19514657.707663186,33169737.10953484
SSP1,"Atlantic, Eastern Central",264,2084,0.5862891961964554,0.5862891961964554,19447058.50799692,19447058.50799692,33169737.10953484
SSP1,"Atlantic, Eastern Central",264,2085,0.5842582776413072,0.5842582776413072,19379693.473431777,19379693.473431777,33169737.10953484
SSP1,"Atlantic, Eastern Central",264,2086,0.5822343942323025,0.5822343942323025,19312561.792814743,19312561.792814743,33169737.10953484
SSP1,"Atlantic, Eastern Central",264,2087,0.5802175215995419,0.5802175215995419,19245662.657802656,19245662.657802656,33169737.10953484
SSP1,"Atlantic, Eastern Central",264,2088,0.5782076354575434,0.5782076354575434,19178995.26285247,19178995.26285247,33169737.10953484
SSP1,"Atlantic, Eastern Central",264,2089,0.5762047116049511,0.5762047116049511,19112558.805211566,19112558.805211566,33169737.10953484
SSP1,"Atlantic, Eastern Central",264,2090,0.5742087259242423,0.5742087259242423,19046352.484908063,19046352.484908063,33169737.10953484
SSP1,"Atlantic, Eastern Central",264,2091,0.5722196543814387,0.5722196543814387,18980375.50474121,18980375.50474121,33169737.10953484
SSP1,"Atlantic, Eastern Central",264,2092,0.5702374730258158,0.5702374730258158,18914627.070271775,18914627.070271775,33169737.10953484
SSP1,"Atlantic, Eastern Central",264,2093,0.5682621579896149,0.5682621579896149,18849106.38981248,18849106.38981248,33169737.10953484
SSP1,"Atlantic, Eastern Central",264,2094,0.5662936854877559,0.5662936854877559,18783812.67441847,18783812.67441847,33169737.10953484
SSP1,"Atlantic, Eastern Central",264,2095,0.5643320318175509,0.5643320318175509,18718745.137877814,18718745.137877814,33169737.10953484
SSP1,"Atlantic, Eastern Central",264,2096,0.5623771733584181,0.5623771733584181,18653902.99670203,18653902.99670203,33169737.10953484
SSP1,"Atlantic, Eastern Central",264,2097,0.5604290865715985,0.5604290865715985,18589285.470116664,18589285.470116664,33169737.10953484
SSP1,"Atlantic, Eastern Central",264,2098,0.5584877479998713,0.5584877479998713,18524891.780051876,18524891.780051876,33169737.10953484
SSP1,"Atlantic, Eastern Central",264,2099,0.5565531342672727,0.5565531342672727,18460721.151133083,18460721.151133083,33169737.10953484
SSP1,"Atlantic, Eastern Central",264,2100,0.5546252220788132,0.5546252220788132,18396772.810671613,18396772.810671613,33169737.10953484
SSP2,"Atlantic, Eastern Central",264,2005,0.771198635739894,0.771198635739894,25580456.006724205,25580456.006724205,33169737.10953484
SSP2,"Atlantic, Eastern Central",264,2006,0.7685271868556401,0.7685271868556401,25491844.749531943,25491844.749531943,33169737.10953484
SSP2,"Atlantic, Eastern Central",264,2007,0.7658649919285516,0.7658649919285516,25403540.443666082,25403540.443666082,33169737.10953484
SSP2,"Atlantic, Eastern Central",264,2008,0.7632120189027193,0.7632120189027193,25315542.025840536,25315542.025840536,33169737.10953484
SSP2,"Atlantic, Eastern Central",264,2009,0.760568235833276,0.760568235833276,25227848.436452463,25227848.436452463,33169737.10953484
SSP2,"Atlantic, Eastern Central",264,2010,0.7579336108860127,0.7579336108860127,25140458.619569518,25140458.619569518,33169737.10953484
SSP2,"Atlantic, Eastern Central",264,2011,0.7553081123369945,0.7553081123369945,25053371.522917114,25053371.522917114,33169737.10953484
SSP2,"Atlantic, Eastern Central",264,2012,0.7526917085721787,0.7526917085721787,24966586.09786578,24966586.09786578,33169737.10953484
SSP2,"Atlantic, Eastern Central",264,2013,0.7500843680870348,0.7500843680870348,24880101.29941851,24880101.29941851,33169737.10953484
SSP2,"Atlantic, Eastern Central",264,2014,0.7474860594861644,0.7474860594861644,24793916.086198196,24793916.086198196,33169737.10953484
SSP2,"Atlantic, Eastern Central",264,2015,0.7448967514829237,0.7448967514829237,24708029.420435086,24708029.420435086,33169737.10953484
SSP2,"Atlantic, Eastern Central",264,2016,0.742316412899046,0.742316412899046,24622440.267954275,24622440.267954275,33169737.10953484
SSP2,"Atlantic, Eastern Central",264,2017,0.7397450126642675,0.7397450126642675,24537147.598163273,24537147.598163273,33169737.10953484
SSP2,"Atlantic, Eastern Central",264,2018,0.7371825198159517,0.7371825198159517,24452150.384039577,24452150.384039577,33169737.10953484
SSP2,"Atlantic, Eastern Central",264,2019,0.7346289034987179,0.7346289034987179,24367447.602118313,24367447.602118313,33169737.10953484
SSP2,"Atlantic, Eastern Central",264,2020,0.732084132964069,0.732084132964069,24283038.23247992,24283038.23247992,33169737.10953484
SSP2,"Atlantic, Eastern Central",264,2021,0.7295481775700212,0.7295481775700212,24198921.258737847,24198921.258737847,33169737.10953484
SSP2,"Atlantic, Eastern Central",264,2022,0.7270210067807354,0.7270210067807354,24115095.668026343,24115095.668026343,33169737.10953484
SSP2,"Atlantic, Eastern Central",264,2023,0.7245025901661493,0.7245025901661493,24031560.450988233,24031560.450988233,33169737.10953484
SSP2,"Atlantic, Eastern Central",264,2024,0.7219928974016107,0.7219928974016107,23948314.601762787,23948314.601762787,33169737.10953484
SSP2,"Atlantic, Eastern Central",264,2025,0.719491898267513,0.719491898267513,23865357.117973592,23865357.117973592,33169737.10953484
SSP2,"Atlantic, Eastern Central",264,2026,0.7169995626489308,0.7169995626489308,23782687.000716493,23782687.000716493,33169737.10953484
SSP2,"Atlantic, Eastern Central",264,2027,0.7145158605352577,0.7145158605352577,23700303.25454756,23700303.25454756,33169737.10953484
SSP2,"Atlantic, Eastern Central",264,2028,0.7120407620198443,0.7120407620198443,23618204.8874711,23618204.8874711,33169737.10953484
SSP2,"Atlantic, Eastern Central",264,2029,0.7095742372996389,0.7095742372996389,23536390.910927713,23536390.910927713,33169737.10953484
SSP2,"Atlantic, Eastern Central",264,2030,0.7071162566748278,0.7071162566748278,23454860.3397824,23454860.3397824,33169737.10953484
SSP2,"Atlantic, Eastern Central",264,2031,0.7046667905484784,0.7046667905484784,23373612.192312676,23373612.192312676,33169737.10953484
SSP2,"Atlantic, Eastern Central",264,2032,0.7022258094261823,0.7022258094261823,23292645.49019678,23292645.49019678,33169737.10953484
SSP2,"Atlantic, Eastern Central",264,2033,0.6997932839157007,0.6997932839157007,23211959.25850187,23211959.25850187,33169737.10953484
SSP2,"Atlantic, Eastern Central",264,2034,0.6973691847266099,0.6973691847266099,23131552.52567229,23131552.52567229,33169737.10953484
SSP2,"Atlantic, Eastern Central",264,2035,0.6949534826699489,0.6949534826699489,23051424.323517885,23051424.323517885,33169737.10953484
SSP2,"Atlantic, Eastern Central",264,2036,0.6925461486578681,0.6925461486578681,22971573.68720232,22971573.68720232,33169737.10953484
SSP2,"Atlantic, Eastern Central",264,2037,0.6901471537032784,0.6901471537032784,22891999.65523148,22891999.65523148,33169737.10953484
SSP2,"Atlantic, Eastern Central",264,2038,0.68775646891950315,0.68775646891950315,22812701.269441888,22812701.269441888,33169737.10953484
SSP2,"Atlantic, Eastern Central",264,2039,0.6853740655199293,0.6853740655199293,22733677.574989162,22733677.574989162,33169737.10953484
SSP2,"Atlantic, Eastern Central",264,2040,0.6829999148176616,0.6829999148176616,22654927.620336525,22654927.620336525,33169737.10953484
SSP2,"Atlantic, Eastern Central",264,2041,0.6806339882251766,0.6806339882251766,22576450.457243342,22576450.457243342,33169737.10953484
SSP2,"Atlantic, Eastern Central",264,2042,0.6782762572539788,0.6782762572539788,22498245.1407537,22498245.1407537,33169737.10953484
SSP2,"Atlantic, Eastern Central",264,2043,0.6759266935142575,0.6759266935142575,22420310.72918505,22420310.72918505,33169737.10953484
SSP2,"Atlantic, Eastern Central",264,2044,0.6735852687145446,0.6735852687145446,22342646.284116827,22342646.284116827,33169737.10953484
SSP2,"Atlantic, Eastern Central",264,2045,0.6712519546613747,0.6712519546613747,22265250.8703792,22265250.8703792,33169737.10953484
SSP2,"Atlantic, Eastern Central",264,2046,0.668926723258945,0.668926723258945,22188123.55604177,22188123.55604177,33169737.10953484
SSP2,"Atlantic, Eastern Central",264,2047,0.666609546508777,0.666609546508777,22111263.412402373,22111263.412402373,33169737.10953484
SSP2,"Atlantic, Eastern Central",264,2048,0.6643003965093798,0.6643003965093798,22034669.513975885,22034669.513975885,33169737.10953484
SSP2,"Atlantic, Eastern Central",264,2049,0.6619992454559138,0.6619992454559138,21958340.93848309,21958340.93848309,33169737.10953484
SSP2,"Atlantic, Eastern Central",264,2050,0.6597060656398559,0.6597060656398559,21882276.766839556,21882276.766839556,33169737.10953484
SSP2,"Atlantic, Eastern Central",264,2051,0.657420829448666,0.657420829448666,21806476.08314459,21806476.08314459,33169737.10953484
SSP2,"Atlantic, Eastern Central",264,2052,0.6551435093654543,0.6551435093654543,21730937.974670194,21730937.974670194,33169737.10953484
SSP2,"Atlantic, Eastern Central",264,2053,0.6528740779686503,0.6528740779686503,21655661.53185008,21655661.53185008,33169737.10953484
SSP2,"Atlantic, Eastern Central",264,2054,0.6506125079316722,0.6506125079316722,21580645.84826872,21580645.84826872,33169737.10953484
SSP2,"Atlantic, Eastern Central",264,2055,0.6506125079316722,0.6506125079316722,21580645.84826872,21580645.84826872,33169737.10953484
SSP2,"Atlantic, Eastern Central",264,2056,0.6506125079316722,0.6506125079316722,21580645.84826872,21580645.84826872,33169737.10953484
SSP2,"Atlantic, Eastern Central",264,2057,0.6506125079316722,0.6506125079316722,21580645.84826872,21580645.84826872,33169737.10953484
SSP2,"Atlantic, Eastern Central",264,2058,0.6506125079316722,0.6506125079316722,21580645.84826872,21580645.84826872,33169737.10953484
SSP2,"Atlantic, Eastern Central",264,2059,0.6506125079316722,0.6506125079316722,21580645.84826872,21580645.84826872,33169737.10953484
SSP2,"Atlantic, Eastern Central",264,2060,0.6506125079316722,0.6506125079316722,21580645.84826872,21580645.84826872,33169737.10953484
SSP2,"Atlantic, Eastern Central",264,2061,0.6506125079316722,0.6506125079316722,21580645.84826872,21580645.84826872,33169737.10953484
SSP2,"Atlantic, Eastern Central",264,2062,0.6506125079316722,0.6506125079316722,21580645.84826872,21580645.84826872,33169737.10953484
SSP2,"Atlantic, Eastern Central",264,2063,0.6506125079316722,0.6506125079316722,21580645.84826872,21580645.84826872,33169737.10953484
SSP2,"Atlantic, Eastern Central",264,2064,0.6506125079316722,0.6506125079316722,21580645.84826872,21580645.84826872,33169737.10953484
SSP2,"Atlantic, Eastern Central",264,2065,0.6506125079316722,0.6506125079316722,21580645.84826872,21580645.84826872,33169737.10953484
SSP2,"Atlantic, Eastern Central",264,2066,0.6506125079316722,0.6506125079316722,21580645.84826872,21580645.84826872,33169737.10953484
SSP2,"Atlantic, Eastern Central",264,2067,0.6506125079316722,0.6506125079316722,21580645.84826872,21580645.84826872,33169737.10953484
SSP2,"Atlantic, Eastern Central",264,2068,0.6506125079316722,0.6506125079316722,21580645.84826872,21580645.84826872,33169737.10953484
SSP2,"Atlantic, Eastern Central",264,2069,0.6506125079316722,0.6506125079316722,21580645.84826872,21580645.84826872,33169737.10953484
SSP2,"Atlantic, Eastern Central",264,2070,0.6506125079316722,0.6506125079316722,21580645.84826872,21580645.84826872,33169737.10953484
SSP2,"Atlantic, Eastern Central",264,2071,0.6506125079316722,0.6506125079316722,21580645.84826872,21580645.84826872,33169737.10953484
SSP2,"Atlantic, Eastern Central",264,2072,0.6506125079316722,0.6506125079316722,21580645.84826872,21580645.84826872,33169737.10953484
SSP2,"Atlantic, Eastern Central",264,2073,0.6506125079316722,0.6506125079316722,21580645.84826872,21580645.84826872,33169737.10953484
SSP2,"Atlantic, Eastern Central",264,2074,0.6506125079316722,0.6506125079316722,21580645.84826872,21580645.84826872,33169737.10953484
SSP2,"Atlantic, Eastern Central",264,2075,0.6506125079316722,0.6506125079316722,21580645.84826872,21580645.84826872,33169737.10953484
SSP2,"Atlantic, Eastern Central",264,2076,0.6506125079316722,0.6506125079316722,21580645.84826872,21580645.84826872,33169737.10953484
SSP2,"Atlantic, Eastern Central",264,2077,0.6506125079316722,0.6506125079316722,21580645.84826872,21580645.84826872,33169737.10953484
SSP2,"Atlantic, Eastern Central",264,2078,0.6506125079316722,0.6506125079316722,21580645.84826872,21580645.84826872,33169737.10953484
SSP2,"Atlantic, Eastern Central",264,2079,0.6506125079316722,0.6506125079316722,21580645.84826872,21580645.84826872,33169737.10953484
SSP2,"Atlantic, Eastern Central",264,2080,0.6506125079316722,0.6506125079316722,21580645.84826872,21580645.84826872,33169737.10953484
SSP2,"Atlantic, Eastern Central",264,2081,0.6506125079316722,0.6506125079316722,21580645.84826872,21580645.84826872,33169737.10953484
SSP2,"Atlantic, Eastern Central",264,2082,0.6506125079316722,0.6506125079316722,21580645.84826872,21580645.84826872,33169737.10953484
SSP2,"Atlantic, Eastern Central",264,2083,0.6506125079316722,0.6506125079316722,21580645.84826872,21580645.84826872,33169737.10953484
SSP2,"Atlantic, Eastern Central",264,2084,0.6506125079316722,0.6506125079316722,21580645.84826872,21580645.84826872,33169737.10953484
SSP2,"Atlantic, Eastern Central",264,2085,0.6506125079316722,0.6506125079316722,21580645.84826872,21580645.84826872,33169737.10953484
SSP2,"Atlantic, Eastern Central",264,2086,0.6506125079316722,0.6506125079316722,21580645.84826872,21580645.84826872,33169737.10953484
SSP2,"Atlantic, Eastern Central",264,2087,0.6506125079316722,0.6506125079316722,21580645.84826872,21580645.84826872,33169737.10953484
SSP2,"Atlantic, Eastern Central",264,2088,0.6506125079316722,0.6506125079316722,21580645.84826872,21580645.84826872,33169737.10953484
SSP2,"Atlantic, Eastern Central",264,2089,0.6506125079316722,0.6506125079316722,21580645.84826872,21580645.84826872,33169737.10953484
SSP2,"Atlantic, Eastern Central",264,2090,0.6506125079316722,0.6506125079316722,21580645.84826872,21580645.84826872,33169737.10953484
SSP2,"Atlantic, Eastern Central",264,2091,0.6506125079316722,0.6506125079316722,21580645.84826872,21580645.84826872,33169737.10953484
SSP2,"Atlantic, Eastern Central",264,2092,0.6506125079316722,0.6506125079316722,21580645.84826872,21580645.84826872,33169737.10953484
SSP2,"Atlantic, Eastern Central",264,2093,0.6506125079316722,0.6506125079316722,21580645.84826872,21580645.84826872,33169737.10953484
SSP2,"Atlantic, Eastern Central",264,2094,0.6506125079316722,0.6506125079316722,21580645.84826872,21580645.84826872,33169737.10953484
SSP2,"Atlantic, Eastern Central",264,2095,0.6506125079316722,0.6506125079316722,21580645.84826872,21580645.84826872,33169737.10953484
SSP2,"Atlantic, Eastern Central",264,2096,0.6506125079316722,0.6506125079316722,21580645.84826872,21580645.84826872,33169737.10953484
SSP2,"Atlantic, Eastern Central",264,2097,0.6506125079316722,0.6506125079316722,21580645.84826872,21580645.84826872,33169737.10953484
SSP2,"Atlantic, Eastern Central",264,2098,0.6506125079316722,0.6506125079316722,21580645.84826872,21580645.84826872,33169737.10953484
SSP2,"Atlantic, Eastern Central",264,2099,0.6506125079316722,0.6506125079316722,21580645.84826872,21580645.84826872,33169737.10953484
SSP2,"Atlantic, Eastern Central",264,2100,0.6506125079316722,0.6506125079316722,21580645.84826872,21580645.84826872,33169737.10953484
SSP3,"Atlantic, Eastern Central",264,2005,0.771198635739894,0.771198635739894,25580456.006724205,25580456.006724205,33169737.10953484
SSP3,"Atlantic, Eastern Central",264,2006,0.7685271868556401,0.7685271868556401,25491844.749531943,25491844.749531943,33169737.10953484
SSP3,"Atlantic, Eastern Central",264,2007,0.7658649919285516,0.7658649919285516,25403540.443666082,25403540.443666082,33169737.10953484
SSP3,"Atlantic, Eastern Central",264,2008,0.7632120189027193,0.7632120189027193,25315542.025840536,25315542.025840536,33169737.10953484
SSP3,"Atlantic, Eastern Central",264,2009,0.760568235833276,0.760568235833276,25227848.436452463,25227848.436452463,33169737.10953484
SSP3,"Atlantic, Eastern Central",264,2010,0.7579336108860127,0.7579336108860127,25140458.619569518,25140458.619569518,33169737.10953484
SSP3,"Atlantic, Eastern Central",264,2011,0.7553081123369945,0.7553081123369945,25053371.522917114,25053371.522917114,33169737.10953484
SSP3,"Atlantic, Eastern Central",264,2012,0.7526917085721787,0.7526917085721787,24966586.09786578,24966586.09786578,33169737.10953484
SSP3,"Atlantic, Eastern Central",264,2013,0.7500843680870348,0.7500843680870348,24880101.29941851,24880101.29941851,33169737.10953484
SSP3,"Atlantic, Eastern Central",264,2014,0.7474860594861644,0.7474860594861644,24793916.086198196,24793916.086198196,33169737.10953484
SSP3,"Atlantic, Eastern Central",264,2015,0.7448967514829237,0.7448967514829237,24708029.420435086,24708029.420435086,33169737.10953484
SSP3,"Atlantic, Eastern Central",264,2016,0.742316412899046,0.742316412899046,24622440.267954275,24622440.267954275,33169737.10953484
SSP3,"Atlantic, Eastern Central",264,2017,0.7397450126642675,0.7397450126642675,24537147.598163273,24537147.598163273,33169737.10953484
SSP3,"Atlantic, Eastern Central",264,2018,0.7371825198159517,0.7371825198159517,24452150.384039577,24452150.384039577,33169737.10953484
SSP3,"Atlantic, Eastern Central",264,2019,0.7346289034987179,0.7346289034987179,24367447.602118313,24367447.602118313,33169737.10953484
SSP3,"Atlantic, Eastern Central",264,2020,0.732084132964069,0.732084132964069,24283038.23247992,24283038.23247992,33169737.10953484
SSP3,"Atlantic, Eastern Central",264,2021,0.7295481775700212,0.7295481775700212,24198921.258737847,24198921.258737847,33169737.10953484
SSP3,"Atlantic, Eastern Central",264,2022,0.7270210067807354,0.7270210067807354,24115095.668026343,24115095.668026343,33169737.10953484
SSP3,"Atlantic, Eastern Central",264,2023,0.7245025901661493,0.7245025901661493,24031560.450988233,24031560.450988233,33169737.10953484
SSP3,"Atlantic, Eastern Central",264,2024,0.7219928974016107,0.7219928974016107,23948314.601762787,23948314.601762787,33169737.10953484
SSP3,"Atlantic, Eastern Central",264,2025,0.719491898267513,0.719491898267513,23865357.117973592,23865357.117973592,33169737.10953484
SSP3,"Atlantic, Eastern Central",264,2026,0.7169995626489308,0.7169995626489308,23782687.000716493,23782687.000716493,33169737.10953484
SSP3,"Atlantic, Eastern Central",264,2027,0.7145158605352577,0.7145158605352577,23700303.25454756,23700303.25454756,33169737.10953484
SSP3,"Atlantic, Eastern Central",264,2028,0.7120407620198443,0.7120407620198443,23618204.8874711,23618204.8874711,33169737.10953484
SSP3,"Atlantic, Eastern Central",264,2029,0.7095742372996389,0.7095742372996389,23536390.910927713,23536390.910927713,33169737.10953484
SSP3,"Atlantic, Eastern Central",264,2030,0.7071162566748278,0.7071162566748278,23454860.3397824,23454860.3397824,33169737.10953484
SSP3,"Atlantic, Eastern Central",264,2031,0.7046667905484784,0.7046667905484784,23373612.192312676,23373612.192312676,33169737.10953484
SSP3,"Atlantic, Eastern Central",264,2032,0.7022258094261823,0.7022258094261823,23292645.49019678,23292645.49019678,33169737.10953484
SSP3,"Atlantic, Eastern Central",264,2033,0.6997932839157007,0.6997932839157007,23211959.25850187,23211959.25850187,33169737.10953484
SSP3,"Atlantic, Eastern Central",264,2034,0.6973691847266099,0.6973691847266099,23131552.52567229,23131552.52567229,33169737.10953484
SSP3,"Atlantic, Eastern Central",264,2035,0.6949534826699489,0.6949534826699489,23051424.323517885,23051424.323517885,33169737.10953484
SSP3,"Atlantic, Eastern Central",264,2036,0.6925461486578681,0.6925461486578681,22971573.68720232,22971573.68720232,33169737.10953484
SSP3,"Atlantic, Eastern Central",264,2037,0.6901471537032784,0.6901471537032784,22891999.65523148,22891999.65523148,33169737.10953484
SSP3,"Atlantic, Eastern Central",264,2038,0.68775646891950315,0.68775646891950315,22812701.269441888,22812701.269441888,33169737.10953484
SSP3,"Atlantic, Eastern Central",264,2039,0.6853740655199293,0.6853740655199293,22733677.574989162,22733677.574989162,33169737.10953484
SSP3,"Atlantic, Eastern Central",264,2040,0.6829999148176616,0.6829999148176616,22654927.620336525,22654927.620336525,33169737.10953484
SSP3,"Atlantic, Eastern Central",264,2041,0.6806339882251766,0.6806339882251766,22576450.457243342,22576450.457243342,33169737.10953484
SSP3,"Atlantic, Eastern Central",264,2042,0.6782762572539788,0.6782762572539788,22498245.1407537,22498245.1407537,33169737.10953484
SSP3,"Atlantic, Eastern Central",264,2043,0.6759266935142575,0.6759266935142575,22420310.72918505,22420310.72918505,33169737.10953484
SSP3,"Atlantic, Eastern Central",264,2044,0.6735852687145446,0.6735852687145446,22342646.284116827,22342646.284116827,33169737.10953484
SSP3,"Atlantic, Eastern Central",264,2045,0.6712519546613747,0.6712519546613747,22265250.8703792,22265250.8703792,33169737.10953484
SSP3,"Atlantic, Eastern Central",264,2046,0.668926723258945,0.668926723258945,22188123.55604177,22188123.55604177,33169737.10953484
SSP3,"Atlantic, Eastern Central",264,2047,0.666609546508777,0.666609546508777,22111263.412402373,22111263.412402373,33169737.10953484
SSP3,"Atlantic, Eastern Central",264,2048,0.6643003965093798,0.6643003965093798,22034669.513975885,22034669.513975885,33169737.10953484
SSP3,"Atlantic, Eastern Central",264,2049,0.6619992454559138,0.6619992454559138,21958340.93848309,21958340.93848309,33169737.10953484
SSP3,"Atlantic, Eastern Central",264,2050,0.6597060656398559,0.6597060656398559,21882276.766839556,21882276.766839556,33169737.10953484
SSP3,"Atlantic, Eastern Central",264,2051,0.657420829448666,0.657420829448666,21806476.08314459,21806476.08314459,33169737.10953484
SSP3,"Atlantic, Eastern Central",264,2052,0.6551435093654543,0.6551435093654543,21730937.974670194,21730937.974670194,33169737.10953484
SSP3,"Atlantic, Eastern Central",264,2053,0.6528740779686503,0.6528740779686503,21655661.53185008,21655661.53185008,33169737.10953484
SSP3,"Atlantic, Eastern Central",264,2054,0.6506125079316722,0.6506125079316722,21580645.84826872,21580645.84826872,33169737.10953484
SSP3,"Atlantic, Eastern Central",264,2055,0.6483587720225985,0.6483587720225985,21505890.020650424,21505890.020650424,33169737.10953484
SSP3,"Atlantic, Eastern Central",264,2056,0.6461128431038391,0.6461128431038391,21431393.148848474,21431393.148848474,33169737.10953484
SSP3,"Atlantic, Eastern Central",264,2057,0.6438746941318094,0.6438746941318094,21357154.335834276,21357154.335834276,33169737.10953484
SSP3,"Atlantic, Eastern Central",264,2058,0.6416442981566046,0.6416442981566046,21283172.687686566,21283172.687686566,33169737.10953484
SSP3,"Atlantic, Eastern Central",264,2059,0.6394216283216745,0.6394216283216745,21209447.31358064,21209447.31358064,33169737.10953484
SSP3,"Atlantic, Eastern Central",264,2060,0.6372066578635007,0.6372066578635007,21135977.32577763,21135977.32577763,33169737.10953484
SSP3,"Atlantic, Eastern Central",264,2061,0.6349993601112744,0.6349993601112744,21062761.839613818,21062761.839613818,33169737.10953484
SSP3,"Atlantic, Eastern Central",264,2062,0.6327997084865751,0.6327997084865751,20989799.973489977,20989799.973489977,33169737.10953484
SSP3,"Atlantic, Eastern Central",264,2063,0.63060767650305,0.63060767650305,20917090.848860763,20917090.848860763,33169737.10953484
SSP3,"Atlantic, Eastern Central",264,2064,0.6284232377660964,0.6284232377660964,20844633.590224124,20844633.590224124,33169737.10953484
SSP3,"Atlantic, Eastern Central",264,2065,0.6262463659725425,0.6262463659725425,20772427.32511078,20772427.32511078,33169737.10953484
SSP3,"Atlantic, Eastern Central",264,2066,0.6240770349103313,0.6240770349103313,20700471.184073687,20700471.184073687,33169737.10953484
SSP3,"Atlantic, Eastern Central",264,2067,0.6219152184582052,0.6219152184582052,20628764.300677598,20628764.300677598,33169737.10953484
SSP3,"Atlantic, Eastern Central",264,2068,0.6197608905853911,0.6197608905853911,20557305.81148861,20557305.81148861,33169737.10953484
SSP3,"Atlantic, Eastern Central",264,2069,0.617614025351287,0.617614025351287,20486094.856063776,20486094.856063776,33169737.10953484
SSP3,"Atlantic, Eastern Central",264,2070,0.6154745969051496,0.6154745969051496,20415130.576940738,20415130.576940738,33169737.10953484
SSP3,"Atlantic, Eastern Central",264,2071,0.6133425794857834,0.6133425794857834,20344412.119627412,20344412.119627412,33169737.10953484
SSP3,"Atlantic, Eastern Central",264,2072,0.61121794742123,0.61121794742123,20273938.63259169,20273938.63259169,33169737.10953484
SSP3,"Atlantic, Eastern Central",264,2073,0.6091006751284597,0.6091006751284597,20203709.267251194,20203709.267251194,33169737.10953484
SSP3,"Atlantic, Eastern Central",264,2074,0.6069907371130623,0.6069907371130623,20133723.17796305,20133723.17796305,33169737.10953484
SSP3,"Atlantic, Eastern Central",264,2075,0.6048881079689412,0.6048881079689412,20063979.522013705,20063979.522013705,33169737.10953484
SSP3,"Atlantic, Eastern Central",264,2076,0.6027927623780069,0.6027927623780069,19994477.459608793,19994477.459608793,33169737.10953484
SSP3,"Atlantic, Eastern Central",264,2077,0.6007046751098726,0.6007046751098726,19925216.15386301,19925216.15386301,33169737.10953484
SSP3,"Atlantic, Eastern Central",264,2078,0.5986238210215497,0.5986238210215497,19856194.770790037,19856194.770790037,33169737.10953484
SSP3,"Atlantic, Eastern Central",264,2079,0.5965501750571457,0.5965501750571457,19787412.479292512,19787412.479292512,33169737.10953484
SSP3,"Atlantic, Eastern Central",264,2080,0.5944837122475624,0.5944837122475624,19718868.451152,19718868.451152,33169737.10953484
SSP3,"Atlantic, Eastern Central",264,2081,0.5924244077101948,0.5924244077101948,19650561.861019045,19650561.861019045,33169737.10953484
SSP3,"Atlantic, Eastern Central",264,2082,0.5903722366486319,0.5903722366486319,19582491.88640321,19582491.88640321,33169737.10953484
SSP3,"Atlantic, Eastern Central",264,2083,0.588327174352358,0.588327174352358,19514657.707663186,19514657.707663186,33169737.10953484
SSP3,"Atlantic, Eastern Central",264,2084,0.5862891961964554,0.5862891961964554,19447058.50799692,19447058.50799692,33169737.10953484
SSP3,"Atlantic, Eastern Central",264,2085,0.5842582776413072,0.5842582776413072,19379693.473431777,19379693.473431777,33169737.10953484
SSP3,"Atlantic, Eastern Central",264,2086,0.5822343942323025,0.5822343942323025,19312561.792814743,19312561.792814743,33169737.10953484
SSP3,"Atlantic, Eastern Central",264,2087,0.5802175215995419,0.5802175215995419,19245662.657802656,19245662.657802656,33169737.10953484
SSP3,"Atlantic, Eastern Central",264,2088,0.5782076354575434,0.5782076354575434,19178995.26285247,19178995.26285247,33169737.10953484
SSP3,"Atlantic, Eastern Central",264,2089,0.5762047116049511,0.5762047116049511,19112558.805211566,19112558.805211566,33169737.10953484
SSP3,"Atlantic, Eastern Central",264,2090,0.5742087259242423,0.5742087259242423,19046352.484908063,19046352.484908063,33169737.10953484
SSP3,"Atlantic, Eastern Central",264,2091,0.5722196543814387,0.5722196543814387,18980375.50474121,18980375.50474121,33169737.10953484
SSP3,"Atlantic, Eastern Central",264,2092,0.5702374730258158,0.5702374730258158,18914627.070271775,18914627.070271775,33169737.10953484
SSP3,"Atlantic, Eastern Central",264,2093,0.5682621579896149,0.5682621579896149,18849106.38981248,18849106.38981248,33169737.10953484
SSP3,"Atlantic, Eastern Central",264,2094,0.5662936854877559,0.5662936854877559,18783812.67441847,18783812.67441847,33169737.10953484
SSP3,"Atlantic, Eastern Central",264,2095,0.5643320318175509,0.5643320318175509,18718745.137877814,18718745.137877814,33169737.10953484
SSP3,"Atlantic, Eastern Central",264,2096,0.5623771733584181,0.5623771733584181,18653902.99670203,18653902.99670203,33169737.10953484
SSP3,"Atlantic, Eastern Central",264,2097,0.5604290865715985,0.5604290865715985,18589285.470116664,18589285.470116664,33169737.10953484
SSP3,"Atlantic, Eastern Central",264,2098,0.5584877479998713,0.5584877479998713,18524891.780051876,18524891.780051876,33169737.10953484
SSP3,"Atlantic, Eastern Central",264,2099,0.5565531342672727,0.5565531342672727,18460721.151133083,18460721.151133083,33169737.10953484
SSP3,"Atlantic, Eastern Central",264,2100,0.5546252220788132,0.5546252220788132,18396772.810671613,18396772.810671613,33169737.10953484
SSP4,"Atlantic, Eastern Central",264,2005,0.771198635739894,0.771198635739894,25580456.006724205,25580456.006724205,33169737.10953484
SSP4,"Atlantic, Eastern Central",264,2006,0.7685271868556401,0.7685271868556401,25491844.749531943,25491844.749531943,33169737.10953484
SSP4,"Atlantic, Eastern Central",264,2007,0.7658649919285516,0.7658649919285516,25403540.443666082,25403540.443666082,33169737.10953484
SSP4,"Atlantic, Eastern Central",264,2008,0.7632120189027193,0.7632120189027193,25315542.025840536,25315542.025840536,33169737.10953484
SSP4,"Atlantic, Eastern Central",264,2009,0.760568235833276,0.760568235833276,25227848.436452463,25227848.436452463,33169737.10953484
SSP4,"Atlantic, Eastern Central",264,2010,0.7579336108860127,0.7579336108860127,25140458.619569518,25140458.619569518,33169737.10953484
SSP4,"Atlantic, Eastern Central",264,2011,0.7553081123369945,0.7553081123369945,25053371.522917114,25053371.522917114,33169737.10953484
SSP4,"Atlantic, Eastern Central",264,2012,0.7526917085721787,0.7526917085721787,24966586.09786578,24966586.09786578,33169737.10953484
SSP4,"Atlantic, Eastern Central",264,2013,0.7500843680870348,0.7500843680870348,24880101.29941851,24880101.29941851,33169737.10953484
SSP4,"Atlantic, Eastern Central",264,2014,0.7474860594861644,0.7474860594861644,24793916.086198196,24793916.086198196,33169737.10953484
SSP4,"Atlantic, Eastern Central",264,2015,0.7448967514829237,0.7448967514829237,24708029.420435086,24708029.420435086,33169737.10953484
SSP4,"Atlantic, Eastern Central",264,2016,0.742316412899046,0.742316412899046,24622440.267954275,24622440.267954275,33169737.10953484
SSP4,"Atlantic, Eastern Central",264,2017,0.7397450126642675,0.7397450126642675,24537147.598163273,24537147.598163273,33169737.10953484
SSP4,"Atlantic, Eastern Central",264,2018,0.7371825198159517,0.7371825198159517,24452150.384039577,24452150.384039577,33169737.10953484
SSP4,"Atlantic, Eastern Central",264,2019,0.7346289034987179,0.7346289034987179,24367447.602118313,24367447.602118313,33169737.10953484
SSP4,"Atlantic, Eastern Central",264,2020,0.732084132964069,0.732084132964069,24283038.23247992,24283038.23247992,33169737.10953484
SSP4,"Atlantic, Eastern Central",264,2021,0.7295481775700212,0.7295481775700212,24198921.258737847,24198921.258737847,33169737.10953484
SSP4,"Atlantic, Eastern Central",264,2022,0.7270210067807354,0.7270210067807354,24115095.668026343,24115095.668026343,33169737.10953484
SSP4,"Atlantic, Eastern Central",264,2023,0.7245025901661493,0.7245025901661493,24031560.450988233,24031560.450988233,33169737.10953484
SSP4,"Atlantic, Eastern Central",264,2024,0.7219928974016107,0.7219928974016107,23948314.601762787,23948314.601762787,33169737.10953484
SSP4,"Atlantic, Eastern Central",264,2025,0.719491898267513,0.719491898267513,23865357.117973592,23865357.117973592,33169737.10953484
SSP4,"Atlantic, Eastern Central",264,2026,0.7169995626489308,0.7169995626489308,23782687.000716493,23782687.000716493,33169737.10953484
SSP4,"Atlantic, Eastern Central",264,2027,0.7145158605352577,0.7145158605352577,23700303.25454756,23700303.25454756,33169737.10953484
SSP4,"Atlantic, Eastern Central",264,2028,0.7120407620198443,0.7120407620198443,23618204.8874711,23618204.8874711,33169737.10953484
SSP4,"Atlantic, Eastern Central",264,2029,0.7095742372996389,0.7095742372996389,23536390.910927713,23536390.910927713,33169737.10953484
SSP4,"Atlantic, Eastern Central",264,2030,0.7071162566748278,0.7071162566748278,23454860.3397824,23454860.3397824,33169737.10953484
SSP4,"Atlantic, Eastern Central",264,2031,0.7046667905484784,0.7046667905484784,23373612.192312676,23373612.192312676,33169737.10953484
SSP4,"Atlantic, Eastern Central",264,2032,0.7022258094261823,0.7022258094261823,23292645.49019678,23292645.49019678,33169737.10953484
SSP4,"Atlantic, Eastern Central",264,2033,0.6997932839157007,0.6997932839157007,23211959.25850187,23211959.25850187,33169737.10953484
SSP4,"Atlantic, Eastern Central",264,2034,0.6973691847266099,0.6973691847266099,23131552.52567229,23131552.52567229,33169737.10953484
SSP4,"Atlantic, Eastern Central",264,2035,0.6949534826699489,0.6949534826699489,23051424.323517885,23051424.323517885,33169737.10953484
SSP4,"Atlantic, Eastern Central",264,2036,0.6925461486578681,0.6925461486578681,22971573.68720232,22971573.68720232,33169737.10953484
SSP4,"Atlantic, Eastern Central",264,2037,0.6901471537032784,0.6901471537032784,22891999.65523148,22891999.65523148,33169737.10953484
SSP4,"Atlantic, Eastern Central",264,2038,0.68775646891950315,0.68775646891950315,22812701.269441888,22812701.269441888,33169737.10953484
SSP4,"Atlantic, Eastern Central",264,2039,0.6853740655199293,0.6853740655199293,22733677.574989162,22733677.574989162,33169737.10953484
SSP4,"Atlantic, Eastern Central",264,2040,0.6829999148176616,0.6829999148176616,22654927.620336525,22654927.620336525,33169737.10953484
SSP4,"Atlantic, Eastern Central",264,2041,0.6806339882251766,0.6806339882251766,22576450.457243342,22576450.457243342,33169737.10953484
SSP4,"Atlantic, Eastern Central",264,2042,0.6782762572539788,0.6782762572539788,22498245.1407537,22498245.1407537,33169737.10953484
SSP4,"Atlantic, Eastern Central",264,2043,0.6759266935142575,0.6759266935142575,22420310.72918505,22420310.72918505,33169737.10953484
SSP4,"Atlantic, Eastern Central",264,2044,0.6735852687145446,0.6735852687145446,22342646.284116827,22342646.284116827,33169737.10953484
SSP4,"Atlantic, Eastern Central",264,2045,0.6712519546613747,0.6712519546613747,22265250.8703792,22265250.8703792,33169737.10953484
SSP4,"Atlantic, Eastern Central",264,2046,0.668926723258945,0.668926723258945,22188123.55604177,22188123.55604177,33169737.10953484
SSP4,"Atlantic, Eastern Central",264,2047,0.666609546508777,0.666609546508777,22111263.412402373,22111263.412402373,33169737.10953484
SSP4,"Atlantic, Eastern Central",264,2048,0.6643003965093798,0.6643003965093798,22034669.513975885,22034669.513975885,33169737.10953484
SSP4,"Atlantic, Eastern Central",264,2049,0.6619992454559138,0.6619992454559138,21958340.93848309,21958340.93848309,33169737.10953484
SSP4,"Atlantic, Eastern Central",264,2050,0.6597060656398559,0.6597060656398559,21882276.766839556,21882276.766839556,33169737.10953484
SSP4,"Atlantic, Eastern Central",264,2051,0.657420829448666,0.657420829448666,21806476.08314459,21806476.08314459,33169737.10953484
SSP4,"Atlantic, Eastern Central",264,2052,0.6551435093654543,0.6551435093654543,21730937.974670194,21730937.974670194,33169737.10953484
SSP4,"Atlantic, Eastern Central",264,2053,0.6528740779686503,0.6528740779686503,21655661.53185008,21655661.53185008,33169737.10953484
SSP4,"Atlantic, Eastern Central",264,2054,0.6506125079316722,0.6506125079316722,21580645.84826872,21580645.84826872,33169737.10953484
SSP4,"Atlantic, Eastern Central",264,2055,0.6483587720225985,0.6483587720225985,21505890.020650424,21505890.020650424,33169737.10953484
SSP4,"Atlantic, Eastern Central",264,2056,0.6461128431038391,0.6461128431038391,21431393.148848474,21431393.148848474,33169737.10953484
SSP4,"Atlantic, Eastern Central",264,2057,0.6438746941318094,0.6438746941318094,21357154.335834276,21357154.335834276,33169737.10953484
SSP4,"Atlantic, Eastern Central",264,2058,0.6416442981566046,0.6416442981566046,21283172.687686566,21283172.687686566,33169737.10953484
SSP4,"Atlantic, Eastern Central",264,2059,0.6394216283216745,0.6394216283216745,21209447.31358064,21209447.31358064,33169737.10953484
SSP4,"Atlantic, Eastern Central",264,2060,0.6372066578635007,0.6372066578635007,21135977.32577763,21135977.32577763,33169737.10953484
SSP4,"Atlantic, Eastern Central",264,2061,0.6349993601112744,0.6349993601112744,21062761.839613818,21062761.839613818,33169737.10953484
SSP4,"Atlantic, Eastern Central",264,2062,0.6327997084865751,0.6327997084865751,20989799.973489977,20989799.973489977,33169737.10953484
SSP4,"Atlantic, Eastern Central",264,2063,0.63060767650305,0.63060767650305,20917090.848860763,20917090.848860763,33169737.10953484
SSP4,"Atlantic, Eastern Central",264,2064,0.6284232377660964,0.6284232377660964,20844633.590224124,20844633.590224124,33169737.10953484
SSP4,"Atlantic, Eastern Central",264,2065,0.6262463659725425,0.6262463659725425,20772427.32511078,20772427.32511078,33169737.10953484
SSP4,"Atlantic, Eastern Central",264,2066,0.6240770349103313,0.6240770349103313,20700471.184073687,20700471.184073687,33169737.10953484
SSP4,"Atlantic, Eastern Central",264,2067,0.6219152184582052,0.6219152184582052,20628764.300677598,20628764.300677598,33169737.10953484
SSP4,"Atlantic, Eastern Central",264,2068,0.6197608905853911,0.6197608905853911,20557305.81148861,20557305.81148861,33169737.10953484
SSP4,"Atlantic, Eastern Central",264,2069,0.617614025351287,0.617614025351287,20486094.856063776,20486094.856063776,33169737.10953484
SSP4,"Atlantic, Eastern Central",264,2070,0.6154745969051496,0.6154745969051496,20415130.576940738,20415130.576940738,33169737.10953484
SSP4,"Atlantic, Eastern Central",264,2071,0.6133425794857834,0.6133425794857834,20344412.119627412,20344412.119627412,33169737.10953484
SSP4,"Atlantic, Eastern Central",264,2072,0.61121794742123,0.61121794742123,20273938.63259169,20273938.63259169,33169737.10953484
SSP4,"Atlantic, Eastern Central",264,2073,0.6091006751284597,0.6091006751284597,20203709.267251194,20203709.267251194,33169737.10953484
SSP4,"Atlantic, Eastern Central",264,2074,0.6069907371130623,0.6069907371130623,20133723.17796305,20133723.17796305,33169737.10953484
SSP4,"Atlantic, Eastern Central",264,2075,0.6048881079689412,0.6048881079689412,20063979.522013705,20063979.522013705,33169737.10953484
SSP4,"Atlantic, Eastern Central",264,2076,0.6027927623780069,0.6027927623780069,19994477.459608793,19994477.459608793,33169737.10953484
SSP4,"Atlantic, Eastern Central",264,2077,0.6007046751098726,0.6007046751098726,19925216.15386301,19925216.15386301,33169737.10953484
SSP4,"Atlantic, Eastern Central",264,2078,0.5986238210215497,0.5986238210215497,19856194.770790037,19856194.770790037,33169737.10953484
SSP4,"Atlantic, Eastern Central",264,2079,0.5965501750571457,0.5965501750571457,19787412.479292512,19787412.479292512,33169737.10953484
SSP4,"Atlantic, Eastern Central",264,2080,0.5944837122475624,0.5944837122475624,19718868.451152,19718868.451152,33169737.10953484
SSP4,"Atlantic, Eastern Central",264,2081,0.5924244077101948,0.5924244077101948,19650561.861019045,19650561.861019045,33169737.10953484
SSP4,"Atlantic, Eastern Central",264,2082,0.5903722366486319,0.5903722366486319,19582491.88640321,19582491.88640321,33169737.10953484
SSP4,"Atlantic, Eastern Central",264,2083,0.588327174352358,0.588327174352358,19514657.707663186,19514657.707663186,33169737.10953484
SSP4,"Atlantic, Eastern Central",264,2084,0.5862891961964554,0.5862891961964554,19447058.50799692,19447058.50799692,33169737.10953484
SSP4,"Atlantic, Eastern Central",264,2085,0.5842582776413072,0.5842582776413072,19379693.473431777,19379693.473431777,33169737.10953484
SSP4,"Atlantic, Eastern Central",264,2086,0.5822343942323025,0.5822343942323025,19312561.792814743,19312561.792814743,33169737.10953484
SSP4,"Atlantic, Eastern Central",264,2087,0.5802175215995419,0.5802175215995419,19245662.657802656,19245662.657802656,33169737.10953484
SSP4,"Atlantic, Eastern Central",264,2088,0.5782076354575434,0.5782076354575434,19178995.26285247,19178995.26285247,33169737.10953484
SSP4,"Atlantic, Eastern Central",264,2089,0.5762047116049511,0.5762047116049511,19112558.805211566,19112558.805211566,33169737.10953484
SSP4,"Atlantic, Eastern Central",264,2090,0.5742087259242423,0.5742087259242423,19046352.484908063,19046352.484908063,33169737.10953484
SSP4,"Atlantic, Eastern Central",264,2091,0.5722196543814387,0.5722196543814387,18980375.50474121,18980375.50474121,33169737.10953484
SSP4,"Atlantic, Eastern Central",264,2092,0.5702374730258158,0.5702374730258158,18914627.070271775,18914627.070271775,33169737.10953484
SSP4,"Atlantic, Eastern Central",264,2093,0.5682621579896149,0.5682621579896149,18849106.38981248,18849106.38981248,33169737.10953484
SSP4,"Atlantic, Eastern Central",264,2094,0.5662936854877559,0.5662936854877559,18783812.67441847,18783812.67441847,33169737.10953484
SSP4,"Atlantic, Eastern Central",264,2095,0.5643320318175509,0.5643320318175509,18718745.137877814,18718745.137877814,33169737.10953484
SSP4,"Atlantic, Eastern Central",264,2096,0.5623771733584181,0.5623771733584181,18653902.99670203,18653902.99670203,33169737.10953484
SSP4,"Atlantic, Eastern Central",264,2097,0.5604290865715985,0.5604290865715985,18589285.470116664,18589285.470116664,33169737.10953484
SSP4,"Atlantic, Eastern Central",264,2098,0.5584877479998713,0.5584877479998713,18524891.780051876,18524891.780051876,33169737.10953484
SSP4,"Atlantic, Eastern Central",264,2099,0.5565531342672727,0.5565531342672727,18460721.151133083,18460721.151133083,33169737.10953484
SSP4,"Atlantic, Eastern Central",264,2100,0.5546252220788132,0.5546252220788132,18396772.810671613,18396772.810671613,33169737.10953484
SSP5,"Atlantic, Eastern Central",264,2005,0.771198635739894,0.771198635739894,25580456.006724205,25580456.006724205,33169737.10953484
SSP5,"Atlantic, Eastern Central",264,2006,0.7685271868556401,0.7685271868556401,25491844.749531943,25491844.749531943,33169737.10953484
SSP5,"Atlantic, Eastern Central",264,2007,0.7658649919285516,0.7658649919285516,25403540.443666082,25403540.443666082,33169737.10953484
SSP5,"Atlantic, Eastern Central",264,2008,0.7632120189027193,0.7632120189027193,25315542.025840536,25315542.025840536,33169737.10953484
SSP5,"Atlantic, Eastern Central",264,2009,0.760568235833276,0.760568235833276,25227848.436452463,25227848.436452463,33169737.10953484
SSP5,"Atlantic, Eastern Central",264,2010,0.7579336108860127,0.7579336108860127,25140458.619569518,25140458.619569518,33169737.10953484
SSP5,"Atlantic, Eastern Central",264,2011,0.7553081123369945,0.7553081123369945,25053371.522917114,25053371.522917114,33169737.10953484
SSP5,"Atlantic, Eastern Central",264,2012,0.7526917085721787,0.7526917085721787,24966586.09786578,24966586.09786578,33169737.10953484
SSP5,"Atlantic, Eastern Central",264,2013,0.7500843680870348,0.7500843680870348,24880101.29941851,24880101.29941851,33169737.10953484
SSP5,"Atlantic, Eastern Central",264,2014,0.7474860594861644,0.7474860594861644,24793916.086198196,24793916.086198196,33169737.10953484
SSP5,"Atlantic, Eastern Central",264,2015,0.7448967514829237,0.7448967514829237,24708029.420435086,24708029.420435086,33169737.10953484
SSP5,"Atlantic, Eastern Central",264,2016,0.742316412899046,0.742316412899046,24622440.267954275,24622440.267954275,33169737.10953484
SSP5,"Atlantic, Eastern Central",264,2017,0.7397450126642675,0.7397450126642675,24537147.598163273,24537147.598163273,33169737.10953484
SSP5,"Atlantic, Eastern Central",264,2018,0.7371825198159517,0.7371825198159517,24452150.384039577,24452150.384039577,33169737.10953484
SSP5,"Atlantic, Eastern Central",264,2019,0.7346289034987179,0.7346289034987179,24367447.602118313,24367447.602118313,33169737.10953484
SSP5,"Atlantic, Eastern Central",264,2020,0.732084132964069,0.732084132964069,24283038.23247992,24283038.23247992,33169737.10953484
SSP5,"Atlantic, Eastern Central",264,2021,0.7295481775700212,0.7295481775700212,24198921.258737847,24198921.258737847,33169737.10953484
SSP5,"Atlantic, Eastern Central",264,2022,0.7270210067807354,0.7270210067807354,24115095.668026343,24115095.668026343,33169737.10953484
SSP5,"Atlantic, Eastern Central",264,2023,0.7245025901661493,0.7245025901661493,24031560.450988233,24031560.450988233,33169737.10953484
SSP5,"Atlantic, Eastern Central",264,2024,0.7219928974016107,0.7219928974016107,23948314.601762787,23948314.601762787,33169737.10953484
SSP5,"Atlantic, Eastern Central",264,2025,0.719491898267513,0.719491898267513,23865357.117973592,23865357.117973592,33169737.10953484
SSP5,"Atlantic, Eastern Central",264,2026,0.7169995626489308,0.7169995626489308,23782687.000716493,23782687.000716493,33169737.10953484
SSP5,"Atlantic, Eastern Central",264,2027,0.7145158605352577,0.7145158605352577,23700303.25454756,23700303.25454756,33169737.10953484
SSP5,"Atlantic, Eastern Central",264,2028,0.7120407620198443,0.7120407620198443,23618204.8874711,23618204.8874711,33169737.10953484
SSP5,"Atlantic, Eastern Central",264,2029,0.7095742372996389,0.7095742372996389,23536390.910927713,23536390.910927713,33169737.10953484
SSP5,"Atlantic, Eastern Central",264,2030,0.7071162566748278,0.7071162566748278,23454860.3397824,23454860.3397824,33169737.10953484
SSP5,"Atlantic, Eastern Central",264,2031,0.7046667905484784,0.7046667905484784,23373612.192312676,23373612.192312676,33169737.10953484
SSP5,"Atlantic, Eastern Central",264,2032,0.7022258094261823,0.7022258094261823,23292645.49019678,23292645.49019678,33169737.10953484
SSP5,"Atlantic, Eastern Central",264,2033,0.6997932839157007,0.6997932839157007,23211959.25850187,23211959.25850187,33169737.10953484
SSP5,"Atlantic, Eastern Central",264,2034,0.6973691847266099,0.6973691847266099,23131552.52567229,23131552.52567229,33169737.10953484
SSP5,"Atlantic, Eastern Central",264,2035,0.6949534826699489,0.6949534826699489,23051424.323517885,23051424.323517885,33169737.10953484
SSP5,"Atlantic, Eastern Central",264,2036,0.6925461486578681,0.6925461486578681,22971573.68720232,22971573.68720232,33169737.10953484
SSP5,"Atlantic, Eastern Central",264,2037,0.6901471537032784,0.6901471537032784,22891999.65523148,22891999.65523148,33169737.10953484
SSP5,"Atlantic, Eastern Central",264,2038,0.68775646891950315,0.68775646891950315,22812701.269441888,22812701.269441888,33169737.10953484
SSP5,"Atlantic, Eastern Central",264,2039,0.6853740655199293,0.6853740655199293,22733677.574989162,22733677.574989162,33169737.10953484
SSP5,"Atlantic, Eastern Central",264,2040,0.6829999148176616,0.6829999148176616,22654927.620336525,22654927.620336525,33169737.10953484
SSP5,"Atlantic, Eastern Central",264,2041,0.6806339882251766,0.6806339882251766,22576450.457243342,22576450.457243342,33169737.10953484
SSP5,"Atlantic, Eastern Central",264,2042,0.6782762572539788,0.6782762572539788,22498245.1407537,22498245.1407537,33169737.10953484
SSP5,"Atlantic, Eastern Central",264,2043,0.6759266935142575,0.6759266935142575,22420310.72918505,22420310.72918505,33169737.10953484
SSP5,"Atlantic, Eastern Central",264,2044,0.6735852687145446,0.6735852687145446,22342646.284116827,22342646.284116827,33169737.10953484
SSP5,"Atlantic, Eastern Central",264,2045,0.6712519546613747,0.6712519546613747,22265250.8703792,22265250.8703792,33169737.10953484
SSP5,"Atlantic, Eastern Central",264,2046,0.668926723258945,0.668926723258945,22188123.55604177,22188123.55604177,33169737.10953484
SSP5,"Atlantic, Eastern Central",264,2047,0.666609546508777,0.666609546508777,22111263.412402373,22111263.412402373,33169737.10953484
SSP5,"Atlantic, Eastern Central",264,2048,0.6643003965093798,0.6643003965093798,22034669.513975885,22034669.513975885,33169737.10953484
SSP5,"Atlantic, Eastern Central",264,2049,0.6619992454559138,0.6619992454559138,21958340.93848309,21958340.93848309,33169737.10953484
SSP5,"Atlantic, Eastern Central",264,2050,0.6597060656398559,0.6597060656398559,21882276.766839556,21882276.766839556,33169737.10953484
SSP5,"Atlantic, Eastern Central",264,2051,0.657420829448666,0.657420829448666,21806476.08314459,21806476.08314459,33169737.10953484
SSP5,"Atlantic, Eastern Central",264,2052,0.6551435093654543,0.6551435093654543,21730937.974670194,21730937.974670194,33169737.10953484
SSP5,"Atlantic, Eastern Central",264,2053,0.6528740779686503,0.6528740779686503,21655661.53185008,21655661.53185008,33169737.10953484
SSP5,"Atlantic, Eastern Central",264,2054,0.6506125079316722,0.6506125079316722,21580645.84826872,21580645.84826872,33169737.10953484
SSP5,"Atlantic, Eastern Central",264,2055,0.6483587720225985,0.6483587720225985,21505890.020650424,21505890.020650424,33169737.10953484
SSP5,"Atlantic, Eastern Central",264,2056,0.6461128431038391,0.6461128431038391,21431393.148848474,21431393.148848474,33169737.10953484
SSP5,"Atlantic, Eastern Central",264,2057,0.6438746941318094,0.6438746941318094,21357154.335834276,21357154.335834276,33169737.10953484
SSP5,"Atlantic, Eastern Central",264,2058,0.6416442981566046,0.6416442981566046,21283172.687686566,21283172.687686566,33169737.10953484
SSP5,"Atlantic, Eastern Central",264,2059,0.6394216283216745,0.6394216283216745,21209447.31358064,21209447.31358064,33169737.10953484
SSP5,"Atlantic, Eastern Central",264,2060,0.6372066578635007,0.6372066578635007,21135977.32577763,21135977.32577763,33169737.10953484
SSP5,"Atlantic, Eastern Central",264,2061,0.6349993601112744,0.6349993601112744,21062761.839613818,21062761.839613818,33169737.10953484
SSP5,"Atlantic, Eastern Central",264,2062,0.6327997084865751,0.6327997084865751,20989799.973489977,20989799.973489977,33169737.10953484
SSP5,"Atlantic, Eastern Central",264,2063,0.63060767650305,0.63060767650305,20917090.848860763,20917090.848860763,33169737.10953484
SSP5,"Atlantic, Eastern Central",264,2064,0.6284232377660964,0.6284232377660964,20844633.590224124,20844633.590224124,33169737.10953484
SSP5,"Atlantic, Eastern Central",264,2065,0.6262463659725425,0.6262463659725425,20772427.32511078,20772427.32511078,33169737.10953484
SSP5,"Atlantic, Eastern Central",264,2066,0.6240770349103313,0.6240770349103313,20700471.184073687,20700471.184073687,33169737.10953484
SSP5,"Atlantic, Eastern Central",264,2067,0.6219152184582052,0.6219152184582052,20628764.300677598,20628764.300677598,33169737.10953484
SSP5,"Atlantic, Eastern Central",264,2068,0.6197608905853911,0.6197608905853911,20557305.81148861,20557305.81148861,33169737.10953484
SSP5,"Atlantic, Eastern Central",264,2069,0.617614025351287,0.617614025351287,20486094.856063776,20486094.856063776,33169737.10953484
SSP5,"Atlantic, Eastern Central",264,2070,0.6154745969051496,0.6154745969051496,20415130.576940738,20415130.576940738,33169737.10953484
SSP5,"Atlantic, Eastern Central",264,2071,0.6133425794857834,0.6133425794857834,20344412.119627412,20344412.119627412,33169737.10953484
SSP5,"Atlantic, Eastern Central",264,2072,0.61121794742123,0.61121794742123,20273938.63259169,20273938.63259169,33169737.10953484
SSP5,"Atlantic, Eastern Central",264,2073,0.6091006751284597,0.6091006751284597,20203709.267251194,20203709.267251194,33169737.10953484
SSP5,"Atlantic, Eastern Central",264,2074,0.6069907371130623,0.6069907371130623,20133723.17796305,20133723.17796305,33169737.10953484
SSP5,"Atlantic, Eastern Central",264,2075,0.6048881079689412,0.6048881079689412,20063979.522013705,20063979.522013705,33169737.10953484
SSP5,"Atlantic, Eastern Central",264,2076,0.6027927623780069,0.6027927623780069,19994477.459608793,19994477.459608793,33169737.10953484
SSP5,"Atlantic, Eastern Central",264,2077,0.6007046751098726,0.6007046751098726,19925216.15386301,19925216.15386301,33169737.10953484
SSP5,"Atlantic, Eastern Central",264,2078,0.5986238210215497,0.5986238210215497,19856194.770790037,19856194.770790037,33169737.10953484
SSP5,"Atlantic, Eastern Central",264,2079,0.5965501750571457,0.5965501750571457,19787412.479292512,19787412.479292512,33169737.10953484
SSP5,"Atlantic, Eastern Central",264,2080,0.5944837122475624,0.5944837122475624,19718868.451152,19718868.451152,33169737.10953484
SSP5,"Atlantic, Eastern Central",264,2081,0.5924244077101948,0.5924244077101948,19650561.861019045,19650561.861019045,33169737.10953484
SSP5,"Atlantic, Eastern Central",264,2082,0.5903722366486319,0.5903722366486319,19582491.88640321,19582491.88640321,33169737.10953484
SSP5,"Atlantic, Eastern Central",264,2083,0.588327174352358,0.588327174352358,19514657.707663186,19514657.707663186,33169737.10953484
SSP5,"Atlantic, Eastern Central",264,2084,0.5862891961964554,0.5862891961964554,19447058.50799692,19447058.50799692,33169737.10953484
SSP5,"Atlantic, Eastern Central",264,2085,0.5842582776413072,0.5842582776413072,19379693.473431777,19379693.473431777,33169737.10953484
SSP5,"Atlantic, Eastern Central",264,2086,0.5822343942323025,0.5822343942323025,19312561.792814743,19312561.792814743,33169737.10953484
SSP5,"Atlantic, Eastern Central",264,2087,0.5802175215995419,0.5802175215995419,19245662.657802656,19245662.657802656,33169737.10953484
SSP5,"Atlantic, Eastern Central",264,2088,0.5782076354575434,0.5782076354575434,19178995.26285247,19178995.26285247,33169737.10953484
SSP5,"Atlantic, Eastern Central",264,2089,0.5762047116049511,0.5762047116049511,19112558.805211566,19112558.805211566,33169737.10953484
SSP5,"Atlantic, Eastern Central",264,2090,0.5742087259242423,0.5742087259242423,19046352.484908063,19046352.484908063,33169737.10953484
SSP5,"Atlantic, Eastern Central",264,2091,0.5722196543814387,0.5722196543814387,18980375.50474121,18980375.50474121,33169737.10953484
SSP5,"Atlantic, Eastern Central",264,2092,0.5702374730258158,0.5702374730258158,18914627.070271775,18914627.070271775,33169737.10953484
SSP5,"Atlantic, Eastern Central",264,2093,0.5682621579896149,0.5682621579896149,18849106.38981248,18849106.38981248,33169737.10953484
SSP5,"Atlantic, Eastern Central",264,2094,0.5662936854877559,0.5662936854877559,18783812.67441847,18783812.67441847,33169737.10953484
SSP5,"Atlantic, Eastern Central",264,2095,0.5643320318175509,0.5643320318175509,18718745.137877814,18718745.137877814,33169737.10953484
SSP5,"Atlantic, Eastern Central",264,2096,0.5623771733584181,0.5623771733584181,18653902.99670203,18653902.99670203,33169737.10953484
SSP5,"Atlantic, Eastern Central",264,2097,0.5604290865715985,0.5604290865715985,18589285.470116664,18589285.470116664,33169737.10953484
SSP5,"Atlantic, Eastern Central",264,2098,0.5584877479998713,0.5584877479998713,18524891.780051876,18524891.780051876,33169737.10953484
SSP5,"Atlantic, Eastern Central",264,2099,0.5565531342672727,0.5565531342672727,18460721.151133083,18460721.151133083,33169737.10953484
SSP5,"Atlantic, Eastern Central",264,2100,0.5546252220788132,0.5546252220788132,18396772.810671613,18396772.810671613,33169737.10953484
SSP1,"Atlantic, Southwest",266,2005,0.897593107548956,0.897593107548956,53879500.53994335,53879500.53994335,60026642.45837548
SSP1,"Atlantic, Southwest",266,2006,0.8944838254592969,0.8944838254592969,53692860.77564515,53692860.77564515,60026642.45837548
SSP1,"Atlantic, Southwest",266,2007,0.8913853139905703,0.8913853139905703,53506867.53555872,53506867.53555872,60026642.45837548
SSP1,"Atlantic, Southwest",266,2008,0.8882975358331106,0.8882975358331106,53321518.5801101,53321518.5801101,60026642.45837548
SSP1,"Atlantic, Southwest",266,2009,0.8852204538064934,0.8852204538064934,53136811.67748326,53136811.67748326,60026642.45837548
SSP1,"Atlantic, Southwest",266,2010,0.8821540308590885,0.8821540308590885,52952744.60359323,52952744.60359323,60026642.45837548
SSP1,"Atlantic, Southwest",266,2011,0.8790982300676132,0.8790982300676132,52769315.142059326,52769315.142059326,60026642.45837548
SSP1,"Atlantic, Southwest",266,2012,0.8760530146366878,0.8760530146366878,52586521.08417844,52586521.08417844,60026642.45837548
SSP1,"Atlantic, Southwest",266,2013,0.8730183478983927,0.8730183478983927,52404360.22889847,52404360.22889847,60026642.45837548
SSP1,"Atlantic, Southwest",266,2014,0.8699941933118266,0.8699941933118266,52222830.38279181,52222830.38279181,60026642.45837548
SSP1,"Atlantic, Southwest",266,2015,0.8669805144626667,0.8669805144626667,52041929.36002892,52041929.36002892,60026642.45837548
SSP1,"Atlantic, Southwest",266,2016,0.8639772750627304,0.8639772750627304,51861654.98235204,51861654.98235204,60026642.45837548
SSP1,"Atlantic, Southwest",266,2017,0.860984438949538,0.860984438949538,51682005.079048924,51682005.079048924,60026642.45837548
SSP1,"Atlantic, Southwest",266,2018,0.8580019700858774,0.8580019700858774,51502977.486926734,51502977.486926734,60026642.45837548
SSP1,"Atlantic, Southwest",266,2019,0.8550298325593704,0.8550298325593704,51324570.05028597,51324570.05028597,60026642.45837548
SSP1,"Atlantic, Southwest",266,2020,0.8520679905820396,0.8520679905820396,51146780.62089454,51146780.62089454,60026642.45837548
SSP1,"Atlantic, Southwest",266,2021,0.8491164084898787,0.8491164084898787,50969607.057961844,50969607.057961844,60026642.45837548
SSP1,"Atlantic, Southwest",266,2022,0.8461750507424214,0.8461750507424214,50793047.228113055,50793047.228113055,60026642.45837548
SSP1,"Atlantic, Southwest",266,2023,0.843243881922315,0.843243881922315,50617099.00536339,50617099.00536339,60026642.45837548
SSP1,"Atlantic, Southwest",266,2024,0.840322866734893,0.840322866734893,50441760.27109253,50441760.27109253,60026642.45837548
SSP1,"Atlantic, Southwest",266,2025,0.8374119700077506,0.8374119700077506,50267028.91401909,50267028.91401909,60026642.45837548
SSP1,"Atlantic, Southwest",266,2026,0.8345111566903207,0.8345111566903207,50092902.830175236,50092902.830175236,60026642.45837548
SSP1,"Atlantic, Southwest",266,2027,0.8316203918534523,0.8316203918534523,49919379.92288129,49919379.92288129,60026642.45837548
SSP1,"Atlantic, Southwest",266,2028,0.8287396406889896,0.8287396406889896,49746458.102720544,49746458.102720544,60026642.45837548
SSP1,"Atlantic, Southwest",266,2029,0.8258688685093533,0.8258688685093533,49574135.28751406,49574135.28751406,60026642.45837548
SSP1,"Atlantic, Southwest",266,2030,0.8230080407471223,0.8230080407471223,49402409.40229563,49402409.40229563,60026642.45837548
SSP1,"Atlantic, Southwest",266,2031,0.8201571229546181,0.8201571229546181,49231278.37928675,49231278.37928675,60026642.45837548
SSP1,"Atlantic, Southwest",266,2032,0.8173160808034894,0.8173160808034894,49060740.157871775,49060740.157871775,60026642.45837548
SSP1,"Atlantic, Southwest",266,2033,0.8144848800842992,0.8144848800842992,48890792.684573054,48890792.684573054,60026642.45837548
SSP1,"Atlantic, Southwest",266,2034,0.8116634867061129,0.8116634867061129,48721433.913026236,48721433.913026236,60026642.45837548
SSP1,"Atlantic, Southwest",266,2035,0.8088518666960874,0.8088518666960874,48552661.80395562,48552661.80395562,60026642.45837548
SSP1,"Atlantic, Southwest",266,2036,0.8060499861990623,0.8060499861990623,48384474.3251496,48384474.3251496,60026642.45837548
SSP1,"Atlantic, Southwest",266,2037,0.8032578114771524,0.8032578114771524,48216869.4514362,48216869.4514362,60026642.45837548
SSP1,"Atlantic, Southwest",266,2038,0.800475308909341,0.800475308909341,48049845.16465867,48049845.16465867,60026642.45837548
SSP1,"Atlantic, Southwest",266,2039,0.7977024449910756,0.7977024449910756,47883399.45365123,47883399.45365123,60026642.45837548
SSP1,"Atlantic, Southwest",266,2040,0.794939186333864,0.794939186333864,47717530.31421477,47717530.31421477,60026642.45837548
SSP1,"Atlantic, Southwest",266,2041,0.7921854996648726,0.7921854996648726,47552235.74909283,47552235.74909283,60026642.45837548
SSP1,"Atlantic, Southwest",266,2042,0.7894413518265255,0.7894413518265255,47387513.76794745,47387513.76794745,60026642.45837548
SSP1,"Atlantic, Southwest",266,2043,0.7867067097761055,0.7867067097761055,47223362.38733525,47223362.38733525,60026642.45837548
SSP1,"Atlantic, Southwest",266,2044,0.7839815405853559,0.7839815405853559,47059779.63068354,47059779.63068354,60026642.45837548
SSP1,"Atlantic, Southwest",266,2045,0.7812658114400844,0.7812658114400844,46896763.52826654,46896763.52826654,60026642.45837548
SSP1,"Atlantic, Southwest",266,2046,0.7785594896397678,0.7785594896397678,46734312.11718163,46734312.11718163,60026642.45837548
SSP1,"Atlantic, Southwest",266,2047,0.775862542597158,0.775862542597158,46572423.44132572,46572423.44132572,60026642.45837548
SSP1,"Atlantic, Southwest",266,2048,0.7731749378378899,0.7731749378378899,46411095.5513717,46411095.5513717,60026642.45837548
SSP1,"Atlantic, Southwest",266,2049,0.7704966430000905,0.7704966430000905,46250326.504745,46250326.504745,60026642.45837548
SSP1,"Atlantic, Southwest",266,2050,0.7678276258339888,0.7678276258339888,46090114.36560015,46090114.36560015,60026642.45837548
SSP1,"Atlantic, Southwest",266,2051,0.7651678542015278,0.7651678542015278,45930457.204797484,45930457.204797484,60026642.45837548
SSP1,"Atlantic, Southwest",266,2052,0.7625172960759775,0.7625172960759775,45771353.099879935,45771353.099879935,60026642.45837548
SSP1,"Atlantic, Southwest",266,2053,0.7598759195415492,0.7598759195415492,45612800.135049865,45612800.135049865,60026642.45837548
SSP1,"Atlantic, Southwest",266,2054,0.7572436927930111,0.7572436927930111,45454796.401145995,45454796.401145995,60026642.45837548
SSP1,"Atlantic, Southwest",266,2055,0.7546205841353053,0.7546205841353053,45297339.99562042,45297339.99562042,60026642.45837548
SSP1,"Atlantic, Southwest",266,2056,0.7520065619831665,0.7520065619831665,45140429.022515714,45140429.022515714,60026642.45837548
SSP1,"Atlantic, Southwest",266,2057,0.7494015948607413,0.7494015948607413,44984061.59244207,44984061.59244207,60026642.45837548
SSP1,"Atlantic, Southwest",266,2058,0.7468056514012095,0.7468056514012095,44828235.822554596,44828235.822554596,60026642.45837548
SSP1,"Atlantic, Southwest",266,2059,0.7442187003464061,0.7442187003464061,44672949.836530596,44672949.836530596,60026642.45837548
SSP1,"Atlantic, Southwest",266,2060,0.7416407105464451,0.7416407105464451,44518201.764547,44518201.764547,60026642.45837548
SSP1,"Atlantic, Southwest",266,2061,0.7390716509593444,0.7390716509593444,44363989.74325784,44363989.74325784,60026642.45837548
SSP1,"Atlantic, Southwest",266,2062,0.7365114906506519,0.7365114906506519,44210311.915771835,44210311.915771835,60026642.45837548
SSP1,"Atlantic, Southwest",266,2063,0.7339601987930733,0.7339601987930733,44057166.43163,44057166.43163,60026642.45837548
SSP1,"Atlantic, Southwest",266,2064,0.7314177446661007,0.7314177446661007,43904551.44678339,43904551.44678339,60026642.45837548
SSP1,"Atlantic, Southwest",266,2065,0.7288840976556425,0.7288840976556425,43752465.12357089,43752465.12357089,60026642.45837548
SSP1,"Atlantic, Southwest",266,2066,0.7263592272536552,0.7263592272536552,43600905.630697064,43600905.630697064,60026642.45837548
SSP1,"Atlantic, Southwest",266,2067,0.7238431030577759,0.7238431030577759,43449871.14321014,43449871.14321014,60026642.45837548
SSP1,"Atlantic, Southwest",266,2068,0.7213356947709557,0.7213356947709557,43299359.842480026,43299359.842480026,60026642.45837548
SSP1,"Atlantic, Southwest",266,2069,0.718836972201096,0.718836972201096,43149369.91617638,43149369.91617638,60026642.45837548
SSP1,"Atlantic, Southwest",266,2070,0.7163469052606836,0.7163469052606836,42999899.55824682,42999899.55824682,60026642.45837548
SSP1,"Atlantic, Southwest",266,2071,0.7138654639664295,0.7138654639664295,42850946.96889518,42850946.96889518,60026642.45837548
SSP1,"Atlantic, Southwest",266,2072,0.7113926184389074,0.7113926184389074,42702510.354559824,42702510.354559824,60026642.45837548
SSP1,"Atlantic, Southwest",266,2073,0.708928338902194,0.708928338902194,42554587.92789204,42554587.92789204,60026642.45837548
SSP1,"Atlantic, Southwest",266,2074,0.7064725956835104,0.7064725956835104,42407177.907734536,42407177.907734536,60026642.45837548
SSP1,"Atlantic, Southwest",266,2075,0.7040253592128649,0.7040253592128649,42260278.5191,42260278.5191,60026642.45837548
SSP1,"Atlantic, Southwest",266,2076,0.7015866000226969,0.7015866000226969,42113887.99314971,42113887.99314971,60026642.45837548
SSP1,"Atlantic, Southwest",266,2077,0.699156288747522,0.699156288747522,41968004.56717223,41968004.56717223,60026642.45837548
SSP1,"Atlantic, Southwest",266,2078,0.6967343961235787,0.6967343961235787,41822626.4845622,41822626.4845622,60026642.45837548
SSP1,"Atlantic, Southwest",266,2079,0.6943208929884753,0.6943208929884753,41677751.99479919,41677751.99479919,60026642.45837548
SSP1,"Atlantic, Southwest",266,2080,0.6919157502808398,0.6919157502808398,41533379.35342658,41533379.35342658,60026642.45837548
SSP1,"Atlantic, Southwest",266,2081,0.6895189390399692,0.6895189390399692,41389506.822030626,41389506.822030626,60026642.45837548
SSP1,"Atlantic, Southwest",266,2082,0.687130430405481,0.687130430405481,41246132.66821946,41246132.66821946,60026642.45837548
SSP1,"Atlantic, Southwest",266,2083,0.6847501956169657,0.6847501956169657,41103255.16560227,41103255.16560227,60026642.45837548
SSP1,"Atlantic, Southwest",266,2084,0.6823782060136405,0.6823782060136405,40960872.593768485,40960872.593768485,60026642.45837548
SSP1,"Atlantic, Southwest",266,2085,0.6800144330340042,0.6800144330340042,40818983.23826709,40818983.23826709,60026642.45837548
SSP1,"Atlantic, Southwest",266,2086,0.6776588482154933,0.6776588482154933,40677585.39058595,40677585.39058595,60026642.45837548
SSP1,"Atlantic, Southwest",266,2087,0.6753114231941391,0.6753114231941391,40536677.34813128,40536677.34813128,60026642.45837548
SSP1,"Atlantic, Southwest",266,2088,0.6729721297042263,0.6729721297042263,40396257.41420708,40396257.41420708,60026642.45837548
SSP1,"Atlantic, Southwest",266,2089,0.6706409395779529,0.6706409395779529,40256323.89799477,40256323.89799477,60026642.45837548
SSP1,"Atlantic, Southwest",266,2090,0.6683178247450906,0.6683178247450906,40116875.1145328,40116875.1145328,60026642.45837548
SSP1,"Atlantic, Southwest",266,2091,0.666002757232647,0.666002757232647,39977909.38469634,39977909.38469634,60026642.45837548
SSP1,"Atlantic, Southwest",266,2092,0.6636957091645287,0.6636957091645287,39839425.03517712,39839425.03517712,60026642.45837548
SSP1,"Atlantic, Southwest",266,2093,0.66139665276120585,0.66139665276120585,39701420.39846322,39701420.39846322,60026642.45837548
SSP1,"Atlantic, Southwest",266,2094,0.6591055603393772,0.6591055603393772,39563893.81281902,39563893.81281902,60026642.45837548
SSP1,"Atlantic, Southwest",266,2095,0.6568224043116375,0.6568224043116375,39426843.622265205,39426843.622265205,60026642.45837548
SSP1,"Atlantic, Southwest",266,2096,0.6545471571861445,0.6545471571861445,39290268.17655879,39290268.17655879,60026642.45837548
SSP1,"Atlantic, Southwest",266,2097,0.6522797915662886,0.6522797915662886,39154165.831173286,39154165.831173286,60026642.45837548
SSP1,"Atlantic, Southwest",266,2098,0.6500202801503623,0.6500202801503623,39018534.94727886,39018534.94727886,60026642.45837548
SSP1,"Atlantic, Southwest",266,2099,0.6477685957312319,0.6477685957312319,38883373.89172263,38883373.89172263,60026642.45837548
SSP1,"Atlantic, Southwest",266,2100,0.6455247111960101,0.6455247111960101,38748681.037008986,38748681.037008986,60026642.45837548
SSP2,"Atlantic, Southwest",266,2005,0.897593107548956,0.897593107548956,53879500.53994335,53879500.53994335,60026642.45837548
SSP2,"Atlantic, Southwest",266,2006,0.8944838254592969,0.8944838254592969,53692860.77564515,53692860.77564515,60026642.45837548
SSP2,"Atlantic, Southwest",266,2007,0.8913853139905703,0.8913853139905703,53506867.53555872,53506867.53555872,60026642.45837548
SSP2,"Atlantic, Southwest",266,2008,0.8882975358331106,0.8882975358331106,53321518.5801101,53321518.5801101,60026642.45837548
SSP2,"Atlantic, Southwest",266,2009,0.8852204538064934,0.8852204538064934,53136811.67748326,53136811.67748326,60026642.45837548
SSP2,"Atlantic, Southwest",266,2010,0.8821540308590885,0.8821540308590885,52952744.60359323,52952744.60359323,60026642.45837548
SSP2,"Atlantic, Southwest",266,2011,0.8790982300676132,0.8790982300676132,52769315.142059326,52769315.142059326,60026642.45837548
SSP2,"Atlantic, Southwest",266,2012,0.8760530146366878,0.8760530146366878,52586521.08417844,52586521.08417844,60026642.45837548
SSP2,"Atlantic, Southwest",266,2013,0.8730183478983927,0.8730183478983927,52404360.22889847,52404360.22889847,60026642.45837548
SSP2,"Atlantic, Southwest",266,2014,0.8699941933118266,0.8699941933118266,52222830.38279181,52222830.38279181,60026642.45837548
SSP2,"Atlantic, Southwest",266,2015,0.8669805144626667,0.8669805144626667,52041929.36002892,52041929.36002892,60026642.45837548
SSP2,"Atlantic, Southwest",266,2016,0.8639772750627304,0.8639772750627304,51861654.98235204,51861654.98235204,60026642.45837548
SSP2,"Atlantic, Southwest",266,2017,0.860984438949538,0.860984438949538,51682005.079048924,51682005.079048924,60026642.45837548
SSP2,"Atlantic, Southwest",266,2018,0.8580019700858774,0.8580019700858774,51502977.486926734,51502977.486926734,60026642.45837548
SSP2,"Atlantic, Southwest",266,2019,0.8550298325593704,0.8550298325593704,51324570.05028597,51324570.05028597,60026642.45837548
SSP2,"Atlantic, Southwest",266,2020,0.8520679905820396,0.8520679905820396,51146780.62089454,51146780.62089454,60026642.45837548
SSP2,"Atlantic, Southwest",266,2021,0.8491164084898787,0.8491164084898787,50969607.057961844,50969607.057961844,60026642.45837548
SSP2,"Atlantic, Southwest",266,2022,0.8461750507424214,0.8461750507424214,50793047.228113055,50793047.228113055,60026642.45837548
SSP2,"Atlantic, Southwest",266,2023,0.843243881922315,0.843243881922315,50617099.00536339,50617099.00536339,60026642.45837548
SSP2,"Atlantic, Southwest",266,2024,0.840322866734893,0.840322866734893,50441760.27109253,50441760.27109253,60026642.45837548
SSP2,"Atlantic, Southwest",266,2025,0.8374119700077506,0.8374119700077506,50267028.91401909,50267028.91401909,60026642.45837548
SSP2,"Atlantic, Southwest",266,2026,0.8345111566903207,0.8345111566903207,50092902.830175236,50092902.830175236,60026642.45837548
SSP2,"Atlantic, Southwest",266,2027,0.8316203918534523,0.8316203918534523,49919379.92288129,49919379.92288129,60026642.45837548
SSP2,"Atlantic, Southwest",266,2028,0.8287396406889896,0.8287396406889896,49746458.102720544,49746458.102720544,60026642.45837548
SSP2,"Atlantic, Southwest",266,2029,0.8258688685093533,0.8258688685093533,49574135.28751406,49574135.28751406,60026642.45837548
SSP2,"Atlantic, Southwest",266,2030,0.8230080407471223,0.8230080407471223,49402409.40229563,49402409.40229563,60026642.45837548
SSP2,"Atlantic, Southwest",266,2031,0.8201571229546181,0.8201571229546181,49231278.37928675,49231278.37928675,60026642.45837548
SSP2,"Atlantic, Southwest",266,2032,0.8173160808034894,0.8173160808034894,49060740.157871775,49060740.157871775,60026642.45837548
SSP2,"Atlantic, Southwest",266,2033,0.8144848800842992,0.8144848800842992,48890792.684573054,48890792.684573054,60026642.45837548
SSP2,"Atlantic, Southwest",266,2034,0.8116634867061129,0.8116634867061129,48721433.913026236,48721433.913026236,60026642.45837548
SSP2,"Atlantic, Southwest",266,2035,0.8088518666960874,0.8088518666960874,48552661.80395562,48552661.80395562,60026642.45837548
SSP2,"Atlantic, Southwest",266,2036,0.8060499861990623,0.8060499861990623,48384474.3251496,48384474.3251496,60026642.45837548
SSP2,"Atlantic, Southwest",266,2037,0.8032578114771524,0.8032578114771524,48216869.4514362,48216869.4514362,60026642.45837548
SSP2,"Atlantic, Southwest",266,2038,0.800475308909341,0.800475308909341,48049845.16465867,48049845.16465867,60026642.45837548
SSP2,"Atlantic, Southwest",266,2039,0.7977024449910756,0.7977024449910756,47883399.45365123,47883399.45365123,60026642.45837548
SSP2,"Atlantic, Southwest",266,2040,0.794939186333864,0.794939186333864,47717530.31421477,47717530.31421477,60026642.45837548
SSP2,"Atlantic, Southwest",266,2041,0.7921854996648726,0.7921854996648726,47552235.74909283,47552235.74909283,60026642.45837548
SSP2,"Atlantic, Southwest",266,2042,0.7894413518265255,0.7894413518265255,47387513.76794745,47387513.76794745,60026642.45837548
SSP2,"Atlantic, Southwest",266,2043,0.7867067097761055,0.7867067097761055,47223362.38733525,47223362.38733525,60026642.45837548
SSP2,"Atlantic, Southwest",266,2044,0.7839815405853559,0.7839815405853559,47059779.63068354,47059779.63068354,60026642.45837548
SSP2,"Atlantic, Southwest",266,2045,0.7812658114400844,0.7812658114400844,46896763.52826654,46896763.52826654,60026642.45837548
SSP2,"Atlantic, Southwest",266,2046,0.7785594896397678,0.7785594896397678,46734312.11718163,46734312.11718163,60026642.45837548
SSP2,"Atlantic, Southwest",266,2047,0.775862542597158,0.775862542597158,46572423.44132572,46572423.44132572,60026642.45837548
SSP2,"Atlantic, Southwest",266,2048,0.7731749378378899,0.7731749378378899,46411095.5513717,46411095.5513717,60026642.45837548
SSP2,"Atlantic, Southwest",266,2049,0.7704966430000905,0.7704966430000905,46250326.504745,46250326.504745,60026642.45837548
SSP2,"Atlantic, Southwest",266,2050,0.7678276258339888,0.7678276258339888,46090114.36560015,46090114.36560015,60026642.45837548
SSP2,"Atlantic, Southwest",266,2051,0.7651678542015278,0.7651678542015278,45930457.204797484,45930457.204797484,60026642.45837548
SSP2,"Atlantic, Southwest",266,2052,0.7625172960759775,0.7625172960759775,45771353.099879935,45771353.099879935,60026642.45837548
SSP2,"Atlantic, Southwest",266,2053,0.7598759195415492,0.7598759195415492,45612800.135049865,45612800.135049865,60026642.45837548
SSP2,"Atlantic, Southwest",266,2054,0.7572436927930111,0.7572436927930111,45454796.401145995,45454796.401145995,60026642.45837548
SSP2,"Atlantic, Southwest",266,2055,0.7546205841353053,0.7546205841353053,45297339.99562042,45297339.99562042,60026642.45837548
SSP2,"Atlantic, Southwest",266,2056,0.7520065619831665,0.7520065619831665,45140429.022515714,45140429.022515714,60026642.45837548
SSP2,"Atlantic, Southwest",266,2057,0.7494015948607413,0.7494015948607413,44984061.59244207,44984061.59244207,60026642.45837548
SSP2,"Atlantic, Southwest",266,2058,0.7468056514012095,0.7468056514012095,44828235.822554596,44828235.822554596,60026642.45837548
SSP2,"Atlantic, Southwest",266,2059,0.7442187003464061,0.7442187003464061,44672949.836530596,44672949.836530596,60026642.45837548
SSP2,"Atlantic, Southwest",266,2060,0.7416407105464451,0.7416407105464451,44518201.764547,44518201.764547,60026642.45837548
SSP2,"Atlantic, Southwest",266,2061,0.7390716509593444,0.7390716509593444,44363989.74325784,44363989.74325784,60026642.45837548
SSP2,"Atlantic, Southwest",266,2062,0.7365114906506519,0.7365114906506519,44210311.915771835,44210311.915771835,60026642.45837548
SSP2,"Atlantic, Southwest",266,2063,0.7339601987930733,0.7339601987930733,44057166.43163,44057166.43163,60026642.45837548
SSP2,"Atlantic, Southwest",266,2064,0.7314177446661007,0.7314177446661007,43904551.44678339,43904551.44678339,60026642.45837548
SSP2,"Atlantic, Southwest",266,2065,0.7288840976556425,0.7288840976556425,43752465.12357089,43752465.12357089,60026642.45837548
SSP2,"Atlantic, Southwest",266,2066,0.7263592272536552,0.7263592272536552,43600905.630697064,43600905.630697064,60026642.45837548
SSP2,"Atlantic, Southwest",266,2067,0.7238431030577759,0.7238431030577759,43449871.14321014,43449871.14321014,60026642.45837548
SSP2,"Atlantic, Southwest",266,2068,0.7213356947709557,0.7213356947709557,43299359.842480026,43299359.842480026,60026642.45837548
SSP2,"Atlantic, Southwest",266,2069,0.718836972201096,0.718836972201096,43149369.91617638,43149369.91617638,60026642.45837548
SSP2,"Atlantic, Southwest",266,2070,0.7163469052606836,0.7163469052606836,42999899.55824682,42999899.55824682,60026642.45837548
SSP2,"Atlantic, Southwest",266,2071,0.7138654639664295,0.7138654639664295,42850946.96889518,42850946.96889518,60026642.45837548
SSP2,"Atlantic, Southwest",266,2072,0.7113926184389074,0.7113926184389074,42702510.354559824,42702510.354559824,60026642.45837548
SSP2,"Atlantic, Southwest",266,2073,0.708928338902194,0.708928338902194,42554587.92789204,42554587.92789204,60026642.45837548
SSP2,"Atlantic, Southwest",266,2074,0.7064725956835104,0.7064725956835104,42407177.907734536,42407177.907734536,60026642.45837548
SSP2,"Atlantic, Southwest",266,2075,0.7040253592128649,0.7040253592128649,42260278.5191,42260278.5191,60026642.45837548
SSP2,"Atlantic, Southwest",266,2076,0.7015866000226969,0.7015866000226969,42113887.99314971,42113887.99314971,60026642.45837548
SSP2,"Atlantic, Southwest",266,2077,0.699156288747522,0.699156288747522,41968004.56717223,41968004.56717223,60026642.45837548
SSP2,"Atlantic, Southwest",266,2078,0.6967343961235787,0.6967343961235787,41822626.4845622,41822626.4845622,60026642.45837548
SSP2,"Atlantic, Southwest",266,2079,0.6943208929884753,0.6943208929884753,41677751.99479919,41677751.99479919,60026642.45837548
SSP2,"Atlantic, Southwest",266,2080,0.6919157502808398,0.6919157502808398,41533379.35342658,41533379.35342658,60026642.45837548
SSP2,"Atlantic, Southwest",266,2081,0.6895189390399692,0.6895189390399692,41389506.822030626,41389506.822030626,60026642.45837548
SSP2,"Atlantic, Southwest",266,2082,0.687130430405481,0.687130430405481,41246132.66821946,41246132.66821946,60026642.45837548
SSP2,"Atlantic, Southwest",266,2083,0.6847501956169657,0.6847501956169657,41103255.16560227,41103255.16560227,60026642.45837548
SSP2,"Atlantic, Southwest",266,2084,0.6823782060136405,0.6823782060136405,40960872.593768485,40960872.593768485,60026642.45837548
SSP2,"Atlantic, Southwest",266,2085,0.6800144330340042,0.6800144330340042,40818983.23826709,40818983.23826709,60026642.45837548
SSP2,"Atlantic, Southwest",266,2086,0.6776588482154933,0.6776588482154933,40677585.39058595,40677585.39058595,60026642.45837548
SSP2,"Atlantic, Southwest",266,2087,0.6753114231941391,0.6753114231941391,40536677.34813128,40536677.34813128,60026642.45837548
SSP2,"Atlantic, Southwest",266,2088,0.6729721297042263,0.6729721297042263,40396257.41420708,40396257.41420708,60026642.45837548
SSP2,"Atlantic, Southwest",266,2089,0.6706409395779529,0.6706409395779529,40256323.89799477,40256323.89799477,60026642.45837548
SSP2,"Atlantic, Southwest",266,2090,0.6683178247450906,0.6683178247450906,40116875.1145328,40116875.1145328,60026642.45837548
SSP2,"Atlantic, Southwest",266,2091,0.666002757232647,0.666002757232647,39977909.38469634,39977909.38469634,60026642.45837548
SSP2,"Atlantic, Southwest",266,2092,0.6636957091645287,0.6636957091645287,39839425.03517712,39839425.03517712,60026642.45837548
SSP2,"Atlantic, Southwest",266,2093,0.66139665276120585,0.66139665276120585,39701420.39846322,39701420.39846322,60026642.45837548
SSP2,"Atlantic, Southwest",266,2094,0.6591055603393772,0.6591055603393772,39563893.81281902,39563893.81281902,60026642.45837548
SSP2,"Atlantic, Southwest",266,2095,0.6568224043116375,0.6568224043116375,39426843.622265205,39426843.622265205,60026642.45837548
SSP2,"Atlantic, Southwest",266,2096,0.6545471571861445,0.6545471571861445,39290268.17655879,39290268.17655879,60026642.45837548
SSP2,"Atlantic, Southwest",266,2097,0.6522797915662886,0.6522797915662886,39154165.831173286,39154165.831173286,60026642.45837548
SSP2,"Atlantic, Southwest",266,2098,0.6500202801503623,0.6500202801503623,39018534.94727886,39018534.94727886,60026642.45837548
SSP2,"Atlantic, Southwest",266,2099,0.6500202801503623,0.6500202801503623,39018534.94727886,39018534.94727886,60026642.45837548
SSP2,"Atlantic, Southwest",266,2100,0.6500202801503623,0.6500202801503623,39018534.94727886,39018534.94727886,60026642.45837548
SSP3,"Atlantic, Southwest",266,2005,0.897593107548956,0.897593107548956,53879500.53994335,53879500.53994335,60026642.45837548
SSP3,"Atlantic, Southwest",266,2006,0.8944838254592969,0.8944838254592969,53692860.77564515,53692860.77564515,60026642.45837548
SSP3,"Atlantic, Southwest",266,2007,0.8913853139905703,0.8913853139905703,53506867.53555872,53506867.53555872,60026642.45837548
SSP3,"Atlantic, Southwest",266,2008,0.8882975358331106,0.8882975358331106,53321518.5801101,53321518.5801101,60026642.45837548
SSP3,"Atlantic, Southwest",266,2009,0.8852204538064934,0.8852204538064934,53136811.67748326,53136811.67748326,60026642.45837548
SSP3,"Atlantic, Southwest",266,2010,0.8821540308590885,0.8821540308590885,52952744.60359323,52952744.60359323,60026642.45837548
SSP3,"Atlantic, Southwest",266,2011,0.8790982300676132,0.8790982300676132,52769315.142059326,52769315.142059326,60026642.45837548
SSP3,"Atlantic, Southwest",266,2012,0.8760530146366878,0.8760530146366878,52586521.08417844,52586521.08417844,60026642.45837548
SSP3,"Atlantic, Southwest",266,2013,0.8730183478983927,0.8730183478983927,52404360.22889847,52404360.22889847,60026642.45837548
SSP3,"Atlantic, Southwest",266,2014,0.8699941933118266,0.8699941933118266,52222830.38279181,52222830.38279181,60026642.45837548
SSP3,"Atlantic, Southwest",266,2015,0.8669805144626667,0.8669805144626667,52041929.36002892,52041929.36002892,60026642.45837548
SSP3,"Atlantic, Southwest",266,2016,0.8639772750627304,0.8639772750627304,51861654.98235204,51861654.98235204,60026642.45837548
SSP3,"Atlantic, Southwest",266,2017,0.860984438949538,0.860984438949538,51682005.079048924,51682005.079048924,60026642.45837548
SSP3,"Atlantic, Southwest",266,2018,0.8580019700858774,0.8580019700858774,51502977.486926734,51502977.486926734,60026642.45837548
SSP3,"Atlantic, Southwest",266,2019,0.8550298325593704,0.8550298325593704,51324570.05028597,51324570.05028597,60026642.45837548
SSP3,"Atlantic, Southwest",266,2020,0.8520679905820396,0.8520679905820396,51146780.62089454,51146780.62089454,60026642.45837548
SSP3,"Atlantic, Southwest",266,2021,0.8491164084898787,0.8491164084898787,50969607.057961844,50969607.057961844,60026642.45837548
SSP3,"Atlantic, Southwest",266,2022,0.8461750507424214,0.8461750507424214,50793047.228113055,50793047.228113055,60026642.45837548
SSP3,"Atlantic, Southwest",266,2023,0.843243881922315,0.843243881922315,50617099.00536339,50617099.00536339,60026642.45837548
SSP3,"Atlantic, Southwest",266,2024,0.840322866734893,0.840322866734893,50441760.27109253,50441760.27109253,60026642.45837548
SSP3,"Atlantic, Southwest",266,2025,0.8374119700077506,0.8374119700077506,50267028.91401909,50267028.91401909,60026642.45837548
SSP3,"Atlantic, Southwest",266,2026,0.8345111566903207,0.8345111566903207,50092902.830175236,50092902.830175236,60026642.45837548
SSP3,"Atlantic, Southwest",266,2027,0.8316203918534523,0.8316203918534523,49919379.92288129,49919379.92288129,60026642.45837548
SSP3,"Atlantic, Southwest",266,2028,0.8287396406889896,0.8287396406889896,49746458.102720544,49746458.102720544,60026642.45837548
SSP3,"Atlantic, Southwest",266,2029,0.8258688685093533,0.8258688685093533,49574135.28751406,49574135.28751406,60026642.45837548
SSP3,"Atlantic, Southwest",266,2030,0.8230080407471223,0.8230080407471223,49402409.40229563,49402409.40229563,60026642.45837548
SSP3,"Atlantic, Southwest",266,2031,0.8201571229546181,0.8201571229546181,49231278.37928675,49231278.37928675,60026642.45837548
SSP3,"Atlantic, Southwest",266,2032,0.8173160808034894,0.8173160808034894,49060740.157871775,49060740.157871775,60026642.45837548
SSP3,"Atlantic, Southwest",266,2033,0.8144848800842992,0.8144848800842992,48890792.684573054,48890792.684573054,60026642.45837548
SSP3,"Atlantic, Southwest",266,2034,0.8116634867061129,0.8116634867061129,48721433.913026236,48721433.913026236,60026642.45837548
SSP3,"Atlantic, Southwest",266,2035,0.8088518666960874,0.8088518666960874,48552661.80395562,48552661.80395562,60026642.45837548
SSP3,"Atlantic, Southwest",266,2036,0.8060499861990623,0.8060499861990623,48384474.3251496,48384474.3251496,60026642.45837548
SSP3,"Atlantic, Southwest",266,2037,0.8032578114771524,0.8032578114771524,48216869.4514362,48216869.4514362,60026642.45837548
SSP3,"Atlantic, Southwest",266,2038,0.800475308909341,0.800475308909341,48049845.16465867,48049845.16465867,60026642.45837548
SSP3,"Atlantic, Southwest",266,2039,0.7977024449910756,0.7977024449910756,47883399.45365123,47883399.45365123,60026642.45837548
SSP3,"Atlantic, Southwest",266,2040,0.794939186333864,0.794939186333864,47717530.31421477,47717530.31421477,60026642.45837548
SSP3,"Atlantic, Southwest",266,2041,0.7921854996648726,0.7921854996648726,47552235.74909283,47552235.74909283,60026642.45837548
SSP3,"Atlantic, Southwest",266,2042,0.7894413518265255,0.7894413518265255,47387513.76794745,47387513.76794745,60026642.45837548
SSP3,"Atlantic, Southwest",266,2043,0.7867067097761055,0.7867067097761055,47223362.38733525,47223362.38733525,60026642.45837548
SSP3,"Atlantic, Southwest",266,2044,0.7839815405853559,0.7839815405853559,47059779.63068354,47059779.63068354,60026642.45837548
SSP3,"Atlantic, Southwest",266,2045,0.7812658114400844,0.7812658114400844,46896763.52826654,46896763.52826654,60026642.45837548
SSP3,"Atlantic, Southwest",266,2046,0.7785594896397678,0.7785594896397678,46734312.11718163,46734312.11718163,60026642.45837548
SSP3,"Atlantic, Southwest",266,2047,0.775862542597158,0.775862542597158,46572423.44132572,46572423.44132572,60026642.45837548
SSP3,"Atlantic, Southwest",266,2048,0.7731749378378899,0.7731749378378899,46411095.5513717,46411095.5513717,60026642.45837548
SSP3,"Atlantic, Southwest",266,2049,0.7704966430000905,0.7704966430000905,46250326.504745,46250326.504745,60026642.45837548
SSP3,"Atlantic, Southwest",266,2050,0.7678276258339888,0.7678276258339888,46090114.36560015,46090114.36560015,60026642.45837548
SSP3,"Atlantic, Southwest",266,2051,0.7651678542015278,0.7651678542015278,45930457.204797484,45930457.204797484,60026642.45837548
SSP3,"Atlantic, Southwest",266,2052,0.7625172960759775,0.7625172960759775,45771353.099879935,45771353.099879935,60026642.45837548
SSP3,"Atlantic, Southwest",266,2053,0.7598759195415492,0.7598759195415492,45612800.135049865,45612800.135049865,60026642.45837548
SSP3,"Atlantic, Southwest",266,2054,0.7572436927930111,0.7572436927930111,45454796.401145995,45454796.401145995,60026642.45837548
SSP3,"Atlantic, Southwest",266,2055,0.7546205841353053,0.7546205841353053,45297339.99562042,45297339.99562042,60026642.45837548
SSP3,"Atlantic, Southwest",266,2056,0.7520065619831665,0.7520065619831665,45140429.022515714,45140429.022515714,60026642.45837548
SSP3,"Atlantic, Southwest",266,2057,0.7494015948607413,0.7494015948607413,44984061.59244207,44984061.59244207,60026642.45837548
SSP3,"Atlantic, Southwest",266,2058,0.7468056514012095,0.7468056514012095,44828235.822554596,44828235.822554596,60026642.45837548
SSP3,"Atlantic, Southwest",266,2059,0.7442187003464061,0.7442187003464061,44672949.836530596,44672949.836530596,60026642.45837548
SSP3,"Atlantic, Southwest",266,2060,0.7416407105464451,0.7416407105464451,44518201.764547,44518201.764547,60026642.45837548
SSP3,"Atlantic, Southwest",266,2061,0.7390716509593444,0.7390716509593444,44363989.74325784,44363989.74325784,60026642.45837548
SSP3,"Atlantic, Southwest",266,2062,0.7365114906506519,0.7365114906506519,44210311.915771835,44210311.915771835,60026642.45837548
SSP3,"Atlantic, Southwest",266,2063,0.7339601987930733,0.7339601987930733,44057166.43163,44057166.43163,60026642.45837548
SSP3,"Atlantic, Southwest",266,2064,0.7314177446661007,0.7314177446661007,43904551.44678339,43904551.44678339,60026642.45837548
SSP3,"Atlantic, Southwest",266,2065,0.7288840976556425,0.7288840976556425,43752465.12357089,43752465.12357089,60026642.45837548
SSP3,"Atlantic, Southwest",266,2066,0.7263592272536552,0.7263592272536552,43600905.630697064,43600905.630697064,60026642.45837548
SSP3,"Atlantic, Southwest",266,2067,0.7238431030577759,0.7238431030577759,43449871.14321014,43449871.14321014,60026642.45837548
SSP3,"Atlantic, Southwest",266,2068,0.7213356947709557,0.7213356947709557,43299359.842480026,43299359.842480026,60026642.45837548
SSP3,"Atlantic, Southwest",266,2069,0.718836972201096,0.718836972201096,43149369.91617638,43149369.91617638,60026642.45837548
SSP3,"Atlantic, Southwest",266,2070,0.7163469052606836,0.7163469052606836,42999899.55824682,42999899.55824682,60026642.45837548
SSP3,"Atlantic, Southwest",266,2071,0.7138654639664295,0.7138654639664295,42850946.96889518,42850946.96889518,60026642.45837548
SSP3,"Atlantic, Southwest",266,2072,0.7113926184389074,0.7113926184389074,42702510.354559824,42702510.354559824,60026642.45837548
SSP3,"Atlantic, Southwest",266,2073,0.708928338902194,0.708928338902194,42554587.92789204,42554587.92789204,60026642.45837548
SSP3,"Atlantic, Southwest",266,2074,0.7064725956835104,0.7064725956835104,42407177.907734536,42407177.907734536,60026642.45837548
SSP3,"Atlantic, Southwest",266,2075,0.7040253592128649,0.7040253592128649,42260278.5191,42260278.5191,60026642.45837548
SSP3,"Atlantic, Southwest",266,2076,0.7015866000226969,0.7015866000226969,42113887.99314971,42113887.99314971,60026642.45837548
SSP3,"Atlantic, Southwest",266,2077,0.699156288747522,0.699156288747522,41968004.56717223,41968004.56717223,60026642.45837548
SSP3,"Atlantic, Southwest",266,2078,0.6967343961235787,0.6967343961235787,41822626.4845622,41822626.4845622,60026642.45837548
SSP3,"Atlantic, Southwest",266,2079,0.6943208929884753,0.6943208929884753,41677751.99479919,41677751.99479919,60026642.45837548
SSP3,"Atlantic, Southwest",266,2080,0.6919157502808398,0.6919157502808398,41533379.35342658,41533379.35342658,60026642.45837548
SSP3,"Atlantic, Southwest",266,2081,0.6895189390399692,0.6895189390399692,41389506.822030626,41389506.822030626,60026642.45837548
SSP3,"Atlantic, Southwest",266,2082,0.687130430405481,0.687130430405481,41246132.66821946,41246132.66821946,60026642.45837548
SSP3,"Atlantic, Southwest",266,2083,0.6847501956169657,0.6847501956169657,41103255.16560227,41103255.16560227,60026642.45837548
SSP3,"Atlantic, Southwest",266,2084,0.6823782060136405,0.6823782060136405,40960872.593768485,40960872.593768485,60026642.45837548
SSP3,"Atlantic, Southwest",266,2085,0.6800144330340042,0.6800144330340042,40818983.23826709,40818983.23826709,60026642.45837548
SSP3,"Atlantic, Southwest",266,2086,0.6776588482154933,0.6776588482154933,40677585.39058595,40677585.39058595,60026642.45837548
SSP3,"Atlantic, Southwest",266,2087,0.6753114231941391,0.6753114231941391,40536677.34813128,40536677.34813128,60026642.45837548
SSP3,"Atlantic, Southwest",266,2088,0.6729721297042263,0.6729721297042263,40396257.41420708,40396257.41420708,60026642.45837548
SSP3,"Atlantic, Southwest",266,2089,0.6706409395779529,0.6706409395779529,40256323.89799477,40256323.89799477,60026642.45837548
SSP3,"Atlantic, Southwest",266,2090,0.6683178247450906,0.6683178247450906,40116875.1145328,40116875.1145328,60026642.45837548
SSP3,"Atlantic, Southwest",266,2091,0.666002757232647,0.666002757232647,39977909.38469634,39977909.38469634,60026642.45837548
SSP3,"Atlantic, Southwest",266,2092,0.6636957091645287,0.6636957091645287,39839425.03517712,39839425.03517712,60026642.45837548
SSP3,"Atlantic, Southwest",266,2093,0.66139665276120585,0.66139665276120585,39701420.39846322,39701420.39846322,60026642.45837548
SSP3,"Atlantic, Southwest",266,2094,0.6591055603393772,0.6591055603393772,39563893.81281902,39563893.81281902,60026642.45837548
SSP3,"Atlantic, Southwest",266,2095,0.6568224043116375,0.6568224043116375,39426843.622265205,39426843.622265205,60026642.45837548
SSP3,"Atlantic, Southwest",266,2096,0.6545471571861445,0.6545471571861445,39290268.17655879,39290268.17655879,60026642.45837548
SSP3,"Atlantic, Southwest",266,2097,0.6522797915662886,0.6522797915662886,39154165.831173286,39154165.831173286,60026642.45837548
SSP3,"Atlantic, Southwest",266,2098,0.6500202801503623,0.6500202801503623,39018534.94727886,39018534.94727886,60026642.45837548
SSP3,"Atlantic, Southwest",266,2099,0.6477685957312319,0.6477685957312319,38883373.89172263,38883373.89172263,60026642.45837548
SSP3,"Atlantic, Southwest",266,2100,0.6455247111960101,0.6455247111960101,38748681.037008986,38748681.037008986,60026642.45837548
SSP4,"Atlantic, Southwest",266,2005,0.897593107548956,0.897593107548956,53879500.53994335,53879500.53994335,60026642.45837548
SSP4,"Atlantic, Southwest",266,2006,0.8944838254592969,0.8944838254592969,53692860.77564515,53692860.77564515,60026642.45837548
SSP4,"Atlantic, Southwest",266,2007,0.8913853139905703,0.8913853139905703,53506867.53555872,53506867.53555872,60026642.45837548
SSP4,"Atlantic, Southwest",266,2008,0.8882975358331106,0.8882975358331106,53321518.5801101,53321518.5801101,60026642.45837548
SSP4,"Atlantic, Southwest",266,2009,0.8852204538064934,0.8852204538064934,53136811.67748326,53136811.67748326,60026642.45837548
SSP4,"Atlantic, Southwest",266,2010,0.8821540308590885,0.8821540308590885,52952744.60359323,52952744.60359323,60026642.45837548
SSP4,"Atlantic, Southwest",266,2011,0.8790982300676132,0.8790982300676132,52769315.142059326,52769315.142059326,60026642.45837548
SSP4,"Atlantic, Southwest",266,2012,0.8760530146366878,0.8760530146366878,52586521.08417844,52586521.08417844,60026642.45837548
SSP4,"Atlantic, Southwest",266,2013,0.8730183478983927,0.8730183478983927,52404360.22889847,52404360.22889847,60026642.45837548
SSP4,"Atlantic, Southwest",266,2014,0.8699941933118266,0.8699941933118266,52222830.38279181,52222830.38279181,60026642.45837548
SSP4,"Atlantic, Southwest",266,2015,0.8669805144626667,0.8669805144626667,52041929.36002892,52041929.36002892,60026642.45837548
SSP4,"Atlantic, Southwest",266,2016,0.8639772750627304,0.8639772750627304,51861654.98235204,51861654.98235204,60026642.45837548
SSP4,"Atlantic, Southwest",266,2017,0.860984438949538,0.860984438949538,51682005.079048924,51682005.079048924,60026642.45837548
SSP4,"Atlantic, Southwest",266,2018,0.8580019700858774,0.8580019700858774,51502977.486926734,51502977.486926734,60026642.45837548
SSP4,"Atlantic, Southwest",266,2019,0.8550298325593704,0.8550298325593704,51324570.05028597,51324570.05028597,60026642.45837548
SSP4,"Atlantic, Southwest",266,2020,0.8520679905820396,0.8520679905820396,51146780.62089454,51146780.62089454,60026642.45837548
SSP4,"Atlantic, Southwest",266,2021,0.8491164084898787,0.8491164084898787,50969607.057961844,50969607.057961844,60026642.45837548
SSP4,"Atlantic, Southwest",266,2022,0.8461750507424214,0.8461750507424214,50793047.228113055,50793047.228113055,60026642.45837548
SSP4,"Atlantic, Southwest",266,2023,0.843243881922315,0.843243881922315,50617099.00536339,50617099.00536339,60026642.45837548
SSP4,"Atlantic, Southwest",266,2024,0.840322866734893,0.840322866734893,50441760.27109253,50441760.27109253,60026642.45837548
SSP4,"Atlantic, Southwest",266,2025,0.8374119700077506,0.8374119700077506,50267028.91401909,50267028.91401909,60026642.45837548
SSP4,"Atlantic, Southwest",266,2026,0.8345111566903207,0.8345111566903207,50092902.830175236,50092902.830175236,60026642.45837548
SSP4,"Atlantic, Southwest",266,2027,0.8316203918534523,0.8316203918534523,49919379.92288129,49919379.92288129,60026642.45837548
SSP4,"Atlantic, Southwest",266,2028,0.8287396406889896,0.8287396406889896,49746458.102720544,49746458.102720544,60026642.45837548
SSP4,"Atlantic, Southwest",266,2029,0.8258688685093533,0.8258688685093533,49574135.28751406,49574135.28751406,60026642.45837548
SSP4,"Atlantic, Southwest",266,2030,0.8230080407471223,0.8230080407471223,49402409.40229563,49402409.40229563,60026642.45837548
SSP4,"Atlantic, Southwest",266,2031,0.8201571229546181,0.8201571229546181,49231278.37928675,49231278.37928675,60026642.45837548
SSP4,"Atlantic, Southwest",266,2032,0.8173160808034894,0.8173160808034894,49060740.157871775,49060740.157871775,60026642.45837548
SSP4,"Atlantic, Southwest",266,2033,0.8144848800842992,0.8144848800842992,48890792.684573054,48890792.684573054,60026642.45837548
SSP4,"Atlantic, Southwest",266,2034,0.8116634867061129,0.8116634867061129,48721433.913026236,48721433.913026236,60026642.45837548
SSP4,"Atlantic, Southwest",266,2035,0.8088518666960874,0.8088518666960874,48552661.80395562,48552661.80395562,60026642.45837548
SSP4,"Atlantic, Southwest",266,2036,0.8060499861990623,0.8060499861990623,48384474.3251496,48384474.3251496,60026642.45837548
SSP4,"Atlantic, Southwest",266,2037,0.8032578114771524,0.8032578114771524,48216869.4514362,48216869.4514362,60026642.45837548
SSP4,"Atlantic, Southwest",266,2038,0.800475308909341,0.800475308909341,48049845.16465867,48049845.16465867,60026642.45837548
SSP4,"Atlantic, Southwest",266,2039,0.7977024449910756,0.7977024449910756,47883399.45365123,47883399.45365123,60026642.45837548
SSP4,"Atlantic, Southwest",266,2040,0.794939186333864,0.794939186333864,47717530.31421477,47717530.31421477,60026642.45837548
SSP4,"Atlantic, Southwest",266,2041,0.7921854996648726,0.7921854996648726,47552235.74909283,47552235.74909283,60026642.45837548
SSP4,"Atlantic, Southwest",266,2042,0.7894413518265255,0.7894413518265255,47387513.76794745,47387513.76794745,60026642.45837548
SSP4,"Atlantic, Southwest",266,2043,0.7867067097761055,0.7867067097761055,47223362.38733525,47223362.38733525,60026642.45837548
SSP4,"Atlantic, Southwest",266,2044,0.7839815405853559,0.7839815405853559,47059779.63068354,47059779.63068354,60026642.45837548
SSP4,"Atlantic, Southwest",266,2045,0.7812658114400844,0.7812658114400844,46896763.52826654,46896763.52826654,60026642.45837548
SSP4,"Atlantic, Southwest",266,2046,0.7785594896397678,0.7785594896397678,46734312.11718163,46734312.11718163,60026642.45837548
SSP4,"Atlantic, Southwest",266,2047,0.775862542597158,0.775862542597158,46572423.44132572,46572423.44132572,60026642.45837548
SSP4,"Atlantic, Southwest",266,2048,0.7731749378378899,0.7731749378378899,46411095.5513717,46411095.5513717,60026642.45837548
SSP4,"Atlantic, Southwest",266,2049,0.7704966430000905,0.7704966430000905,46250326.504745,46250326.504745,60026642.45837548
SSP4,"Atlantic, Southwest",266,2050,0.7678276258339888,0.7678276258339888,46090114.36560015,46090114.36560015,60026642.45837548
SSP4,"Atlantic, Southwest",266,2051,0.7651678542015278,0.7651678542015278,45930457.204797484,45930457.204797484,60026642.45837548
SSP4,"Atlantic, Southwest",266,2052,0.7625172960759775,0.7625172960759775,45771353.099879935,45771353.099879935,60026642.45837548
SSP4,"Atlantic, Southwest",266,2053,0.7598759195415492,0.7598759195415492,45612800.135049865,45612800.135049865,60026642.45837548
SSP4,"Atlantic, Southwest",266,2054,0.7572436927930111,0.7572436927930111,45454796.401145995,45454796.401145995,60026642.45837548
SSP4,"Atlantic, Southwest",266,2055,0.7546205841353053,0.7546205841353053,45297339.99562042,45297339.99562042,60026642.45837548
SSP4,"Atlantic, Southwest",266,2056,0.7520065619831665,0.7520065619831665,45140429.022515714,45140429.022515714,60026642.45837548
SSP4,"Atlantic, Southwest",266,2057,0.7494015948607413,0.7494015948607413,44984061.59244207,44984061.59244207,60026642.45837548
SSP4,"Atlantic, Southwest",266,2058,0.7468056514012095,0.7468056514012095,44828235.822554596,44828235.822554596,60026642.45837548
SSP4,"Atlantic, Southwest",266,2059,0.7442187003464061,0.7442187003464061,44672949.836530596,44672949.836530596,60026642.45837548
SSP4,"Atlantic, Southwest",266,2060,0.7416407105464451,0.7416407105464451,44518201.764547,44518201.764547,60026642.45837548
SSP4,"Atlantic, Southwest",266,2061,0.7390716509593444,0.7390716509593444,44363989.74325784,44363989.74325784,60026642.45837548
SSP4,"Atlantic, Southwest",266,2062,0.7365114906506519,0.7365114906506519,44210311.915771835,44210311.915771835,60026642.45837548
SSP4,"Atlantic, Southwest",266,2063,0.7339601987930733,0.7339601987930733,44057166.43163,44057166.43163,60026642.45837548
SSP4,"Atlantic, Southwest",266,2064,0.7314177446661007,0.7314177446661007,43904551.44678339,43904551.44678339,60026642.45837548
SSP4,"Atlantic, Southwest",266,2065,0.7288840976556425,0.7288840976556425,43752465.12357089,43752465.12357089,60026642.45837548
SSP4,"Atlantic, Southwest",266,2066,0.7263592272536552,0.7263592272536552,43600905.630697064,43600905.630697064,60026642.45837548
SSP4,"Atlantic, Southwest",266,2067,0.7238431030577759,0.7238431030577759,43449871.14321014,43449871.14321014,60026642.45837548
SSP4,"Atlantic, Southwest",266,2068,0.7213356947709557,0.7213356947709557,43299359.842480026,43299359.842480026,60026642.45837548
SSP4,"Atlantic, Southwest",266,2069,0.718836972201096,0.718836972201096,43149369.91617638,43149369.91617638,60026642.45837548
SSP4,"Atlantic, Southwest",266,2070,0.7163469052606836,0.7163469052606836,42999899.55824682,42999899.55824682,60026642.45837548
SSP4,"Atlantic, Southwest",266,2071,0.7138654639664295,0.7138654639664295,42850946.96889518,42850946.96889518,60026642.45837548
SSP4,"Atlantic, Southwest",266,2072,0.7113926184389074,0.7113926184389074,42702510.354559824,42702510.354559824,60026642.45837548
SSP4,"Atlantic, Southwest",266,2073,0.708928338902194,0.708928338902194,42554587.92789204,42554587.92789204,60026642.45837548
SSP4,"Atlantic, Southwest",266,2074,0.7064725956835104,0.7064725956835104,42407177.907734536,42407177.907734536,60026642.45837548
SSP4,"Atlantic, Southwest",266,2075,0.7040253592128649,0.7040253592128649,42260278.5191,42260278.5191,60026642.45837548
SSP4,"Atlantic, Southwest",266,2076,0.7015866000226969,0.7015866000226969,42113887.99314971,42113887.99314971,60026642.45837548
SSP4,"Atlantic, Southwest",266,2077,0.699156288747522,0.699156288747522,41968004.56717223,41968004.56717223,60026642.45837548
SSP4,"Atlantic, Southwest",266,2078,0.6967343961235787,0.6967343961235787,41822626.4845622,41822626.4845622,60026642.45837548
SSP4,"Atlantic, Southwest",266,2079,0.6943208929884753,0.6943208929884753,41677751.99479919,41677751.99479919,60026642.45837548
SSP4,"Atlantic, Southwest",266,2080,0.6919157502808398,0.6919157502808398,41533379.35342658,41533379.35342658,60026642.45837548
SSP4,"Atlantic, Southwest",266,2081,0.6895189390399692,0.6895189390399692,41389506.822030626,41389506.822030626,60026642.45837548
SSP4,"Atlantic, Southwest",266,2082,0.687130430405481,0.687130430405481,41246132.66821946,41246132.66821946,60026642.45837548
SSP4,"Atlantic, Southwest",266,2083,0.6847501956169657,0.6847501956169657,41103255.16560227,41103255.16560227,60026642.45837548
SSP4,"Atlantic, Southwest",266,2084,0.6823782060136405,0.6823782060136405,40960872.593768485,40960872.593768485,60026642.45837548
SSP4,"Atlantic, Southwest",266,2085,0.6800144330340042,0.6800144330340042,40818983.23826709,40818983.23826709,60026642.45837548
SSP4,"Atlantic, Southwest",266,2086,0.6776588482154933,0.6776588482154933,40677585.39058595,40677585.39058595,60026642.45837548
SSP4,"Atlantic, Southwest",266,2087,0.6753114231941391,0.6753114231941391,40536677.34813128,40536677.34813128,60026642.45837548
SSP4,"Atlantic, Southwest",266,2088,0.6729721297042263,0.6729721297042263,40396257.41420708,40396257.41420708,60026642.45837548
SSP4,"Atlantic, Southwest",266,2089,0.6706409395779529,0.6706409395779529,40256323.89799477,40256323.89799477,60026642.45837548
SSP4,"Atlantic, Southwest",266,2090,0.6683178247450906,0.6683178247450906,40116875.1145328,40116875.1145328,60026642.45837548
SSP4,"Atlantic, Southwest",266,2091,0.666002757232647,0.666002757232647,39977909.38469634,39977909.38469634,60026642.45837548
SSP4,"Atlantic, Southwest",266,2092,0.6636957091645287,0.6636957091645287,39839425.03517712,39839425.03517712,60026642.45837548
SSP4,"Atlantic, Southwest",266,2093,0.66139665276120585,0.66139665276120585,39701420.39846322,39701420.39846322,60026642.45837548
SSP4,"Atlantic, Southwest",266,2094,0.6591055603393772,0.6591055603393772,39563893.81281902,39563893.81281902,60026642.45837548
SSP4,"Atlantic, Southwest",266,2095,0.6568224043116375,0.6568224043116375,39426843.622265205,39426843.622265205,60026642.45837548
SSP4,"Atlantic, Southwest",266,2096,0.6545471571861445,0.6545471571861445,39290268.17655879,39290268.17655879,60026642.45837548
SSP4,"Atlantic, Southwest",266,2097,0.6522797915662886,0.6522797915662886,39154165.831173286,39154165.831173286,60026642.45837548
SSP4,"Atlantic, Southwest",266,2098,0.6500202801503623,0.6500202801503623,39018534.94727886,39018534.94727886,60026642.45837548
SSP4,"Atlantic, Southwest",266,2099,0.6477685957312319,0.6477685957312319,38883373.89172263,38883373.89172263,60026642.45837548
SSP4,"Atlantic, Southwest",266,2100,0.6455247111960101,0.6455247111960101,38748681.037008986,38748681.037008986,60026642.45837548
SSP5,"Atlantic, Southwest",266,2005,0.897593107548956,0.897593107548956,53879500.53994335,53879500.53994335,60026642.45837548
SSP5,"Atlantic, Southwest",266,2006,0.8944838254592969,0.8944838254592969,53692860.77564515,53692860.77564515,60026642.45837548
SSP5,"Atlantic, Southwest",266,2007,0.8913853139905703,0.8913853139905703,53506867.53555872,53506867.53555872,60026642.45837548
SSP5,"Atlantic, Southwest",266,2008,0.8882975358331106,0.8882975358331106,53321518.5801101,53321518.5801101,60026642.45837548
SSP5,"Atlantic, Southwest",266,2009,0.8852204538064934,0.8852204538064934,53136811.67748326,53136811.67748326,60026642.45837548
SSP5,"Atlantic, Southwest",266,2010,0.8821540308590885,0.8821540308590885,52952744.60359323,52952744.60359323,60026642.45837548
SSP5,"Atlantic, Southwest",266,2011,0.8790982300676132,0.8790982300676132,52769315.142059326,52769315.142059326,60026642.45837548
SSP5,"Atlantic, Southwest",266,2012,0.8760530146366878,0.8760530146366878,52586521.08417844,52586521.08417844,60026642.45837548
SSP5,"Atlantic, Southwest",266,2013,0.8730183478983927,0.8730183478983927,52404360.22889847,52404360.22889847,60026642.45837548
SSP5,"Atlantic, Southwest",266,2014,0.8699941933118266,0.8699941933118266,52222830.38279181,52222830.38279181,60026642.45837548
SSP5,"Atlantic, Southwest",266,2015,0.8669805144626667,0.8669805144626667,52041929.36002892,52041929.36002892,60026642.45837548
SSP5,"Atlantic, Southwest",266,2016,0.8639772750627304,0.8639772750627304,51861654.98235204,51861654.98235204,60026642.45837548
SSP5,"Atlantic, Southwest",266,2017,0.860984438949538,0.860984438949538,51682005.079048924,51682005.079048924,60026642.45837548
SSP5,"Atlantic, Southwest",266,2018,0.8580019700858774,0.8580019700858774,51502977.486926734,51502977.486926734,60026642.45837548
SSP5,"Atlantic, Southwest",266,2019,0.8550298325593704,0.8550298325593704,51324570.05028597,51324570.05028597,60026642.45837548
SSP5,"Atlantic, Southwest",266,2020,0.8520679905820396,0.8520679905820396,51146780.62089454,51146780.62089454,60026642.45837548
SSP5,"Atlantic, Southwest",266,2021,0.8491164084898787,0.8491164084898787,50969607.057961844,50969607.057961844,60026642.45837548
SSP5,"Atlantic, Southwest",266,2022,0.8461750507424214,0.8461750507424214,50793047.228113055,50793047.228113055,60026642.45837548
SSP5,"Atlantic, Southwest",266,2023,0.843243881922315,0.843243881922315,50617099.00536339,50617099.00536339,60026642.45837548
SSP5,"Atlantic, Southwest",266,2024,0.840322866734893,0.840322866734893,50441760.27109253,50441760.27109253,60026642.45837548
SSP5,"Atlantic, Southwest",266,2025,0.8374119700077506,0.8374119700077506,50267028.91401909,50267028.91401909,60026642.45837548
SSP5,"Atlantic, Southwest",266,2026,0.8345111566903207,0.8345111566903207,50092902.830175236,50092902.830175236,60026642.45837548
SSP5,"Atlantic, Southwest",266,2027,0.8316203918534523,0.8316203918534523,49919379.92288129,49919379.92288129,60026642.45837548
SSP5,"Atlantic, Southwest",266,2028,0.8287396406889896,0.8287396406889896,49746458.102720544,49746458.102720544,60026642.45837548
SSP5,"Atlantic, Southwest",266,2029,0.8258688685093533,0.8258688685093533,49574135.28751406,49574135.28751406,60026642.45837548
SSP5,"Atlantic, Southwest",266,2030,0.8230080407471223,0.8230080407471223,49402409.40229563,49402409.40229563,60026642.45837548
SSP5,"Atlantic, Southwest",266,2031,0.8201571229546181,0.8201571229546181,49231278.37928675,49231278.37928675,60026642.45837548
SSP5,"Atlantic, Southwest",266,2032,0.8173160808034894,0.8173160808034894,49060740.157871775,49060740.157871775,60026642.45837548
SSP5,"Atlantic, Southwest",266,2033,0.8144848800842992,0.8144848800842992,48890792.684573054,48890792.684573054,60026642.45837548
SSP5,"Atlantic, Southwest",266,2034,0.8116634867061129,0.8116634867061129,48721433.913026236,48721433.913026236,60026642.45837548
SSP5,"Atlantic, Southwest",266,2035,0.8088518666960874,0.8088518666960874,48552661.80395562,48552661.80395562,60026642.45837548
SSP5,"Atlantic, Southwest",266,2036,0.8060499861990623,0.8060499861990623,48384474.3251496,48384474.3251496,60026642.45837548
SSP5,"Atlantic, Southwest",266,2037,0.8032578114771524,0.8032578114771524,48216869.4514362,48216869.4514362,60026642.45837548
SSP5,"Atlantic, Southwest",266,2038,0.800475308909341,0.800475308909341,48049845.16465867,48049845.16465867,60026642.45837548
SSP5,"Atlantic, Southwest",266,2039,0.7977024449910756,0.7977024449910756,47883399.45365123,47883399.45365123,60026642.45837548
SSP5,"Atlantic, Southwest",266,2040,0.794939186333864,0.794939186333864,47717530.31421477,47717530.31421477,60026642.45837548
SSP5,"Atlantic, Southwest",266,2041,0.7921854996648726,0.7921854996648726,47552235.74909283,47552235.74909283,60026642.45837548
SSP5,"Atlantic, Southwest",266,2042,0.7894413518265255,0.7894413518265255,47387513.76794745,47387513.76794745,60026642.45837548
SSP5,"Atlantic, Southwest",266,2043,0.7867067097761055,0.7867067097761055,47223362.38733525,47223362.38733525,60026642.45837548
SSP5,"Atlantic, Southwest",266,2044,0.7839815405853559,0.7839815405853559,47059779.63068354,47059779.63068354,60026642.45837548
SSP5,"Atlantic, Southwest",266,2045,0.7812658114400844,0.7812658114400844,46896763.52826654,46896763.52826654,60026642.45837548
SSP5,"Atlantic, Southwest",266,2046,0.7785594896397678,0.7785594896397678,46734312.11718163,46734312.11718163,60026642.45837548
SSP5,"Atlantic, Southwest",266,2047,0.775862542597158,0.775862542597158,46572423.44132572,46572423.44132572,60026642.45837548
SSP5,"Atlantic, Southwest",266,2048,0.7731749378378899,0.7731749378378899,46411095.5513717,46411095.5513717,60026642.45837548
SSP5,"Atlantic, Southwest",266,2049,0.7704966430000905,0.7704966430000905,46250326.504745,46250326.504745,60026642.45837548
SSP5,"Atlantic, Southwest",266,2050,0.7678276258339888,0.7678276258339888,46090114.36560015,46090114.36560015,60026642.45837548
SSP5,"Atlantic, Southwest",266,2051,0.7651678542015278,0.7651678542015278,45930457.204797484,45930457.204797484,60026642.45837548
SSP5,"Atlantic, Southwest",266,2052,0.7625172960759775,0.7625172960759775,45771353.099879935,45771353.099879935,60026642.45837548
SSP5,"Atlantic, Southwest",266,2053,0.7598759195415492,0.7598759195415492,45612800.135049865,45612800.135049865,60026642.45837548
SSP5,"Atlantic, Southwest",266,2054,0.7572436927930111,0.7572436927930111,45454796.401145995,45454796.401145995,60026642.45837548
SSP5,"Atlantic, Southwest",266,2055,0.7546205841353053,0.7546205841353053,45297339.99562042,45297339.99562042,60026642.45837548
SSP5,"Atlantic, Southwest",266,2056,0.7520065619831665,0.7520065619831665,45140429.022515714,45140429.022515714,60026642.45837548
SSP5,"Atlantic, Southwest",266,2057,0.7494015948607413,0.7494015948607413,44984061.59244207,44984061.59244207,60026642.45837548
SSP5,"Atlantic, Southwest",266,2058,0.7468056514012095,0.7468056514012095,44828235.822554596,44828235.822554596,60026642.45837548
SSP5,"Atlantic, Southwest",266,2059,0.7442187003464061,0.7442187003464061,44672949.836530596,44672949.836530596,60026642.45837548
SSP5,"Atlantic, Southwest",266,2060,0.7416407105464451,0.7416407105464451,44518201.764547,44518201.764547,60026642.45837548
SSP5,"Atlantic, Southwest",266,2061,0.7390716509593444,0.7390716509593444,44363989.74325784,44363989.74325784,60026642.45837548
SSP5,"Atlantic, Southwest",266,2062,0.7365114906506519,0.7365114906506519,44210311.915771835,44210311.915771835,60026642.45837548
SSP5,"Atlantic, Southwest",266,2063,0.7339601987930733,0.7339601987930733,44057166.43163,44057166.43163,60026642.45837548
SSP5,"Atlantic, Southwest",266,2064,0.7314177446661007,0.7314177446661007,43904551.44678339,43904551.44678339,60026642.45837548
SSP5,"Atlantic, Southwest",266,2065,0.7288840976556425,0.7288840976556425,43752465.12357089,43752465.12357089,60026642.45837548
SSP5,"Atlantic, Southwest",266,2066,0.7263592272536552,0.7263592272536552,43600905.630697064,43600905.630697064,60026642.45837548
SSP5,"Atlantic, Southwest",266,2067,0.7238431030577759,0.7238431030577759,43449871.14321014,43449871.14321014,60026642.45837548
SSP5,"Atlantic, Southwest",266,2068,0.7213356947709557,0.7213356947709557,43299359.842480026,43299359.842480026,60026642.45837548
SSP5,"Atlantic, Southwest",266,2069,0.718836972201096,0.718836972201096,43149369.91617638,43149369.91617638,60026642.45837548
SSP5,"Atlantic, Southwest",266,2070,0.7163469052606836,0.7163469052606836,42999899.55824682,42999899.55824682,60026642.45837548
SSP5,"Atlantic, Southwest",266,2071,0.7138654639664295,0.7138654639664295,42850946.96889518,42850946.96889518,60026642.45837548
SSP5,"Atlantic, Southwest",266,2072,0.7113926184389074,0.7113926184389074,42702510.354559824,42702510.354559824,60026642.45837548
SSP5,"Atlantic, Southwest",266,2073,0.708928338902194,0.708928338902194,42554587.92789204,42554587.92789204,60026642.45837548
SSP5,"Atlantic, Southwest",266,2074,0.7064725956835104,0.7064725956835104,42407177.907734536,42407177.907734536,60026642.45837548
SSP5,"Atlantic, Southwest",266,2075,0.7040253592128649,0.7040253592128649,42260278.5191,42260278.5191,60026642.45837548
SSP5,"Atlantic, Southwest",266,2076,0.7015866000226969,0.7015866000226969,42113887.99314971,42113887.99314971,60026642.45837548
SSP5,"Atlantic, Southwest",266,2077,0.699156288747522,0.699156288747522,41968004.56717223,41968004.56717223,60026642.45837548
SSP5,"Atlantic, Southwest",266,2078,0.6967343961235787,0.6967343961235787,41822626.4845622,41822626.4845622,60026642.45837548
SSP5,"Atlantic, Southwest",266,2079,0.6943208929884753,0.6943208929884753,41677751.99479919,41677751.99479919,60026642.45837548
SSP5,"Atlantic, Southwest",266,2080,0.6919157502808398,0.6919157502808398,41533379.35342658,41533379.35342658,60026642.45837548
SSP5,"Atlantic, Southwest",266,2081,0.6895189390399692,0.6895189390399692,41389506.822030626,41389506.822030626,60026642.45837548
SSP5,"Atlantic, Southwest",266,2082,0.687130430405481,0.687130430405481,41246132.66821946,41246132.66821946,60026642.45837548
SSP5,"Atlantic, Southwest",266,2083,0.6847501956169657,0.6847501956169657,41103255.16560227,41103255.16560227,60026642.45837548
SSP5,"Atlantic, Southwest",266,2084,0.6823782060136405,0.6823782060136405,40960872.593768485,40960872.593768485,60026642.45837548
SSP5,"Atlantic, Southwest",266,2085,0.6800144330340042,0.6800144330340042,40818983.23826709,40818983.23826709,60026642.45837548
SSP5,"Atlantic, Southwest",266,2086,0.6776588482154933,0.6776588482154933,40677585.39058595,40677585.39058595,60026642.45837548
SSP5,"Atlantic, Southwest",266,2087,0.6753114231941391,0.6753114231941391,40536677.34813128,40536677.34813128,60026642.45837548
SSP5,"Atlantic, Southwest",266,2088,0.6729721297042263,0.6729721297042263,40396257.41420708,40396257.41420708,60026642.45837548
SSP5,"Atlantic, Southwest",266,2089,0.6706409395779529,0.6706409395779529,40256323.89799477,40256323.89799477,60026642.45837548
SSP5,"Atlantic, Southwest",266,2090,0.6683178247450906,0.6683178247450906,40116875.1145328,40116875.1145328,60026642.45837548
SSP5,"Atlantic, Southwest",266,2091,0.666002757232647,0.666002757232647,39977909.38469634,39977909.38469634,60026642.45837548
SSP5,"Atlantic, Southwest",266,2092,0.6636957091645287,0.6636957091645287,39839425.03517712,39839425.03517712,60026642.45837548
SSP5,"Atlantic, Southwest",266,2093,0.66139665276120585,0.66139665276120585,39701420.39846322,39701420.39846322,60026642.45837548
SSP5,"Atlantic, Southwest",266,2094,0.6591055603393772,0.6591055603393772,39563893.81281902,39563893.81281902,60026642.45837548
SSP5,"Atlantic, Southwest",266,2095,0.6568224043116375,0.6568224043116375,39426843.622265205,39426843.622265205,60026642.45837548
SSP5,"Atlantic, Southwest",266,2096,0.6545471571861445,0.6545471571861445,39290268.17655879,39290268.17655879,60026642.45837548
SSP5,"Atlantic, Southwest",266,2097,0.6522797915662886,0.6522797915662886,39154165.831173286,39154165.831173286,60026642.45837548
SSP5,"Atlantic, Southwest",266,2098,0.6500202801503623,0.6500202801503623,39018534.94727886,39018534.94727886,60026642.45837548
SSP5,"Atlantic, Southwest",266,2099,0.6477685957312319,0.6477685957312319,38883373.89172263,38883373.89172263,60026642.45837548
SSP5,"Atlantic, Southwest",266,2100,0.6455247111960101,0.6455247111960101,38748681.037008986,38748681.037008986,60026642.45837548
SSP1,"Atlantic, Southeast",267,2005,0.9519742061822377,0.9519742061822377,71791071.98241232,71791071.98241232,75412833.15891571
SSP1,"Atlantic, Southeast",267,2006,0.9486765467815514,0.9486765467815514,71542386.14421344,71542386.14421344,75412833.15891571
SSP1,"Atlantic, Southeast",267,2007,0.9453903105449093,0.9453903105449093,71294561.75917876,71294561.75917876,75412833.15891571
SSP1,"Atlantic, Southeast",267,2008,0.942115457902222,0.942115457902222,71047595.84321575,71047595.84321575,75412833.15891571
SSP1,"Atlantic, Southeast",267,2009,0.938851949420472,0.938851949420472,70801485.42256883,70801485.42256883,75412833.15891571
SSP1,"Atlantic, Southeast",267,2010,0.9355997458032385,0.9355997458032385,70556227.53378357,70556227.53378357,75412833.15891571
SSP1,"Atlantic, Southeast",267,2011,0.9323588078902241,0.9323588078902241,70311819.22367102,70311819.22367102,75412833.15891571
SSP1,"Atlantic, Southeast",267,2012,0.9291290966567841,0.9291290966567841,70068257.54927213,70068257.54927213,75412833.15891571
SSP1,"Atlantic, Southeast",267,2013,0.9259105732134558,0.9259105732134558,69825539.57782236,69825539.57782236,75412833.15891571
SSP1,"Atlantic, Southeast",267,2014,0.9227031988054905,0.9227031988054905,69583662.38671629,69583662.38671629,75412833.15891571
SSP1,"Atlantic, Southeast",267,2015,0.9195069348123863,0.9195069348123863,69342623.06347248,69342623.06347248,75412833.15891571
SSP1,"Atlantic, Southeast",267,2016,0.9163217427474242,0.9163217427474242,69102418.70569839,69102418.70569839,75412833.15891571
SSP1,"Atlantic, Southeast",267,2017,0.9131475842572038,0.9131475842572038,68863046.42105544,68863046.42105544,75412833.15891571
SSP1,"Atlantic, Southeast",267,2018,0.9099844211211816,0.9099844211211816,68624503.32722417,68624503.32722417,75412833.15891571
SSP1,"Atlantic, Southeast",267,2019,0.9068322152512109,0.9068322152512109,68386786.55186951,68386786.55186951,75412833.15891571
SSP1,"Atlantic, Southeast",267,2020,0.9036909286910835,0.9036909286910835,68149893.23260628,68149893.23260628,75412833.15891571
SSP1,"Atlantic, Southeast",267,2021,0.9005605236160719,0.9005605236160719,67913820.5169646,67913820.5169646,75412833.15891571
SSP1,"Atlantic, Southeast",267,2022,0.8974409623324744,0.8974409623324744,67678565.56235565,67678565.56235565,75412833.15891571
SSP1,"Atlantic, Southeast",267,2023,0.8943322072771615,0.8943322072771615,67444125.5360374,67444125.5360374,75412833.15891571
SSP1,"Atlantic, Southeast",267,2024,0.8912342210171226,0.8912342210171226,67210497.61508048,67210497.61508048,75412833.15891571
SSP1,"Atlantic, Southeast",267,2025,0.8881469662490162,0.8881469662490162,66977678.986334205,66977678.986334205,75412833.15891571
SSP1,"Atlantic, Southeast",267,2026,0.8850704057987204,0.8850704057987204,66745666.84639273,66745666.84639273,75412833.15891571
SSP1,"Atlantic, Southeast",267,2027,0.8820045026208851,0.8820045026208851,66514458.401561245,66514458.401561245,75412833.15891571
SSP1,"Atlantic, Southeast",267,2028,0.8789492197984864,0.8789492197984864,66284050.86782239,66284050.86782239,75412833.15891571
SSP1,"Atlantic, Southeast",267,2029,0.8759045205423812,0.8759045205423812,66054441.47080266,66054441.47080266,75412833.15891571
SSP1,"Atlantic, Southeast",267,2030,0.8728703681908655,0.8728703681908655,65825627.44573907,65825627.44573907,75412833.15891571
SSP1,"Atlantic, Southeast",267,2031,0.8698467262092318,0.8698467262092318,65597606.03744583,65597606.03744583,75412833.15891571
SSP1,"Atlantic, Southeast",267,2032,0.8668335581893296,0.8668335581893296,65370374.50028117,65370374.50028117,75412833.15891571
SSP1,"Atlantic, Southeast",267,2033,0.8638308278491275,0.8638308278491275,65143930.09811429,65143930.09811429,75412833.15891571
SSP1,"Atlantic, Southeast",267,2034,0.860838499032275,0.860838499032275,64918270.104292385,64918270.104292385,75412833.15891571
SSP1,"Atlantic, Southeast",267,2035,0.857856535707669,0.857856535707669,64693391.80160786,64693391.80160786,75412833.15891571
SSP1,"Atlantic, Southeast",267,2036,0.8548849019690181,0.8548849019690181,64469292.48226558,64469292.48226558,75412833.15891571
SSP1,"Atlantic, Southeast",267,2037,0.8519235620344116,0.8519235620344116,64245969.44785026,64245969.44785026,75412833.15891571
SSP1,"Atlantic, Southeast",267,2038,0.8489724802458877,0.8489724802458877,64023420.009293996,64023420.009293996,75412833.15891571
SSP1,"Atlantic, Southeast",267,2039,0.846031621069005,0.846031621069005,63801641.48684387,63801641.48684387,75412833.15891571
SSP1,"Atlantic, Southeast",267,2040,0.8431009490924137,0.8431009490924137,63580631.210029684,63580631.210029684,75412833.15891571
SSP1,"Atlantic, Southeast",267,2041,0.8401804290274301,0.8401804290274301,63360386.51763181,63360386.51763181,75412833.15891571
SSP1,"Atlantic, Southeast",267,2042,0.837270025707611,0.837270025707611,63140904.75764914,63140904.75764914,75412833.15891571
SSP1,"Atlantic, Southeast",267,2043,0.8343697040883308,0.8343697040883308,62922183.28726716,62922183.28726716,75412833.15891571
SSP1,"Atlantic, Southeast",267,2044,0.831479429246359,0.831479429246359,62704219.47282613,62704219.47282613,75412833.15891571
SSP1,"Atlantic, Southeast",267,2045,0.8285991663794399,0.8285991663794399,62487010.68978934,62487010.68978934,75412833.15891571
SSP1,"Atlantic, Southeast",267,2046,0.8257288808058738,0.8257288808058738,62270554.32271156,62270554.32271156,75412833.15891571
SSP1,"Atlantic, Southeast",267,2047,0.822868537964099,0.822868537964099,62054847.7652075,62054847.7652075,75412833.15891571
SSP1,"Atlantic, Southeast",267,2048,0.8200181034122759,0.8200181034122759,61839888.41992045,61839888.41992045,75412833.15891571
SSP1,"Atlantic, Southeast",267,2049,0.817177542827872,0.817177542827872,61625673.698491015,61625673.698491015,75412833.15891571
SSP1,"Atlantic, Southeast",267,2050,0.8143468220072492,0.8143468220072492,61412201.02152591,61412201.02152591,75412833.15891571
SSP1,"Atlantic, Southeast",267,2051,0.8115259068652511,0.8115259068652511,61199467.81856695,61199467.81856695,75412833.15891571
SSP1,"Atlantic, Southeast",267,2052,0.8087147634347931,0.8087147634347931,60987471.52806004,60987471.52806004,75412833.15891571
SSP1,"Atlantic, Southeast",267,2053,0.8059133578664537,0.8059133578664537,60776209.5973244,60776209.5973244,75412833.15891571
SSP1,"Atlantic, Southeast",267,2054,0.803121656428066,0.803121656428066,60565679.482521765,60565679.482521765,75412833.15891571
SSP1,"Atlantic, Southeast",267,2055,0.8003396255043125,0.8003396255043125,60355878.6486258,60355878.6486258,75412833.15891571
SSP1,"Atlantic, Southeast",267,2056,0.7975672315963196,0.7975672315963196,60146804.56939154,60146804.56939154,75412833.15891571
SSP1,"Atlantic, Southeast",267,2057,0.7948044413212547,0.7948044413212547,59938454.727325,59938454.727325,75412833.15891571
SSP1,"Atlantic, Southeast",267,2058,0.7920512214119241,0.7920512214119241,59730826.61365284,59730826.61365284,75412833.15891571
SSP1,"Atlantic, Southeast",267,2059,0.7893075387163722,0.7893075387163722,59523917.728292175,59523917.728292175,75412833.15891571
SSP1,"Atlantic, Southeast",267,2060,0.7865733601974824,0.7865733601974824,59317725.579820454,59317725.579820454,75412833.15891571
SSP1,"Atlantic, Southeast",267,2061,0.7838486529325799,0.7838486529325799,59112247.68544547,59112247.68544547,75412833.15891571
SSP1,"Atlantic, Southeast",267,2062,0.7811333841130341,0.7811333841130341,58907481.57097547,58907481.57097547,75412833.15891571
SSP1,"Atlantic, Southeast",267,2063,0.7784275210438649,0.7784275210438649,58703424.77078934,58703424.77078934,75412833.15891571
SSP1,"Atlantic, Southeast",267,2064,0.7757310311433478,0.7757310311433478,58500074.82780694,58500074.82780694,75412833.15891571
SSP1,"Atlantic, Southeast",267,2065,0.7730438819426224,0.7730438819426224,58297429.29345952,58297429.29345952,75412833.15891571
SSP1,"Atlantic, Southeast",267,2066,0.7703660410853008,0.7703660410853008,58095485.7276602,58095485.7276602,75412833.15891571
SSP1,"Atlantic, Southeast",267,2067,0.7676974763270787,0.7676974763270787,57894241.698774636,57894241.698774636,75412833.15891571
SSP1,"Atlantic, Southeast",267,2068,0.7650381555353467,0.7650381555353467,57693694.78359171,57693694.78359171,75412833.15891571
SSP1,"Atlantic, Southeast",267,2069,0.7623880466888032,0.7623880466888032,57493842.56729436,57493842.56729436,75412833.15891571
SSP1,"Atlantic, Southeast",267,2070,0.7597471178770694,0.7597471178770694,57294682.6434305,57294682.6434305,75412833.15891571
SSP1,"Atlantic, Southeast",267,2071,0.7571153373003044,0.7571153373003044,57096212.613884054,57096212.613884054,75412833.15891571
SSP1,"Atlantic, Southeast",267,2072,0.7544926732688232,0.7544926732688232,56898430.08884607,56898430.08884607,75412833.15891571
SSP1,"Atlantic, Southeast",267,2073,0.751879094202714,0.751879094202714,56701332.686785944,56701332.686785944,75412833.15891571
SSP1,"Atlantic, Southeast",267,2074,0.7492745686314588,0.7492745686314588,56504918.03442275,56504918.03442275,75412833.15891571
SSP1,"Atlantic, Southeast",267,2075,0.7466790651935541,0.7466790651935541,56309183.76669665,56309183.76669665,75412833.15891571
SSP1,"Atlantic, Southeast",267,2076,0.7440925526361333,0.7440925526361333,56114127.526740424,56114127.526740424,75412833.15891571
SSP1,"Atlantic, Southeast",267,2077,0.7415149998145902,0.7415149998145902,55919746.96585111,55919746.96585111,75412833.15891571
SSP1,"Atlantic, Southeast",267,2078,0.7389463756922048,0.7389463756922048,55726039.74346169,55726039.74346169,75412833.15891571
SSP1,"Atlantic, Southeast",267,2079,0.7363866493397684,0.7363866493397684,55533003.52711292,55533003.52711292,75412833.15891571
SSP1,"Atlantic, Southeast",267,2080,0.7338357899352119,0.7338357899352119,55340635.992425255,55340635.992425255,75412833.15891571
SSP1,"Atlantic, Southeast",267,2081,0.7312937667632347,0.7312937667632347,55148934.82307084,55148934.82307084,75412833.15891571
SSP1,"Atlantic, Southeast",267,2082,0.7287605492149345,0.7287605492149345,54957897.71074564,54957897.71074564,75412833.15891571
SSP1,"Atlantic, Southeast",267,2083,0.7262361067874389,0.7262361067874389,54767522.355141625,54767522.355141625,75412833.15891571
SSP1,"Atlantic, Southeast",267,2084,0.7237204090835382,0.7237204090835382,54577806.463919096,54577806.463919096,75412833.15891571
SSP1,"Atlantic, Southeast",267,2085,0.7212134258113193,0.7212134258113193,54388747.75267906,54388747.75267906,75412833.15891571
SSP1,"Atlantic, Southeast",267,2086,0.7187151267838008,0.7187151267838008,54200343.944935724,54200343.944935724,75412833.15891571
SSP1,"Atlantic, Southeast",267,2087,0.7162254819185698,0.7162254819185698,54012592.77208911,54012592.77208911,75412833.15891571
SSP1,"Atlantic, Southeast",267,2088,0.7137444612374195,0.7137444612374195,53825491.9733977,53825491.9733977,75412833.15891571
SSP1,"Atlantic, Southeast",267,2089,0.7112720348659883,0.7112720348659883,53639039.295951255,53639039.295951255,75412833.15891571
SSP1,"Atlantic, Southeast",267,2090,0.7088081730333998,0.7088081730333998,53453232.49464364,53453232.49464364,75412833.15891571
SSP1,"Atlantic, Southeast",267,2091,0.7063528460719052,0.7063528460719052,53268069.332145855,53268069.332145855,75412833.15891571
SSP1,"Atlantic, Southeast",267,2092,0.7039060244165245,0.7039060244165245,53083547.57887901,53083547.57887901,75412833.15891571
SSP1,"Atlantic, Southeast",267,2093,0.7014676786046923,0.7014676786046923,52899665.01298757,52899665.01298757,75412833.15891571
SSP1,"Atlantic, Southeast",267,2094,0.6990377792759016,0.6990377792759016,52716419.42031252,52716419.42031252,75412833.15891571
SSP1,"Atlantic, Southeast",267,2095,0.6966162971713511,0.6966162971713511,52533808.59436475,52533808.59436475,75412833.15891571
SSP1,"Atlantic, Southeast",267,2096,0.6942032031335924,0.6942032031335924,52351830.33629848,52351830.33629848,75412833.15891571
SSP1,"Atlantic, Southeast",267,2097,0.6917984681061796,0.6917984681061796,52170482.4548848,52170482.4548848,75412833.15891571
SSP1,"Atlantic, Southeast",267,2098,0.6894020631333184,0.6894020631333184,51989762.76648522,51989762.76648522,75412833.15891571
SSP1,"Atlantic, Southeast",267,2099,0.6870139593595185,0.6870139593595185,51809669.095025465,51809669.095025465,75412833.15891571
SSP1,"Atlantic, Southeast",267,2100,0.6846341280292451,0.6846341280292451,51630199.2719692,51630199.2719692,75412833.15891571
SSP2,"Atlantic, Southeast",267,2005,0.9519742061822377,0.9519742061822377,71791071.98241232,71791071.98241232,75412833.15891571
SSP2,"Atlantic, Southeast",267,2006,0.9486765467815514,0.9486765467815514,71542386.14421344,71542386.14421344,75412833.15891571
SSP2,"Atlantic, Southeast",267,2007,0.9453903105449093,0.9453903105449093,71294561.75917876,71294561.75917876,75412833.15891571
SSP2,"Atlantic, Southeast",267,2008,0.942115457902222,0.942115457902222,71047595.84321575,71047595.84321575,75412833.15891571
SSP2,"Atlantic, Southeast",267,2009,0.938851949420472,0.938851949420472,70801485.42256883,70801485.42256883,75412833.15891571
SSP2,"Atlantic, Southeast",267,2010,0.9355997458032385,0.9355997458032385,70556227.53378357,70556227.53378357,75412833.15891571
SSP2,"Atlantic, Southeast",267,2011,0.9323588078902241,0.9323588078902241,70311819.22367102,70311819.22367102,75412833.15891571
SSP2,"Atlantic, Southeast",267,2012,0.9291290966567841,0.9291290966567841,70068257.54927213,70068257.54927213,75412833.15891571
SSP2,"Atlantic, Southeast",267,2013,0.9259105732134558,0.9259105732134558,69825539.57782236,69825539.57782236,75412833.15891571
SSP2,"Atlantic, Southeast",267,2014,0.9227031988054905,0.9227031988054905,69583662.38671629,69583662.38671629,75412833.15891571
SSP2,"Atlantic, Southeast",267,2015,0.9195069348123863,0.9195069348123863,69342623.06347248,69342623.06347248,75412833.15891571
SSP2,"Atlantic, Southeast",267,2016,0.9163217427474242,0.9163217427474242,69102418.70569839,69102418.70569839,75412833.15891571
SSP2,"Atlantic, Southeast",267,2017,0.9131475842572038,0.9131475842572038,68863046.42105544,68863046.42105544,75412833.15891571
SSP2,"Atlantic, Southeast",267,2018,0.9099844211211816,0.9099844211211816,68624503.32722417,68624503.32722417,75412833.15891571
SSP2,"Atlantic, Southeast",267,2019,0.9068322152512109,0.9068322152512109,68386786.55186951,68386786.55186951,75412833.15891571
SSP2,"Atlantic, Southeast",267,2020,0.9036909286910835,0.9036909286910835,68149893.23260628,68149893.23260628,75412833.15891571
SSP2,"Atlantic, Southeast",267,2021,0.9005605236160719,0.9005605236160719,67913820.5169646,67913820.5169646,75412833.15891571
SSP2,"Atlantic, Southeast",267,2022,0.8974409623324744,0.8974409623324744,67678565.56235565,67678565.56235565,75412833.15891571
SSP2,"Atlantic, Southeast",267,2023,0.8943322072771615,0.8943322072771615,67444125.5360374,67444125.5360374,75412833.15891571
SSP2,"Atlantic, Southeast",267,2024,0.8912342210171226,0.8912342210171226,67210497.61508048,67210497.61508048,75412833.15891571
SSP2,"Atlantic, Southeast",267,2025,0.8881469662490162,0.8881469662490162,66977678.986334205,66977678.986334205,75412833.15891571
SSP2,"Atlantic, Southeast",267,2026,0.8850704057987204,0.8850704057987204,66745666.84639273,66745666.84639273,75412833.15891571
SSP2,"Atlantic, Southeast",267,2027,0.8820045026208851,0.8820045026208851,66514458.401561245,66514458.401561245,75412833.15891571
SSP2,"Atlantic, Southeast",267,2028,0.8789492197984864,0.8789492197984864,66284050.86782239,66284050.86782239,75412833.15891571
SSP2,"Atlantic, Southeast",267,2029,0.8759045205423812,0.8759045205423812,66054441.47080266,66054441.47080266,75412833.15891571
SSP2,"Atlantic, Southeast",267,2030,0.8728703681908655,0.8728703681908655,65825627.44573907,65825627.44573907,75412833.15891571
SSP2,"Atlantic, Southeast",267,2031,0.8698467262092318,0.8698467262092318,65597606.03744583,65597606.03744583,75412833.15891571
SSP2,"Atlantic, Southeast",267,2032,0.8668335581893296,0.8668335581893296,65370374.50028117,65370374.50028117,75412833.15891571
SSP2,"Atlantic, Southeast",267,2033,0.8638308278491275,0.8638308278491275,65143930.09811429,65143930.09811429,75412833.15891571
SSP2,"Atlantic, Southeast",267,2034,0.860838499032275,0.860838499032275,64918270.104292385,64918270.104292385,75412833.15891571
SSP2,"Atlantic, Southeast",267,2035,0.857856535707669,0.857856535707669,64693391.80160786,64693391.80160786,75412833.15891571
SSP2,"Atlantic, Southeast",267,2036,0.8548849019690181,0.8548849019690181,64469292.48226558,64469292.48226558,75412833.15891571
SSP2,"Atlantic, Southeast",267,2037,0.8519235620344116,0.8519235620344116,64245969.44785026,64245969.44785026,75412833.15891571
SSP2,"Atlantic, Southeast",267,2038,0.8489724802458877,0.8489724802458877,64023420.009293996,64023420.009293996,75412833.15891571
SSP2,"Atlantic, Southeast",267,2039,0.846031621069005,0.846031621069005,63801641.48684387,63801641.48684387,75412833.15891571
SSP2,"Atlantic, Southeast",267,2040,0.8431009490924137,0.8431009490924137,63580631.210029684,63580631.210029684,75412833.15891571
SSP2,"Atlantic, Southeast",267,2041,0.8401804290274301,0.8401804290274301,63360386.51763181,63360386.51763181,75412833.15891571
SSP2,"Atlantic, Southeast",267,2042,0.837270025707611,0.837270025707611,63140904.75764914,63140904.75764914,75412833.15891571
SSP2,"Atlantic, Southeast",267,2043,0.8343697040883308,0.8343697040883308,62922183.28726716,62922183.28726716,75412833.15891571
SSP2,"Atlantic, Southeast",267,2044,0.831479429246359,0.831479429246359,62704219.47282613,62704219.47282613,75412833.15891571
SSP2,"Atlantic, Southeast",267,2045,0.8285991663794399,0.8285991663794399,62487010.68978934,62487010.68978934,75412833.15891571
SSP2,"Atlantic, Southeast",267,2046,0.8257288808058738,0.8257288808058738,62270554.32271156,62270554.32271156,75412833.15891571
SSP2,"Atlantic, Southeast",267,2047,0.822868537964099,0.822868537964099,62054847.7652075,62054847.7652075,75412833.15891571
SSP2,"Atlantic, Southeast",267,2048,0.8200181034122759,0.8200181034122759,61839888.41992045,61839888.41992045,75412833.15891571
SSP2,"Atlantic, Southeast",267,2049,0.817177542827872,0.817177542827872,61625673.698491015,61625673.698491015,75412833.15891571
SSP2,"Atlantic, Southeast",267,2050,0.8143468220072492,0.8143468220072492,61412201.02152591,61412201.02152591,75412833.15891571
SSP2,"Atlantic, Southeast",267,2051,0.8115259068652511,0.8115259068652511,61199467.81856695,61199467.81856695,75412833.15891571
SSP2,"Atlantic, Southeast",267,2052,0.8087147634347931,0.8087147634347931,60987471.52806004,60987471.52806004,75412833.15891571
SSP2,"Atlantic, Southeast",267,2053,0.8059133578664537,0.8059133578664537,60776209.5973244,60776209.5973244,75412833.15891571
SSP2,"Atlantic, Southeast",267,2054,0.803121656428066,0.803121656428066,60565679.482521765,60565679.482521765,75412833.15891571
SSP2,"Atlantic, Southeast",267,2055,0.8003396255043125,0.8003396255043125,60355878.6486258,60355878.6486258,75412833.15891571
SSP2,"Atlantic, Southeast",267,2056,0.7975672315963196,0.7975672315963196,60146804.56939154,60146804.56939154,75412833.15891571
SSP2,"Atlantic, Southeast",267,2057,0.7948044413212547,0.7948044413212547,59938454.727325,59938454.727325,75412833.15891571
SSP2,"Atlantic, Southeast",267,2058,0.7920512214119241,0.7920512214119241,59730826.61365284,59730826.61365284,75412833.15891571
SSP2,"Atlantic, Southeast",267,2059,0.7893075387163722,0.7893075387163722,59523917.728292175,59523917.728292175,75412833.15891571
SSP2,"Atlantic, Southeast",267,2060,0.7865733601974824,0.7865733601974824,59317725.579820454,59317725.579820454,75412833.15891571
SSP2,"Atlantic, Southeast",267,2061,0.7838486529325799,0.7838486529325799,59112247.68544547,59112247.68544547,75412833.15891571
SSP2,"Atlantic, Southeast",267,2062,0.7811333841130341,0.7811333841130341,58907481.57097547,58907481.57097547,75412833.15891571
SSP2,"Atlantic, Southeast",267,2063,0.7784275210438649,0.7784275210438649,58703424.77078934,58703424.77078934,75412833.15891571
SSP2,"Atlantic, Southeast",267,2064,0.7757310311433478,0.7757310311433478,58500074.82780694,58500074.82780694,75412833.15891571
SSP2,"Atlantic, Southeast",267,2065,0.7730438819426224,0.7730438819426224,58297429.29345952,58297429.29345952,75412833.15891571
SSP2,"Atlantic, Southeast",267,2066,0.7703660410853008,0.7703660410853008,58095485.7276602,58095485.7276602,75412833.15891571
SSP2,"Atlantic, Southeast",267,2067,0.7676974763270787,0.7676974763270787,57894241.698774636,57894241.698774636,75412833.15891571
SSP2,"Atlantic, Southeast",267,2068,0.7650381555353467,0.7650381555353467,57693694.78359171,57693694.78359171,75412833.15891571
SSP2,"Atlantic, Southeast",267,2069,0.7623880466888032,0.7623880466888032,57493842.56729436,57493842.56729436,75412833.15891571
SSP2,"Atlantic, Southeast",267,2070,0.7597471178770694,0.7597471178770694,57294682.6434305,57294682.6434305,75412833.15891571
SSP2,"Atlantic, Southeast",267,2071,0.7571153373003044,0.7571153373003044,57096212.613884054,57096212.613884054,75412833.15891571
SSP2,"Atlantic, Southeast",267,2072,0.7544926732688232,0.7544926732688232,56898430.08884607,56898430.08884607,75412833.15891571
SSP2,"Atlantic, Southeast",267,2073,0.751879094202714,0.751879094202714,56701332.686785944,56701332.686785944,75412833.15891571
SSP2,"Atlantic, Southeast",267,2074,0.7492745686314588,0.7492745686314588,56504918.03442275,56504918.03442275,75412833.15891571
SSP2,"Atlantic, Southeast",267,2075,0.7466790651935541,0.7466790651935541,56309183.76669665,56309183.76669665,75412833.15891571
SSP2,"Atlantic, Southeast",267,2076,0.7440925526361333,0.7440925526361333,56114127.526740424,56114127.526740424,75412833.15891571
SSP2,"Atlantic, Southeast",267,2077,0.7415149998145902,0.7415149998145902,55919746.96585111,55919746.96585111,75412833.15891571
SSP2,"Atlantic, Southeast",267,2078,0.7389463756922048,0.7389463756922048,55726039.74346169,55726039.74346169,75412833.15891571
SSP2,"Atlantic, Southeast",267,2079,0.7363866493397684,0.7363866493397684,55533003.52711292,55533003.52711292,75412833.15891571
SSP2,"Atlantic, Southeast",267,2080,0.7338357899352119,0.7338357899352119,55340635.992425255,55340635.992425255,75412833.15891571
SSP2,"Atlantic, Southeast",267,2081,0.7312937667632347,0.7312937667632347,55148934.82307084,55148934.82307084,75412833.15891571
SSP2,"Atlantic, Southeast",267,2082,0.7287605492149345,0.7287605492149345,54957897.71074564,54957897.71074564,75412833.15891571
SSP2,"Atlantic, Southeast",267,2083,0.7262361067874389,0.7262361067874389,54767522.355141625,54767522.355141625,75412833.15891571
SSP2,"Atlantic, Southeast",267,2084,0.7237204090835382,0.7237204090835382,54577806.463919096,54577806.463919096,75412833.15891571
SSP2,"Atlantic, Southeast",267,2085,0.7212134258113193,0.7212134258113193,54388747.75267906,54388747.75267906,75412833.15891571
SSP2,"Atlantic, Southeast",267,2086,0.7187151267838008,0.7187151267838008,54200343.944935724,54200343.944935724,75412833.15891571
SSP2,"Atlantic, Southeast",267,2087,0.7162254819185698,0.7162254819185698,54012592.77208911,54012592.77208911,75412833.15891571
SSP2,"Atlantic, Southeast",267,2088,0.7137444612374195,0.7137444612374195,53825491.9733977,53825491.9733977,75412833.15891571
SSP2,"Atlantic, Southeast",267,2089,0.7112720348659883,0.7112720348659883,53639039.295951255,53639039.295951255,75412833.15891571
SSP2,"Atlantic, Southeast",267,2090,0.7088081730333998,0.7088081730333998,53453232.49464364,53453232.49464364,75412833.15891571
SSP2,"Atlantic, Southeast",267,2091,0.7063528460719052,0.7063528460719052,53268069.332145855,53268069.332145855,75412833.15891571
SSP2,"Atlantic, Southeast",267,2092,0.7039060244165245,0.7039060244165245,53083547.57887901,53083547.57887901,75412833.15891571
SSP2,"Atlantic, Southeast",267,2093,0.7014676786046923,0.7014676786046923,52899665.01298757,52899665.01298757,75412833.15891571
SSP2,"Atlantic, Southeast",267,2094,0.6990377792759016,0.6990377792759016,52716419.42031252,52716419.42031252,75412833.15891571
SSP2,"Atlantic, Southeast",267,2095,0.6966162971713511,0.6966162971713511,52533808.59436475,52533808.59436475,75412833.15891571
SSP2,"Atlantic, Southeast",267,2096,0.6942032031335924,0.6942032031335924,52351830.33629848,52351830.33629848,75412833.15891571
SSP2,"Atlantic, Southeast",267,2097,0.6917984681061796,0.6917984681061796,52170482.4548848,52170482.4548848,75412833.15891571
SSP2,"Atlantic, Southeast",267,2098,0.6894020631333184,0.6894020631333184,51989762.76648522,51989762.76648522,75412833.15891571
SSP2,"Atlantic, Southeast",267,2099,0.6870139593595185,0.6870139593595185,51809669.095025465,51809669.095025465,75412833.15891571
SSP2,"Atlantic, Southeast",267,2100,0.6846341280292451,0.6846341280292451,51630199.2719692,51630199.2719692,75412833.15891571
SSP3,"Atlantic, Southeast",267,2005,0.9519742061822377,0.9519742061822377,71791071.98241232,71791071.98241232,75412833.15891571
SSP3,"Atlantic, Southeast",267,2006,0.9486765467815514,0.9486765467815514,71542386.14421344,71542386.14421344,75412833.15891571
SSP3,"Atlantic, Southeast",267,2007,0.9453903105449093,0.9453903105449093,71294561.75917876,71294561.75917876,75412833.15891571
SSP3,"Atlantic, Southeast",267,2008,0.942115457902222,0.942115457902222,71047595.84321575,71047595.84321575,75412833.15891571
SSP3,"Atlantic, Southeast",267,2009,0.938851949420472,0.938851949420472,70801485.42256883,70801485.42256883,75412833.15891571
SSP3,"Atlantic, Southeast",267,2010,0.9355997458032385,0.9355997458032385,70556227.53378357,70556227.53378357,75412833.15891571
SSP3,"Atlantic, Southeast",267,2011,0.9323588078902241,0.9323588078902241,70311819.22367102,70311819.22367102,75412833.15891571
SSP3,"Atlantic, Southeast",267,2012,0.9291290966567841,0.9291290966567841,70068257.54927213,70068257.54927213,75412833.15891571
SSP3,"Atlantic, Southeast",267,2013,0.9259105732134558,0.9259105732134558,69825539.57782236,69825539.57782236,75412833.15891571
SSP3,"Atlantic, Southeast",267,2014,0.9227031988054905,0.9227031988054905,69583662.38671629,69583662.38671629,75412833.15891571
SSP3,"Atlantic, Southeast",267,2015,0.9195069348123863,0.9195069348123863,69342623.06347248,69342623.06347248,75412833.15891571
SSP3,"Atlantic, Southeast",267,2016,0.9163217427474242,0.9163217427474242,69102418.70569839,69102418.70569839,75412833.15891571
SSP3,"Atlantic, Southeast",267,2017,0.9131475842572038,0.9131475842572038,68863046.42105544,68863046.42105544,75412833.15891571
SSP3,"Atlantic, Southeast",267,2018,0.9099844211211816,0.9099844211211816,68624503.32722417,68624503.32722417,75412833.15891571
SSP3,"Atlantic, Southeast",267,2019,0.9068322152512109,0.9068322152512109,68386786.55186951,68386786.55186951,75412833.15891571
SSP3,"Atlantic, Southeast",267,2020,0.9036909286910835,0.9036909286910835,68149893.23260628,68149893.23260628,75412833.15891571
SSP3,"Atlantic, Southeast",267,2021,0.9005605236160719,0.9005605236160719,67913820.5169646,67913820.5169646,75412833.15891571
SSP3,"Atlantic, Southeast",267,2022,0.8974409623324744,0.8974409623324744,67678565.56235565,67678565.56235565,75412833.15891571
SSP3,"Atlantic, Southeast",267,2023,0.8943322072771615,0.8943322072771615,67444125.5360374,67444125.5360374,75412833.15891571
SSP3,"Atlantic, Southeast",267,2024,0.8912342210171226,0.8912342210171226,67210497.61508048,67210497.61508048,75412833.15891571
SSP3,"Atlantic, Southeast",267,2025,0.8881469662490162,0.8881469662490162,66977678.986334205,66977678.986334205,75412833.15891571
SSP3,"Atlantic, Southeast",267,2026,0.8850704057987204,0.8850704057987204,66745666.84639273,66745666.84639273,75412833.15891571
SSP3,"Atlantic, Southeast",267,2027,0.8820045026208851,0.8820045026208851,66514458.401561245,66514458.401561245,75412833.15891571
SSP3,"Atlantic, Southeast",267,2028,0.8789492197984864,0.8789492197984864,66284050.86782239,66284050.86782239,75412833.15891571
SSP3,"Atlantic, Southeast",267,2029,0.8759045205423812,0.8759045205423812,66054441.47080266,66054441.47080266,75412833.15891571
SSP3,"Atlantic, Southeast",267,2030,0.8728703681908655,0.8728703681908655,65825627.44573907,65825627.44573907,75412833.15891571
SSP3,"Atlantic, Southeast",267,2031,0.8698467262092318,0.8698467262092318,65597606.03744583,65597606.03744583,75412833.15891571
SSP3,"Atlantic, Southeast",267,2032,0.8668335581893296,0.8668335581893296,65370374.50028117,65370374.50028117,75412833.15891571
SSP3,"Atlantic, Southeast",267,2033,0.8638308278491275,0.8638308278491275,65143930.09811429,65143930.09811429,75412833.15891571
SSP3,"Atlantic, Southeast",267,2034,0.860838499032275,0.860838499032275,64918270.104292385,64918270.104292385,75412833.15891571
SSP3,"Atlantic, Southeast",267,2035,0.857856535707669,0.857856535707669,64693391.80160786,64693391.80160786,75412833.15891571
SSP3,"Atlantic, Southeast",267,2036,0.8548849019690181,0.8548849019690181,64469292.48226558,64469292.48226558,75412833.15891571
SSP3,"Atlantic, Southeast",267,2037,0.8519235620344116,0.8519235620344116,64245969.44785026,64245969.44785026,75412833.15891571
SSP3,"Atlantic, Southeast",267,2038,0.8489724802458877,0.8489724802458877,64023420.009293996,64023420.009293996,75412833.15891571
SSP3,"Atlantic, Southeast",267,2039,0.846031621069005,0.846031621069005,63801641.48684387,63801641.48684387,75412833.15891571
SSP3,"Atlantic, Southeast",267,2040,0.8431009490924137,0.8431009490924137,63580631.210029684,63580631.210029684,75412833.15891571
SSP3,"Atlantic, Southeast",267,2041,0.8401804290274301,0.8401804290274301,63360386.51763181,63360386.51763181,75412833.15891571
SSP3,"Atlantic, Southeast",267,2042,0.837270025707611,0.837270025707611,63140904.75764914,63140904.75764914,75412833.15891571
SSP3,"Atlantic, Southeast",267,2043,0.8343697040883308,0.8343697040883308,62922183.28726716,62922183.28726716,75412833.15891571
SSP3,"Atlantic, Southeast",267,2044,0.831479429246359,0.831479429246359,62704219.47282613,62704219.47282613,75412833.15891571
SSP3,"Atlantic, Southeast",267,2045,0.8285991663794399,0.8285991663794399,62487010.68978934,62487010.68978934,75412833.15891571
SSP3,"Atlantic, Southeast",267,2046,0.8257288808058738,0.8257288808058738,62270554.32271156,62270554.32271156,75412833.15891571
SSP3,"Atlantic, Southeast",267,2047,0.822868537964099,0.822868537964099,62054847.7652075,62054847.7652075,75412833.15891571
SSP3,"Atlantic, Southeast",267,2048,0.8200181034122759,0.8200181034122759,61839888.41992045,61839888.41992045,75412833.15891571
SSP3,"Atlantic, Southeast",267,2049,0.817177542827872,0.817177542827872,61625673.698491015,61625673.698491015,75412833.15891571
SSP3,"Atlantic, Southeast",267,2050,0.8143468220072492,0.8143468220072492,61412201.02152591,61412201.02152591,75412833.15891571
SSP3,"Atlantic, Southeast",267,2051,0.8115259068652511,0.8115259068652511,61199467.81856695,61199467.81856695,75412833.15891571
SSP3,"Atlantic, Southeast",267,2052,0.8087147634347931,0.8087147634347931,60987471.52806004,60987471.52806004,75412833.15891571
SSP3,"Atlantic, Southeast",267,2053,0.8059133578664537,0.8059133578664537,60776209.5973244,60776209.5973244,75412833.15891571
SSP3,"Atlantic, Southeast",267,2054,0.803121656428066,0.803121656428066,60565679.482521765,60565679.482521765,75412833.15891571
SSP3,"Atlantic, Southeast",267,2055,0.8003396255043125,0.8003396255043125,60355878.6486258,60355878.6486258,75412833.15891571
SSP3,"Atlantic, Southeast",267,2056,0.7975672315963196,0.7975672315963196,60146804.56939154,60146804.56939154,75412833.15891571
SSP3,"Atlantic, Southeast",267,2057,0.7948044413212547,0.7948044413212547,59938454.727325,59938454.727325,75412833.15891571
SSP3,"Atlantic, Southeast",267,2058,0.7920512214119241,0.7920512214119241,59730826.61365284,59730826.61365284,75412833.15891571
SSP3,"Atlantic, Southeast",267,2059,0.7893075387163722,0.7893075387163722,59523917.728292175,59523917.728292175,75412833.15891571
SSP3,"Atlantic, Southeast",267,2060,0.7865733601974824,0.7865733601974824,59317725.579820454,59317725.579820454,75412833.15891571
SSP3,"Atlantic, Southeast",267,2061,0.7838486529325799,0.7838486529325799,59112247.68544547,59112247.68544547,75412833.15891571
SSP3,"Atlantic, Southeast",267,2062,0.7811333841130341,0.7811333841130341,58907481.57097547,58907481.57097547,75412833.15891571
SSP3,"Atlantic, Southeast",267,2063,0.7784275210438649,0.7784275210438649,58703424.77078934,58703424.77078934,75412833.15891571
SSP3,"Atlantic, Southeast",267,2064,0.7757310311433478,0.7757310311433478,58500074.82780694,58500074.82780694,75412833.15891571
SSP3,"Atlantic, Southeast",267,2065,0.7730438819426224,0.7730438819426224,58297429.29345952,58297429.29345952,75412833.15891571
SSP3,"Atlantic, Southeast",267,2066,0.7703660410853008,0.7703660410853008,58095485.7276602,58095485.7276602,75412833.15891571
SSP3,"Atlantic, Southeast",267,2067,0.7676974763270787,0.7676974763270787,57894241.698774636,57894241.698774636,75412833.15891571
SSP3,"Atlantic, Southeast",267,2068,0.7650381555353467,0.7650381555353467,57693694.78359171,57693694.78359171,75412833.15891571
SSP3,"Atlantic, Southeast",267,2069,0.7623880466888032,0.7623880466888032,57493842.56729436,57493842.56729436,75412833.15891571
SSP3,"Atlantic, Southeast",267,2070,0.7597471178770694,0.7597471178770694,57294682.6434305,57294682.6434305,75412833.15891571
SSP3,"Atlantic, Southeast",267,2071,0.7571153373003044,0.7571153373003044,57096212.613884054,57096212.613884054,75412833.15891571
SSP3,"Atlantic, Southeast",267,2072,0.7544926732688232,0.7544926732688232,56898430.08884607,56898430.08884607,75412833.15891571
SSP3,"Atlantic, Southeast",267,2073,0.751879094202714,0.751879094202714,56701332.686785944,56701332.686785944,75412833.15891571
SSP3,"Atlantic, Southeast",267,2074,0.7492745686314588,0.7492745686314588,56504918.03442275,56504918.03442275,75412833.15891571
SSP3,"Atlantic, Southeast",267,2075,0.7466790651935541,0.7466790651935541,56309183.76669665,56309183.76669665,75412833.15891571
SSP3,"Atlantic, Southeast",267,2076,0.7440925526361333,0.7440925526361333,56114127.526740424,56114127.526740424,75412833.15891571
SSP3,"Atlantic, Southeast",267,2077,0.7415149998145902,0.7415149998145902,55919746.96585111,55919746.96585111,75412833.15891571
SSP3,"Atlantic, Southeast",267,2078,0.7389463756922048,0.7389463756922048,55726039.74346169,55726039.74346169,75412833.15891571
SSP3,"Atlantic, Southeast",267,2079,0.7363866493397684,0.7363866493397684,55533003.52711292,55533003.52711292,75412833.15891571
SSP3,"Atlantic, Southeast",267,2080,0.7338357899352119,0.7338357899352119,55340635.992425255,55340635.992425255,75412833.15891571
SSP3,"Atlantic, Southeast",267,2081,0.7312937667632347,0.7312937667632347,55148934.82307084,55148934.82307084,75412833.15891571
SSP3,"Atlantic, Southeast",267,2082,0.7287605492149345,0.7287605492149345,54957897.71074564,54957897.71074564,75412833.15891571
SSP3,"Atlantic, Southeast",267,2083,0.7262361067874389,0.7262361067874389,54767522.355141625,54767522.355141625,75412833.15891571
SSP3,"Atlantic, Southeast",267,2084,0.7237204090835382,0.7237204090835382,54577806.463919096,54577806.463919096,75412833.15891571
SSP3,"Atlantic, Southeast",267,2085,0.7212134258113193,0.7212134258113193,54388747.75267906,54388747.75267906,75412833.15891571
SSP3,"Atlantic, Southeast",267,2086,0.7187151267838008,0.7187151267838008,54200343.944935724,54200343.944935724,75412833.15891571
SSP3,"Atlantic, Southeast",267,2087,0.7162254819185698,0.7162254819185698,54012592.77208911,54012592.77208911,75412833.15891571
SSP3,"Atlantic, Southeast",267,2088,0.7137444612374195,0.7137444612374195,53825491.9733977,53825491.9733977,75412833.15891571
SSP3,"Atlantic, Southeast",267,2089,0.7112720348659883,0.7112720348659883,53639039.295951255,53639039.295951255,75412833.15891571
SSP3,"Atlantic, Southeast",267,2090,0.7088081730333998,0.7088081730333998,53453232.49464364,53453232.49464364,75412833.15891571
SSP3,"Atlantic, Southeast",267,2091,0.7063528460719052,0.7063528460719052,53268069.332145855,53268069.332145855,75412833.15891571
SSP3,"Atlantic, Southeast",267,2092,0.7039060244165245,0.7039060244165245,53083547.57887901,53083547.57887901,75412833.15891571
SSP3,"Atlantic, Southeast",267,2093,0.7014676786046923,0.7014676786046923,52899665.01298757,52899665.01298757,75412833.15891571
SSP3,"Atlantic, Southeast",267,2094,0.6990377792759016,0.6990377792759016,52716419.42031252,52716419.42031252,75412833.15891571
SSP3,"Atlantic, Southeast",267,2095,0.6966162971713511,0.6966162971713511,52533808.59436475,52533808.59436475,75412833.15891571
SSP3,"Atlantic, Southeast",267,2096,0.6942032031335924,0.6942032031335924,52351830.33629848,52351830.33629848,75412833.15891571
SSP3,"Atlantic, Southeast",267,2097,0.6917984681061796,0.6917984681061796,52170482.4548848,52170482.4548848,75412833.15891571
SSP3,"Atlantic, Southeast",267,2098,0.6894020631333184,0.6894020631333184,51989762.76648522,51989762.76648522,75412833.15891571
SSP3,"Atlantic, Southeast",267,2099,0.6870139593595185,0.6870139593595185,51809669.095025465,51809669.095025465,75412833.15891571
SSP3,"Atlantic, Southeast",267,2100,0.6846341280292451,0.6846341280292451,51630199.2719692,51630199.2719692,75412833.15891571
SSP4,"Atlantic, Southeast",267,2005,0.9519742061822377,0.9519742061822377,71791071.98241232,71791071.98241232,75412833.15891571
SSP4,"Atlantic, Southeast",267,2006,0.9486765467815514,0.9486765467815514,71542386.14421344,71542386.14421344,75412833.15891571
SSP4,"Atlantic, Southeast",267,2007,0.9453903105449093,0.9453903105449093,71294561.75917876,71294561.75917876,75412833.15891571
SSP4,"Atlantic, Southeast",267,2008,0.942115457902222,0.942115457902222,71047595.84321575,71047595.84321575,75412833.15891571
SSP4,"Atlantic, Southeast",267,2009,0.938851949420472,0.938851949420472,70801485.42256883,70801485.42256883,75412833.15891571
SSP4,"Atlantic, Southeast",267,2010,0.9355997458032385,0.9355997458032385,70556227.53378357,70556227.53378357,75412833.15891571
SSP4,"Atlantic, Southeast",267,2011,0.9323588078902241,0.9323588078902241,70311819.22367102,70311819.22367102,75412833.15891571
SSP4,"Atlantic, Southeast",267,2012,0.9291290966567841,0.9291290966567841,70068257.54927213,70068257.54927213,75412833.15891571
SSP4,"Atlantic, Southeast",267,2013,0.9259105732134558,0.9259105732134558,69825539.57782236,69825539.57782236,75412833.15891571
SSP4,"Atlantic, Southeast",267,2014,0.9227031988054905,0.9227031988054905,69583662.38671629,69583662.38671629,75412833.15891571
SSP4,"Atlantic, Southeast",267,2015,0.9195069348123863,0.9195069348123863,69342623.06347248,69342623.06347248,75412833.15891571
SSP4,"Atlantic, Southeast",267,2016,0.9163217427474242,0.9163217427474242,69102418.70569839,69102418.70569839,75412833.15891571
SSP4,"Atlantic, Southeast",267,2017,0.9131475842572038,0.9131475842572038,68863046.42105544,68863046.42105544,75412833.15891571
SSP4,"Atlantic, Southeast",267,2018,0.9099844211211816,0.9099844211211816,68624503.32722417,68624503.32722417,75412833.15891571
SSP4,"Atlantic, Southeast",267,2019,0.9068322152512109,0.9068322152512109,68386786.55186951,68386786.55186951,75412833.15891571
SSP4,"Atlantic, Southeast",267,2020,0.9036909286910835,0.9036909286910835,68149893.23260628,68149893.23260628,75412833.15891571
SSP4,"Atlantic, Southeast",267,2021,0.9005605236160719,0.9005605236160719,67913820.5169646,67913820.5169646,75412833.15891571
SSP4,"Atlantic, Southeast",267,2022,0.8974409623324744,0.8974409623324744,67678565.56235565,67678565.56235565,75412833.15891571
SSP4,"Atlantic, Southeast",267,2023,0.8943322072771615,0.8943322072771615,67444125.5360374,67444125.5360374,75412833.15891571
SSP4,"Atlantic, Southeast",267,2024,0.8912342210171226,0.8912342210171226,67210497.61508048,67210497.61508048,75412833.15891571
SSP4,"Atlantic, Southeast",267,2025,0.8881469662490162,0.8881469662490162,66977678.986334205,66977678.986334205,75412833.15891571
SSP4,"Atlantic, Southeast",267,2026,0.8850704057987204,0.8850704057987204,66745666.84639273,66745666.84639273,75412833.15891571
SSP4,"Atlantic, Southeast",267,2027,0.8820045026208851,0.8820045026208851,66514458.401561245,66514458.401561245,75412833.15891571
SSP4,"Atlantic, Southeast",267,2028,0.8789492197984864,0.8789492197984864,66284050.86782239,66284050.86782239,75412833.15891571
SSP4,"Atlantic, Southeast",267,2029,0.8759045205423812,0.8759045205423812,66054441.47080266,66054441.47080266,75412833.15891571
SSP4,"Atlantic, Southeast",267,2030,0.8728703681908655,0.8728703681908655,65825627.44573907,65825627.44573907,75412833.15891571
SSP4,"Atlantic, Southeast",267,2031,0.8698467262092318,0.8698467262092318,65597606.03744583,65597606.03744583,75412833.15891571
SSP4,"Atlantic, Southeast",267,2032,0.8668335581893296,0.8668335581893296,65370374.50028117,65370374.50028117,75412833.15891571
SSP4,"Atlantic, Southeast",267,2033,0.8638308278491275,0.8638308278491275,65143930.09811429,65143930.09811429,75412833.15891571
SSP4,"Atlantic, Southeast",267,2034,0.860838499032275,0.860838499032275,64918270.104292385,64918270.104292385,75412833.15891571
SSP4,"Atlantic, Southeast",267,2035,0.857856535707669,0.857856535707669,64693391.80160786,64693391.80160786,75412833.15891571
SSP4,"Atlantic, Southeast",267,2036,0.8548849019690181,0.8548849019690181,64469292.48226558,64469292.48226558,75412833.15891571
SSP4,"Atlantic, Southeast",267,2037,0.8519235620344116,0.8519235620344116,64245969.44785026,64245969.44785026,75412833.15891571
SSP4,"Atlantic, Southeast",267,2038,0.8489724802458877,0.8489724802458877,64023420.009293996,64023420.009293996,75412833.15891571
SSP4,"Atlantic, Southeast",267,2039,0.846031621069005,0.846031621069005,63801641.48684387,63801641.48684387,75412833.15891571
SSP4,"Atlantic, Southeast",267,2040,0.8431009490924137,0.8431009490924137,63580631.210029684,63580631.210029684,75412833.15891571
SSP4,"Atlantic, Southeast",267,2041,0.8401804290274301,0.8401804290274301,63360386.51763181,63360386.51763181,75412833.15891571
SSP4,"Atlantic, Southeast",267,2042,0.837270025707611,0.837270025707611,63140904.75764914,63140904.75764914,75412833.15891571
SSP4,"Atlantic, Southeast",267,2043,0.8343697040883308,0.8343697040883308,62922183.28726716,62922183.28726716,75412833.15891571
SSP4,"Atlantic, Southeast",267,2044,0.831479429246359,0.831479429246359,62704219.47282613,62704219.47282613,75412833.15891571
SSP4,"Atlantic, Southeast",267,2045,0.8285991663794399,0.8285991663794399,62487010.68978934,62487010.68978934,75412833.15891571
SSP4,"Atlantic, Southeast",267,2046,0.8257288808058738,0.8257288808058738,62270554.32271156,62270554.32271156,75412833.15891571
SSP4,"Atlantic, Southeast",267,2047,0.822868537964099,0.822868537964099,62054847.7652075,62054847.7652075,75412833.15891571
SSP4,"Atlantic, Southeast",267,2048,0.8200181034122759,0.8200181034122759,61839888.41992045,61839888.41992045,75412833.15891571
SSP4,"Atlantic, Southeast",267,2049,0.817177542827872,0.817177542827872,61625673.698491015,61625673.698491015,75412833.15891571
SSP4,"Atlantic, Southeast",267,2050,0.8143468220072492,0.8143468220072492,61412201.02152591,61412201.02152591,75412833.15891571
SSP4,"Atlantic, Southeast",267,2051,0.8115259068652511,0.8115259068652511,61199467.81856695,61199467.81856695,75412833.15891571
SSP4,"Atlantic, Southeast",267,2052,0.8087147634347931,0.8087147634347931,60987471.52806004,60987471.52806004,75412833.15891571
SSP4,"Atlantic, Southeast",267,2053,0.8059133578664537,0.8059133578664537,60776209.5973244,60776209.5973244,75412833.15891571
SSP4,"Atlantic, Southeast",267,2054,0.803121656428066,0.803121656428066,60565679.482521765,60565679.482521765,75412833.15891571
SSP4,"Atlantic, Southeast",267,2055,0.8003396255043125,0.8003396255043125,60355878.6486258,60355878.6486258,75412833.15891571
SSP4,"Atlantic, Southeast",267,2056,0.7975672315963196,0.7975672315963196,60146804.56939154,60146804.56939154,75412833.15891571
SSP4,"Atlantic, Southeast",267,2057,0.7948044413212547,0.7948044413212547,59938454.727325,59938454.727325,75412833.15891571
SSP4,"Atlantic, Southeast",267,2058,0.7920512214119241,0.7920512214119241,59730826.61365284,59730826.61365284,75412833.15891571
SSP4,"Atlantic, Southeast",267,2059,0.7893075387163722,0.7893075387163722,59523917.728292175,59523917.728292175,75412833.15891571
SSP4,"Atlantic, Southeast",267,2060,0.7865733601974824,0.7865733601974824,59317725.579820454,59317725.579820454,75412833.15891571
SSP4,"Atlantic, Southeast",267,2061,0.7838486529325799,0.7838486529325799,59112247.68544547,59112247.68544547,75412833.15891571
SSP4,"Atlantic, Southeast",267,2062,0.7811333841130341,0.7811333841130341,58907481.57097547,58907481.57097547,75412833.15891571
SSP4,"Atlantic, Southeast",267,2063,0.7784275210438649,0.7784275210438649,58703424.77078934,58703424.77078934,75412833.15891571
SSP4,"Atlantic, Southeast",267,2064,0.7757310311433478,0.7757310311433478,58500074.82780694,58500074.82780694,75412833.15891571
SSP4,"Atlantic, Southeast",267,2065,0.7730438819426224,0.7730438819426224,58297429.29345952,58297429.29345952,75412833.15891571
SSP4,"Atlantic, Southeast",267,2066,0.7703660410853008,0.7703660410853008,58095485.7276602,58095485.7276602,75412833.15891571
SSP4,"Atlantic, Southeast",267,2067,0.7676974763270787,0.7676974763270787,57894241.698774636,57894241.698774636,75412833.15891571
SSP4,"Atlantic, Southeast",267,2068,0.7650381555353467,0.7650381555353467,57693694.78359171,57693694.78359171,75412833.15891571
SSP4,"Atlantic, Southeast",267,2069,0.7623880466888032,0.7623880466888032,57493842.56729436,57493842.56729436,75412833.15891571
SSP4,"Atlantic, Southeast",267,2070,0.7597471178770694,0.7597471178770694,57294682.6434305,57294682.6434305,75412833.15891571
SSP4,"Atlantic, Southeast",267,2071,0.7571153373003044,0.7571153373003044,57096212.613884054,57096212.613884054,75412833.15891571
SSP4,"Atlantic, Southeast",267,2072,0.7544926732688232,0.7544926732688232,56898430.08884607,56898430.08884607,75412833.15891571
SSP4,"Atlantic, Southeast",267,2073,0.751879094202714,0.751879094202714,56701332.686785944,56701332.686785944,75412833.15891571
SSP4,"Atlantic, Southeast",267,2074,0.7492745686314588,0.7492745686314588,56504918.03442275,56504918.03442275,75412833.15891571
SSP4,"Atlantic, Southeast",267,2075,0.7466790651935541,0.7466790651935541,56309183.76669665,56309183.76669665,75412833.15891571
SSP4,"Atlantic, Southeast",267,2076,0.7440925526361333,0.7440925526361333,56114127.526740424,56114127.526740424,75412833.15891571
SSP4,"Atlantic, Southeast",267,2077,0.7415149998145902,0.7415149998145902,55919746.96585111,55919746.96585111,75412833.15891571
SSP4,"Atlantic, Southeast",267,2078,0.7389463756922048,0.7389463756922048,55726039.74346169,55726039.74346169,75412833.15891571
SSP4,"Atlantic, Southeast",267,2079,0.7363866493397684,0.7363866493397684,55533003.52711292,55533003.52711292,75412833.15891571
SSP4,"Atlantic, Southeast",267,2080,0.7338357899352119,0.7338357899352119,55340635.992425255,55340635.992425255,75412833.15891571
SSP4,"Atlantic, Southeast",267,2081,0.7312937667632347,0.7312937667632347,55148934.82307084,55148934.82307084,75412833.15891571
SSP4,"Atlantic, Southeast",267,2082,0.7287605492149345,0.7287605492149345,54957897.71074564,54957897.71074564,75412833.15891571
SSP4,"Atlantic, Southeast",267,2083,0.7262361067874389,0.7262361067874389,54767522.355141625,54767522.355141625,75412833.15891571
SSP4,"Atlantic, Southeast",267,2084,0.7237204090835382,0.7237204090835382,54577806.463919096,54577806.463919096,75412833.15891571
SSP4,"Atlantic, Southeast",267,2085,0.7212134258113193,0.7212134258113193,54388747.75267906,54388747.75267906,75412833.15891571
SSP4,"Atlantic, Southeast",267,2086,0.7187151267838008,0.7187151267838008,54200343.944935724,54200343.944935724,75412833.15891571
SSP4,"Atlantic, Southeast",267,2087,0.7162254819185698,0.7162254819185698,54012592.77208911,54012592.77208911,75412833.15891571
SSP4,"Atlantic, Southeast",267,2088,0.7137444612374195,0.7137444612374195,53825491.9733977,53825491.9733977,75412833.15891571
SSP4,"Atlantic, Southeast",267,2089,0.7112720348659883,0.7112720348659883,53639039.295951255,53639039.295951255,75412833.15891571
SSP4,"Atlantic, Southeast",267,2090,0.7088081730333998,0.7088081730333998,53453232.49464364,53453232.49464364,75412833.15891571
SSP4,"Atlantic, Southeast",267,2091,0.7063528460719052,0.7063528460719052,53268069.332145855,53268069.332145855,75412833.15891571
SSP4,"Atlantic, Southeast",267,2092,0.7039060244165245,0.7039060244165245,53083547.57887901,53083547.57887901,75412833.15891571
SSP4,"Atlantic, Southeast",267,2093,0.7014676786046923,0.7014676786046923,52899665.01298757,52899665.01298757,75412833.15891571
SSP4,"Atlantic, Southeast",267,2094,0.6990377792759016,0.6990377792759016,52716419.42031252,52716419.42031252,75412833.15891571
SSP4,"Atlantic, Southeast",267,2095,0.6966162971713511,0.6966162971713511,52533808.59436475,52533808.59436475,75412833.15891571
SSP4,"Atlantic, Southeast",267,2096,0.6942032031335924,0.6942032031335924,52351830.33629848,52351830.33629848,75412833.15891571
SSP4,"Atlantic, Southeast",267,2097,0.6917984681061796,0.6917984681061796,52170482.4548848,52170482.4548848,75412833.15891571
SSP4,"Atlantic, Southeast",267,2098,0.6894020631333184,0.6894020631333184,51989762.76648522,51989762.76648522,75412833.15891571
SSP4,"Atlantic, Southeast",267,2099,0.6870139593595185,0.6870139593595185,51809669.095025465,51809669.095025465,75412833.15891571
SSP4,"Atlantic, Southeast",267,2100,0.6846341280292451,0.6846341280292451,51630199.2719692,51630199.2719692,75412833.15891571
SSP5,"Atlantic, Southeast",267,2005,0.9519742061822377,0.9519742061822377,71791071.98241232,71791071.98241232,75412833.15891571
SSP5,"Atlantic, Southeast",267,2006,0.9486765467815514,0.9486765467815514,71542386.14421344,71542386.14421344,75412833.15891571
SSP5,"Atlantic, Southeast",267,2007,0.9453903105449093,0.9453903105449093,71294561.75917876,71294561.75917876,75412833.15891571
SSP5,"Atlantic, Southeast",267,2008,0.942115457902222,0.942115457902222,71047595.84321575,71047595.84321575,75412833.15891571
SSP5,"Atlantic, Southeast",267,2009,0.938851949420472,0.938851949420472,70801485.42256883,70801485.42256883,75412833.15891571
SSP5,"Atlantic, Southeast",267,2010,0.9355997458032385,0.9355997458032385,70556227.53378357,70556227.53378357,75412833.15891571
SSP5,"Atlantic, Southeast",267,2011,0.9323588078902241,0.9323588078902241,70311819.22367102,70311819.22367102,75412833.15891571
SSP5,"Atlantic, Southeast",267,2012,0.9291290966567841,0.9291290966567841,70068257.54927213,70068257.54927213,75412833.15891571
SSP5,"Atlantic, Southeast",267,2013,0.9259105732134558,0.9259105732134558,69825539.57782236,69825539.57782236,75412833.15891571
SSP5,"Atlantic, Southeast",267,2014,0.9227031988054905,0.9227031988054905,69583662.38671629,69583662.38671629,75412833.15891571
SSP5,"Atlantic, Southeast",267,2015,0.9195069348123863,0.9195069348123863,69342623.06347248,69342623.06347248,75412833.15891571
SSP5,"Atlantic, Southeast",267,2016,0.9163217427474242,0.9163217427474242,69102418.70569839,69102418.70569839,75412833.15891571
SSP5,"Atlantic, Southeast",267,2017,0.9131475842572038,0.9131475842572038,68863046.42105544,68863046.42105544,75412833.15891571
SSP5,"Atlantic, Southeast",267,2018,0.9099844211211816,0.9099844211211816,68624503.32722417,68624503.32722417,75412833.15891571
SSP5,"Atlantic, Southeast",267,2019,0.9068322152512109,0.9068322152512109,68386786.55186951,68386786.55186951,75412833.15891571
SSP5,"Atlantic, Southeast",267,2020,0.9036909286910835,0.9036909286910835,68149893.23260628,68149893.23260628,75412833.15891571
SSP5,"Atlantic, Southeast",267,2021,0.9005605236160719,0.9005605236160719,67913820.5169646,67913820.5169646,75412833.15891571
SSP5,"Atlantic, Southeast",267,2022,0.8974409623324744,0.8974409623324744,67678565.56235565,67678565.56235565,75412833.15891571
SSP5,"Atlantic, Southeast",267,2023,0.8943322072771615,0.8943322072771615,67444125.5360374,67444125.5360374,75412833.15891571
SSP5,"Atlantic, Southeast",267,2024,0.8912342210171226,0.8912342210171226,67210497.61508048,67210497.61508048,75412833.15891571
SSP5,"Atlantic, Southeast",267,2025,0.8881469662490162,0.8881469662490162,66977678.986334205,66977678.986334205,75412833.15891571
SSP5,"Atlantic, Southeast",267,2026,0.8850704057987204,0.8850704057987204,66745666.84639273,66745666.84639273,75412833.15891571
SSP5,"Atlantic, Southeast",267,2027,0.8820045026208851,0.8820045026208851,66514458.401561245,66514458.401561245,75412833.15891571
SSP5,"Atlantic, Southeast",267,2028,0.8789492197984864,0.8789492197984864,66284050.86782239,66284050.86782239,75412833.15891571
SSP5,"Atlantic, Southeast",267,2029,0.8759045205423812,0.8759045205423812,66054441.47080266,66054441.47080266,75412833.15891571
SSP5,"Atlantic, Southeast",267,2030,0.8728703681908655,0.8728703681908655,65825627.44573907,65825627.44573907,75412833.15891571
SSP5,"Atlantic, Southeast",267,2031,0.8698467262092318,0.8698467262092318,65597606.03744583,65597606.03744583,75412833.15891571
SSP5,"Atlantic, Southeast",267,2032,0.8668335581893296,0.8668335581893296,65370374.50028117,65370374.50028117,75412833.15891571
SSP5,"Atlantic, Southeast",267,2033,0.8638308278491275,0.8638308278491275,65143930.09811429,65143930.09811429,75412833.15891571
SSP5,"Atlantic, Southeast",267,2034,0.860838499032275,0.860838499032275,64918270.104292385,64918270.104292385,75412833.15891571
SSP5,"Atlantic, Southeast",267,2035,0.857856535707669,0.857856535707669,64693391.80160786,64693391.80160786,75412833.15891571
SSP5,"Atlantic, Southeast",267,2036,0.8548849019690181,0.8548849019690181,64469292.48226558,64469292.48226558,75412833.15891571
SSP5,"Atlantic, Southeast",267,2037,0.8519235620344116,0.8519235620344116,64245969.44785026,64245969.44785026,75412833.15891571
SSP5,"Atlantic, Southeast",267,2038,0.8489724802458877,0.8489724802458877,64023420.009293996,64023420.009293996,75412833.15891571
SSP5,"Atlantic, Southeast",267,2039,0.846031621069005,0.846031621069005,63801641.48684387,63801641.48684387,75412833.15891571
SSP5,"Atlantic, Southeast",267,2040,0.8431009490924137,0.8431009490924137,63580631.210029684,63580631.210029684,75412833.15891571
SSP5,"Atlantic, Southeast",267,2041,0.8401804290274301,0.8401804290274301,63360386.51763181,63360386.51763181,75412833.15891571
SSP5,"Atlantic, Southeast",267,2042,0.837270025707611,0.837270025707611,63140904.75764914,63140904.75764914,75412833.15891571
SSP5,"Atlantic, Southeast",267,2043,0.8343697040883308,0.8343697040883308,62922183.28726716,62922183.28726716,75412833.15891571
SSP5,"Atlantic, Southeast",267,2044,0.831479429246359,0.831479429246359,62704219.47282613,62704219.47282613,75412833.15891571
SSP5,"Atlantic, Southeast",267,2045,0.8285991663794399,0.8285991663794399,62487010.68978934,62487010.68978934,75412833.15891571
SSP5,"Atlantic, Southeast",267,2046,0.8257288808058738,0.8257288808058738,62270554.32271156,62270554.32271156,75412833.15891571
SSP5,"Atlantic, Southeast",267,2047,0.822868537964099,0.822868537964099,62054847.7652075,62054847.7652075,75412833.15891571
SSP5,"Atlantic, Southeast",267,2048,0.8200181034122759,0.8200181034122759,61839888.41992045,61839888.41992045,75412833.15891571
SSP5,"Atlantic, Southeast",267,2049,0.817177542827872,0.817177542827872,61625673.698491015,61625673.698491015,75412833.15891571
SSP5,"Atlantic, Southeast",267,2050,0.8143468220072492,0.8143468220072492,61412201.02152591,61412201.02152591,75412833.15891571
SSP5,"Atlantic, Southeast",267,2051,0.8115259068652511,0.8115259068652511,61199467.81856695,61199467.81856695,75412833.15891571
SSP5,"Atlantic, Southeast",267,2052,0.8087147634347931,0.8087147634347931,60987471.52806004,60987471.52806004,75412833.15891571
SSP5,"Atlantic, Southeast",267,2053,0.8059133578664537,0.8059133578664537,60776209.5973244,60776209.5973244,75412833.15891571
SSP5,"Atlantic, Southeast",267,2054,0.803121656428066,0.803121656428066,60565679.482521765,60565679.482521765,75412833.15891571
SSP5,"Atlantic, Southeast",267,2055,0.8003396255043125,0.8003396255043125,60355878.6486258,60355878.6486258,75412833.15891571
SSP5,"Atlantic, Southeast",267,2056,0.7975672315963196,0.7975672315963196,60146804.56939154,60146804.56939154,75412833.15891571
SSP5,"Atlantic, Southeast",267,2057,0.7948044413212547,0.7948044413212547,59938454.727325,59938454.727325,75412833.15891571
SSP5,"Atlantic, Southeast",267,2058,0.7920512214119241,0.7920512214119241,59730826.61365284,59730826.61365284,75412833.15891571
SSP5,"Atlantic, Southeast",267,2059,0.7893075387163722,0.7893075387163722,59523917.728292175,59523917.728292175,75412833.15891571
SSP5,"Atlantic, Southeast",267,2060,0.7865733601974824,0.7865733601974824,59317725.579820454,59317725.579820454,75412833.15891571
SSP5,"Atlantic, Southeast",267,2061,0.7838486529325799,0.7838486529325799,59112247.68544547,59112247.68544547,75412833.15891571
SSP5,"Atlantic, Southeast",267,2062,0.7811333841130341,0.7811333841130341,58907481.57097547,58907481.57097547,75412833.15891571
SSP5,"Atlantic, Southeast",267,2063,0.7784275210438649,0.7784275210438649,58703424.77078934,58703424.77078934,75412833.15891571
SSP5,"Atlantic, Southeast",267,2064,0.7757310311433478,0.7757310311433478,58500074.82780694,58500074.82780694,75412833.15891571
SSP5,"Atlantic, Southeast",267,2065,0.7730438819426224,0.7730438819426224,58297429.29345952,58297429.29345952,75412833.15891571
SSP5,"Atlantic, Southeast",267,2066,0.7703660410853008,0.7703660410853008,58095485.7276602,58095485.7276602,75412833.15891571
SSP5,"Atlantic, Southeast",267,2067,0.7676974763270787,0.7676974763270787,57894241.698774636,57894241.698774636,75412833.15891571
SSP5,"Atlantic, Southeast",267,2068,0.7650381555353467,0.7650381555353467,57693694.78359171,57693694.78359171,75412833.15891571
SSP5,"Atlantic, Southeast",267,2069,0.7623880466888032,0.7623880466888032,57493842.56729436,57493842.56729436,75412833.15891571
SSP5,"Atlantic, Southeast",267,2070,0.7597471178770694,0.7597471178770694,57294682.6434305,57294682.6434305,75412833.15891571
SSP5,"Atlantic, Southeast",267,2071,0.7571153373003044,0.7571153373003044,57096212.613884054,57096212.613884054,75412833.15891571
SSP5,"Atlantic, Southeast",267,2072,0.7544926732688232,0.7544926732688232,56898430.08884607,56898430.08884607,75412833.15891571
SSP5,"Atlantic, Southeast",267,2073,0.751879094202714,0.751879094202714,56701332.686785944,56701332.686785944,75412833.15891571
SSP5,"Atlantic, Southeast",267,2074,0.7492745686314588,0.7492745686314588,56504918.03442275,56504918.03442275,75412833.15891571
SSP5,"Atlantic, Southeast",267,2075,0.7466790651935541,0.7466790651935541,56309183.76669665,56309183.76669665,75412833.15891571
SSP5,"Atlantic, Southeast",267,2076,0.7440925526361333,0.7440925526361333,56114127.526740424,56114127.526740424,75412833.15891571
SSP5,"Atlantic, Southeast",267,2077,0.7415149998145902,0.7415149998145902,55919746.96585111,55919746.96585111,75412833.15891571
SSP5,"Atlantic, Southeast",267,2078,0.7389463756922048,0.7389463756922048,55726039.74346169,55726039.74346169,75412833.15891571
SSP5,"Atlantic, Southeast",267,2079,0.7363866493397684,0.7363866493397684,55533003.52711292,55533003.52711292,75412833.15891571
SSP5,"Atlantic, Southeast",267,2080,0.7338357899352119,0.7338357899352119,55340635.992425255,55340635.992425255,75412833.15891571
SSP5,"Atlantic, Southeast",267,2081,0.7312937667632347,0.7312937667632347,55148934.82307084,55148934.82307084,75412833.15891571
SSP5,"Atlantic, Southeast",267,2082,0.7287605492149345,0.7287605492149345,54957897.71074564,54957897.71074564,75412833.15891571
SSP5,"Atlantic, Southeast",267,2083,0.7262361067874389,0.7262361067874389,54767522.355141625,54767522.355141625,75412833.15891571
SSP5,"Atlantic, Southeast",267,2084,0.7237204090835382,0.7237204090835382,54577806.463919096,54577806.463919096,75412833.15891571
SSP5,"Atlantic, Southeast",267,2085,0.7212134258113193,0.7212134258113193,54388747.75267906,54388747.75267906,75412833.15891571
SSP5,"Atlantic, Southeast",267,2086,0.7187151267838008,0.7187151267838008,54200343.944935724,54200343.944935724,75412833.15891571
SSP5,"Atlantic, Southeast",267,2087,0.7162254819185698,0.7162254819185698,54012592.77208911,54012592.77208911,75412833.15891571
SSP5,"Atlantic, Southeast",267,2088,0.7137444612374195,0.7137444612374195,53825491.9733977,53825491.9733977,75412833.15891571
SSP5,"Atlantic, Southeast",267,2089,0.7112720348659883,0.7112720348659883,53639039.295951255,53639039.295951255,75412833.15891571
SSP5,"Atlantic, Southeast",267,2090,0.7088081730333998,0.7088081730333998,53453232.49464364,53453232.49464364,75412833.15891571
SSP5,"Atlantic, Southeast",267,2091,0.7063528460719052,0.7063528460719052,53268069.332145855,53268069.332145855,75412833.15891571
SSP5,"Atlantic, Southeast",267,2092,0.7039060244165245,0.7039060244165245,53083547.57887901,53083547.57887901,75412833.15891571
SSP5,"Atlantic, Southeast",267,2093,0.7014676786046923,0.7014676786046923,52899665.01298757,52899665.01298757,75412833.15891571
SSP5,"Atlantic, Southeast",267,2094,0.6990377792759016,0.6990377792759016,52716419.42031252,52716419.42031252,75412833.15891571
SSP5,"Atlantic, Southeast",267,2095,0.6966162971713511,0.6966162971713511,52533808.59436475,52533808.59436475,75412833.15891571
SSP5,"Atlantic, Southeast",267,2096,0.6942032031335924,0.6942032031335924,52351830.33629848,52351830.33629848,75412833.15891571
SSP5,"Atlantic, Southeast",267,2097,0.6917984681061796,0.6917984681061796,52170482.4548848,52170482.4548848,75412833.15891571
SSP5,"Atlantic, Southeast",267,2098,0.6894020631333184,0.6894020631333184,51989762.76648522,51989762.76648522,75412833.15891571
SSP5,"Atlantic, Southeast",267,2099,0.6870139593595185,0.6870139593595185,51809669.095025465,51809669.095025465,75412833.15891571
SSP5,"Atlantic, Southeast",267,2100,0.6846341280292451,0.6846341280292451,51630199.2719692,51630199.2719692,75412833.15891571
SSP1,"Indian Ocean, Western",269,2005,0.9292880608646351,0.9292880608646351,60418919.68527516,60418919.68527516,65016352.01151701
SSP1,"Indian Ocean, Western",269,2006,0.9260689867658258,0.9260689867658258,60209627.23051582,60209627.23051582,65016352.01151701
SSP1,"Indian Ocean, Western",269,2007,0.9228610636098621,0.9228610636098621,60001059.769381784,60001059.769381784,65016352.01151701
SSP1,"Indian Ocean, Western",269,2008,0.9196642527696346,0.9196642527696346,59793214.79047932,59793214.79047932,65016352.01151701
SSP1,"Indian Ocean, Western",269,2009,0.9164785157518395,0.9164785157518395,59586089.79111423,59586089.79111423,65016352.01151701
SSP1,"Indian Ocean, Western",269,2010,0.9133038141965145,0.9133038141965145,59379682.27726171,59379682.27726171,65016352.01151701
SSP1,"Indian Ocean, Western",269,2011,0.910140109876577,0.910140109876577,59173989.763536304,59173989.763536304,65016352.01151701
SSP1,"Indian Ocean, Western",269,2012,0.9069873646973642,0.9069873646973642,58969009.773161985,58969009.773161985,65016352.01151701
SSP1,"Indian Ocean, Western",269,2013,0.9038455406961734,0.9038455406961734,58764739.83794233,58764739.83794233,65016352.01151701
SSP1,"Indian Ocean, Western",269,2014,0.900714600041806,0.900714600041806,58561177.498230815,58561177.498230815,65016352.01151701
SSP1,"Indian Ocean, Western",269,2015,0.8975945050341115,0.8975945050341115,58358320.30290117,58358320.30290117,65016352.01151701
SSP1,"Indian Ocean, Western",269,2016,0.8944852181035332,0.8944852181035332,58156165.80931789,58156165.80931789,65016352.01151701
SSP1,"Indian Ocean, Western",269,2017,0.8913867018106566,0.8913867018106566,57954711.5833068,57954711.5833068,65016352.01151701
SSP1,"Indian Ocean, Western",269,2018,0.8882989188457577,0.8882989188457577,57753955.19912577,57753955.19912577,65016352.01151701
SSP1,"Indian Ocean, Western",269,2019,0.8852218320283546,0.8852218320283546,57553894.23943549,57553894.23943549,65016352.01151701
SSP1,"Indian Ocean, Western",269,2020,0.8821554043067592,0.8821554043067592,57354526.29527037,57354526.29527037,65016352.01151701
SSP1,"Indian Ocean, Western",269,2021,0.8790995987576313,0.8790995987576313,57155848.96600952,57155848.96600952,65016352.01151701
SSP1,"Indian Ocean, Western",269,2022,0.8760543785855339,0.8760543785855339,56957859.859347865,56957859.859347865,65016352.01151701
SSP1,"Indian Ocean, Western",269,2023,0.8730197071224902,0.8730197071224902,56760556.59126731,56760556.59126731,65016352.01151701
SSP1,"Indian Ocean, Western",269,2024,0.8699955478275422,0.8699955478275422,56563936.78600807,56563936.78600807,65016352.01151701
SSP1,"Indian Ocean, Western",269,2025,0.8669818642863103,0.8669818642863103,56367998.07604002,56367998.07604002,65016352.01151701
SSP1,"Indian Ocean, Western",269,2026,0.8639786202105555,0.8639786202105555,56172738.10203424,56172738.10203424,65016352.01151701
SSP1,"Indian Ocean, Western",269,2027,0.8609857794377417,0.8609857794377417,55978154.51283456,55978154.51283456,65016352.01151701
SSP1,"Indian Ocean, Western",269,2028,0.8580033059306008,0.8580033059306008,55784244.96542926,55784244.96542926,65016352.01151701
SSP1,"Indian Ocean, Western",269,2029,0.8550311637766984,0.8550311637766984,55591007.12492288,55591007.12492288,65016352.01151701
SSP1,"Indian Ocean, Western",269,2030,0.8520693171880019,0.8520693171880019,55398438.664508075,55398438.664508075,65016352.01151701
SSP1,"Indian Ocean, Western",269,2031,0.849117730500449,0.849117730500449,55206537.265437625,55206537.265437625,65016352.01151701
SSP1,"Indian Ocean, Western",269,2032,0.8461763681735184,0.8461763681735184,55015300.61699649,55015300.61699649,65016352.01151701
SSP1,"Indian Ocean, Western",269,2033,0.843245194789802,0.843245194789802,54824726.41647399,54824726.41647399,65016352.01151701
SSP1,"Indian Ocean, Western",269,2034,0.8403241750545783,0.8403241750545783,54634812.36913611,54634812.36913611,65016352.01151701
SSP1,"Indian Ocean, Western",269,2035,0.837413273795388,0.837413273795388,54445556.18819782,54445556.18819782,65016352.01151701
SSP1,"Indian Ocean, Western",269,2036,0.8345124559616093,0.8345124559616093,54256955.59479558,54256955.59479558,65016352.01151701
SSP1,"Indian Ocean, Western",269,2037,0.8316216866240367,0.8316216866240367,54069008.31795986,54069008.31795986,65016352.01151701
SSP1,"Indian Ocean, Western",269,2038,0.8287409309744606,0.8287409309744606,53881712.09458785,53881712.09458785,65016352.01151701
SSP1,"Indian Ocean, Western",269,2039,0.8258701543252472,0.8258701543252472,53695064.66941615,53695064.66941615,65016352.01151701
SSP1,"Indian Ocean, Western",269,2040,0.823009322108922,0.823009322108922,53509063.79499366,53509063.79499366,65016352.01151701
SSP1,"Indian Ocean, Western",269,2041,0.8201583998777525,0.8201583998777525,53323707.23165449,53323707.23165449,65016352.01151701
SSP1,"Indian Ocean, Western",269,2042,0.8173173533033342,0.8173173533033342,53138992.747490995,53138992.747490995,65016352.01151701
SSP1,"Indian Ocean, Western",269,2043,0.8144861481761768,0.8144861481761768,52954918.11832692,52954918.11832692,65016352.01151701
SSP1,"Indian Ocean, Western",269,2044,0.8116647504052926,0.8116647504052926,52771481.1276906,52771481.1276906,65016352.01151701
SSP1,"Indian Ocean, Western",269,2045,0.8088531260177855,0.8088531260177855,52588679.56678827,52588679.56678827,65016352.01151701
SSP1,"Indian Ocean, Western",269,2046,0.8060512411584425,0.8060512411584425,52406511.23447749,52406511.23447749,65016352.01151701
SSP1,"Indian Ocean, Western",269,2047,0.803259062089326,0.803259062089326,52224973.937240615,52224973.937240615,65016352.01151701
SSP1,"Indian Ocean, Western",269,2048,0.8004765551893668,0.8004765551893668,52044065.48915839,52044065.48915839,65016352.01151701
SSP1,"Indian Ocean, Western",269,2049,0.7977036869539601,0.7977036869539601,51863783.71188364,51863783.71188364,65016352.01151701
SSP1,"Indian Ocean, Western",269,2050,0.7949404239945621,0.7949404239945621,51684126.43461503,51684126.43461503,65016352.01151701
SSP1,"Indian Ocean, Western",269,2051,0.7921867330382869,0.7921867330382869,51505091.49407092,51505091.49407092,65016352.01151701
SSP1,"Indian Ocean, Western",269,2052,0.7894425809275075,0.7894425809275075,51326676.734463334,51326676.734463334,65016352.01151701
SSP1,"Indian Ocean, Western",269,2053,0.7867079346194549,0.7867079346194549,51148880.007471986,51148880.007471986,65016352.01151701
SSP1,"Indian Ocean, Western",269,2054,0.7839827611858212,0.7839827611858212,50971699.17221843,50971699.17221843,65016352.01151701
SSP1,"Indian Ocean, Western",269,2055,0.7812670278123631,0.7812670278123631,50795132.09524025,50795132.09524025,65016352.01151701
SSP1,"Indian Ocean, Western",269,2056,0.7785607017985063,0.7785607017985063,50619176.650465414,50619176.650465414,65016352.01151701
SSP1,"Indian Ocean, Western",269,2057,0.7758637505569522,0.7758637505569522,50443830.719186634,50443830.719186634,65016352.01151701
SSP1,"Indian Ocean, Western",269,2058,0.7731761416132852,0.7731761416132852,50269092.19003587,50269092.19003587,65016352.01151701
SSP1,"Indian Ocean, Western",269,2059,0.7704978426055815,0.7704978426055815,50094958.95895892,50094958.95895892,65016352.01151701
SSP1,"Indian Ocean, Western",269,2060,0.7678288212840203,0.7678288212840203,49921428.92919005,49921428.92919005,65016352.01151701
SSP1,"Indian Ocean, Western",269,2061,0.7651690455104944,0.7651690455104944,49748500.01122678,49748500.01122678,65016352.01151701
SSP1,"Indian Ocean, Western",269,2062,0.7625184832582239,0.7625184832582239,49576170.12280472,49576170.12280472,65016352.01151701
SSP1,"Indian Ocean, Western",269,2063,0.7598771026113703,0.7598771026113703,49404437.18887249,49404437.18887249,65016352.01151701
SSP1,"Indian Ocean, Western",269,2064,0.7572448717646526,0.7572448717646526,49233299.14156671,49233299.14156671,65016352.01151701
SSP1,"Indian Ocean, Western",269,2065,0.7546217590229634,0.7546217590229634,49062753.920187145,49062753.920187145,65016352.01151701
SSP1,"Indian Ocean, Western",269,2066,0.752007732800988,0.752007732800988,48892799.47117186,48892799.47117186,65016352.01151701
SSP1,"Indian Ocean, Western",269,2067,0.7494027616228244,0.7494027616228244,48723433.74807252,48723433.74807252,65016352.01151701
SSP1,"Indian Ocean, Western",269,2068,0.7468068141216032,0.7468068141216032,48554654.71152971,48554654.71152971,65016352.01151701
SSP1,"Indian Ocean, Western",269,2069,0.744219859039111,0.744219859039111,48386460.32924841,48386460.32924841,65016352.01151701
SSP1,"Indian Ocean, Western",269,2070,0.7416418652254133,0.7416418652254133,48218848.575973526,48218848.575973526,65016352.01151701
SSP1,"Indian Ocean, Western",269,2071,0.7390728016384794,0.7390728016384794,48051817.433465466,48051817.433465466,65016352.01151701
SSP1,"Indian Ocean, Western",269,2072,0.7365126373438095,0.7365126373438095,47885364.890475884,47885364.890475884,65016352.01151701
SSP1,"Indian Ocean, Western",269,2073,0.7339613415140608,0.7339613415140608,47719488.94272343,47719488.94272343,65016352.01151701
SSP1,"Indian Ocean, Western",269,2074,0.7314188834286778,0.7314188834286778,47554187.59286964,47554187.59286964,65016352.01151701
SSP1,"Indian Ocean, Western",269,2075,0.7288852324735213,0.7288852324735213,47389458.85049487,47389458.85049487,65016352.01151701
SSP1,"Indian Ocean, Western",269,2076,0.7263603581405003,0.7263603581405003,47225300.73207433,47225300.73207433,65016352.01151701
SSP1,"Indian Ocean, Western",269,2077,0.7238442300272041,0.7238442300272041,47061711.260954194,47061711.260954194,65016352.01151701
SSP1,"Indian Ocean, Western",269,2078,0.7213368178365374,0.7213368178365374,46898688.46732783,46898688.46732783,65016352.01151701
SSP1,"Indian Ocean, Western",269,2079,0.7188380913763538,0.7188380913763538,46736230.38821205,46736230.38821205,65016352.01151701
SSP1,"Indian Ocean, Western",269,2080,0.7163480205590939,0.7163480205590939,46574335.06742347,46574335.06742347,65016352.01151701
SSP1,"Indian Ocean, Western",269,2081,0.7138665754014217,0.7138665754014217,46413000.555554986,46413000.555554986,65016352.01151701
SSP1,"Indian Ocean, Western",269,2082,0.7113937260238646,0.7113937260238646,46252224.909952275,46252224.909952275,65016352.01151701
SSP1,"Indian Ocean, Western",269,2083,0.7089294426504529,0.7089294426504529,46092006.19469041,46092006.19469041,65016352.01151701
SSP1,"Indian Ocean, Western",269,2084,0.7064736956083613,0.7064736956083613,45932342.480550535,45932342.480550535,65016352.01151701
SSP1,"Indian Ocean, Western",269,2085,0.7040264553275521,0.7040264553275521,45773231.84499668,45773231.84499668,65016352.01151701
SSP1,"Indian Ocean, Western",269,2086,0.701587692340419,0.701587692340419,45614672.372152574,45614672.372152574,65016352.01151701
SSP1,"Indian Ocean, Western",269,2087,0.6991573772814317,0.6991573772814317,45456662.152778566,45456662.152778566,65016352.01151701
SSP1,"Indian Ocean, Western",269,2088,0.6967354808867829,0.6967354808867829,45299199.284248665,45299199.284248665,65016352.01151701
SSP1,"Indian Ocean, Western",269,2089,0.6943219739940362,0.6943219739940362,45142281.87052762,45142281.87052762,65016352.01151701
SSP1,"Indian Ocean, Western",269,2090,0.6919168275417739,0.6919168275417739,44985908.02214808,44985908.02214808,65016352.01151701
SSP1,"Indian Ocean, Western",269,2091,0.6895200125692479,0.6895200125692479,44830075.85618786,44830075.85618786,65016352.01151701
SSP1,"Indian Ocean, Western",269,2092,0.6871315002160309,0.6871315002160309,44674783.49624724,44674783.49624724,65016352.01151701
SSP1,"Indian Ocean, Western",269,2093,0.6847512617216686,0.6847512617216686,44520029.072426416,44520029.072426416,65016352.01151701
SSP1,"Indian Ocean, Western",269,2094,0.6823792684253335,0.6823792684253335,44365810.721302934,44365810.721302934,65016352.01151701
SSP1,"Indian Ocean, Western",269,2095,0.6800154917654798,0.6800154917654798,44212126.585909285,44212126.585909285,65016352.01151701
SSP1,"Indian Ocean, Western",269,2096,0.6776599032795,0.6776599032795,44058974.815710545,44058974.815710545,65016352.01151701
SSP1,"Indian Ocean, Western",269,2097,0.6753124746033812,0.6753124746033812,43906353.56658207,43906353.56658207,65016352.01151701
SSP1,"Indian Ocean, Western",269,2098,0.6729731774713639,0.6729731774713639,43754261.0007873,43754261.0007873,65016352.01151701
SSP1,"Indian Ocean, Western",269,2099,0.6706419837156022,0.6706419837156022,43602695.286955655,43602695.286955655,65016352.01151701
SSP1,"Indian Ocean, Western",269,2100,0.6683188652658244,0.6683188652658244,43451654.60006045,43451654.60006045,65016352.01151701
SSP2,"Indian Ocean, Western",269,2005,0.9292880608646351,0.9292880608646351,60418919.68527516,60418919.68527516,65016352.01151701
SSP2,"Indian Ocean, Western",269,2006,0.9260689867658258,0.9260689867658258,60209627.23051582,60209627.23051582,65016352.01151701
SSP2,"Indian Ocean, Western",269,2007,0.9228610636098621,0.9228610636098621,60001059.769381784,60001059.769381784,65016352.01151701
SSP2,"Indian Ocean, Western",269,2008,0.9196642527696346,0.9196642527696346,59793214.79047932,59793214.79047932,65016352.01151701
SSP2,"Indian Ocean, Western",269,2009,0.9164785157518395,0.9164785157518395,59586089.79111423,59586089.79111423,65016352.01151701
SSP2,"Indian Ocean, Western",269,2010,0.9133038141965145,0.9133038141965145,59379682.27726171,59379682.27726171,65016352.01151701
SSP2,"Indian Ocean, Western",269,2011,0.910140109876577,0.910140109876577,59173989.763536304,59173989.763536304,65016352.01151701
SSP2,"Indian Ocean, Western",269,2012,0.9069873646973642,0.9069873646973642,58969009.773161985,58969009.773161985,65016352.01151701
SSP2,"Indian Ocean, Western",269,2013,0.9038455406961734,0.9038455406961734,58764739.83794233,58764739.83794233,65016352.01151701
SSP2,"Indian Ocean, Western",269,2014,0.900714600041806,0.900714600041806,58561177.498230815,58561177.498230815,65016352.01151701
SSP2,"Indian Ocean, Western",269,2015,0.8975945050341115,0.8975945050341115,58358320.30290117,58358320.30290117,65016352.01151701
SSP2,"Indian Ocean, Western",269,2016,0.8944852181035332,0.8944852181035332,58156165.80931789,58156165.80931789,65016352.01151701
SSP2,"Indian Ocean, Western",269,2017,0.8913867018106566,0.8913867018106566,57954711.5833068,57954711.5833068,65016352.01151701
SSP2,"Indian Ocean, Western",269,2018,0.8882989188457577,0.8882989188457577,57753955.19912577,57753955.19912577,65016352.01151701
SSP2,"Indian Ocean, Western",269,2019,0.8852218320283546,0.8852218320283546,57553894.23943549,57553894.23943549,65016352.01151701
SSP2,"Indian Ocean, Western",269,2020,0.8821554043067592,0.8821554043067592,57354526.29527037,57354526.29527037,65016352.01151701
SSP2,"Indian Ocean, Western",269,2021,0.8790995987576313,0.8790995987576313,57155848.96600952,57155848.96600952,65016352.01151701
SSP2,"Indian Ocean, Western",269,2022,0.8760543785855339,0.8760543785855339,56957859.859347865,56957859.859347865,65016352.01151701
SSP2,"Indian Ocean, Western",269,2023,0.8730197071224902,0.8730197071224902,56760556.59126731,56760556.59126731,65016352.01151701
SSP2,"Indian Ocean, Western",269,2024,0.8699955478275422,0.8699955478275422,56563936.78600807,56563936.78600807,65016352.01151701
SSP2,"Indian Ocean, Western",269,2025,0.8669818642863103,0.8669818642863103,56367998.07604002,56367998.07604002,65016352.01151701
SSP2,"Indian Ocean, Western",269,2026,0.8639786202105555,0.8639786202105555,56172738.10203424,56172738.10203424,65016352.01151701
SSP2,"Indian Ocean, Western",269,2027,0.8609857794377417,0.8609857794377417,55978154.51283456,55978154.51283456,65016352.01151701
SSP2,"Indian Ocean, Western",269,2028,0.8580033059306008,0.8580033059306008,55784244.96542926,55784244.96542926,65016352.01151701
SSP2,"Indian Ocean, Western",269,2029,0.8550311637766984,0.8550311637766984,55591007.12492288,55591007.12492288,65016352.01151701
SSP2,"Indian Ocean, Western",269,2030,0.8520693171880019,0.8520693171880019,55398438.664508075,55398438.664508075,65016352.01151701
SSP2,"Indian Ocean, Western",269,2031,0.849117730500449,0.849117730500449,55206537.265437625,55206537.265437625,65016352.01151701
SSP2,"Indian Ocean, Western",269,2032,0.8461763681735184,0.8461763681735184,55015300.61699649,55015300.61699649,65016352.01151701
SSP2,"Indian Ocean, Western",269,2033,0.843245194789802,0.843245194789802,54824726.41647399,54824726.41647399,65016352.01151701
SSP2,"Indian Ocean, Western",269,2034,0.8403241750545783,0.8403241750545783,54634812.36913611,54634812.36913611,65016352.01151701
SSP2,"Indian Ocean, Western",269,2035,0.837413273795388,0.837413273795388,54445556.18819782,54445556.18819782,65016352.01151701
SSP2,"Indian Ocean, Western",269,2036,0.8345124559616093,0.8345124559616093,54256955.59479558,54256955.59479558,65016352.01151701
SSP2,"Indian Ocean, Western",269,2037,0.8316216866240367,0.8316216866240367,54069008.31795986,54069008.31795986,65016352.01151701
SSP2,"Indian Ocean, Western",269,2038,0.8287409309744606,0.8287409309744606,53881712.09458785,53881712.09458785,65016352.01151701
SSP2,"Indian Ocean, Western",269,2039,0.8258701543252472,0.8258701543252472,53695064.66941615,53695064.66941615,65016352.01151701
SSP2,"Indian Ocean, Western",269,2040,0.823009322108922,0.823009322108922,53509063.79499366,53509063.79499366,65016352.01151701
SSP2,"Indian Ocean, Western",269,2041,0.8201583998777525,0.8201583998777525,53323707.23165449,53323707.23165449,65016352.01151701
SSP2,"Indian Ocean, Western",269,2042,0.8173173533033342,0.8173173533033342,53138992.747490995,53138992.747490995,65016352.01151701
SSP2,"Indian Ocean, Western",269,2043,0.8144861481761768,0.8144861481761768,52954918.11832692,52954918.11832692,65016352.01151701
SSP2,"Indian Ocean, Western",269,2044,0.8116647504052926,0.8116647504052926,52771481.1276906,52771481.1276906,65016352.01151701
SSP2,"Indian Ocean, Western",269,2045,0.8088531260177855,0.8088531260177855,52588679.56678827,52588679.56678827,65016352.01151701
SSP2,"Indian Ocean, Western",269,2046,0.8060512411584425,0.8060512411584425,52406511.23447749,52406511.23447749,65016352.01151701
SSP2,"Indian Ocean, Western",269,2047,0.803259062089326,0.803259062089326,52224973.937240615,52224973.937240615,65016352.01151701
SSP2,"Indian Ocean, Western",269,2048,0.8004765551893668,0.8004765551893668,52044065.48915839,52044065.48915839,65016352.01151701
SSP2,"Indian Ocean, Western",269,2049,0.7977036869539601,0.7977036869539601,51863783.71188364,51863783.71188364,65016352.01151701
SSP2,"Indian Ocean, Western",269,2050,0.7949404239945621,0.7949404239945621,51684126.43461503,51684126.43461503,65016352.01151701
SSP2,"Indian Ocean, Western",269,2051,0.7921867330382869,0.7921867330382869,51505091.49407092,51505091.49407092,65016352.01151701
SSP2,"Indian Ocean, Western",269,2052,0.7894425809275075,0.7894425809275075,51326676.734463334,51326676.734463334,65016352.01151701
SSP2,"Indian Ocean, Western",269,2053,0.7867079346194549,0.7867079346194549,51148880.007471986,51148880.007471986,65016352.01151701
SSP2,"Indian Ocean, Western",269,2054,0.7839827611858212,0.7839827611858212,50971699.17221843,50971699.17221843,65016352.01151701
SSP2,"Indian Ocean, Western",269,2055,0.7812670278123631,0.7812670278123631,50795132.09524025,50795132.09524025,65016352.01151701
SSP2,"Indian Ocean, Western",269,2056,0.7785607017985063,0.7785607017985063,50619176.650465414,50619176.650465414,65016352.01151701
SSP2,"Indian Ocean, Western",269,2057,0.7758637505569522,0.7758637505569522,50443830.719186634,50443830.719186634,65016352.01151701
SSP2,"Indian Ocean, Western",269,2058,0.7731761416132852,0.7731761416132852,50269092.19003587,50269092.19003587,65016352.01151701
SSP2,"Indian Ocean, Western",269,2059,0.7704978426055815,0.7704978426055815,50094958.95895892,50094958.95895892,65016352.01151701
SSP2,"Indian Ocean, Western",269,2060,0.7678288212840203,0.7678288212840203,49921428.92919005,49921428.92919005,65016352.01151701
SSP2,"Indian Ocean, Western",269,2061,0.7651690455104944,0.7651690455104944,49748500.01122678,49748500.01122678,65016352.01151701
SSP2,"Indian Ocean, Western",269,2062,0.7625184832582239,0.7625184832582239,49576170.12280472,49576170.12280472,65016352.01151701
SSP2,"Indian Ocean, Western",269,2063,0.7598771026113703,0.7598771026113703,49404437.18887249,49404437.18887249,65016352.01151701
SSP2,"Indian Ocean, Western",269,2064,0.7572448717646526,0.7572448717646526,49233299.14156671,49233299.14156671,65016352.01151701
SSP2,"Indian Ocean, Western",269,2065,0.7546217590229634,0.7546217590229634,49062753.920187145,49062753.920187145,65016352.01151701
SSP2,"Indian Ocean, Western",269,2066,0.752007732800988,0.752007732800988,48892799.47117186,48892799.47117186,65016352.01151701
SSP2,"Indian Ocean, Western",269,2067,0.7494027616228244,0.7494027616228244,48723433.74807252,48723433.74807252,65016352.01151701
SSP2,"Indian Ocean, Western",269,2068,0.7468068141216032,0.7468068141216032,48554654.71152971,48554654.71152971,65016352.01151701
SSP2,"Indian Ocean, Western",269,2069,0.744219859039111,0.744219859039111,48386460.32924841,48386460.32924841,65016352.01151701
SSP2,"Indian Ocean, Western",269,2070,0.7416418652254133,0.7416418652254133,48218848.575973526,48218848.575973526,65016352.01151701
SSP2,"Indian Ocean, Western",269,2071,0.7390728016384794,0.7390728016384794,48051817.433465466,48051817.433465466,65016352.01151701
SSP2,"Indian Ocean, Western",269,2072,0.7365126373438095,0.7365126373438095,47885364.890475884,47885364.890475884,65016352.01151701
SSP2,"Indian Ocean, Western",269,2073,0.7339613415140608,0.7339613415140608,47719488.94272343,47719488.94272343,65016352.01151701
SSP2,"Indian Ocean, Western",269,2074,0.7314188834286778,0.7314188834286778,47554187.59286964,47554187.59286964,65016352.01151701
SSP2,"Indian Ocean, Western",269,2075,0.7288852324735213,0.7288852324735213,47389458.85049487,47389458.85049487,65016352.01151701
SSP2,"Indian Ocean, Western",269,2076,0.7263603581405003,0.7263603581405003,47225300.73207433,47225300.73207433,65016352.01151701
SSP2,"Indian Ocean, Western",269,2077,0.7238442300272041,0.7238442300272041,47061711.260954194,47061711.260954194,65016352.01151701
SSP2,"Indian Ocean, Western",269,2078,0.7213368178365374,0.7213368178365374,46898688.46732783,46898688.46732783,65016352.01151701
SSP2,"Indian Ocean, Western",269,2079,0.7188380913763538,0.7188380913763538,46736230.38821205,46736230.38821205,65016352.01151701
SSP2,"Indian Ocean, Western",269,2080,0.7163480205590939,0.7163480205590939,46574335.06742347,46574335.06742347,65016352.01151701
SSP2,"Indian Ocean, Western",269,2081,0.7138665754014217,0.7138665754014217,46413000.555554986,46413000.555554986,65016352.01151701
SSP2,"Indian Ocean, Western",269,2082,0.7113937260238646,0.7113937260238646,46252224.909952275,46252224.909952275,65016352.01151701
SSP2,"Indian Ocean, Western",269,2083,0.7089294426504529,0.7089294426504529,46092006.19469041,46092006.19469041,65016352.01151701
SSP2,"Indian Ocean, Western",269,2084,0.7064736956083613,0.7064736956083613,45932342.480550535,45932342.480550535,65016352.01151701
SSP2,"Indian Ocean, Western",269,2085,0.7040264553275521,0.7040264553275521,45773231.84499668,45773231.84499668,65016352.01151701
SSP2,"Indian Ocean, Western",269,2086,0.701587692340419,0.701587692340419,45614672.372152574,45614672.372152574,65016352.01151701
SSP2,"Indian Ocean, Western",269,2087,0.6991573772814317,0.6991573772814317,45456662.152778566,45456662.152778566,65016352.01151701
SSP2,"Indian Ocean, Western",269,2088,0.6967354808867829,0.6967354808867829,45299199.284248665,45299199.284248665,65016352.01151701
SSP2,"Indian Ocean, Western",269,2089,0.6943219739940362,0.6943219739940362,45142281.87052762,45142281.87052762,65016352.01151701
SSP2,"Indian Ocean, Western",269,2090,0.6919168275417739,0.6919168275417739,44985908.02214808,44985908.02214808,65016352.01151701
SSP2,"Indian Ocean, Western",269,2091,0.6895200125692479,0.6895200125692479,44830075.85618786,44830075.85618786,65016352.01151701
SSP2,"Indian Ocean, Western",269,2092,0.6871315002160309,0.6871315002160309,44674783.49624724,44674783.49624724,65016352.01151701
SSP2,"Indian Ocean, Western",269,2093,0.6847512617216686,0.6847512617216686,44520029.072426416,44520029.072426416,65016352.01151701
SSP2,"Indian Ocean, Western",269,2094,0.6823792684253335,0.6823792684253335,44365810.721302934,44365810.721302934,65016352.01151701
SSP2,"Indian Ocean, Western",269,2095,0.6800154917654798,0.6800154917654798,44212126.585909285,44212126.585909285,65016352.01151701
SSP2,"Indian Ocean, Western",269,2096,0.6776599032795,0.6776599032795,44058974.815710545,44058974.815710545,65016352.01151701
SSP2,"Indian Ocean, Western",269,2097,0.6753124746033812,0.6753124746033812,43906353.56658207,43906353.56658207,65016352.01151701
SSP2,"Indian Ocean, Western",269,2098,0.6729731774713639,0.6729731774713639,43754261.0007873,43754261.0007873,65016352.01151701
SSP2,"Indian Ocean, Western",269,2099,0.6706419837156022,0.6706419837156022,43602695.286955655,43602695.286955655,65016352.01151701
SSP2,"Indian Ocean, Western",269,2100,0.6683188652658244,0.6683188652658244,43451654.60006045,43451654.60006045,65016352.01151701
SSP3,"Indian Ocean, Western",269,2005,0.9292880608646351,0.9292880608646351,60418919.68527516,60418919.68527516,65016352.01151701
SSP3,"Indian Ocean, Western",269,2006,0.9260689867658258,0.9260689867658258,60209627.23051582,60209627.23051582,65016352.01151701
SSP3,"Indian Ocean, Western",269,2007,0.9228610636098621,0.9228610636098621,60001059.769381784,60001059.769381784,65016352.01151701
SSP3,"Indian Ocean, Western",269,2008,0.9196642527696346,0.9196642527696346,59793214.79047932,59793214.79047932,65016352.01151701
SSP3,"Indian Ocean, Western",269,2009,0.9164785157518395,0.9164785157518395,59586089.79111423,59586089.79111423,65016352.01151701
SSP3,"Indian Ocean, Western",269,2010,0.9133038141965145,0.9133038141965145,59379682.27726171,59379682.27726171,65016352.01151701
SSP3,"Indian Ocean, Western",269,2011,0.910140109876577,0.910140109876577,59173989.763536304,59173989.763536304,65016352.01151701
SSP3,"Indian Ocean, Western",269,2012,0.9069873646973642,0.9069873646973642,58969009.773161985,58969009.773161985,65016352.01151701
SSP3,"Indian Ocean, Western",269,2013,0.9038455406961734,0.9038455406961734,58764739.83794233,58764739.83794233,65016352.01151701
SSP3,"Indian Ocean, Western",269,2014,0.900714600041806,0.900714600041806,58561177.498230815,58561177.498230815,65016352.01151701
SSP3,"Indian Ocean, Western",269,2015,0.8975945050341115,0.8975945050341115,58358320.30290117,58358320.30290117,65016352.01151701
SSP3,"Indian Ocean, Western",269,2016,0.8944852181035332,0.8944852181035332,58156165.80931789,58156165.80931789,65016352.01151701
SSP3,"Indian Ocean, Western",269,2017,0.8913867018106566,0.8913867018106566,57954711.5833068,57954711.5833068,65016352.01151701
SSP3,"Indian Ocean, Western",269,2018,0.8882989188457577,0.8882989188457577,57753955.19912577,57753955.19912577,65016352.01151701
SSP3,"Indian Ocean, Western",269,2019,0.8852218320283546,0.8852218320283546,57553894.23943549,57553894.23943549,65016352.01151701
SSP3,"Indian Ocean, Western",269,2020,0.8821554043067592,0.8821554043067592,57354526.29527037,57354526.29527037,65016352.01151701
SSP3,"Indian Ocean, Western",269,2021,0.8790995987576313,0.8790995987576313,57155848.96600952,57155848.96600952,65016352.01151701
SSP3,"Indian Ocean, Western",269,2022,0.8760543785855339,0.8760543785855339,56957859.859347865,56957859.859347865,65016352.01151701
SSP3,"Indian Ocean, Western",269,2023,0.8730197071224902,0.8730197071224902,56760556.59126731,56760556.59126731,65016352.01151701
SSP3,"Indian Ocean, Western",269,2024,0.8699955478275422,0.8699955478275422,56563936.78600807,56563936.78600807,65016352.01151701
SSP3,"Indian Ocean, Western",269,2025,0.8669818642863103,0.8669818642863103,56367998.07604002,56367998.07604002,65016352.01151701
SSP3,"Indian Ocean, Western",269,2026,0.8639786202105555,0.8639786202105555,56172738.10203424,56172738.10203424,65016352.01151701
SSP3,"Indian Ocean, Western",269,2027,0.8609857794377417,0.8609857794377417,55978154.51283456,55978154.51283456,65016352.01151701
SSP3,"Indian Ocean, Western",269,2028,0.8580033059306008,0.8580033059306008,55784244.96542926,55784244.96542926,65016352.01151701
SSP3,"Indian Ocean, Western",269,2029,0.8550311637766984,0.8550311637766984,55591007.12492288,55591007.12492288,65016352.01151701
SSP3,"Indian Ocean, Western",269,2030,0.8520693171880019,0.8520693171880019,55398438.664508075,55398438.664508075,65016352.01151701
SSP3,"Indian Ocean, Western",269,2031,0.849117730500449,0.849117730500449,55206537.265437625,55206537.265437625,65016352.01151701
SSP3,"Indian Ocean, Western",269,2032,0.8461763681735184,0.8461763681735184,55015300.61699649,55015300.61699649,65016352.01151701
SSP3,"Indian Ocean, Western",269,2033,0.843245194789802,0.843245194789802,54824726.41647399,54824726.41647399,65016352.01151701
SSP3,"Indian Ocean, Western",269,2034,0.8403241750545783,0.8403241750545783,54634812.36913611,54634812.36913611,65016352.01151701
SSP3,"Indian Ocean, Western",269,2035,0.837413273795388,0.837413273795388,54445556.18819782,54445556.18819782,65016352.01151701
SSP3,"Indian Ocean, Western",269,2036,0.8345124559616093,0.8345124559616093,54256955.59479558,54256955.59479558,65016352.01151701
SSP3,"Indian Ocean, Western",269,2037,0.8316216866240367,0.8316216866240367,54069008.31795986,54069008.31795986,65016352.01151701
SSP3,"Indian Ocean, Western",269,2038,0.8287409309744606,0.8287409309744606,53881712.09458785,53881712.09458785,65016352.01151701
SSP3,"Indian Ocean, Western",269,2039,0.8258701543252472,0.8258701543252472,53695064.66941615,53695064.66941615,65016352.01151701
SSP3,"Indian Ocean, Western",269,2040,0.823009322108922,0.823009322108922,53509063.79499366,53509063.79499366,65016352.01151701
SSP3,"Indian Ocean, Western",269,2041,0.8201583998777525,0.8201583998777525,53323707.23165449,53323707.23165449,65016352.01151701
SSP3,"Indian Ocean, Western",269,2042,0.8173173533033342,0.8173173533033342,53138992.747490995,53138992.747490995,65016352.01151701
SSP3,"Indian Ocean, Western",269,2043,0.8144861481761768,0.8144861481761768,52954918.11832692,52954918.11832692,65016352.01151701
SSP3,"Indian Ocean, Western",269,2044,0.8116647504052926,0.8116647504052926,52771481.1276906,52771481.1276906,65016352.01151701
SSP3,"Indian Ocean, Western",269,2045,0.8088531260177855,0.8088531260177855,52588679.56678827,52588679.56678827,65016352.01151701
SSP3,"Indian Ocean, Western",269,2046,0.8060512411584425,0.8060512411584425,52406511.23447749,52406511.23447749,65016352.01151701
SSP3,"Indian Ocean, Western",269,2047,0.803259062089326,0.803259062089326,52224973.937240615,52224973.937240615,65016352.01151701
SSP3,"Indian Ocean, Western",269,2048,0.8004765551893668,0.8004765551893668,52044065.48915839,52044065.48915839,65016352.01151701
SSP3,"Indian Ocean, Western",269,2049,0.7977036869539601,0.7977036869539601,51863783.71188364,51863783.71188364,65016352.01151701
SSP3,"Indian Ocean, Western",269,2050,0.7949404239945621,0.7949404239945621,51684126.43461503,51684126.43461503,65016352.01151701
SSP3,"Indian Ocean, Western",269,2051,0.7921867330382869,0.7921867330382869,51505091.49407092,51505091.49407092,65016352.01151701
SSP3,"Indian Ocean, Western",269,2052,0.7894425809275075,0.7894425809275075,51326676.734463334,51326676.734463334,65016352.01151701
SSP3,"Indian Ocean, Western",269,2053,0.7867079346194549,0.7867079346194549,51148880.007471986,51148880.007471986,65016352.01151701
SSP3,"Indian Ocean, Western",269,2054,0.7839827611858212,0.7839827611858212,50971699.17221843,50971699.17221843,65016352.01151701
SSP3,"Indian Ocean, Western",269,2055,0.7812670278123631,0.7812670278123631,50795132.09524025,50795132.09524025,65016352.01151701
SSP3,"Indian Ocean, Western",269,2056,0.7785607017985063,0.7785607017985063,50619176.650465414,50619176.650465414,65016352.01151701
SSP3,"Indian Ocean, Western",269,2057,0.7758637505569522,0.7758637505569522,50443830.719186634,50443830.719186634,65016352.01151701
SSP3,"Indian Ocean, Western",269,2058,0.7731761416132852,0.7731761416132852,50269092.19003587,50269092.19003587,65016352.01151701
SSP3,"Indian Ocean, Western",269,2059,0.7704978426055815,0.7704978426055815,50094958.95895892,50094958.95895892,65016352.01151701
SSP3,"Indian Ocean, Western",269,2060,0.7678288212840203,0.7678288212840203,49921428.92919005,49921428.92919005,65016352.01151701
SSP3,"Indian Ocean, Western",269,2061,0.7651690455104944,0.7651690455104944,49748500.01122678,49748500.01122678,65016352.01151701
SSP3,"Indian Ocean, Western",269,2062,0.7625184832582239,0.7625184832582239,49576170.12280472,49576170.12280472,65016352.01151701
SSP3,"Indian Ocean, Western",269,2063,0.7598771026113703,0.7598771026113703,49404437.18887249,49404437.18887249,65016352.01151701
SSP3,"Indian Ocean, Western",269,2064,0.7572448717646526,0.7572448717646526,49233299.14156671,49233299.14156671,65016352.01151701
SSP3,"Indian Ocean, Western",269,2065,0.7546217590229634,0.7546217590229634,49062753.920187145,49062753.920187145,65016352.01151701
SSP3,"Indian Ocean, Western",269,2066,0.752007732800988,0.752007732800988,48892799.47117186,48892799.47117186,65016352.01151701
SSP3,"Indian Ocean, Western",269,2067,0.7494027616228244,0.7494027616228244,48723433.74807252,48723433.74807252,65016352.01151701
SSP3,"Indian Ocean, Western",269,2068,0.7468068141216032,0.7468068141216032,48554654.71152971,48554654.71152971,65016352.01151701
SSP3,"Indian Ocean, Western",269,2069,0.744219859039111,0.744219859039111,48386460.32924841,48386460.32924841,65016352.01151701
SSP3,"Indian Ocean, Western",269,2070,0.7416418652254133,0.7416418652254133,48218848.575973526,48218848.575973526,65016352.01151701
SSP3,"Indian Ocean, Western",269,2071,0.7390728016384794,0.7390728016384794,48051817.433465466,48051817.433465466,65016352.01151701
SSP3,"Indian Ocean, Western",269,2072,0.7365126373438095,0.7365126373438095,47885364.890475884,47885364.890475884,65016352.01151701
SSP3,"Indian Ocean, Western",269,2073,0.7339613415140608,0.7339613415140608,47719488.94272343,47719488.94272343,65016352.01151701
SSP3,"Indian Ocean, Western",269,2074,0.7314188834286778,0.7314188834286778,47554187.59286964,47554187.59286964,65016352.01151701
SSP3,"Indian Ocean, Western",269,2075,0.7288852324735213,0.7288852324735213,47389458.85049487,47389458.85049487,65016352.01151701
SSP3,"Indian Ocean, Western",269,2076,0.7263603581405003,0.7263603581405003,47225300.73207433,47225300.73207433,65016352.01151701
SSP3,"Indian Ocean, Western",269,2077,0.7238442300272041,0.7238442300272041,47061711.260954194,47061711.260954194,65016352.01151701
SSP3,"Indian Ocean, Western",269,2078,0.7213368178365374,0.7213368178365374,46898688.46732783,46898688.46732783,65016352.01151701
SSP3,"Indian Ocean, Western",269,2079,0.7188380913763538,0.7188380913763538,46736230.38821205,46736230.38821205,65016352.01151701
SSP3,"Indian Ocean, Western",269,2080,0.7163480205590939,0.7163480205590939,46574335.06742347,46574335.06742347,65016352.01151701
SSP3,"Indian Ocean, Western",269,2081,0.7138665754014217,0.7138665754014217,46413000.555554986,46413000.555554986,65016352.01151701
SSP3,"Indian Ocean, Western",269,2082,0.7113937260238646,0.7113937260238646,46252224.909952275,46252224.909952275,65016352.01151701
SSP3,"Indian Ocean, Western",269,2083,0.7089294426504529,0.7089294426504529,46092006.19469041,46092006.19469041,65016352.01151701
SSP3,"Indian Ocean, Western",269,2084,0.7064736956083613,0.7064736956083613,45932342.480550535,45932342.480550535,65016352.01151701
SSP3,"Indian Ocean, Western",269,2085,0.7040264553275521,0.7040264553275521,45773231.84499668,45773231.84499668,65016352.01151701
SSP3,"Indian Ocean, Western",269,2086,0.701587692340419,0.701587692340419,45614672.372152574,45614672.372152574,65016352.01151701
SSP3,"Indian Ocean, Western",269,2087,0.6991573772814317,0.6991573772814317,45456662.152778566,45456662.152778566,65016352.01151701
SSP3,"Indian Ocean, Western",269,2088,0.6967354808867829,0.6967354808867829,45299199.284248665,45299199.284248665,65016352.01151701
SSP3,"Indian Ocean, Western",269,2089,0.6943219739940362,0.6943219739940362,45142281.87052762,45142281.87052762,65016352.01151701
SSP3,"Indian Ocean, Western",269,2090,0.6919168275417739,0.6919168275417739,44985908.02214808,44985908.02214808,65016352.01151701
SSP3,"Indian Ocean, Western",269,2091,0.6895200125692479,0.6895200125692479,44830075.85618786,44830075.85618786,65016352.01151701
SSP3,"Indian Ocean, Western",269,2092,0.6871315002160309,0.6871315002160309,44674783.49624724,44674783.49624724,65016352.01151701
SSP3,"Indian Ocean, Western",269,2093,0.6847512617216686,0.6847512617216686,44520029.072426416,44520029.072426416,65016352.01151701
SSP3,"Indian Ocean, Western",269,2094,0.6823792684253335,0.6823792684253335,44365810.721302934,44365810.721302934,65016352.01151701
SSP3,"Indian Ocean, Western",269,2095,0.6800154917654798,0.6800154917654798,44212126.585909285,44212126.585909285,65016352.01151701
SSP3,"Indian Ocean, Western",269,2096,0.6776599032795,0.6776599032795,44058974.815710545,44058974.815710545,65016352.01151701
SSP3,"Indian Ocean, Western",269,2097,0.6753124746033812,0.6753124746033812,43906353.56658207,43906353.56658207,65016352.01151701
SSP3,"Indian Ocean, Western",269,2098,0.6729731774713639,0.6729731774713639,43754261.0007873,43754261.0007873,65016352.01151701
SSP3,"Indian Ocean, Western",269,2099,0.6706419837156022,0.6706419837156022,43602695.286955655,43602695.286955655,65016352.01151701
SSP3,"Indian Ocean, Western",269,2100,0.6683188652658244,0.6683188652658244,43451654.60006045,43451654.60006045,65016352.01151701
SSP4,"Indian Ocean, Western",269,2005,0.9292880608646351,0.9292880608646351,60418919.68527516,60418919.68527516,65016352.01151701
SSP4,"Indian Ocean, Western",269,2006,0.9260689867658258,0.9260689867658258,60209627.23051582,60209627.23051582,65016352.01151701
SSP4,"Indian Ocean, Western",269,2007,0.9228610636098621,0.9228610636098621,60001059.769381784,60001059.769381784,65016352.01151701
SSP4,"Indian Ocean, Western",269,2008,0.9196642527696346,0.9196642527696346,59793214.79047932,59793214.79047932,65016352.01151701
SSP4,"Indian Ocean, Western",269,2009,0.9164785157518395,0.9164785157518395,59586089.79111423,59586089.79111423,65016352.01151701
SSP4,"Indian Ocean, Western",269,2010,0.9133038141965145,0.9133038141965145,59379682.27726171,59379682.27726171,65016352.01151701
SSP4,"Indian Ocean, Western",269,2011,0.910140109876577,0.910140109876577,59173989.763536304,59173989.763536304,65016352.01151701
SSP4,"Indian Ocean, Western",269,2012,0.9069873646973642,0.9069873646973642,58969009.773161985,58969009.773161985,65016352.01151701
SSP4,"Indian Ocean, Western",269,2013,0.9038455406961734,0.9038455406961734,58764739.83794233,58764739.83794233,65016352.01151701
SSP4,"Indian Ocean, Western",269,2014,0.900714600041806,0.900714600041806,58561177.498230815,58561177.498230815,65016352.01151701
SSP4,"Indian Ocean, Western",269,2015,0.8975945050341115,0.8975945050341115,58358320.30290117,58358320.30290117,65016352.01151701
SSP4,"Indian Ocean, Western",269,2016,0.8944852181035332,0.8944852181035332,58156165.80931789,58156165.80931789,65016352.01151701
SSP4,"Indian Ocean, Western",269,2017,0.8913867018106566,0.8913867018106566,57954711.5833068,57954711.5833068,65016352.01151701
SSP4,"Indian Ocean, Western",269,2018,0.8882989188457577,0.8882989188457577,57753955.19912577,57753955.19912577,65016352.01151701
SSP4,"Indian Ocean, Western",269,2019,0.8852218320283546,0.8852218320283546,57553894.23943549,57553894.23943549,65016352.01151701
SSP4,"Indian Ocean, Western",269,2020,0.8821554043067592,0.8821554043067592,57354526.29527037,57354526.29527037,65016352.01151701
SSP4,"Indian Ocean, Western",269,2021,0.8790995987576313,0.8790995987576313,57155848.96600952,57155848.96600952,65016352.01151701
SSP4,"Indian Ocean, Western",269,2022,0.8760543785855339,0.8760543785855339,56957859.859347865,56957859.859347865,65016352.01151701
SSP4,"Indian Ocean, Western",269,2023,0.8730197071224902,0.8730197071224902,56760556.59126731,56760556.59126731,65016352.01151701
SSP4,"Indian Ocean, Western",269,2024,0.8699955478275422,0.8699955478275422,56563936.78600807,56563936.78600807,65016352.01151701
SSP4,"Indian Ocean, Western",269,2025,0.8669818642863103,0.8669818642863103,56367998.07604002,56367998.07604002,65016352.01151701
SSP4,"Indian Ocean, Western",269,2026,0.8639786202105555,0.8639786202105555,56172738.10203424,56172738.10203424,65016352.01151701
SSP4,"Indian Ocean, Western",269,2027,0.8609857794377417,0.8609857794377417,55978154.51283456,55978154.51283456,65016352.01151701
SSP4,"Indian Ocean, Western",269,2028,0.8580033059306008,0.8580033059306008,55784244.96542926,55784244.96542926,65016352.01151701
SSP4,"Indian Ocean, Western",269,2029,0.8550311637766984,0.8550311637766984,55591007.12492288,55591007.12492288,65016352.01151701
SSP4,"Indian Ocean, Western",269,2030,0.8520693171880019,0.8520693171880019,55398438.664508075,55398438.664508075,65016352.01151701
SSP4,"Indian Ocean, Western",269,2031,0.849117730500449,0.849117730500449,55206537.265437625,55206537.265437625,65016352.01151701
SSP4,"Indian Ocean, Western",269,2032,0.8461763681735184,0.8461763681735184,55015300.61699649,55015300.61699649,65016352.01151701
SSP4,"Indian Ocean, Western",269,2033,0.843245194789802,0.843245194789802,54824726.41647399,54824726.41647399,65016352.01151701
SSP4,"Indian Ocean, Western",269,2034,0.8403241750545783,0.8403241750545783,54634812.36913611,54634812.36913611,65016352.01151701
SSP4,"Indian Ocean, Western",269,2035,0.837413273795388,0.837413273795388,54445556.18819782,54445556.18819782,65016352.01151701
SSP4,"Indian Ocean, Western",269,2036,0.8345124559616093,0.8345124559616093,54256955.59479558,54256955.59479558,65016352.01151701
SSP4,"Indian Ocean, Western",269,2037,0.8316216866240367,0.8316216866240367,54069008.31795986,54069008.31795986,65016352.01151701
SSP4,"Indian Ocean, Western",269,2038,0.8287409309744606,0.8287409309744606,53881712.09458785,53881712.09458785,65016352.01151701
SSP4,"Indian Ocean, Western",269,2039,0.8258701543252472,0.8258701543252472,53695064.66941615,53695064.66941615,65016352.01151701
SSP4,"Indian Ocean, Western",269,2040,0.823009322108922,0.823009322108922,53509063.79499366,53509063.79499366,65016352.01151701
SSP4,"Indian Ocean, Western",269,2041,0.8201583998777525,0.8201583998777525,53323707.23165449,53323707.23165449,65016352.01151701
SSP4,"Indian Ocean, Western",269,2042,0.8173173533033342,0.8173173533033342,53138992.747490995,53138992.747490995,65016352.01151701
SSP4,"Indian Ocean, Western",269,2043,0.8144861481761768,0.8144861481761768,52954918.11832692,52954918.11832692,65016352.01151701
SSP4,"Indian Ocean, Western",269,2044,0.8116647504052926,0.8116647504052926,52771481.1276906,52771481.1276906,65016352.01151701
SSP4,"Indian Ocean, Western",269,2045,0.8088531260177855,0.8088531260177855,52588679.56678827,52588679.56678827,65016352.01151701
SSP4,"Indian Ocean, Western",269,2046,0.8060512411584425,0.8060512411584425,52406511.23447749,52406511.23447749,65016352.01151701
SSP4,"Indian Ocean, Western",269,2047,0.803259062089326,0.803259062089326,52224973.937240615,52224973.937240615,65016352.01151701
SSP4,"Indian Ocean, Western",269,2048,0.8004765551893668,0.8004765551893668,52044065.48915839,52044065.48915839,65016352.01151701
SSP4,"Indian Ocean, Western",269,2049,0.7977036869539601,0.7977036869539601,51863783.71188364,51863783.71188364,65016352.01151701
SSP4,"Indian Ocean, Western",269,2050,0.7949404239945621,0.7949404239945621,51684126.43461503,51684126.43461503,65016352.01151701
SSP4,"Indian Ocean, Western",269,2051,0.7921867330382869,0.7921867330382869,51505091.49407092,51505091.49407092,65016352.01151701
SSP4,"Indian Ocean, Western",269,2052,0.7894425809275075,0.7894425809275075,51326676.734463334,51326676.734463334,65016352.01151701
SSP4,"Indian Ocean, Western",269,2053,0.7867079346194549,0.7867079346194549,51148880.007471986,51148880.007471986,65016352.01151701
SSP4,"Indian Ocean, Western",269,2054,0.7839827611858212,0.7839827611858212,50971699.17221843,50971699.17221843,65016352.01151701
SSP4,"Indian Ocean, Western",269,2055,0.7812670278123631,0.7812670278123631,50795132.09524025,50795132.09524025,65016352.01151701
SSP4,"Indian Ocean, Western",269,2056,0.7785607017985063,0.7785607017985063,50619176.650465414,50619176.650465414,65016352.01151701
SSP4,"Indian Ocean, Western",269,2057,0.7758637505569522,0.7758637505569522,50443830.719186634,50443830.719186634,65016352.01151701
SSP4,"Indian Ocean, Western",269,2058,0.7731761416132852,0.7731761416132852,50269092.19003587,50269092.19003587,65016352.01151701
SSP4,"Indian Ocean, Western",269,2059,0.7704978426055815,0.7704978426055815,50094958.95895892,50094958.95895892,65016352.01151701
SSP4,"Indian Ocean, Western",269,2060,0.7678288212840203,0.7678288212840203,49921428.92919005,49921428.92919005,65016352.01151701
SSP4,"Indian Ocean, Western",269,2061,0.7651690455104944,0.7651690455104944,49748500.01122678,49748500.01122678,65016352.01151701
SSP4,"Indian Ocean, Western",269,2062,0.7625184832582239,0.7625184832582239,49576170.12280472,49576170.12280472,65016352.01151701
SSP4,"Indian Ocean, Western",269,2063,0.7598771026113703,0.7598771026113703,49404437.18887249,49404437.18887249,65016352.01151701
SSP4,"Indian Ocean, Western",269,2064,0.7572448717646526,0.7572448717646526,49233299.14156671,49233299.14156671,65016352.01151701
SSP4,"Indian Ocean, Western",269,2065,0.7546217590229634,0.7546217590229634,49062753.920187145,49062753.920187145,65016352.01151701
SSP4,"Indian Ocean, Western",269,2066,0.752007732800988,0.752007732800988,48892799.47117186,48892799.47117186,65016352.01151701
SSP4,"Indian Ocean, Western",269,2067,0.7494027616228244,0.7494027616228244,48723433.74807252,48723433.74807252,65016352.01151701
SSP4,"Indian Ocean, Western",269,2068,0.7468068141216032,0.7468068141216032,48554654.71152971,48554654.71152971,65016352.01151701
SSP4,"Indian Ocean, Western",269,2069,0.744219859039111,0.744219859039111,48386460.32924841,48386460.32924841,65016352.01151701
SSP4,"Indian Ocean, Western",269,2070,0.7416418652254133,0.7416418652254133,48218848.575973526,48218848.575973526,65016352.01151701
SSP4,"Indian Ocean, Western",269,2071,0.7390728016384794,0.7390728016384794,48051817.433465466,48051817.433465466,65016352.01151701
SSP4,"Indian Ocean, Western",269,2072,0.7365126373438095,0.7365126373438095,47885364.890475884,47885364.890475884,65016352.01151701
SSP4,"Indian Ocean, Western",269,2073,0.7339613415140608,0.7339613415140608,47719488.94272343,47719488.94272343,65016352.01151701
SSP4,"Indian Ocean, Western",269,2074,0.7314188834286778,0.7314188834286778,47554187.59286964,47554187.59286964,65016352.01151701
SSP4,"Indian Ocean, Western",269,2075,0.7288852324735213,0.7288852324735213,47389458.85049487,47389458.85049487,65016352.01151701
SSP4,"Indian Ocean, Western",269,2076,0.7263603581405003,0.7263603581405003,47225300.73207433,47225300.73207433,65016352.01151701
SSP4,"Indian Ocean, Western",269,2077,0.7238442300272041,0.7238442300272041,47061711.260954194,47061711.260954194,65016352.01151701
SSP4,"Indian Ocean, Western",269,2078,0.7213368178365374,0.7213368178365374,46898688.46732783,46898688.46732783,65016352.01151701
SSP4,"Indian Ocean, Western",269,2079,0.7188380913763538,0.7188380913763538,46736230.38821205,46736230.38821205,65016352.01151701
SSP4,"Indian Ocean, Western",269,2080,0.7163480205590939,0.7163480205590939,46574335.06742347,46574335.06742347,65016352.01151701
SSP4,"Indian Ocean, Western",269,2081,0.7138665754014217,0.7138665754014217,46413000.555554986,46413000.555554986,65016352.01151701
SSP4,"Indian Ocean, Western",269,2082,0.7113937260238646,0.7113937260238646,46252224.909952275,46252224.909952275,65016352.01151701
SSP4,"Indian Ocean, Western",269,2083,0.7089294426504529,0.7089294426504529,46092006.19469041,46092006.19469041,65016352.01151701
SSP4,"Indian Ocean, Western",269,2084,0.7064736956083613,0.7064736956083613,45932342.480550535,45932342.480550535,65016352.01151701
SSP4,"Indian Ocean, Western",269,2085,0.7040264553275521,0.7040264553275521,45773231.84499668,45773231.84499668,65016352.01151701
SSP4,"Indian Ocean, Western",269,2086,0.701587692340419,0.701587692340419,45614672.372152574,45614672.372152574,65016352.01151701
SSP4,"Indian Ocean, Western",269,2087,0.6991573772814317,0.6991573772814317,45456662.152778566,45456662.152778566,65016352.01151701
SSP4,"Indian Ocean, Western",269,2088,0.6967354808867829,0.6967354808867829,45299199.284248665,45299199.284248665,65016352.01151701
SSP4,"Indian Ocean, Western",269,2089,0.6943219739940362,0.6943219739940362,45142281.87052762,45142281.87052762,65016352.01151701
SSP4,"Indian Ocean, Western",269,2090,0.6919168275417739,0.6919168275417739,44985908.02214808,44985908.02214808,65016352.01151701
SSP4,"Indian Ocean, Western",269,2091,0.6895200125692479,0.6895200125692479,44830075.85618786,44830075.85618786,65016352.01151701
SSP4,"Indian Ocean, Western",269,2092,0.6871315002160309,0.6871315002160309,44674783.49624724,44674783.49624724,65016352.01151701
SSP4,"Indian Ocean, Western",269,2093,0.6847512617216686,0.6847512617216686,44520029.072426416,44520029.072426416,65016352.01151701
SSP4,"Indian Ocean, Western",269,2094,0.6823792684253335,0.6823792684253335,44365810.721302934,44365810.721302934,65016352.01151701
SSP4,"Indian Ocean, Western",269,2095,0.6800154917654798,0.6800154917654798,44212126.585909285,44212126.585909285,65016352.01151701
SSP4,"Indian Ocean, Western",269,2096,0.6776599032795,0.6776599032795,44058974.815710545,44058974.815710545,65016352.01151701
SSP4,"Indian Ocean, Western",269,2097,0.6753124746033812,0.6753124746033812,43906353.56658207,43906353.56658207,65016352.01151701
SSP4,"Indian Ocean, Western",269,2098,0.6729731774713639,0.6729731774713639,43754261.0007873,43754261.0007873,65016352.01151701
SSP4,"Indian Ocean, Western",269,2099,0.6706419837156022,0.6706419837156022,43602695.286955655,43602695.286955655,65016352.01151701
SSP4,"Indian Ocean, Western",269,2100,0.6683188652658244,0.6683188652658244,43451654.60006045,43451654.60006045,65016352.01151701
SSP5,"Indian Ocean, Western",269,2005,0.9292880608646351,0.9292880608646351,60418919.68527516,60418919.68527516,65016352.01151701
SSP5,"Indian Ocean, Western",269,2006,0.9260689867658258,0.9260689867658258,60209627.23051582,60209627.23051582,65016352.01151701
SSP5,"Indian Ocean, Western",269,2007,0.9228610636098621,0.9228610636098621,60001059.769381784,60001059.769381784,65016352.01151701
SSP5,"Indian Ocean, Western",269,2008,0.9196642527696346,0.9196642527696346,59793214.79047932,59793214.79047932,65016352.01151701
SSP5,"Indian Ocean, Western",269,2009,0.9164785157518395,0.9164785157518395,59586089.79111423,59586089.79111423,65016352.01151701
SSP5,"Indian Ocean, Western",269,2010,0.9133038141965145,0.9133038141965145,59379682.27726171,59379682.27726171,65016352.01151701
SSP5,"Indian Ocean, Western",269,2011,0.910140109876577,0.910140109876577,59173989.763536304,59173989.763536304,65016352.01151701
SSP5,"Indian Ocean, Western",269,2012,0.9069873646973642,0.9069873646973642,58969009.773161985,58969009.773161985,65016352.01151701
SSP5,"Indian Ocean, Western",269,2013,0.9038455406961734,0.9038455406961734,58764739.83794233,58764739.83794233,65016352.01151701
SSP5,"Indian Ocean, Western",269,2014,0.900714600041806,0.900714600041806,58561177.498230815,58561177.498230815,65016352.01151701
SSP5,"Indian Ocean, Western",269,2015,0.8975945050341115,0.8975945050341115,58358320.30290117,58358320.30290117,65016352.01151701
SSP5,"Indian Ocean, Western",269,2016,0.8944852181035332,0.8944852181035332,58156165.80931789,58156165.80931789,65016352.01151701
SSP5,"Indian Ocean, Western",269,2017,0.8913867018106566,0.8913867018106566,57954711.5833068,57954711.5833068,65016352.01151701
SSP5,"Indian Ocean, Western",269,2018,0.8882989188457577,0.8882989188457577,57753955.19912577,57753955.19912577,65016352.01151701
SSP5,"Indian Ocean, Western",269,2019,0.8852218320283546,0.8852218320283546,57553894.23943549,57553894.23943549,65016352.01151701
SSP5,"Indian Ocean, Western",269,2020,0.8821554043067592,0.8821554043067592,57354526.29527037,57354526.29527037,65016352.01151701
SSP5,"Indian Ocean, Western",269,2021,0.8790995987576313,0.8790995987576313,57155848.96600952,57155848.96600952,65016352.01151701
SSP5,"Indian Ocean, Western",269,2022,0.8760543785855339,0.8760543785855339,56957859.859347865,56957859.859347865,65016352.01151701
SSP5,"Indian Ocean, Western",269,2023,0.8730197071224902,0.8730197071224902,56760556.59126731,56760556.59126731,65016352.01151701
SSP5,"Indian Ocean, Western",269,2024,0.8699955478275422,0.8699955478275422,56563936.78600807,56563936.78600807,65016352.01151701
SSP5,"Indian Ocean, Western",269,2025,0.8669818642863103,0.8669818642863103,56367998.07604002,56367998.07604002,65016352.01151701
SSP5,"Indian Ocean, Western",269,2026,0.8639786202105555,0.8639786202105555,56172738.10203424,56172738.10203424,65016352.01151701
SSP5,"Indian Ocean, Western",269,2027,0.8609857794377417,0.8609857794377417,55978154.51283456,55978154.51283456,65016352.01151701
SSP5,"Indian Ocean, Western",269,2028,0.8580033059306008,0.8580033059306008,55784244.96542926,55784244.96542926,65016352.01151701
SSP5,"Indian Ocean, Western",269,2029,0.8550311637766984,0.8550311637766984,55591007.12492288,55591007.12492288,65016352.01151701
SSP5,"Indian Ocean, Western",269,2030,0.8520693171880019,0.8520693171880019,55398438.664508075,55398438.664508075,65016352.01151701
SSP5,"Indian Ocean, Western",269,2031,0.849117730500449,0.849117730500449,55206537.265437625,55206537.265437625,65016352.01151701
SSP5,"Indian Ocean, Western",269,2032,0.8461763681735184,0.8461763681735184,55015300.61699649,55015300.61699649,65016352.01151701
SSP5,"Indian Ocean, Western",269,2033,0.843245194789802,0.843245194789802,54824726.41647399,54824726.41647399,65016352.01151701
SSP5,"Indian Ocean, Western",269,2034,0.8403241750545783,0.8403241750545783,54634812.36913611,54634812.36913611,65016352.01151701
SSP5,"Indian Ocean, Western",269,2035,0.837413273795388,0.837413273795388,54445556.18819782,54445556.18819782,65016352.01151701
SSP5,"Indian Ocean, Western",269,2036,0.8345124559616093,0.8345124559616093,54256955.59479558,54256955.59479558,65016352.01151701
SSP5,"Indian Ocean, Western",269,2037,0.8316216866240367,0.8316216866240367,54069008.31795986,54069008.31795986,65016352.01151701
SSP5,"Indian Ocean, Western",269,2038,0.8287409309744606,0.8287409309744606,53881712.09458785,53881712.09458785,65016352.01151701
SSP5,"Indian Ocean, Western",269,2039,0.8258701543252472,0.8258701543252472,53695064.66941615,53695064.66941615,65016352.01151701
SSP5,"Indian Ocean, Western",269,2040,0.823009322108922,0.823009322108922,53509063.79499366,53509063.79499366,65016352.01151701
SSP5,"Indian Ocean, Western",269,2041,0.8201583998777525,0.8201583998777525,53323707.23165449,53323707.23165449,65016352.01151701
SSP5,"Indian Ocean, Western",269,2042,0.8173173533033342,0.8173173533033342,53138992.747490995,53138992.747490995,65016352.01151701
SSP5,"Indian Ocean, Western",269,2043,0.8144861481761768,0.8144861481761768,52954918.11832692,52954918.11832692,65016352.01151701
SSP5,"Indian Ocean, Western",269,2044,0.8116647504052926,0.8116647504052926,52771481.1276906,52771481.1276906,65016352.01151701
SSP5,"Indian Ocean, Western",269,2045,0.8088531260177855,0.8088531260177855,52588679.56678827,52588679.56678827,65016352.01151701
SSP5,"Indian Ocean, Western",269,2046,0.8060512411584425,0.8060512411584425,52406511.23447749,52406511.23447749,65016352.01151701
SSP5,"Indian Ocean, Western",269,2047,0.803259062089326,0.803259062089326,52224973.937240615,52224973.937240615,65016352.01151701
SSP5,"Indian Ocean, Western",269,2048,0.8004765551893668,0.8004765551893668,52044065.48915839,52044065.48915839,65016352.01151701
SSP5,"Indian Ocean, Western",269,2049,0.7977036869539601,0.7977036869539601,51863783.71188364,51863783.71188364,65016352.01151701
SSP5,"Indian Ocean, Western",269,2050,0.7949404239945621,0.7949404239945621,51684126.43461503,51684126.43461503,65016352.01151701
SSP5,"Indian Ocean, Western",269,2051,0.7921867330382869,0.7921867330382869,51505091.49407092,51505091.49407092,65016352.01151701
SSP5,"Indian Ocean, Western",269,2052,0.7894425809275075,0.7894425809275075,51326676.734463334,51326676.734463334,65016352.01151701
SSP5,"Indian Ocean, Western",269,2053,0.7867079346194549,0.7867079346194549,51148880.007471986,51148880.007471986,65016352.01151701
SSP5,"Indian Ocean, Western",269,2054,0.7839827611858212,0.7839827611858212,50971699.17221843,50971699.17221843,65016352.01151701
SSP5,"Indian Ocean, Western",269,2055,0.7812670278123631,0.7812670278123631,50795132.09524025,50795132.09524025,65016352.01151701
SSP5,"Indian Ocean, Western",269,2056,0.7785607017985063,0.7785607017985063,50619176.650465414,50619176.650465414,65016352.01151701
SSP5,"Indian Ocean, Western",269,2057,0.7758637505569522,0.7758637505569522,50443830.719186634,50443830.719186634,65016352.01151701
SSP5,"Indian Ocean, Western",269,2058,0.7731761416132852,0.7731761416132852,50269092.19003587,50269092.19003587,65016352.01151701
SSP5,"Indian Ocean, Western",269,2059,0.7704978426055815,0.7704978426055815,50094958.95895892,50094958.95895892,65016352.01151701
SSP5,"Indian Ocean, Western",269,2060,0.7678288212840203,0.7678288212840203,49921428.92919005,49921428.92919005,65016352.01151701
SSP5,"Indian Ocean, Western",269,2061,0.7651690455104944,0.7651690455104944,49748500.01122678,49748500.01122678,65016352.01151701
SSP5,"Indian Ocean, Western",269,2062,0.7625184832582239,0.7625184832582239,49576170.12280472,49576170.12280472,65016352.01151701
SSP5,"Indian Ocean, Western",269,2063,0.7598771026113703,0.7598771026113703,49404437.18887249,49404437.18887249,65016352.01151701
SSP5,"Indian Ocean, Western",269,2064,0.7572448717646526,0.7572448717646526,49233299.14156671,49233299.14156671,65016352.01151701
SSP5,"Indian Ocean, Western",269,2065,0.7546217590229634,0.7546217590229634,49062753.920187145,49062753.920187145,65016352.01151701
SSP5,"Indian Ocean, Western",269,2066,0.752007732800988,0.752007732800988,48892799.47117186,48892799.47117186,65016352.01151701
SSP5,"Indian Ocean, Western",269,2067,0.7494027616228244,0.7494027616228244,48723433.74807252,48723433.74807252,65016352.01151701
SSP5,"Indian Ocean, Western",269,2068,0.7468068141216032,0.7468068141216032,48554654.71152971,48554654.71152971,65016352.01151701
SSP5,"Indian Ocean, Western",269,2069,0.744219859039111,0.744219859039111,48386460.32924841,48386460.32924841,65016352.01151701
SSP5,"Indian Ocean, Western",269,2070,0.7416418652254133,0.7416418652254133,48218848.575973526,48218848.575973526,65016352.01151701
SSP5,"Indian Ocean, Western",269,2071,0.7390728016384794,0.7390728016384794,48051817.433465466,48051817.433465466,65016352.01151701
SSP5,"Indian Ocean, Western",269,2072,0.7365126373438095,0.7365126373438095,47885364.890475884,47885364.890475884,65016352.01151701
SSP5,"Indian Ocean, Western",269,2073,0.7339613415140608,0.7339613415140608,47719488.94272343,47719488.94272343,65016352.01151701
SSP5,"Indian Ocean, Western",269,2074,0.7314188834286778,0.7314188834286778,47554187.59286964,47554187.59286964,65016352.01151701
SSP5,"Indian Ocean, Western",269,2075,0.7288852324735213,0.7288852324735213,47389458.85049487,47389458.85049487,65016352.01151701
SSP5,"Indian Ocean, Western",269,2076,0.7263603581405003,0.7263603581405003,47225300.73207433,47225300.73207433,65016352.01151701
SSP5,"Indian Ocean, Western",269,2077,0.7238442300272041,0.7238442300272041,47061711.260954194,47061711.260954194,65016352.01151701
SSP5,"Indian Ocean, Western",269,2078,0.7213368178365374,0.7213368178365374,46898688.46732783,46898688.46732783,65016352.01151701
SSP5,"Indian Ocean, Western",269,2079,0.7188380913763538,0.7188380913763538,46736230.38821205,46736230.38821205,65016352.01151701
SSP5,"Indian Ocean, Western",269,2080,0.7163480205590939,0.7163480205590939,46574335.06742347,46574335.06742347,65016352.01151701
SSP5,"Indian Ocean, Western",269,2081,0.7138665754014217,0.7138665754014217,46413000.555554986,46413000.555554986,65016352.01151701
SSP5,"Indian Ocean, Western",269,2082,0.7113937260238646,0.7113937260238646,46252224.909952275,46252224.909952275,65016352.01151701
SSP5,"Indian Ocean, Western",269,2083,0.7089294426504529,0.7089294426504529,46092006.19469041,46092006.19469041,65016352.01151701
SSP5,"Indian Ocean, Western",269,2084,0.7064736956083613,0.7064736956083613,45932342.480550535,45932342.480550535,65016352.01151701
SSP5,"Indian Ocean, Western",269,2085,0.7040264553275521,0.7040264553275521,45773231.84499668,45773231.84499668,65016352.01151701
SSP5,"Indian Ocean, Western",269,2086,0.701587692340419,0.701587692340419,45614672.372152574,45614672.372152574,65016352.01151701
SSP5,"Indian Ocean, Western",269,2087,0.6991573772814317,0.6991573772814317,45456662.152778566,45456662.152778566,65016352.01151701
SSP5,"Indian Ocean, Western",269,2088,0.6967354808867829,0.6967354808867829,45299199.284248665,45299199.284248665,65016352.01151701
SSP5,"Indian Ocean, Western",269,2089,0.6943219739940362,0.6943219739940362,45142281.87052762,45142281.87052762,65016352.01151701
SSP5,"Indian Ocean, Western",269,2090,0.6919168275417739,0.6919168275417739,44985908.02214808,44985908.02214808,65016352.01151701
SSP5,"Indian Ocean, Western",269,2091,0.6895200125692479,0.6895200125692479,44830075.85618786,44830075.85618786,65016352.01151701
SSP5,"Indian Ocean, Western",269,2092,0.6871315002160309,0.6871315002160309,44674783.49624724,44674783.49624724,65016352.01151701
SSP5,"Indian Ocean, Western",269,2093,0.6847512617216686,0.6847512617216686,44520029.072426416,44520029.072426416,65016352.01151701
SSP5,"Indian Ocean, Western",269,2094,0.6823792684253335,0.6823792684253335,44365810.721302934,44365810.721302934,65016352.01151701
SSP5,"Indian Ocean, Western",269,2095,0.6800154917654798,0.6800154917654798,44212126.585909285,44212126.585909285,65016352.01151701
SSP5,"Indian Ocean, Western",269,2096,0.6776599032795,0.6776599032795,44058974.815710545,44058974.815710545,65016352.01151701
SSP5,"Indian Ocean, Western",269,2097,0.6753124746033812,0.6753124746033812,43906353.56658207,43906353.56658207,65016352.01151701
SSP5,"Indian Ocean, Western",269,2098,0.6729731774713639,0.6729731774713639,43754261.0007873,43754261.0007873,65016352.01151701
SSP5,"Indian Ocean, Western",269,2099,0.6706419837156022,0.6706419837156022,43602695.286955655,43602695.286955655,65016352.01151701
SSP5,"Indian Ocean, Western",269,2100,0.6683188652658244,0.6683188652658244,43451654.60006045,43451654.60006045,65016352.01151701
SSP1,"Indian Ocean, Eastern",270,2005,0.9138021230281443,0.9138021230281443,77892791.38886404,77892791.38886404,85240326.57173528
SSP1,"Indian Ocean, Eastern",270,2006,0.9106366925555522,0.9106366925555522,77622969.06164017,77622969.06164017,85240326.57173528
SSP1,"Indian Ocean, Eastern",270,2007,0.9074822272031152,0.9074822272031152,77354081.40483922,77354081.40483922,85240326.57173528
SSP1,"Indian Ocean, Eastern",270,2008,0.9043386889874179,0.9043386889874179,77086125.18074244,77086125.18074244,85240326.57173528
SSP1,"Indian Ocean, Eastern",270,2009,0.9012060400566204,0.9012060400566204,76819097.16284667,76819097.16284667,85240326.57173528
SSP1,"Indian Ocean, Eastern",270,2010,0.8980842426900024,0.8980842426900024,76552994.13582537,76552994.13582537,85240326.57173528
SSP1,"Indian Ocean, Eastern",270,2011,0.8949732592975093,0.8949732592975093,76287812.89549,76287812.89549,85240326.57173528
SSP1,"Indian Ocean, Eastern",270,2012,0.8918730524192987,0.8918730524192987,76023550.2487514,76023550.2487514,85240326.57173528
SSP1,"Indian Ocean, Eastern",270,2013,0.8887835847252904,0.8887835847252904,75760203.0135813,75760203.0135813,85240326.57173528
SSP1,"Indian Ocean, Eastern",270,2014,0.8857048190147162,0.8857048190147162,75497768.0189741,75497768.0189741,85240326.57173528
SSP1,"Indian Ocean, Eastern",270,2015,0.8826367182156722,0.8826367182156722,75236242.10490859,75236242.10490859,85240326.57173528
SSP1,"Indian Ocean, Eastern",270,2016,0.8795792453846724,0.8795792453846724,74975622.12230995,74975622.12230995,85240326.57173528
SSP1,"Indian Ocean, Eastern",270,2017,0.8765323637062039,0.8765323637062039,74715904.93301186,74715904.93301186,85240326.57173528
SSP1,"Indian Ocean, Eastern",270,2018,0.8734960364922834,0.8734960364922834,74457087.40971863,74457087.40971863,85240326.57173528
SSP1,"Indian Ocean, Eastern",270,2019,0.8704702271820156,0.8704702271820156,74199166.43596761,74199166.43596761,85240326.57173528
SSP1,"Indian Ocean, Eastern",270,2020,0.8674548993411532,0.8674548993411532,73942138.90609165,73942138.90609165,85240326.57173528
SSP1,"Indian Ocean, Eastern",270,2021,0.8644500166616574,0.8644500166616574,73686001.72518168,73686001.72518168,85240326.57173528
SSP1,"Indian Ocean, Eastern",270,2022,0.8614555429612618,0.8614555429612618,73430751.80904949,73430751.80904949,85240326.57173528
SSP1,"Indian Ocean, Eastern",270,2023,0.8584714421830358,0.8584714421830358,73176386.08419053,73176386.08419053,85240326.57173528
SSP1,"Indian Ocean, Eastern",270,2024,0.85549767839495106,0.85549767839495106,72922901.48774698,72922901.48774698,85240326.57173528
SSP1,"Indian Ocean, Eastern",270,2025,0.8525342157894481,0.8525342157894481,72670294.9674708,72670294.9674708,85240326.57173528
SSP1,"Indian Ocean, Eastern",270,2026,0.8495810186830062,0.8495810186830062,72418563.48168698,72418563.48168698,85240326.57173528
SSP1,"Indian Ocean, Eastern",270,2027,0.8466380515157127,0.8466380515157127,72167703.99925698,72167703.99925698,85240326.57173528
SSP1,"Indian Ocean, Eastern",270,2028,0.8437052788508355,0.8437052788508355,71917713.49954219,71917713.49954219,85240326.57173528
SSP1,"Indian Ocean, Eastern",270,2029,0.8407826653743958,0.8407826653743958,71668588.97236753,71668588.97236753,85240326.57173528
SSP1,"Indian Ocean, Eastern",270,2030,0.8378701758947439,0.8378701758947439,71420327.41798525,71420327.41798525,85240326.57173528
SSP1,"Indian Ocean, Eastern",270,2031,0.8349677753421337,0.8349677753421337,71172925.84703878,71172925.84703878,85240326.57173528
SSP1,"Indian Ocean, Eastern",270,2032,0.8320754287683023,0.8320754287683023,70926381.28052674,70926381.28052674,85240326.57173528
SSP1,"Indian Ocean, Eastern",270,2033,0.8291931013460481,0.8291931013460481,70680690.74976712,70680690.74976712,85240326.57173528
SSP1,"Indian Ocean, Eastern",270,2034,0.8263207583688115,0.8263207583688115,70435851.29636145,70435851.29636145,85240326.57173528
SSP1,"Indian Ocean, Eastern",270,2035,0.8234583652502574,0.8234583652502574,70191859.9721592,70191859.9721592,85240326.57173528
SSP1,"Indian Ocean, Eastern",270,2036,0.8206058875238584,0.8206058875238584,69948713.83922236,69948713.83922236,85240326.57173528
SSP1,"Indian Ocean, Eastern",270,2037,0.8177632908424799,0.8177632908424799,69706409.96978992,69706409.96978992,85240326.57173528
SSP1,"Indian Ocean, Eastern",270,2038,0.8149305409779667,0.8149305409779667,69464945.44624278,69464945.44624278,85240326.57173528
SSP1,"Indian Ocean, Eastern",270,2039,0.8121076038207304,0.8121076038207304,69224317.36106847,69224317.36106847,85240326.57173528
SSP1,"Indian Ocean, Eastern",270,2040,0.8092944453793393,0.8092944453793393,68984522.81682625,68984522.81682625,85240326.57173528
SSP1,"Indian Ocean, Eastern",270,2041,0.8064910317801084,0.8064910317801084,68745558.92611217,68745558.92611217,85240326.57173528
SSP1,"Indian Ocean, Eastern",270,2042,0.803697329266692,0.803697329266692,68507422.81152429,68507422.81152429,85240326.57173528
SSP1,"Indian Ocean, Eastern",270,2043,0.8009133041996773,0.8009133041996773,68270111.60562806,68270111.60562806,85240326.57173528
SSP1,"Indian Ocean, Eastern",270,2044,0.7981389230561792,0.7981389230561792,68033622.4509218,68033622.4509218,85240326.57173528
SSP1,"Indian Ocean, Eastern",270,2045,0.795374152429436,0.795374152429436,67797952.49980228,67797952.49980228,85240326.57173528
SSP1,"Indian Ocean, Eastern",270,2046,0.7926189590284084,0.7926189590284084,67563098.9145304,67563098.9145304,85240326.57173528
SSP1,"Indian Ocean, Eastern",270,2047,0.7898733096773777,0.7898733096773777,67329058.86719707,67329058.86719707,85240326.57173528
SSP1,"Indian Ocean, Eastern",270,2048,0.7871371713155468,0.7871371713155468,67095829.539689146,67095829.539689146,85240326.57173528
SSP1,"Indian Ocean, Eastern",270,2049,0.7844105109966417,0.7844105109966417,66863408.12365548,66863408.12365548,85240326.57173528
SSP1,"Indian Ocean, Eastern",270,2050,0.7816932958885151,0.7816932958885151,66631791.82047312,66631791.82047312,85240326.57173528
SSP1,"Indian Ocean, Eastern",270,2051,0.778985493272751,0.778985493272751,66400977.84121359,66400977.84121359,85240326.57173528
SSP1,"Indian Ocean, Eastern",270,2052,0.7762870705442708,0.7762870705442708,66170963.40660934,66170963.40660934,85240326.57173528
SSP1,"Indian Ocean, Eastern",270,2053,0.7735979952109403,0.7735979952109403,65941745.74702026,65941745.74702026,85240326.57173528
SSP1,"Indian Ocean, Eastern",270,2054,0.7709182348931791,0.7709182348931791,65713322.10240032,65713322.10240032,85240326.57173528
SSP1,"Indian Ocean, Eastern",270,2055,0.7682477573235702,0.7682477573235702,65485689.72226436,65485689.72226436,85240326.57173528
SSP1,"Indian Ocean, Eastern",270,2056,0.7655865303464716,0.7655865303464716,65258845.86565496,65258845.86565496,85240326.57173528
SSP1,"Indian Ocean, Eastern",270,2057,0.7629345219176293,0.7629345219176293,65032787.80110945,65032787.80110945,85240326.57173528
SSP1,"Indian Ocean, Eastern",270,2058,0.7602917001037911,0.7602917001037911,64807512.806626976,64807512.806626976,85240326.57173528
SSP1,"Indian Ocean, Eastern",270,2059,0.7576580330823225,0.7576580330823225,64583018.16963578,64583018.16963578,85240326.57173528
SSP1,"Indian Ocean, Eastern",270,2060,0.755033489140823,0.755033489140823,64359301.186960496,64359301.186960496,85240326.57173528
SSP1,"Indian Ocean, Eastern",270,2061,0.7524180366767449,0.7524180366767449,64136359.164789625,64136359.164789625,85240326.57173528
SSP1,"Indian Ocean, Eastern",270,2062,0.7498116441970121,0.7498116441970121,63914189.41864309,63914189.41864309,85240326.57173528
SSP1,"Indian Ocean, Eastern",270,2063,0.7472142803176415,0.7472142803176415,63692789.273339905,63692789.273339905,85240326.57173528
SSP1,"Indian Ocean, Eastern",270,2064,0.7446259137633645,0.7446259137633645,63472156.06296598,63472156.06296598,85240326.57173528
SSP1,"Indian Ocean, Eastern",270,2065,0.742046513367251,0.742046513367251,63252287.130842,63252287.130842,85240326.57173528
SSP1,"Indian Ocean, Eastern",270,2066,0.7394760480703335,0.7394760480703335,63033179.829491444,63033179.829491444,85240326.57173528
SSP1,"Indian Ocean, Eastern",270,2067,0.7369144869212338,0.7369144869212338,62814831.520608716,62814831.520608716,85240326.57173528
SSP1,"Indian Ocean, Eastern",270,2068,0.7343617990757897,0.7343617990757897,62597239.57502736,62597239.57502736,85240326.57173528
SSP1,"Indian Ocean, Eastern",270,2069,0.731817953796684,0.731817953796684,62380401.37268842,62380401.37268842,85240326.57173528
SSP1,"Indian Ocean, Eastern",270,2070,0.729282920453074,0.729282920453074,62164314.30260887,62164314.30260887,85240326.57173528
SSP1,"Indian Ocean, Eastern",270,2071,0.7267566685202231,0.7267566685202231,61948975.76285019,61948975.76285019,85240326.57173528
SSP1,"Indian Ocean, Eastern",270,2072,0.7242391675791333,0.7242391675791333,61734383.16048703,61734383.16048703,85240326.57173528
SSP1,"Indian Ocean, Eastern",270,2073,0.721730387316178,0.721730387316178,61520533.911576,61520533.911576,85240326.57173528
SSP1,"Indian Ocean, Eastern",270,2074,0.7192302975227383,0.7192302975227383,61307425.441124536,61307425.441124536,85240326.57173528
SSP1,"Indian Ocean, Eastern",270,2075,0.7167388680948382,0.7167388680948382,61095055.18305991,61095055.18305991,85240326.57173528
SSP1,"Indian Ocean, Eastern",270,2076,0.7142560690327829,0.7142560690327829,60883420.58019831,60883420.58019831,85240326.57173528
SSP1,"Indian Ocean, Eastern",270,2077,0.7117818704407969,0.7117818704407969,60672519.08421409,60672519.08421409,85240326.57173528
SSP1,"Indian Ocean, Eastern",270,2078,0.7093162425266644,0.7093162425266644,60462348.15560905,60462348.15560905,85240326.57173528
SSP1,"Indian Ocean, Eastern",270,2079,0.7068591556013704,0.7068591556013704,60252905.26368185,60252905.26368185,85240326.57173528
SSP1,"Indian Ocean, Eastern",270,2080,0.7044105800787435,0.7044105800787435,60044187.88649758,60044187.88649758,85240326.57173528
SSP1,"Indian Ocean, Eastern",270,2081,0.7019704864750994,0.7019704864750994,59836193.51085735,59836193.51085735,85240326.57173528
SSP1,"Indian Ocean, Eastern",270,2082,0.6995388454088857,0.6995388454088857,59628919.632268056,59628919.632268056,85240326.57173528
SSP1,"Indian Ocean, Eastern",270,2083,0.6971156276003286,0.6971156276003286,59422363.754912205,59422363.754912205,85240326.57173528
SSP1,"Indian Ocean, Eastern",270,2084,0.69470080387108,0.69470080387108,59216523.39161788,59216523.39161788,85240326.57173528
SSP1,"Indian Ocean, Eastern",270,2085,0.6922943451438661,0.6922943451438661,59011396.06382877,59011396.06382877,85240326.57173528
SSP1,"Indian Ocean, Eastern",270,2086,0.6898962224421377,0.6898962224421377,58806979.301574335,58806979.301574335,85240326.57173528
SSP1,"Indian Ocean, Eastern",270,2087,0.6875064068897205,0.6875064068897205,58603270.64344009,58603270.64344009,85240326.57173528
SSP1,"Indian Ocean, Eastern",270,2088,0.6851248697104686,0.6851248697104686,58400267.636537924,58400267.636537924,85240326.57173528
SSP1,"Indian Ocean, Eastern",270,2089,0.6827515822279167,0.6827515822279167,58197967.83647659,58197967.83647659,85240326.57173528
SSP1,"Indian Ocean, Eastern",270,2090,0.6803865158649355,0.6803865158649355,57996368.80733225,57996368.80733225,85240326.57173528
SSP1,"Indian Ocean, Eastern",270,2091,0.6780296421433878,0.6780296421433878,57795468.12161918,57795468.12161918,85240326.57173528
SSP1,"Indian Ocean, Eastern",270,2092,0.675680932683785,0.675680932683785,57595263.36026052,57595263.36026052,85240326.57173528
SSP1,"Indian Ocean, Eastern",270,2093,0.6733403592049458,0.6733403592049458,57395752.112559125,57395752.112559125,85240326.57173528
SSP1,"Indian Ocean, Eastern",270,2094,0.6710078935236555,0.6710078935236555,57196931.97616857,57196931.97616857,85240326.57173528
SSP1,"Indian Ocean, Eastern",270,2095,0.6686835075543268,0.6686835075543268,56998800.55706423,56998800.55706423,85240326.57173528
SSP1,"Indian Ocean, Eastern",270,2096,0.666367173308661,0.666367173308661,56801355.469514385,56801355.469514385,85240326.57173528
SSP1,"Indian Ocean, Eastern",270,2097,0.6640588628953121,0.6640588628953121,56604594.33605159,56604594.33605159,85240326.57173528
SSP1,"Indian Ocean, Eastern",270,2098,0.6617585485195501,0.6617585485195501,56408514.78744397,56408514.78744397,85240326.57173528
SSP1,"Indian Ocean, Eastern",270,2099,0.6594662024829262,0.6594662024829262,56213114.462666735,56213114.462666735,85240326.57173528
SSP1,"Indian Ocean, Eastern",270,2100,0.6571817971829402,0.6571817971829402,56018391.00887372,56018391.00887372,85240326.57173528
SSP2,"Indian Ocean, Eastern",270,2005,0.9138021230281443,0.9138021230281443,77892791.38886404,77892791.38886404,85240326.57173528
SSP2,"Indian Ocean, Eastern",270,2006,0.9106366925555522,0.9106366925555522,77622969.06164017,77622969.06164017,85240326.57173528
SSP2,"Indian Ocean, Eastern",270,2007,0.9074822272031152,0.9074822272031152,77354081.40483922,77354081.40483922,85240326.57173528
SSP2,"Indian Ocean, Eastern",270,2008,0.9043386889874179,0.9043386889874179,77086125.18074244,77086125.18074244,85240326.57173528
SSP2,"Indian Ocean, Eastern",270,2009,0.9012060400566204,0.9012060400566204,76819097.16284667,76819097.16284667,85240326.57173528
SSP2,"Indian Ocean, Eastern",270,2010,0.8980842426900024,0.8980842426900024,76552994.13582537,76552994.13582537,85240326.57173528
SSP2,"Indian Ocean, Eastern",270,2011,0.8949732592975093,0.8949732592975093,76287812.89549,76287812.89549,85240326.57173528
SSP2,"Indian Ocean, Eastern",270,2012,0.8918730524192987,0.8918730524192987,76023550.2487514,76023550.2487514,85240326.57173528
SSP2,"Indian Ocean, Eastern",270,2013,0.8887835847252904,0.8887835847252904,75760203.0135813,75760203.0135813,85240326.57173528
SSP2,"Indian Ocean, Eastern",270,2014,0.8857048190147162,0.8857048190147162,75497768.0189741,75497768.0189741,85240326.57173528
SSP2,"Indian Ocean, Eastern",270,2015,0.8826367182156722,0.8826367182156722,75236242.10490859,75236242.10490859,85240326.57173528
SSP2,"Indian Ocean, Eastern",270,2016,0.8795792453846724,0.8795792453846724,74975622.12230995,74975622.12230995,85240326.57173528
SSP2,"Indian Ocean, Eastern",270,2017,0.8765323637062039,0.8765323637062039,74715904.93301186,74715904.93301186,85240326.57173528
SSP2,"Indian Ocean, Eastern",270,2018,0.8734960364922834,0.8734960364922834,74457087.40971863,74457087.40971863,85240326.57173528
SSP2,"Indian Ocean, Eastern",270,2019,0.8704702271820156,0.8704702271820156,74199166.43596761,74199166.43596761,85240326.57173528
SSP2,"Indian Ocean, Eastern",270,2020,0.8674548993411532,0.8674548993411532,73942138.90609165,73942138.90609165,85240326.57173528
SSP2,"Indian Ocean, Eastern",270,2021,0.8644500166616574,0.8644500166616574,73686001.72518168,73686001.72518168,85240326.57173528
SSP2,"Indian Ocean, Eastern",270,2022,0.8614555429612618,0.8614555429612618,73430751.80904949,73430751.80904949,85240326.57173528
SSP2,"Indian Ocean, Eastern",270,2023,0.8584714421830358,0.8584714421830358,73176386.08419053,73176386.08419053,85240326.57173528
SSP2,"Indian Ocean, Eastern",270,2024,0.85549767839495106,0.85549767839495106,72922901.48774698,72922901.48774698,85240326.57173528
SSP2,"Indian Ocean, Eastern",270,2025,0.8525342157894481,0.8525342157894481,72670294.9674708,72670294.9674708,85240326.57173528
SSP2,"Indian Ocean, Eastern",270,2026,0.8495810186830062,0.8495810186830062,72418563.48168698,72418563.48168698,85240326.57173528
SSP2,"Indian Ocean, Eastern",270,2027,0.8466380515157127,0.8466380515157127,72167703.99925698,72167703.99925698,85240326.57173528
SSP2,"Indian Ocean, Eastern",270,2028,0.8437052788508355,0.8437052788508355,71917713.49954219,71917713.49954219,85240326.57173528
SSP2,"Indian Ocean, Eastern",270,2029,0.8407826653743958,0.8407826653743958,71668588.97236753,71668588.97236753,85240326.57173528
SSP2,"Indian Ocean, Eastern",270,2030,0.8378701758947439,0.8378701758947439,71420327.41798525,71420327.41798525,85240326.57173528
SSP2,"Indian Ocean, Eastern",270,2031,0.8349677753421337,0.8349677753421337,71172925.84703878,71172925.84703878,85240326.57173528
SSP2,"Indian Ocean, Eastern",270,2032,0.8320754287683023,0.8320754287683023,70926381.28052674,70926381.28052674,85240326.57173528
SSP2,"Indian Ocean, Eastern",270,2033,0.8291931013460481,0.8291931013460481,70680690.74976712,70680690.74976712,85240326.57173528
SSP2,"Indian Ocean, Eastern",270,2034,0.8263207583688115,0.8263207583688115,70435851.29636145,70435851.29636145,85240326.57173528
SSP2,"Indian Ocean, Eastern",270,2035,0.8234583652502574,0.8234583652502574,70191859.9721592,70191859.9721592,85240326.57173528
SSP2,"Indian Ocean, Eastern",270,2036,0.8206058875238584,0.8206058875238584,69948713.83922236,69948713.83922236,85240326.57173528
SSP2,"Indian Ocean, Eastern",270,2037,0.8177632908424799,0.8177632908424799,69706409.96978992,69706409.96978992,85240326.57173528
SSP2,"Indian Ocean, Eastern",270,2038,0.8149305409779667,0.8149305409779667,69464945.44624278,69464945.44624278,85240326.57173528
SSP2,"Indian Ocean, Eastern",270,2039,0.8121076038207304,0.8121076038207304,69224317.36106847,69224317.36106847,85240326.57173528
SSP2,"Indian Ocean, Eastern",270,2040,0.8092944453793393,0.8092944453793393,68984522.81682625,68984522.81682625,85240326.57173528
SSP2,"Indian Ocean, Eastern",270,2041,0.8064910317801084,0.8064910317801084,68745558.92611217,68745558.92611217,85240326.57173528
SSP2,"Indian Ocean, Eastern",270,2042,0.803697329266692,0.803697329266692,68507422.81152429,68507422.81152429,85240326.57173528
SSP2,"Indian Ocean, Eastern",270,2043,0.8009133041996773,0.8009133041996773,68270111.60562806,68270111.60562806,85240326.57173528
SSP2,"Indian Ocean, Eastern",270,2044,0.7981389230561792,0.7981389230561792,68033622.4509218,68033622.4509218,85240326.57173528
SSP2,"Indian Ocean, Eastern",270,2045,0.795374152429436,0.795374152429436,67797952.49980228,67797952.49980228,85240326.57173528
SSP2,"Indian Ocean, Eastern",270,2046,0.7926189590284084,0.7926189590284084,67563098.9145304,67563098.9145304,85240326.57173528
SSP2,"Indian Ocean, Eastern",270,2047,0.7898733096773777,0.7898733096773777,67329058.86719707,67329058.86719707,85240326.57173528
SSP2,"Indian Ocean, Eastern",270,2048,0.7871371713155468,0.7871371713155468,67095829.539689146,67095829.539689146,85240326.57173528
SSP2,"Indian Ocean, Eastern",270,2049,0.7844105109966417,0.7844105109966417,66863408.12365548,66863408.12365548,85240326.57173528
SSP2,"Indian Ocean, Eastern",270,2050,0.7816932958885151,0.7816932958885151,66631791.82047312,66631791.82047312,85240326.57173528
SSP2,"Indian Ocean, Eastern",270,2051,0.778985493272751,0.778985493272751,66400977.84121359,66400977.84121359,85240326.57173528
SSP2,"Indian Ocean, Eastern",270,2052,0.7762870705442708,0.7762870705442708,66170963.40660934,66170963.40660934,85240326.57173528
SSP2,"Indian Ocean, Eastern",270,2053,0.7735979952109403,0.7735979952109403,65941745.74702026,65941745.74702026,85240326.57173528
SSP2,"Indian Ocean, Eastern",270,2054,0.7709182348931791,0.7709182348931791,65713322.10240032,65713322.10240032,85240326.57173528
SSP2,"Indian Ocean, Eastern",270,2055,0.7682477573235702,0.7682477573235702,65485689.72226436,65485689.72226436,85240326.57173528
SSP2,"Indian Ocean, Eastern",270,2056,0.7655865303464716,0.7655865303464716,65258845.86565496,65258845.86565496,85240326.57173528
SSP2,"Indian Ocean, Eastern",270,2057,0.7629345219176293,0.7629345219176293,65032787.80110945,65032787.80110945,85240326.57173528
SSP2,"Indian Ocean, Eastern",270,2058,0.7602917001037911,0.7602917001037911,64807512.806626976,64807512.806626976,85240326.57173528
SSP2,"Indian Ocean, Eastern",270,2059,0.7576580330823225,0.7576580330823225,64583018.16963578,64583018.16963578,85240326.57173528
SSP2,"Indian Ocean, Eastern",270,2060,0.755033489140823,0.755033489140823,64359301.186960496,64359301.186960496,85240326.57173528
SSP2,"Indian Ocean, Eastern",270,2061,0.7524180366767449,0.7524180366767449,64136359.164789625,64136359.164789625,85240326.57173528
SSP2,"Indian Ocean, Eastern",270,2062,0.7498116441970121,0.7498116441970121,63914189.41864309,63914189.41864309,85240326.57173528
SSP2,"Indian Ocean, Eastern",270,2063,0.7472142803176415,0.7472142803176415,63692789.273339905,63692789.273339905,85240326.57173528
SSP2,"Indian Ocean, Eastern",270,2064,0.7446259137633645,0.7446259137633645,63472156.06296598,63472156.06296598,85240326.57173528
SSP2,"Indian Ocean, Eastern",270,2065,0.742046513367251,0.742046513367251,63252287.130842,63252287.130842,85240326.57173528
SSP2,"Indian Ocean, Eastern",270,2066,0.7394760480703335,0.7394760480703335,63033179.829491444,63033179.829491444,85240326.57173528
SSP2,"Indian Ocean, Eastern",270,2067,0.7369144869212338,0.7369144869212338,62814831.520608716,62814831.520608716,85240326.57173528
SSP2,"Indian Ocean, Eastern",270,2068,0.7343617990757897,0.7343617990757897,62597239.57502736,62597239.57502736,85240326.57173528
SSP2,"Indian Ocean, Eastern",270,2069,0.731817953796684,0.731817953796684,62380401.37268842,62380401.37268842,85240326.57173528
SSP2,"Indian Ocean, Eastern",270,2070,0.729282920453074,0.729282920453074,62164314.30260887,62164314.30260887,85240326.57173528
SSP2,"Indian Ocean, Eastern",270,2071,0.7267566685202231,0.7267566685202231,61948975.76285019,61948975.76285019,85240326.57173528
SSP2,"Indian Ocean, Eastern",270,2072,0.7242391675791333,0.7242391675791333,61734383.16048703,61734383.16048703,85240326.57173528
SSP2,"Indian Ocean, Eastern",270,2073,0.721730387316178,0.721730387316178,61520533.911576,61520533.911576,85240326.57173528
SSP2,"Indian Ocean, Eastern",270,2074,0.7192302975227383,0.7192302975227383,61307425.441124536,61307425.441124536,85240326.57173528
SSP2,"Indian Ocean, Eastern",270,2075,0.7167388680948382,0.7167388680948382,61095055.18305991,61095055.18305991,85240326.57173528
SSP2,"Indian Ocean, Eastern",270,2076,0.7142560690327829,0.7142560690327829,60883420.58019831,60883420.58019831,85240326.57173528
SSP2,"Indian Ocean, Eastern",270,2077,0.7117818704407969,0.7117818704407969,60672519.08421409,60672519.08421409,85240326.57173528
SSP2,"Indian Ocean, Eastern",270,2078,0.7093162425266644,0.7093162425266644,60462348.15560905,60462348.15560905,85240326.57173528
SSP2,"Indian Ocean, Eastern",270,2079,0.7068591556013704,0.7068591556013704,60252905.26368185,60252905.26368185,85240326.57173528
SSP2,"Indian Ocean, Eastern",270,2080,0.7044105800787435,0.7044105800787435,60044187.88649758,60044187.88649758,85240326.57173528
SSP2,"Indian Ocean, Eastern",270,2081,0.7019704864750994,0.7019704864750994,59836193.51085735,59836193.51085735,85240326.57173528
SSP2,"Indian Ocean, Eastern",270,2082,0.6995388454088857,0.6995388454088857,59628919.632268056,59628919.632268056,85240326.57173528
SSP2,"Indian Ocean, Eastern",270,2083,0.6971156276003286,0.6971156276003286,59422363.754912205,59422363.754912205,85240326.57173528
SSP2,"Indian Ocean, Eastern",270,2084,0.69470080387108,0.69470080387108,59216523.39161788,59216523.39161788,85240326.57173528
SSP2,"Indian Ocean, Eastern",270,2085,0.6922943451438661,0.6922943451438661,59011396.06382877,59011396.06382877,85240326.57173528
SSP2,"Indian Ocean, Eastern",270,2086,0.6898962224421377,0.6898962224421377,58806979.301574335,58806979.301574335,85240326.57173528
SSP2,"Indian Ocean, Eastern",270,2087,0.6875064068897205,0.6875064068897205,58603270.64344009,58603270.64344009,85240326.57173528
SSP2,"Indian Ocean, Eastern",270,2088,0.6851248697104686,0.6851248697104686,58400267.636537924,58400267.636537924,85240326.57173528
SSP2,"Indian Ocean, Eastern",270,2089,0.6827515822279167,0.6827515822279167,58197967.83647659,58197967.83647659,85240326.57173528
SSP2,"Indian Ocean, Eastern",270,2090,0.6803865158649355,0.6803865158649355,57996368.80733225,57996368.80733225,85240326.57173528
SSP2,"Indian Ocean, Eastern",270,2091,0.6780296421433878,0.6780296421433878,57795468.12161918,57795468.12161918,85240326.57173528
SSP2,"Indian Ocean, Eastern",270,2092,0.675680932683785,0.675680932683785,57595263.36026052,57595263.36026052,85240326.57173528
SSP2,"Indian Ocean, Eastern",270,2093,0.6733403592049458,0.6733403592049458,57395752.112559125,57395752.112559125,85240326.57173528
SSP2,"Indian Ocean, Eastern",270,2094,0.6710078935236555,0.6710078935236555,57196931.97616857,57196931.97616857,85240326.57173528
SSP2,"Indian Ocean, Eastern",270,2095,0.6686835075543268,0.6686835075543268,56998800.55706423,56998800.55706423,85240326.57173528
SSP2,"Indian Ocean, Eastern",270,2096,0.666367173308661,0.666367173308661,56801355.469514385,56801355.469514385,85240326.57173528
SSP2,"Indian Ocean, Eastern",270,2097,0.6640588628953121,0.6640588628953121,56604594.33605159,56604594.33605159,85240326.57173528
SSP2,"Indian Ocean, Eastern",270,2098,0.6617585485195501,0.6617585485195501,56408514.78744397,56408514.78744397,85240326.57173528
SSP2,"Indian Ocean, Eastern",270,2099,0.6594662024829262,0.6594662024829262,56213114.462666735,56213114.462666735,85240326.57173528
SSP2,"Indian Ocean, Eastern",270,2100,0.6571817971829402,0.6571817971829402,56018391.00887372,56018391.00887372,85240326.57173528
SSP3,"Indian Ocean, Eastern",270,2005,0.9138021230281443,0.9138021230281443,77892791.38886404,77892791.38886404,85240326.57173528
SSP3,"Indian Ocean, Eastern",270,2006,0.9106366925555522,0.9106366925555522,77622969.06164017,77622969.06164017,85240326.57173528
SSP3,"Indian Ocean, Eastern",270,2007,0.9074822272031152,0.9074822272031152,77354081.40483922,77354081.40483922,85240326.57173528
SSP3,"Indian Ocean, Eastern",270,2008,0.9043386889874179,0.9043386889874179,77086125.18074244,77086125.18074244,85240326.57173528
SSP3,"Indian Ocean, Eastern",270,2009,0.9012060400566204,0.9012060400566204,76819097.16284667,76819097.16284667,85240326.57173528
SSP3,"Indian Ocean, Eastern",270,2010,0.8980842426900024,0.8980842426900024,76552994.13582537,76552994.13582537,85240326.57173528
SSP3,"Indian Ocean, Eastern",270,2011,0.8949732592975093,0.8949732592975093,76287812.89549,76287812.89549,85240326.57173528
SSP3,"Indian Ocean, Eastern",270,2012,0.8918730524192987,0.8918730524192987,76023550.2487514,76023550.2487514,85240326.57173528
SSP3,"Indian Ocean, Eastern",270,2013,0.8887835847252904,0.8887835847252904,75760203.0135813,75760203.0135813,85240326.57173528
SSP3,"Indian Ocean, Eastern",270,2014,0.8857048190147162,0.8857048190147162,75497768.0189741,75497768.0189741,85240326.57173528
SSP3,"Indian Ocean, Eastern",270,2015,0.8826367182156722,0.8826367182156722,75236242.10490859,75236242.10490859,85240326.57173528
SSP3,"Indian Ocean, Eastern",270,2016,0.8795792453846724,0.8795792453846724,74975622.12230995,74975622.12230995,85240326.57173528
SSP3,"Indian Ocean, Eastern",270,2017,0.8765323637062039,0.8765323637062039,74715904.93301186,74715904.93301186,85240326.57173528
SSP3,"Indian Ocean, Eastern",270,2018,0.8734960364922834,0.8734960364922834,74457087.40971863,74457087.40971863,85240326.57173528
SSP3,"Indian Ocean, Eastern",270,2019,0.8704702271820156,0.8704702271820156,74199166.43596761,74199166.43596761,85240326.57173528
SSP3,"Indian Ocean, Eastern",270,2020,0.8674548993411532,0.8674548993411532,73942138.90609165,73942138.90609165,85240326.57173528
SSP3,"Indian Ocean, Eastern",270,2021,0.8644500166616574,0.8644500166616574,73686001.72518168,73686001.72518168,85240326.57173528
SSP3,"Indian Ocean, Eastern",270,2022,0.8614555429612618,0.8614555429612618,73430751.80904949,73430751.80904949,85240326.57173528
SSP3,"Indian Ocean, Eastern",270,2023,0.8584714421830358,0.8584714421830358,73176386.08419053,73176386.08419053,85240326.57173528
SSP3,"Indian Ocean, Eastern",270,2024,0.85549767839495106,0.85549767839495106,72922901.48774698,72922901.48774698,85240326.57173528
SSP3,"Indian Ocean, Eastern",270,2025,0.8525342157894481,0.8525342157894481,72670294.9674708,72670294.9674708,85240326.57173528
SSP3,"Indian Ocean, Eastern",270,2026,0.8495810186830062,0.8495810186830062,72418563.48168698,72418563.48168698,85240326.57173528
SSP3,"Indian Ocean, Eastern",270,2027,0.8466380515157127,0.8466380515157127,72167703.99925698,72167703.99925698,85240326.57173528
SSP3,"Indian Ocean, Eastern",270,2028,0.8437052788508355,0.8437052788508355,71917713.49954219,71917713.49954219,85240326.57173528
SSP3,"Indian Ocean, Eastern",270,2029,0.8407826653743958,0.8407826653743958,71668588.97236753,71668588.97236753,85240326.57173528
SSP3,"Indian Ocean, Eastern",270,2030,0.8378701758947439,0.8378701758947439,71420327.41798525,71420327.41798525,85240326.57173528
SSP3,"Indian Ocean, Eastern",270,2031,0.8349677753421337,0.8349677753421337,71172925.84703878,71172925.84703878,85240326.57173528
SSP3,"Indian Ocean, Eastern",270,2032,0.8320754287683023,0.8320754287683023,70926381.28052674,70926381.28052674,85240326.57173528
SSP3,"Indian Ocean, Eastern",270,2033,0.8291931013460481,0.8291931013460481,70680690.74976712,70680690.74976712,85240326.57173528
SSP3,"Indian Ocean, Eastern",270,2034,0.8263207583688115,0.8263207583688115,70435851.29636145,70435851.29636145,85240326.57173528
SSP3,"Indian Ocean, Eastern",270,2035,0.8234583652502574,0.8234583652502574,70191859.9721592,70191859.9721592,85240326.57173528
SSP3,"Indian Ocean, Eastern",270,2036,0.8206058875238584,0.8206058875238584,69948713.83922236,69948713.83922236,85240326.57173528
SSP3,"Indian Ocean, Eastern",270,2037,0.8177632908424799,0.8177632908424799,69706409.96978992,69706409.96978992,85240326.57173528
SSP3,"Indian Ocean, Eastern",270,2038,0.8149305409779667,0.8149305409779667,69464945.44624278,69464945.44624278,85240326.57173528
SSP3,"Indian Ocean, Eastern",270,2039,0.8121076038207304,0.8121076038207304,69224317.36106847,69224317.36106847,85240326.57173528
SSP3,"Indian Ocean, Eastern",270,2040,0.8092944453793393,0.8092944453793393,68984522.81682625,68984522.81682625,85240326.57173528
SSP3,"Indian Ocean, Eastern",270,2041,0.8064910317801084,0.8064910317801084,68745558.92611217,68745558.92611217,85240326.57173528
SSP3,"Indian Ocean, Eastern",270,2042,0.803697329266692,0.803697329266692,68507422.81152429,68507422.81152429,85240326.57173528
SSP3,"Indian Ocean, Eastern",270,2043,0.8009133041996773,0.8009133041996773,68270111.60562806,68270111.60562806,85240326.57173528
SSP3,"Indian Ocean, Eastern",270,2044,0.7981389230561792,0.7981389230561792,68033622.4509218,68033622.4509218,85240326.57173528
SSP3,"Indian Ocean, Eastern",270,2045,0.795374152429436,0.795374152429436,67797952.49980228,67797952.49980228,85240326.57173528
SSP3,"Indian Ocean, Eastern",270,2046,0.7926189590284084,0.7926189590284084,67563098.9145304,67563098.9145304,85240326.57173528
SSP3,"Indian Ocean, Eastern",270,2047,0.7898733096773777,0.7898733096773777,67329058.86719707,67329058.86719707,85240326.57173528
SSP3,"Indian Ocean, Eastern",270,2048,0.7871371713155468,0.7871371713155468,67095829.539689146,67095829.539689146,85240326.57173528
SSP3,"Indian Ocean, Eastern",270,2049,0.7844105109966417,0.7844105109966417,66863408.12365548,66863408.12365548,85240326.57173528
SSP3,"Indian Ocean, Eastern",270,2050,0.7816932958885151,0.7816932958885151,66631791.82047312,66631791.82047312,85240326.57173528
SSP3,"Indian Ocean, Eastern",270,2051,0.778985493272751,0.778985493272751,66400977.84121359,66400977.84121359,85240326.57173528
SSP3,"Indian Ocean, Eastern",270,2052,0.7762870705442708,0.7762870705442708,66170963.40660934,66170963.40660934,85240326.57173528
SSP3,"Indian Ocean, Eastern",270,2053,0.7735979952109403,0.7735979952109403,65941745.74702026,65941745.74702026,85240326.57173528
SSP3,"Indian Ocean, Eastern",270,2054,0.7709182348931791,0.7709182348931791,65713322.10240032,65713322.10240032,85240326.57173528
SSP3,"Indian Ocean, Eastern",270,2055,0.7682477573235702,0.7682477573235702,65485689.72226436,65485689.72226436,85240326.57173528
SSP3,"Indian Ocean, Eastern",270,2056,0.7655865303464716,0.7655865303464716,65258845.86565496,65258845.86565496,85240326.57173528
SSP3,"Indian Ocean, Eastern",270,2057,0.7629345219176293,0.7629345219176293,65032787.80110945,65032787.80110945,85240326.57173528
SSP3,"Indian Ocean, Eastern",270,2058,0.7602917001037911,0.7602917001037911,64807512.806626976,64807512.806626976,85240326.57173528
SSP3,"Indian Ocean, Eastern",270,2059,0.7576580330823225,0.7576580330823225,64583018.16963578,64583018.16963578,85240326.57173528
SSP3,"Indian Ocean, Eastern",270,2060,0.755033489140823,0.755033489140823,64359301.186960496,64359301.186960496,85240326.57173528
SSP3,"Indian Ocean, Eastern",270,2061,0.7524180366767449,0.7524180366767449,64136359.164789625,64136359.164789625,85240326.57173528
SSP3,"Indian Ocean, Eastern",270,2062,0.7498116441970121,0.7498116441970121,63914189.41864309,63914189.41864309,85240326.57173528
SSP3,"Indian Ocean, Eastern",270,2063,0.7472142803176415,0.7472142803176415,63692789.273339905,63692789.273339905,85240326.57173528
SSP3,"Indian Ocean, Eastern",270,2064,0.7446259137633645,0.7446259137633645,63472156.06296598,63472156.06296598,85240326.57173528
SSP3,"Indian Ocean, Eastern",270,2065,0.742046513367251,0.742046513367251,63252287.130842,63252287.130842,85240326.57173528
SSP3,"Indian Ocean, Eastern",270,2066,0.7394760480703335,0.7394760480703335,63033179.829491444,63033179.829491444,85240326.57173528
SSP3,"Indian Ocean, Eastern",270,2067,0.7369144869212338,0.7369144869212338,62814831.520608716,62814831.520608716,85240326.57173528
SSP3,"Indian Ocean, Eastern",270,2068,0.7343617990757897,0.7343617990757897,62597239.57502736,62597239.57502736,85240326.57173528
SSP3,"Indian Ocean, Eastern",270,2069,0.731817953796684,0.731817953796684,62380401.37268842,62380401.37268842,85240326.57173528
SSP3,"Indian Ocean, Eastern",270,2070,0.729282920453074,0.729282920453074,62164314.30260887,62164314.30260887,85240326.57173528
SSP3,"Indian Ocean, Eastern",270,2071,0.7267566685202231,0.7267566685202231,61948975.76285019,61948975.76285019,85240326.57173528
SSP3,"Indian Ocean, Eastern",270,2072,0.7242391675791333,0.7242391675791333,61734383.16048703,61734383.16048703,85240326.57173528
SSP3,"Indian Ocean, Eastern",270,2073,0.721730387316178,0.721730387316178,61520533.911576,61520533.911576,85240326.57173528
SSP3,"Indian Ocean, Eastern",270,2074,0.7192302975227383,0.7192302975227383,61307425.441124536,61307425.441124536,85240326.57173528
SSP3,"Indian Ocean, Eastern",270,2075,0.7167388680948382,0.7167388680948382,61095055.18305991,61095055.18305991,85240326.57173528
SSP3,"Indian Ocean, Eastern",270,2076,0.7142560690327829,0.7142560690327829,60883420.58019831,60883420.58019831,85240326.57173528
SSP3,"Indian Ocean, Eastern",270,2077,0.7117818704407969,0.7117818704407969,60672519.08421409,60672519.08421409,85240326.57173528
SSP3,"Indian Ocean, Eastern",270,2078,0.7093162425266644,0.7093162425266644,60462348.15560905,60462348.15560905,85240326.57173528
SSP3,"Indian Ocean, Eastern",270,2079,0.7068591556013704,0.7068591556013704,60252905.26368185,60252905.26368185,85240326.57173528
SSP3,"Indian Ocean, Eastern",270,2080,0.7044105800787435,0.7044105800787435,60044187.88649758,60044187.88649758,85240326.57173528
SSP3,"Indian Ocean, Eastern",270,2081,0.7019704864750994,0.7019704864750994,59836193.51085735,59836193.51085735,85240326.57173528
SSP3,"Indian Ocean, Eastern",270,2082,0.6995388454088857,0.6995388454088857,59628919.632268056,59628919.632268056,85240326.57173528
SSP3,"Indian Ocean, Eastern",270,2083,0.6971156276003286,0.6971156276003286,59422363.754912205,59422363.754912205,85240326.57173528
SSP3,"Indian Ocean, Eastern",270,2084,0.69470080387108,0.69470080387108,59216523.39161788,59216523.39161788,85240326.57173528
SSP3,"Indian Ocean, Eastern",270,2085,0.6922943451438661,0.6922943451438661,59011396.06382877,59011396.06382877,85240326.57173528
SSP3,"Indian Ocean, Eastern",270,2086,0.6898962224421377,0.6898962224421377,58806979.301574335,58806979.301574335,85240326.57173528
SSP3,"Indian Ocean, Eastern",270,2087,0.6875064068897205,0.6875064068897205,58603270.64344009,58603270.64344009,85240326.57173528
SSP3,"Indian Ocean, Eastern",270,2088,0.6851248697104686,0.6851248697104686,58400267.636537924,58400267.636537924,85240326.57173528
SSP3,"Indian Ocean, Eastern",270,2089,0.6827515822279167,0.6827515822279167,58197967.83647659,58197967.83647659,85240326.57173528
SSP3,"Indian Ocean, Eastern",270,2090,0.6803865158649355,0.6803865158649355,57996368.80733225,57996368.80733225,85240326.57173528
SSP3,"Indian Ocean, Eastern",270,2091,0.6780296421433878,0.6780296421433878,57795468.12161918,57795468.12161918,85240326.57173528
SSP3,"Indian Ocean, Eastern",270,2092,0.675680932683785,0.675680932683785,57595263.36026052,57595263.36026052,85240326.57173528
SSP3,"Indian Ocean, Eastern",270,2093,0.6733403592049458,0.6733403592049458,57395752.112559125,57395752.112559125,85240326.57173528
SSP3,"Indian Ocean, Eastern",270,2094,0.6710078935236555,0.6710078935236555,57196931.97616857,57196931.97616857,85240326.57173528
SSP3,"Indian Ocean, Eastern",270,2095,0.6686835075543268,0.6686835075543268,56998800.55706423,56998800.55706423,85240326.57173528
SSP3,"Indian Ocean, Eastern",270,2096,0.666367173308661,0.666367173308661,56801355.469514385,56801355.469514385,85240326.57173528
SSP3,"Indian Ocean, Eastern",270,2097,0.6640588628953121,0.6640588628953121,56604594.33605159,56604594.33605159,85240326.57173528
SSP3,"Indian Ocean, Eastern",270,2098,0.6617585485195501,0.6617585485195501,56408514.78744397,56408514.78744397,85240326.57173528
SSP3,"Indian Ocean, Eastern",270,2099,0.6594662024829262,0.6594662024829262,56213114.462666735,56213114.462666735,85240326.57173528
SSP3,"Indian Ocean, Eastern",270,2100,0.6571817971829402,0.6571817971829402,56018391.00887372,56018391.00887372,85240326.57173528
SSP4,"Indian Ocean, Eastern",270,2005,0.9138021230281443,0.9138021230281443,77892791.38886404,77892791.38886404,85240326.57173528
SSP4,"Indian Ocean, Eastern",270,2006,0.9106366925555522,0.9106366925555522,77622969.06164017,77622969.06164017,85240326.57173528
SSP4,"Indian Ocean, Eastern",270,2007,0.9074822272031152,0.9074822272031152,77354081.40483922,77354081.40483922,85240326.57173528
SSP4,"Indian Ocean, Eastern",270,2008,0.9043386889874179,0.9043386889874179,77086125.18074244,77086125.18074244,85240326.57173528
SSP4,"Indian Ocean, Eastern",270,2009,0.9012060400566204,0.9012060400566204,76819097.16284667,76819097.16284667,85240326.57173528
SSP4,"Indian Ocean, Eastern",270,2010,0.8980842426900024,0.8980842426900024,76552994.13582537,76552994.13582537,85240326.57173528
SSP4,"Indian Ocean, Eastern",270,2011,0.8949732592975093,0.8949732592975093,76287812.89549,76287812.89549,85240326.57173528
SSP4,"Indian Ocean, Eastern",270,2012,0.8918730524192987,0.8918730524192987,76023550.2487514,76023550.2487514,85240326.57173528
SSP4,"Indian Ocean, Eastern",270,2013,0.8887835847252904,0.8887835847252904,75760203.0135813,75760203.0135813,85240326.57173528
SSP4,"Indian Ocean, Eastern",270,2014,0.8857048190147162,0.8857048190147162,75497768.0189741,75497768.0189741,85240326.57173528
SSP4,"Indian Ocean, Eastern",270,2015,0.8826367182156722,0.8826367182156722,75236242.10490859,75236242.10490859,85240326.57173528
SSP4,"Indian Ocean, Eastern",270,2016,0.8795792453846724,0.8795792453846724,74975622.12230995,74975622.12230995,85240326.57173528
SSP4,"Indian Ocean, Eastern",270,2017,0.8765323637062039,0.8765323637062039,74715904.93301186,74715904.93301186,85240326.57173528
SSP4,"Indian Ocean, Eastern",270,2018,0.8734960364922834,0.8734960364922834,74457087.40971863,74457087.40971863,85240326.57173528
SSP4,"Indian Ocean, Eastern",270,2019,0.8704702271820156,0.8704702271820156,74199166.43596761,74199166.43596761,85240326.57173528
SSP4,"Indian Ocean, Eastern",270,2020,0.8674548993411532,0.8674548993411532,73942138.90609165,73942138.90609165,85240326.57173528
SSP4,"Indian Ocean, Eastern",270,2021,0.8644500166616574,0.8644500166616574,73686001.72518168,73686001.72518168,85240326.57173528
SSP4,"Indian Ocean, Eastern",270,2022,0.8614555429612618,0.8614555429612618,73430751.80904949,73430751.80904949,85240326.57173528
SSP4,"Indian Ocean, Eastern",270,2023,0.8584714421830358,0.8584714421830358,73176386.08419053,73176386.08419053,85240326.57173528
SSP4,"Indian Ocean, Eastern",270,2024,0.85549767839495106,0.85549767839495106,72922901.48774698,72922901.48774698,85240326.57173528
SSP4,"Indian Ocean, Eastern",270,2025,0.8525342157894481,0.8525342157894481,72670294.9674708,72670294.9674708,85240326.57173528
SSP4,"Indian Ocean, Eastern",270,2026,0.8495810186830062,0.8495810186830062,72418563.48168698,72418563.48168698,85240326.57173528
SSP4,"Indian Ocean, Eastern",270,2027,0.8466380515157127,0.8466380515157127,72167703.99925698,72167703.99925698,85240326.57173528
SSP4,"Indian Ocean, Eastern",270,2028,0.8437052788508355,0.8437052788508355,71917713.49954219,71917713.49954219,85240326.57173528
SSP4,"Indian Ocean, Eastern",270,2029,0.8407826653743958,0.8407826653743958,71668588.97236753,71668588.97236753,85240326.57173528
SSP4,"Indian Ocean, Eastern",270,2030,0.8378701758947439,0.8378701758947439,71420327.41798525,71420327.41798525,85240326.57173528
SSP4,"Indian Ocean, Eastern",270,2031,0.8349677753421337,0.8349677753421337,71172925.84703878,71172925.84703878,85240326.57173528
SSP4,"Indian Ocean, Eastern",270,2032,0.8320754287683023,0.8320754287683023,70926381.28052674,70926381.28052674,85240326.57173528
SSP4,"Indian Ocean, Eastern",270,2033,0.8291931013460481,0.8291931013460481,70680690.74976712,70680690.74976712,85240326.57173528
SSP4,"Indian Ocean, Eastern",270,2034,0.8263207583688115,0.8263207583688115,70435851.29636145,70435851.29636145,85240326.57173528
SSP4,"Indian Ocean, Eastern",270,2035,0.8234583652502574,0.8234583652502574,70191859.9721592,70191859.9721592,85240326.57173528
SSP4,"Indian Ocean, Eastern",270,2036,0.8206058875238584,0.8206058875238584,69948713.83922236,69948713.83922236,85240326.57173528
SSP4,"Indian Ocean, Eastern",270,2037,0.8177632908424799,0.8177632908424799,69706409.96978992,69706409.96978992,85240326.57173528
SSP4,"Indian Ocean, Eastern",270,2038,0.8149305409779667,0.8149305409779667,69464945.44624278,69464945.44624278,85240326.57173528
SSP4,"Indian Ocean, Eastern",270,2039,0.8121076038207304,0.8121076038207304,69224317.36106847,69224317.36106847,85240326.57173528
SSP4,"Indian Ocean, Eastern",270,2040,0.8092944453793393,0.8092944453793393,68984522.81682625,68984522.81682625,85240326.57173528
SSP4,"Indian Ocean, Eastern",270,2041,0.8064910317801084,0.8064910317801084,68745558.92611217,68745558.92611217,85240326.57173528
SSP4,"Indian Ocean, Eastern",270,2042,0.803697329266692,0.803697329266692,68507422.81152429,68507422.81152429,85240326.57173528
SSP4,"Indian Ocean, Eastern",270,2043,0.8009133041996773,0.8009133041996773,68270111.60562806,68270111.60562806,85240326.57173528
SSP4,"Indian Ocean, Eastern",270,2044,0.7981389230561792,0.7981389230561792,68033622.4509218,68033622.4509218,85240326.57173528
SSP4,"Indian Ocean, Eastern",270,2045,0.795374152429436,0.795374152429436,67797952.49980228,67797952.49980228,85240326.57173528
SSP4,"Indian Ocean, Eastern",270,2046,0.7926189590284084,0.7926189590284084,67563098.9145304,67563098.9145304,85240326.57173528
SSP4,"Indian Ocean, Eastern",270,2047,0.7898733096773777,0.7898733096773777,67329058.86719707,67329058.86719707,85240326.57173528
SSP4,"Indian Ocean, Eastern",270,2048,0.7871371713155468,0.7871371713155468,67095829.539689146,67095829.539689146,85240326.57173528
SSP4,"Indian Ocean, Eastern",270,2049,0.7844105109966417,0.7844105109966417,66863408.12365548,66863408.12365548,85240326.57173528
SSP4,"Indian Ocean, Eastern",270,2050,0.7816932958885151,0.7816932958885151,66631791.82047312,66631791.82047312,85240326.57173528
SSP4,"Indian Ocean, Eastern",270,2051,0.778985493272751,0.778985493272751,66400977.84121359,66400977.84121359,85240326.57173528
SSP4,"Indian Ocean, Eastern",270,2052,0.7762870705442708,0.7762870705442708,66170963.40660934,66170963.40660934,85240326.57173528
SSP4,"Indian Ocean, Eastern",270,2053,0.7735979952109403,0.7735979952109403,65941745.74702026,65941745.74702026,85240326.57173528
SSP4,"Indian Ocean, Eastern",270,2054,0.7709182348931791,0.7709182348931791,65713322.10240032,65713322.10240032,85240326.57173528
SSP4,"Indian Ocean, Eastern",270,2055,0.7682477573235702,0.7682477573235702,65485689.72226436,65485689.72226436,85240326.57173528
SSP4,"Indian Ocean, Eastern",270,2056,0.7655865303464716,0.7655865303464716,65258845.86565496,65258845.86565496,85240326.57173528
SSP4,"Indian Ocean, Eastern",270,2057,0.7629345219176293,0.7629345219176293,65032787.80110945,65032787.80110945,85240326.57173528
SSP4,"Indian Ocean, Eastern",270,2058,0.7602917001037911,0.7602917001037911,64807512.806626976,64807512.806626976,85240326.57173528
SSP4,"Indian Ocean, Eastern",270,2059,0.7576580330823225,0.7576580330823225,64583018.16963578,64583018.16963578,85240326.57173528
SSP4,"Indian Ocean, Eastern",270,2060,0.755033489140823,0.755033489140823,64359301.186960496,64359301.186960496,85240326.57173528
SSP4,"Indian Ocean, Eastern",270,2061,0.7524180366767449,0.7524180366767449,64136359.164789625,64136359.164789625,85240326.57173528
SSP4,"Indian Ocean, Eastern",270,2062,0.7498116441970121,0.7498116441970121,63914189.41864309,63914189.41864309,85240326.57173528
SSP4,"Indian Ocean, Eastern",270,2063,0.7472142803176415,0.7472142803176415,63692789.273339905,63692789.273339905,85240326.57173528
SSP4,"Indian Ocean, Eastern",270,2064,0.7446259137633645,0.7446259137633645,63472156.06296598,63472156.06296598,85240326.57173528
SSP4,"Indian Ocean, Eastern",270,2065,0.742046513367251,0.742046513367251,63252287.130842,63252287.130842,85240326.57173528
SSP4,"Indian Ocean, Eastern",270,2066,0.7394760480703335,0.7394760480703335,63033179.829491444,63033179.829491444,85240326.57173528
SSP4,"Indian Ocean, Eastern",270,2067,0.7369144869212338,0.7369144869212338,62814831.520608716,62814831.520608716,85240326.57173528
SSP4,"Indian Ocean, Eastern",270,2068,0.7343617990757897,0.7343617990757897,62597239.57502736,62597239.57502736,85240326.57173528
SSP4,"Indian Ocean, Eastern",270,2069,0.731817953796684,0.731817953796684,62380401.37268842,62380401.37268842,85240326.57173528
SSP4,"Indian Ocean, Eastern",270,2070,0.729282920453074,0.729282920453074,62164314.30260887,62164314.30260887,85240326.57173528
SSP4,"Indian Ocean, Eastern",270,2071,0.7267566685202231,0.7267566685202231,61948975.76285019,61948975.76285019,85240326.57173528
SSP4,"Indian Ocean, Eastern",270,2072,0.7242391675791333,0.7242391675791333,61734383.16048703,61734383.16048703,85240326.57173528
SSP4,"Indian Ocean, Eastern",270,2073,0.721730387316178,0.721730387316178,61520533.911576,61520533.911576,85240326.57173528
SSP4,"Indian Ocean, Eastern",270,2074,0.7192302975227383,0.7192302975227383,61307425.441124536,61307425.441124536,85240326.57173528
SSP4,"Indian Ocean, Eastern",270,2075,0.7167388680948382,0.7167388680948382,61095055.18305991,61095055.18305991,85240326.57173528
SSP4,"Indian Ocean, Eastern",270,2076,0.7142560690327829,0.7142560690327829,60883420.58019831,60883420.58019831,85240326.57173528
SSP4,"Indian Ocean, Eastern",270,2077,0.7117818704407969,0.7117818704407969,60672519.08421409,60672519.08421409,85240326.57173528
SSP4,"Indian Ocean, Eastern",270,2078,0.7093162425266644,0.7093162425266644,60462348.15560905,60462348.15560905,85240326.57173528
SSP4,"Indian Ocean, Eastern",270,2079,0.7068591556013704,0.7068591556013704,60252905.26368185,60252905.26368185,85240326.57173528
SSP4,"Indian Ocean, Eastern",270,2080,0.7044105800787435,0.7044105800787435,60044187.88649758,60044187.88649758,85240326.57173528
SSP4,"Indian Ocean, Eastern",270,2081,0.7019704864750994,0.7019704864750994,59836193.51085735,59836193.51085735,85240326.57173528
SSP4,"Indian Ocean, Eastern",270,2082,0.6995388454088857,0.6995388454088857,59628919.632268056,59628919.632268056,85240326.57173528
SSP4,"Indian Ocean, Eastern",270,2083,0.6971156276003286,0.6971156276003286,59422363.754912205,59422363.754912205,85240326.57173528
SSP4,"Indian Ocean, Eastern",270,2084,0.69470080387108,0.69470080387108,59216523.39161788,59216523.39161788,85240326.57173528
SSP4,"Indian Ocean, Eastern",270,2085,0.6922943451438661,0.6922943451438661,59011396.06382877,59011396.06382877,85240326.57173528
SSP4,"Indian Ocean, Eastern",270,2086,0.6898962224421377,0.6898962224421377,58806979.301574335,58806979.301574335,85240326.57173528
SSP4,"Indian Ocean, Eastern",270,2087,0.6875064068897205,0.6875064068897205,58603270.64344009,58603270.64344009,85240326.57173528
SSP4,"Indian Ocean, Eastern",270,2088,0.6851248697104686,0.6851248697104686,58400267.636537924,58400267.636537924,85240326.57173528
SSP4,"Indian Ocean, Eastern",270,2089,0.6827515822279167,0.6827515822279167,58197967.83647659,58197967.83647659,85240326.57173528
SSP4,"Indian Ocean, Eastern",270,2090,0.6803865158649355,0.6803865158649355,57996368.80733225,57996368.80733225,85240326.57173528
SSP4,"Indian Ocean, Eastern",270,2091,0.6780296421433878,0.6780296421433878,57795468.12161918,57795468.12161918,85240326.57173528
SSP4,"Indian Ocean, Eastern",270,2092,0.675680932683785,0.675680932683785,57595263.36026052,57595263.36026052,85240326.57173528
SSP4,"Indian Ocean, Eastern",270,2093,0.6733403592049458,0.6733403592049458,57395752.112559125,57395752.112559125,85240326.57173528
SSP4,"Indian Ocean, Eastern",270,2094,0.6710078935236555,0.6710078935236555,57196931.97616857,57196931.97616857,85240326.57173528
SSP4,"Indian Ocean, Eastern",270,2095,0.6686835075543268,0.6686835075543268,56998800.55706423,56998800.55706423,85240326.57173528
SSP4,"Indian Ocean, Eastern",270,2096,0.666367173308661,0.666367173308661,56801355.469514385,56801355.469514385,85240326.57173528
SSP4,"Indian Ocean, Eastern",270,2097,0.6640588628953121,0.6640588628953121,56604594.33605159,56604594.33605159,85240326.57173528
SSP4,"Indian Ocean, Eastern",270,2098,0.6617585485195501,0.6617585485195501,56408514.78744397,56408514.78744397,85240326.57173528
SSP4,"Indian Ocean, Eastern",270,2099,0.6594662024829262,0.6594662024829262,56213114.462666735,56213114.462666735,85240326.57173528
SSP4,"Indian Ocean, Eastern",270,2100,0.6571817971829402,0.6571817971829402,56018391.00887372,56018391.00887372,85240326.57173528
SSP5,"Indian Ocean, Eastern",270,2005,0.9138021230281443,0.9138021230281443,77892791.38886404,77892791.38886404,85240326.57173528
SSP5,"Indian Ocean, Eastern",270,2006,0.9106366925555522,0.9106366925555522,77622969.06164017,77622969.06164017,85240326.57173528
SSP5,"Indian Ocean, Eastern",270,2007,0.9074822272031152,0.9074822272031152,77354081.40483922,77354081.40483922,85240326.57173528
SSP5,"Indian Ocean, Eastern",270,2008,0.9043386889874179,0.9043386889874179,77086125.18074244,77086125.18074244,85240326.57173528
SSP5,"Indian Ocean, Eastern",270,2009,0.9012060400566204,0.9012060400566204,76819097.16284667,76819097.16284667,85240326.57173528
SSP5,"Indian Ocean, Eastern",270,2010,0.8980842426900024,0.8980842426900024,76552994.13582537,76552994.13582537,85240326.57173528
SSP5,"Indian Ocean, Eastern",270,2011,0.8949732592975093,0.8949732592975093,76287812.89549,76287812.89549,85240326.57173528
SSP5,"Indian Ocean, Eastern",270,2012,0.8918730524192987,0.8918730524192987,76023550.2487514,76023550.2487514,85240326.57173528
SSP5,"Indian Ocean, Eastern",270,2013,0.8887835847252904,0.8887835847252904,75760203.0135813,75760203.0135813,85240326.57173528
SSP5,"Indian Ocean, Eastern",270,2014,0.8857048190147162,0.8857048190147162,75497768.0189741,75497768.0189741,85240326.57173528
SSP5,"Indian Ocean, Eastern",270,2015,0.8826367182156722,0.8826367182156722,75236242.10490859,75236242.10490859,85240326.57173528
SSP5,"Indian Ocean, Eastern",270,2016,0.8795792453846724,0.8795792453846724,74975622.12230995,74975622.12230995,85240326.57173528
SSP5,"Indian Ocean, Eastern",270,2017,0.8765323637062039,0.8765323637062039,74715904.93301186,74715904.93301186,85240326.57173528
SSP5,"Indian Ocean, Eastern",270,2018,0.8734960364922834,0.8734960364922834,74457087.40971863,74457087.40971863,85240326.57173528
SSP5,"Indian Ocean, Eastern",270,2019,0.8704702271820156,0.8704702271820156,74199166.43596761,74199166.43596761,85240326.57173528
SSP5,"Indian Ocean, Eastern",270,2020,0.8674548993411532,0.8674548993411532,73942138.90609165,73942138.90609165,85240326.57173528
SSP5,"Indian Ocean, Eastern",270,2021,0.8644500166616574,0.8644500166616574,73686001.72518168,73686001.72518168,85240326.57173528
SSP5,"Indian Ocean, Eastern",270,2022,0.8614555429612618,0.8614555429612618,73430751.80904949,73430751.80904949,85240326.57173528
SSP5,"Indian Ocean, Eastern",270,2023,0.8584714421830358,0.8584714421830358,73176386.08419053,73176386.08419053,85240326.57173528
SSP5,"Indian Ocean, Eastern",270,2024,0.85549767839495106,0.85549767839495106,72922901.48774698,72922901.48774698,85240326.57173528
SSP5,"Indian Ocean, Eastern",270,2025,0.8525342157894481,0.8525342157894481,72670294.9674708,72670294.9674708,85240326.57173528
SSP5,"Indian Ocean, Eastern",270,2026,0.8495810186830062,0.8495810186830062,72418563.48168698,72418563.48168698,85240326.57173528
SSP5,"Indian Ocean, Eastern",270,2027,0.8466380515157127,0.8466380515157127,72167703.99925698,72167703.99925698,85240326.57173528
SSP5,"Indian Ocean, Eastern",270,2028,0.8437052788508355,0.8437052788508355,71917713.49954219,71917713.49954219,85240326.57173528
SSP5,"Indian Ocean, Eastern",270,2029,0.8407826653743958,0.8407826653743958,71668588.97236753,71668588.97236753,85240326.57173528
SSP5,"Indian Ocean, Eastern",270,2030,0.8378701758947439,0.8378701758947439,71420327.41798525,71420327.41798525,85240326.57173528
SSP5,"Indian Ocean, Eastern",270,2031,0.8349677753421337,0.8349677753421337,71172925.84703878,71172925.84703878,85240326.57173528
SSP5,"Indian Ocean, Eastern",270,2032,0.8320754287683023,0.8320754287683023,70926381.28052674,70926381.28052674,85240326.57173528
SSP5,"Indian Ocean, Eastern",270,2033,0.8291931013460481,0.8291931013460481,70680690.74976712,70680690.74976712,85240326.57173528
SSP5,"Indian Ocean, Eastern",270,2034,0.8263207583688115,0.8263207583688115,70435851.29636145,70435851.29636145,85240326.57173528
SSP5,"Indian Ocean, Eastern",270,2035,0.8234583652502574,0.8234583652502574,70191859.9721592,70191859.9721592,85240326.57173528
SSP5,"Indian Ocean, Eastern",270,2036,0.8206058875238584,0.8206058875238584,69948713.83922236,69948713.83922236,85240326.57173528
SSP5,"Indian Ocean, Eastern",270,2037,0.8177632908424799,0.8177632908424799,69706409.96978992,69706409.96978992,85240326.57173528
SSP5,"Indian Ocean, Eastern",270,2038,0.8149305409779667,0.8149305409779667,69464945.44624278,69464945.44624278,85240326.57173528
SSP5,"Indian Ocean, Eastern",270,2039,0.8121076038207304,0.8121076038207304,69224317.36106847,69224317.36106847,85240326.57173528
SSP5,"Indian Ocean, Eastern",270,2040,0.8092944453793393,0.8092944453793393,68984522.81682625,68984522.81682625,85240326.57173528
SSP5,"Indian Ocean, Eastern",270,2041,0.8064910317801084,0.8064910317801084,68745558.92611217,68745558.92611217,85240326.57173528
SSP5,"Indian Ocean, Eastern",270,2042,0.803697329266692,0.803697329266692,68507422.81152429,68507422.81152429,85240326.57173528
SSP5,"Indian Ocean, Eastern",270,2043,0.8009133041996773,0.8009133041996773,68270111.60562806,68270111.60562806,85240326.57173528
SSP5,"Indian Ocean, Eastern",270,2044,0.7981389230561792,0.7981389230561792,68033622.4509218,68033622.4509218,85240326.57173528
SSP5,"Indian Ocean, Eastern",270,2045,0.795374152429436,0.795374152429436,67797952.49980228,67797952.49980228,85240326.57173528
SSP5,"Indian Ocean, Eastern",270,2046,0.7926189590284084,0.7926189590284084,67563098.9145304,67563098.9145304,85240326.57173528
SSP5,"Indian Ocean, Eastern",270,2047,0.7898733096773777,0.7898733096773777,67329058.86719707,67329058.86719707,85240326.57173528
SSP5,"Indian Ocean, Eastern",270,2048,0.7871371713155468,0.7871371713155468,67095829.539689146,67095829.539689146,85240326.57173528
SSP5,"Indian Ocean, Eastern",270,2049,0.7844105109966417,0.7844105109966417,66863408.12365548,66863408.12365548,85240326.57173528
SSP5,"Indian Ocean, Eastern",270,2050,0.7816932958885151,0.7816932958885151,66631791.82047312,66631791.82047312,85240326.57173528
SSP5,"Indian Ocean, Eastern",270,2051,0.778985493272751,0.778985493272751,66400977.84121359,66400977.84121359,85240326.57173528
SSP5,"Indian Ocean, Eastern",270,2052,0.7762870705442708,0.7762870705442708,66170963.40660934,66170963.40660934,85240326.57173528
SSP5,"Indian Ocean, Eastern",270,2053,0.7735979952109403,0.7735979952109403,65941745.74702026,65941745.74702026,85240326.57173528
SSP5,"Indian Ocean, Eastern",270,2054,0.7709182348931791,0.7709182348931791,65713322.10240032,65713322.10240032,85240326.57173528
SSP5,"Indian Ocean, Eastern",270,2055,0.7682477573235702,0.7682477573235702,65485689.72226436,65485689.72226436,85240326.57173528
SSP5,"Indian Ocean, Eastern",270,2056,0.7655865303464716,0.7655865303464716,65258845.86565496,65258845.86565496,85240326.57173528
SSP5,"Indian Ocean, Eastern",270,2057,0.7629345219176293,0.7629345219176293,65032787.80110945,65032787.80110945,85240326.57173528
SSP5,"Indian Ocean, Eastern",270,2058,0.7602917001037911,0.7602917001037911,64807512.806626976,64807512.806626976,85240326.57173528
SSP5,"Indian Ocean, Eastern",270,2059,0.7576580330823225,0.7576580330823225,64583018.16963578,64583018.16963578,85240326.57173528
SSP5,"Indian Ocean, Eastern",270,2060,0.755033489140823,0.755033489140823,64359301.186960496,64359301.186960496,85240326.57173528
SSP5,"Indian Ocean, Eastern",270,2061,0.7524180366767449,0.7524180366767449,64136359.164789625,64136359.164789625,85240326.57173528
SSP5,"Indian Ocean, Eastern",270,2062,0.7498116441970121,0.7498116441970121,63914189.41864309,63914189.41864309,85240326.57173528
SSP5,"Indian Ocean, Eastern",270,2063,0.7472142803176415,0.7472142803176415,63692789.273339905,63692789.273339905,85240326.57173528
SSP5,"Indian Ocean, Eastern",270,2064,0.7446259137633645,0.7446259137633645,63472156.06296598,63472156.06296598,85240326.57173528
SSP5,"Indian Ocean, Eastern",270,2065,0.742046513367251,0.742046513367251,63252287.130842,63252287.130842,85240326.57173528
SSP5,"Indian Ocean, Eastern",270,2066,0.7394760480703335,0.7394760480703335,63033179.829491444,63033179.829491444,85240326.57173528
SSP5,"Indian Ocean, Eastern",270,2067,0.7369144869212338,0.7369144869212338,62814831.520608716,62814831.520608716,85240326.57173528
SSP5,"Indian Ocean, Eastern",270,2068,0.7343617990757897,0.7343617990757897,62597239.57502736,62597239.57502736,85240326.57173528
SSP5,"Indian Ocean, Eastern",270,2069,0.731817953796684,0.731817953796684,62380401.37268842,62380401.37268842,85240326.57173528
SSP5,"Indian Ocean, Eastern",270,2070,0.729282920453074,0.729282920453074,62164314.30260887,62164314.30260887,85240326.57173528
SSP5,"Indian Ocean, Eastern",270,2071,0.7267566685202231,0.7267566685202231,61948975.76285019,61948975.76285019,85240326.57173528
SSP5,"Indian Ocean, Eastern",270,2072,0.7242391675791333,0.7242391675791333,61734383.16048703,61734383.16048703,85240326.57173528
SSP5,"Indian Ocean, Eastern",270,2073,0.721730387316178,0.721730387316178,61520533.911576,61520533.911576,85240326.57173528
SSP5,"Indian Ocean, Eastern",270,2074,0.7192302975227383,0.7192302975227383,61307425.441124536,61307425.441124536,85240326.57173528
SSP5,"Indian Ocean, Eastern",270,2075,0.7167388680948382,0.7167388680948382,61095055.18305991,61095055.18305991,85240326.57173528
SSP5,"Indian Ocean, Eastern",270,2076,0.7142560690327829,0.7142560690327829,60883420.58019831,60883420.58019831,85240326.57173528
SSP5,"Indian Ocean, Eastern",270,2077,0.7117818704407969,0.7117818704407969,60672519.08421409,60672519.08421409,85240326.57173528
SSP5,"Indian Ocean, Eastern",270,2078,0.7093162425266644,0.7093162425266644,60462348.15560905,60462348.15560905,85240326.57173528
SSP5,"Indian Ocean, Eastern",270,2079,0.7068591556013704,0.7068591556013704,60252905.26368185,60252905.26368185,85240326.57173528
SSP5,"Indian Ocean, Eastern",270,2080,0.7044105800787435,0.7044105800787435,60044187.88649758,60044187.88649758,85240326.57173528
SSP5,"Indian Ocean, Eastern",270,2081,0.7019704864750994,0.7019704864750994,59836193.51085735,59836193.51085735,85240326.57173528
SSP5,"Indian Ocean, Eastern",270,2082,0.6995388454088857,0.6995388454088857,59628919.632268056,59628919.632268056,85240326.57173528
SSP5,"Indian Ocean, Eastern",270,2083,0.6971156276003286,0.6971156276003286,59422363.754912205,59422363.754912205,85240326.57173528
SSP5,"Indian Ocean, Eastern",270,2084,0.69470080387108,0.69470080387108,59216523.39161788,59216523.39161788,85240326.57173528
SSP5,"Indian Ocean, Eastern",270,2085,0.6922943451438661,0.6922943451438661,59011396.06382877,59011396.06382877,85240326.57173528
SSP5,"Indian Ocean, Eastern",270,2086,0.6898962224421377,0.6898962224421377,58806979.301574335,58806979.301574335,85240326.57173528
SSP5,"Indian Ocean, Eastern",270,2087,0.6875064068897205,0.6875064068897205,58603270.64344009,58603270.64344009,85240326.57173528
SSP5,"Indian Ocean, Eastern",270,2088,0.6851248697104686,0.6851248697104686,58400267.636537924,58400267.636537924,85240326.57173528
SSP5,"Indian Ocean, Eastern",270,2089,0.6827515822279167,0.6827515822279167,58197967.83647659,58197967.83647659,85240326.57173528
SSP5,"Indian Ocean, Eastern",270,2090,0.6803865158649355,0.6803865158649355,57996368.80733225,57996368.80733225,85240326.57173528
SSP5,"Indian Ocean, Eastern",270,2091,0.6780296421433878,0.6780296421433878,57795468.12161918,57795468.12161918,85240326.57173528
SSP5,"Indian Ocean, Eastern",270,2092,0.675680932683785,0.675680932683785,57595263.36026052,57595263.36026052,85240326.57173528
SSP5,"Indian Ocean, Eastern",270,2093,0.6733403592049458,0.6733403592049458,57395752.112559125,57395752.112559125,85240326.57173528
SSP5,"Indian Ocean, Eastern",270,2094,0.6710078935236555,0.6710078935236555,57196931.97616857,57196931.97616857,85240326.57173528
SSP5,"Indian Ocean, Eastern",270,2095,0.6686835075543268,0.6686835075543268,56998800.55706423,56998800.55706423,85240326.57173528
SSP5,"Indian Ocean, Eastern",270,2096,0.666367173308661,0.666367173308661,56801355.469514385,56801355.469514385,85240326.57173528
SSP5,"Indian Ocean, Eastern",270,2097,0.6640588628953121,0.6640588628953121,56604594.33605159,56604594.33605159,85240326.57173528
SSP5,"Indian Ocean, Eastern",270,2098,0.6617585485195501,0.6617585485195501,56408514.78744397,56408514.78744397,85240326.57173528
SSP5,"Indian Ocean, Eastern",270,2099,0.6594662024829262,0.6594662024829262,56213114.462666735,56213114.462666735,85240326.57173528
SSP5,"Indian Ocean, Eastern",270,2100,0.6571817971829402,0.6571817971829402,56018391.00887372,56018391.00887372,85240326.57173528
SSP1,"Pacific, Northwest",272,2005,0.9281685760814187,0.9281685760814187,45881516.548086844,45881516.548086844,49432309.744627826
SSP1,"Pacific, Northwest",272,2006,0.9249533799023002,0.9249533799023002,45722581.97467092,45722581.97467092,49432309.744627826
SSP1,"Pacific, Northwest",272,2007,0.9217493212328288,0.9217493212328288,45564197.95408165,45564197.95408165,49432309.744627826
SSP1,"Pacific, Northwest",272,2008,0.9185563614924283,0.9185563614924283,45406362.57919204,45406362.57919204,49432309.744627826
SSP1,"Pacific, Northwest",272,2009,0.9153744622341664,0.9153744622341664,45249073.94948144,45249073.94948144,49432309.744627826
SSP1,"Pacific, Northwest",272,2010,0.9122035851442921,0.9122035851442921,45092330.17101263,45092330.17101263,49432309.744627826
SSP1,"Pacific, Northwest",272,2011,0.9090436920417737,0.9090436920417737,44936129.35640903,44936129.35640903,49432309.744627826
SSP1,"Pacific, Northwest",272,2012,0.9058947448778396,0.9058947448778396,44780469.62483197,44780469.62483197,49432309.744627826
SSP1,"Pacific, Northwest",272,2013,0.9027567057355198,0.9027567057355198,44625349.10195805,44625349.10195805,49432309.744627826
SSP1,"Pacific, Northwest",272,2014,0.8996295368291899,0.8996295368291899,44470765.91995658,44470765.91995658,49432309.744627826
SSP1,"Pacific, Northwest",272,2015,0.8965132005041152,0.8965132005041152,44316718.217467055,44316718.217467055,49432309.744627826
SSP1,"Pacific, Northwest",272,2016,0.8934076592359984,0.8934076592359984,44163204.13957678,44163204.13957678,49432309.744627826
SSP1,"Pacific, Northwest",272,2017,0.8903128756305266,0.8903128756305266,44010221.837798506,44010221.837798506,49432309.744627826
SSP1,"Pacific, Northwest",272,2018,0.8872288124229223,0.8872288124229223,43857769.4700482,43857769.4700482,49432309.744627826
SSP1,"Pacific, Northwest",272,2019,0.8841554324774934,0.8841554324774934,43705845.20062283,43705845.20062283,49432309.744627826
SSP1,"Pacific, Northwest",272,2020,0.8810926987871869,0.8810926987871869,43554447.20017829,43554447.20017829,49432309.744627826
SSP1,"Pacific, Northwest",272,2021,0.8780405744731429,0.8780405744731429,43403573.645707354,43403573.645707354,49432309.744627826
SSP1,"Pacific, Northwest",272,2022,0.8749990227842508,0.8749990227842508,43253222.72051775,43253222.72051775,49432309.744627826
SSP1,"Pacific, Northwest",272,2023,0.8719680070967067,0.8719680070967067,43103392.61421024,43103392.61421024,49432309.744627826
SSP1,"Pacific, Northwest",272,2024,0.8689474909135722,0.8689474909135722,42954081.52265687,42954081.52265687,49432309.744627826
SSP1,"Pacific, Northwest",272,2025,0.8659374378643352,0.8659374378643352,42805287.64797923,42805287.64797923,49432309.744627826
SSP1,"Pacific, Northwest",272,2026,0.8629378117044717,0.8629378117044717,42657009.19852677,42657009.19852677,49432309.744627826
SSP1,"Pacific, Northwest",272,2027,0.8599485763150099,0.8599485763150099,42509244.388855286,42509244.388855286,49432309.744627826
SSP1,"Pacific, Northwest",272,2028,0.8569696957020944,0.8569696957020944,42361991.43970538,42361991.43970538,49432309.744627826
SSP1,"Pacific, Northwest",272,2029,0.8540011339965535,0.8540011339965535,42215248.57798105,42215248.57798105,49432309.744627826
SSP1,"Pacific, Northwest",272,2030,0.8510428554534674,0.8510428554534674,42069014.03672832,42069014.03672832,49432309.744627826
SSP1,"Pacific, Northwest",272,2031,0.8480948244517368,0.8480948244517368,41923286.055114016,41923286.055114016,49432309.744627826
SSP1,"Pacific, Northwest",272,2032,0.8451570054936555,0.8451570054936555,41778062.8784045,41778062.8784045,49432309.744627826
SSP1,"Pacific, Northwest",272,2033,0.8422293632044815,0.8422293632044815,41633342.75794458,41633342.75794458,49432309.744627826
SSP1,"Pacific, Northwest",272,2034,0.8393118623320119,0.8393118623320119,41489123.95113644,41489123.95113644,49432309.744627826
SSP1,"Pacific, Northwest",272,2035,0.8364044677461582,0.8364044677461582,41345404.721418664,41345404.721418664,49432309.744627826
SSP1,"Pacific, Northwest",272,2036,0.8335071444385233,0.8335071444385233,41202183.338245325,41202183.338245325,49432309.744627826
SSP1,"Pacific, Northwest",272,2037,0.8306198575219799,0.8306198575219799,41059458.07706514,41059458.07706514,49432309.744627826
SSP1,"Pacific, Northwest",272,2038,0.8277425722302504,0.8277425722302504,40917227.21930071,40917227.21930071,49432309.744627826
SSP1,"Pacific, Northwest",272,2039,0.8248752539174885,0.8248752539174885,40775489.05232782,40775489.05232782,49432309.744627826
SSP1,"Pacific, Northwest",272,2040,0.8220178680578619,0.8220178680578619,40634241.86945484,40634241.86945484,49432309.744627826
SSP1,"Pacific, Northwest",272,2041,0.8191703802451363,0.8191703802451363,40493483.969902135,40493483.969902135,49432309.744627826
SSP1,"Pacific, Northwest",272,2042,0.8163327561922616,0.8163327561922616,40353213.658781625,40353213.658781625,49432309.744627826
SSP1,"Pacific, Northwest",272,2043,0.8135049617309585,0.8135049617309585,40213429.24707635,40213429.24707635,49432309.744627826
SSP1,"Pacific, Northwest",272,2044,0.8106869628113077,0.8106869628113077,40074129.05162014,40074129.05162014,49432309.744627826
SSP1,"Pacific, Northwest",272,2045,0.8078787255013393,0.8078787255013393,39935311.39507736,39935311.39507736,49432309.744627826
SSP1,"Pacific, Northwest",272,2046,0.8050802159866246,0.8050802159866246,39796974.6059227,39796974.6059227,49432309.744627826
SSP1,"Pacific, Northwest",272,2047,0.8022914005698689,0.8022914005698689,39659117.01842104,39659117.01842104,49432309.744627826
SSP1,"Pacific, Northwest",272,2048,0.7995122456705056,0.7995122456705056,39521736.97260741,39521736.97260741,49432309.744627826
SSP1,"Pacific, Northwest",272,2049,0.7967427178242917,0.7967427178242917,39384832.814266995,39384832.814266995,49432309.744627826
SSP1,"Pacific, Northwest",272,2050,0.7939827836829053,0.7939827836829053,39248402.89491521,39248402.89491521,49432309.744627826
SSP1,"Pacific, Northwest",272,2051,0.7912324100135439,0.7912324100135439,39112445.571777865,39112445.571777865,49432309.744627826
SSP1,"Pacific, Northwest",272,2052,0.7884915636985238,0.7884915636985238,38976959.20777137,38976959.20777137,49432309.744627826
SSP1,"Pacific, Northwest",272,2053,0.785760211734882,0.785760211734882,38841942.17148303,38841942.17148303,49432309.744627826
SSP1,"Pacific, Northwest",272,2054,0.7830383212339783,0.7830383212339783,38707392.8371514,38707392.8371514,49432309.744627826
SSP1,"Pacific, Northwest",272,2055,0.7803258594210997,0.7803258594210997,38573309.58464671,38573309.58464671,49432309.744627826
SSP1,"Pacific, Northwest",272,2056,0.7776227936350651,0.7776227936350651,38439690.799451344,38439690.799451344,49432309.744627826
SSP1,"Pacific, Northwest",272,2057,0.774929091327833,0.774929091327833,38306534.87264043,38306534.87264043,49432309.744627826
SSP1,"Pacific, Northwest",272,2058,0.7722447200641087,0.7722447200641087,38173840.20086243,38173840.20086243,49432309.744627826
SSP1,"Pacific, Northwest",272,2059,0.7695696475209539,0.7695696475209539,38041605.18631985,38041605.18631985,49432309.744627826
SSP1,"Pacific, Northwest",272,2060,0.7669038414873979,0.7669038414873979,37909828.236750014,37909828.236750014,49432309.744627826
SSP1,"Pacific, Northwest",272,2061,0.7642472698640496,0.7642472698640496,37778507.76540587,37778507.76540587,49432309.744627826
SSP1,"Pacific, Northwest",272,2062,0.7615999006627107,0.7615999006627107,37647642.191036895,37647642.191036895,49432309.744627826
SSP1,"Pacific, Northwest",272,2063,0.7589617020059906,0.7589617020059906,37517229.93787005,37517229.93787005,49432309.744627826
SSP1,"Pacific, Northwest",272,2064,0.7563326421269231,0.7563326421269231,37387269.43559081,37387269.43559081,49432309.744627826
SSP1,"Pacific, Northwest",272,2065,0.7537126893685832,0.7537126893685832,37257759.11932426,37257759.11932426,49432309.744627826
SSP1,"Pacific, Northwest",272,2066,0.751101812183706,0.751101812183706,37128697.42961623,37128697.42961623,49432309.744627826
SSP1,"Pacific, Northwest",272,2067,0.7484999791343073,0.7484999791343073,37000082.81241454,37000082.81241454,49432309.744627826
SSP1,"Pacific, Northwest",272,2068,0.7459071588913047,0.7459071588913047,36871913.719050296,36871913.719050296,49432309.744627826
SSP1,"Pacific, Northwest",272,2069,0.7433233202341403,0.7433233202341403,36744188.6062192,36744188.6062192,49432309.744627826
SSP1,"Pacific, Northwest",272,2070,0.7407484320504051,0.7407484320504051,36616905.93596302,36616905.93596302,49432309.744627826
SSP1,"Pacific, Northwest",272,2071,0.7381824633354638,0.7381824633354638,36490064.17565102,36490064.17565102,49432309.744627826
SSP1,"Pacific, Northwest",272,2072,0.7356253831920825,0.7356253831920825,36363661.797961555,36363661.797961555,49432309.744627826
SSP1,"Pacific, Northwest",272,2073,0.7330771608300551,0.7330771608300551,36237697.280863635,36237697.280863635,49432309.744627826
SSP1,"Pacific, Northwest",272,2074,0.7305377655658343,0.7305377655658343,36112169.107598625,36112169.107598625,49432309.744627826
SSP1,"Pacific, Northwest",272,2075,0.7280071668221606,0.7280071668221606,35987075.76666199,35987075.76666199,49432309.744627826
SSP1,"Pacific, Northwest",272,2076,0.7254853341276953,0.7254853341276953,35862415.75178505,35862415.75178505,49432309.744627826
SSP1,"Pacific, Northwest",272,2077,0.7229722371166528,0.7229722371166528,35738187.561916895,35738187.561916895,49432309.744627826
SSP1,"Pacific, Northwest",272,2078,0.7204678455284352,0.7204678455284352,35614389.70120628,35614389.70120628,49432309.744627826
SSP1,"Pacific, Northwest",272,2079,0.7179721292072683,0.7179721292072683,35491020.678983636,35491020.678983636,49432309.744627826
SSP1,"Pacific, Northwest",272,2080,0.7154850581018377,0.7154850581018377,35368079.00974308,35368079.00974308,49432309.744627826
SSP1,"Pacific, Northwest",272,2081,0.7130066022649277,0.7130066022649277,35245563.213124566,35245563.213124566,49432309.744627826
SSP1,"Pacific, Northwest",272,2082,0.7105367318530605,0.7105367318530605,35123471.81389605,35123471.81389605,49432309.744627826
SSP1,"Pacific, Northwest",272,2083,0.7080754171261365,0.7080754171261365,35001803.34193573,35001803.34193573,49432309.744627826
SSP1,"Pacific, Northwest",272,2084,0.7056226284470766,0.7056226284470766,34880556.332214326,34880556.332214326,49432309.744627826
SSP1,"Pacific, Northwest",272,2085,0.7031783362814652,0.7031783362814652,34759729.324777454,34759729.324777454,49432309.744627826
SSP1,"Pacific, Northwest",272,2086,0.7007425111971944,0.7007425111971944,34639320.86472805,34639320.86472805,49432309.744627826
SSP1,"Pacific, Northwest",272,2087,0.69831512386411,0.69831512386411,34519329.50220883,34519329.50220883,49432309.744627826
SSP1,"Pacific, Northwest",272,2088,0.6958961450536578,0.6958961450536578,34399753.79238487,34399753.79238487,49432309.744627826
SSP1,"Pacific, Northwest",272,2089,0.6934855456385324,0.6934855456385324,34280592.29542617,34280592.29542617,49432309.744627826
SSP1,"Pacific, Northwest",272,2090,0.6910832965923254,0.6910832965923254,34161843.57649033,34161843.57649033,49432309.744627826
SSP1,"Pacific, Northwest",272,2091,0.6886893689891771,0.6886893689891771,34043506.205705285,34043506.205705285,49432309.744627826
SSP1,"Pacific, Northwest",272,2092,0.6863037340034271,0.6863037340034271,33925578.758152075,33925578.758152075,49432309.744627826
SSP1,"Pacific, Northwest",272,2093,0.6839263629092683,0.6839263629092683,33808059.81384769,33808059.81384769,49432309.744627826
SSP1,"Pacific, Northwest",272,2094,0.6815572270804,0.6815572270804,33690947.957727976,33690947.957727976,49432309.744627826
SSP1,"Pacific, Northwest",272,2095,0.6791962979896835,0.6791962979896835,33574241.77963058,33574241.77963058,49432309.744627826
SSP1,"Pacific, Northwest",272,2096,0.6768435472087992,0.6768435472087992,33457939.87427799,33457939.87427799,49432309.744627826
SSP1,"Pacific, Northwest",272,2097,0.6744989464079035,0.6744989464079035,33342040.841260612,33342040.841260612,49432309.744627826
SSP1,"Pacific, Northwest",272,2098,0.6721624673552882,0.6721624673552882,33226543.285019893,33226543.285019893,49432309.744627826
SSP1,"Pacific, Northwest",272,2099,0.66983408191704,0.66983408191704,33111445.81483153,33111445.81483153,49432309.744627826
SSP1,"Pacific, Northwest",272,2100,0.6675137620567024,0.6675137620567024,32996747.04478871,32996747.04478871,49432309.744627826
SSP2,"Pacific, Northwest",272,2005,0.9281685760814187,0.9281685760814187,45881516.548086844,45881516.548086844,49432309.744627826
SSP2,"Pacific, Northwest",272,2006,0.9249533799023002,0.9249533799023002,45722581.97467092,45722581.97467092,49432309.744627826
SSP2,"Pacific, Northwest",272,2007,0.9217493212328288,0.9217493212328288,45564197.95408165,45564197.95408165,49432309.744627826
SSP2,"Pacific, Northwest",272,2008,0.9185563614924283,0.9185563614924283,45406362.57919204,45406362.57919204,49432309.744627826
SSP2,"Pacific, Northwest",272,2009,0.9153744622341664,0.9153744622341664,45249073.94948144,45249073.94948144,49432309.744627826
SSP2,"Pacific, Northwest",272,2010,0.9122035851442921,0.9122035851442921,45092330.17101263,45092330.17101263,49432309.744627826
SSP2,"Pacific, Northwest",272,2011,0.9090436920417737,0.9090436920417737,44936129.35640903,44936129.35640903,49432309.744627826
SSP2,"Pacific, Northwest",272,2012,0.9058947448778396,0.9058947448778396,44780469.62483197,44780469.62483197,49432309.744627826
SSP2,"Pacific, Northwest",272,2013,0.9027567057355198,0.9027567057355198,44625349.10195805,44625349.10195805,49432309.744627826
SSP2,"Pacific, Northwest",272,2014,0.8996295368291899,0.8996295368291899,44470765.91995658,44470765.91995658,49432309.744627826
SSP2,"Pacific, Northwest",272,2015,0.8965132005041152,0.8965132005041152,44316718.217467055,44316718.217467055,49432309.744627826
SSP2,"Pacific, Northwest",272,2016,0.8934076592359984,0.8934076592359984,44163204.13957678,44163204.13957678,49432309.744627826
SSP2,"Pacific, Northwest",272,2017,0.8903128756305266,0.8903128756305266,44010221.837798506,44010221.837798506,49432309.744627826
SSP2,"Pacific, Northwest",272,2018,0.8872288124229223,0.8872288124229223,43857769.4700482,43857769.4700482,49432309.744627826
SSP2,"Pacific, Northwest",272,2019,0.8841554324774934,0.8841554324774934,43705845.20062283,43705845.20062283,49432309.744627826
SSP2,"Pacific, Northwest",272,2020,0.8810926987871869,0.8810926987871869,43554447.20017829,43554447.20017829,49432309.744627826
SSP2,"Pacific, Northwest",272,2021,0.8780405744731429,0.8780405744731429,43403573.645707354,43403573.645707354,49432309.744627826
SSP2,"Pacific, Northwest",272,2022,0.8749990227842508,0.8749990227842508,43253222.72051775,43253222.72051775,49432309.744627826
SSP2,"Pacific, Northwest",272,2023,0.8719680070967067,0.8719680070967067,43103392.61421024,43103392.61421024,49432309.744627826
SSP2,"Pacific, Northwest",272,2024,0.8689474909135722,0.8689474909135722,42954081.52265687,42954081.52265687,49432309.744627826
SSP2,"Pacific, Northwest",272,2025,0.8659374378643352,0.8659374378643352,42805287.64797923,42805287.64797923,49432309.744627826
SSP2,"Pacific, Northwest",272,2026,0.8629378117044717,0.8629378117044717,42657009.19852677,42657009.19852677,49432309.744627826
SSP2,"Pacific, Northwest",272,2027,0.8599485763150099,0.8599485763150099,42509244.388855286,42509244.388855286,49432309.744627826
SSP2,"Pacific, Northwest",272,2028,0.8569696957020944,0.8569696957020944,42361991.43970538,42361991.43970538,49432309.744627826
SSP2,"Pacific, Northwest",272,2029,0.8540011339965535,0.8540011339965535,42215248.57798105,42215248.57798105,49432309.744627826
SSP2,"Pacific, Northwest",272,2030,0.8510428554534674,0.8510428554534674,42069014.03672832,42069014.03672832,49432309.744627826
SSP2,"Pacific, Northwest",272,2031,0.8480948244517368,0.8480948244517368,41923286.055114016,41923286.055114016,49432309.744627826
SSP2,"Pacific, Northwest",272,2032,0.8451570054936555,0.8451570054936555,41778062.8784045,41778062.8784045,49432309.744627826
SSP2,"Pacific, Northwest",272,2033,0.8422293632044815,0.8422293632044815,41633342.75794458,41633342.75794458,49432309.744627826
SSP2,"Pacific, Northwest",272,2034,0.8393118623320119,0.8393118623320119,41489123.95113644,41489123.95113644,49432309.744627826
SSP2,"Pacific, Northwest",272,2035,0.8364044677461582,0.8364044677461582,41345404.721418664,41345404.721418664,49432309.744627826
SSP2,"Pacific, Northwest",272,2036,0.8335071444385233,0.8335071444385233,41202183.338245325,41202183.338245325,49432309.744627826
SSP2,"Pacific, Northwest",272,2037,0.8306198575219799,0.8306198575219799,41059458.07706514,41059458.07706514,49432309.744627826
SSP2,"Pacific, Northwest",272,2038,0.8277425722302504,0.8277425722302504,40917227.21930071,40917227.21930071,49432309.744627826
SSP2,"Pacific, Northwest",272,2039,0.8248752539174885,0.8248752539174885,40775489.05232782,40775489.05232782,49432309.744627826
SSP2,"Pacific, Northwest",272,2040,0.8220178680578619,0.8220178680578619,40634241.86945484,40634241.86945484,49432309.744627826
SSP2,"Pacific, Northwest",272,2041,0.8191703802451363,0.8191703802451363,40493483.969902135,40493483.969902135,49432309.744627826
SSP2,"Pacific, Northwest",272,2042,0.8163327561922616,0.8163327561922616,40353213.658781625,40353213.658781625,49432309.744627826
SSP2,"Pacific, Northwest",272,2043,0.8135049617309585,0.8135049617309585,40213429.24707635,40213429.24707635,49432309.744627826
SSP2,"Pacific, Northwest",272,2044,0.8106869628113077,0.8106869628113077,40074129.05162014,40074129.05162014,49432309.744627826
SSP2,"Pacific, Northwest",272,2045,0.8078787255013393,0.8078787255013393,39935311.39507736,39935311.39507736,49432309.744627826
SSP2,"Pacific, Northwest",272,2046,0.8050802159866246,0.8050802159866246,39796974.6059227,39796974.6059227,49432309.744627826
SSP2,"Pacific, Northwest",272,2047,0.8022914005698689,0.8022914005698689,39659117.01842104,39659117.01842104,49432309.744627826
SSP2,"Pacific, Northwest",272,2048,0.7995122456705056,0.7995122456705056,39521736.97260741,39521736.97260741,49432309.744627826
SSP2,"Pacific, Northwest",272,2049,0.7967427178242917,0.7967427178242917,39384832.814266995,39384832.814266995,49432309.744627826
SSP2,"Pacific, Northwest",272,2050,0.7939827836829053,0.7939827836829053,39248402.89491521,39248402.89491521,49432309.744627826
SSP2,"Pacific, Northwest",272,2051,0.7912324100135439,0.7912324100135439,39112445.571777865,39112445.571777865,49432309.744627826
SSP2,"Pacific, Northwest",272,2052,0.7884915636985238,0.7884915636985238,38976959.20777137,38976959.20777137,49432309.744627826
SSP2,"Pacific, Northwest",272,2053,0.785760211734882,0.785760211734882,38841942.17148303,38841942.17148303,49432309.744627826
SSP2,"Pacific, Northwest",272,2054,0.7830383212339783,0.7830383212339783,38707392.8371514,38707392.8371514,49432309.744627826
SSP2,"Pacific, Northwest",272,2055,0.7803258594210997,0.7803258594210997,38573309.58464671,38573309.58464671,49432309.744627826
SSP2,"Pacific, Northwest",272,2056,0.7776227936350651,0.7776227936350651,38439690.799451344,38439690.799451344,49432309.744627826
SSP2,"Pacific, Northwest",272,2057,0.774929091327833,0.774929091327833,38306534.87264043,38306534.87264043,49432309.744627826
SSP2,"Pacific, Northwest",272,2058,0.7722447200641087,0.7722447200641087,38173840.20086243,38173840.20086243,49432309.744627826
SSP2,"Pacific, Northwest",272,2059,0.7695696475209539,0.7695696475209539,38041605.18631985,38041605.18631985,49432309.744627826
SSP2,"Pacific, Northwest",272,2060,0.7669038414873979,0.7669038414873979,37909828.236750014,37909828.236750014,49432309.744627826
SSP2,"Pacific, Northwest",272,2061,0.7642472698640496,0.7642472698640496,37778507.76540587,37778507.76540587,49432309.744627826
SSP2,"Pacific, Northwest",272,2062,0.7615999006627107,0.7615999006627107,37647642.191036895,37647642.191036895,49432309.744627826
SSP2,"Pacific, Northwest",272,2063,0.7589617020059906,0.7589617020059906,37517229.93787005,37517229.93787005,49432309.744627826
SSP2,"Pacific, Northwest",272,2064,0.7563326421269231,0.7563326421269231,37387269.43559081,37387269.43559081,49432309.744627826
SSP2,"Pacific, Northwest",272,2065,0.7537126893685832,0.7537126893685832,37257759.11932426,37257759.11932426,49432309.744627826
SSP2,"Pacific, Northwest",272,2066,0.751101812183706,0.751101812183706,37128697.42961623,37128697.42961623,49432309.744627826
SSP2,"Pacific, Northwest",272,2067,0.7484999791343073,0.7484999791343073,37000082.81241454,37000082.81241454,49432309.744627826
SSP2,"Pacific, Northwest",272,2068,0.7459071588913047,0.7459071588913047,36871913.719050296,36871913.719050296,49432309.744627826
SSP2,"Pacific, Northwest",272,2069,0.7433233202341403,0.7433233202341403,36744188.6062192,36744188.6062192,49432309.744627826
SSP2,"Pacific, Northwest",272,2070,0.7407484320504051,0.7407484320504051,36616905.93596302,36616905.93596302,49432309.744627826
SSP2,"Pacific, Northwest",272,2071,0.7381824633354638,0.7381824633354638,36490064.17565102,36490064.17565102,49432309.744627826
SSP2,"Pacific, Northwest",272,2072,0.7356253831920825,0.7356253831920825,36363661.797961555,36363661.797961555,49432309.744627826
SSP2,"Pacific, Northwest",272,2073,0.7330771608300551,0.7330771608300551,36237697.280863635,36237697.280863635,49432309.744627826
SSP2,"Pacific, Northwest",272,2074,0.7305377655658343,0.7305377655658343,36112169.107598625,36112169.107598625,49432309.744627826
SSP2,"Pacific, Northwest",272,2075,0.7280071668221606,0.7280071668221606,35987075.76666199,35987075.76666199,49432309.744627826
SSP2,"Pacific, Northwest",272,2076,0.7254853341276953,0.7254853341276953,35862415.75178505,35862415.75178505,49432309.744627826
SSP2,"Pacific, Northwest",272,2077,0.7229722371166528,0.7229722371166528,35738187.561916895,35738187.561916895,49432309.744627826
SSP2,"Pacific, Northwest",272,2078,0.7204678455284352,0.7204678455284352,35614389.70120628,35614389.70120628,49432309.744627826
SSP2,"Pacific, Northwest",272,2079,0.7179721292072683,0.7179721292072683,35491020.678983636,35491020.678983636,49432309.744627826
SSP2,"Pacific, Northwest",272,2080,0.7154850581018377,0.7154850581018377,35368079.00974308,35368079.00974308,49432309.744627826
SSP2,"Pacific, Northwest",272,2081,0.7130066022649277,0.7130066022649277,35245563.213124566,35245563.213124566,49432309.744627826
SSP2,"Pacific, Northwest",272,2082,0.7105367318530605,0.7105367318530605,35123471.81389605,35123471.81389605,49432309.744627826
SSP2,"Pacific, Northwest",272,2083,0.7080754171261365,0.7080754171261365,35001803.34193573,35001803.34193573,49432309.744627826
SSP2,"Pacific, Northwest",272,2084,0.7056226284470766,0.7056226284470766,34880556.332214326,34880556.332214326,49432309.744627826
SSP2,"Pacific, Northwest",272,2085,0.7031783362814652,0.7031783362814652,34759729.324777454,34759729.324777454,49432309.744627826
SSP2,"Pacific, Northwest",272,2086,0.7007425111971944,0.7007425111971944,34639320.86472805,34639320.86472805,49432309.744627826
SSP2,"Pacific, Northwest",272,2087,0.69831512386411,0.69831512386411,34519329.50220883,34519329.50220883,49432309.744627826
SSP2,"Pacific, Northwest",272,2088,0.6958961450536578,0.6958961450536578,34399753.79238487,34399753.79238487,49432309.744627826
SSP2,"Pacific, Northwest",272,2089,0.6934855456385324,0.6934855456385324,34280592.29542617,34280592.29542617,49432309.744627826
SSP2,"Pacific, Northwest",272,2090,0.6910832965923254,0.6910832965923254,34161843.57649033,34161843.57649033,49432309.744627826
SSP2,"Pacific, Northwest",272,2091,0.6886893689891771,0.6886893689891771,34043506.205705285,34043506.205705285,49432309.744627826
SSP2,"Pacific, Northwest",272,2092,0.6863037340034271,0.6863037340034271,33925578.758152075,33925578.758152075,49432309.744627826
SSP2,"Pacific, Northwest",272,2093,0.6839263629092683,0.6839263629092683,33808059.81384769,33808059.81384769,49432309.744627826
SSP2,"Pacific, Northwest",272,2094,0.6815572270804,0.6815572270804,33690947.957727976,33690947.957727976,49432309.744627826
SSP2,"Pacific, Northwest",272,2095,0.6791962979896835,0.6791962979896835,33574241.77963058,33574241.77963058,49432309.744627826
SSP2,"Pacific, Northwest",272,2096,0.6768435472087992,0.6768435472087992,33457939.87427799,33457939.87427799,49432309.744627826
SSP2,"Pacific, Northwest",272,2097,0.6744989464079035,0.6744989464079035,33342040.841260612,33342040.841260612,49432309.744627826
SSP2,"Pacific, Northwest",272,2098,0.6721624673552882,0.6721624673552882,33226543.285019893,33226543.285019893,49432309.744627826
SSP2,"Pacific, Northwest",272,2099,0.66983408191704,0.66983408191704,33111445.81483153,33111445.81483153,49432309.744627826
SSP2,"Pacific, Northwest",272,2100,0.6675137620567024,0.6675137620567024,32996747.04478871,32996747.04478871,49432309.744627826
SSP3,"Pacific, Northwest",272,2005,0.9281685760814187,0.9281685760814187,45881516.548086844,45881516.548086844,49432309.744627826
SSP3,"Pacific, Northwest",272,2006,0.9249533799023002,0.9249533799023002,45722581.97467092,45722581.97467092,49432309.744627826
SSP3,"Pacific, Northwest",272,2007,0.9217493212328288,0.9217493212328288,45564197.95408165,45564197.95408165,49432309.744627826
SSP3,"Pacific, Northwest",272,2008,0.9185563614924283,0.9185563614924283,45406362.57919204,45406362.57919204,49432309.744627826
SSP3,"Pacific, Northwest",272,2009,0.9153744622341664,0.9153744622341664,45249073.94948144,45249073.94948144,49432309.744627826
SSP3,"Pacific, Northwest",272,2010,0.9122035851442921,0.9122035851442921,45092330.17101263,45092330.17101263,49432309.744627826
SSP3,"Pacific, Northwest",272,2011,0.9090436920417737,0.9090436920417737,44936129.35640903,44936129.35640903,49432309.744627826
SSP3,"Pacific, Northwest",272,2012,0.9058947448778396,0.9058947448778396,44780469.62483197,44780469.62483197,49432309.744627826
SSP3,"Pacific, Northwest",272,2013,0.9027567057355198,0.9027567057355198,44625349.10195805,44625349.10195805,49432309.744627826
SSP3,"Pacific, Northwest",272,2014,0.8996295368291899,0.8996295368291899,44470765.91995658,44470765.91995658,49432309.744627826
SSP3,"Pacific, Northwest",272,2015,0.8965132005041152,0.8965132005041152,44316718.217467055,44316718.217467055,49432309.744627826
SSP3,"Pacific, Northwest",272,2016,0.8934076592359984,0.8934076592359984,44163204.13957678,44163204.13957678,49432309.744627826
SSP3,"Pacific, Northwest",272,2017,0.8903128756305266,0.8903128756305266,44010221.837798506,44010221.837798506,49432309.744627826
SSP3,"Pacific, Northwest",272,2018,0.8872288124229223,0.8872288124229223,43857769.4700482,43857769.4700482,49432309.744627826
SSP3,"Pacific, Northwest",272,2019,0.8841554324774934,0.8841554324774934,43705845.20062283,43705845.20062283,49432309.744627826
SSP3,"Pacific, Northwest",272,2020,0.8810926987871869,0.8810926987871869,43554447.20017829,43554447.20017829,49432309.744627826
SSP3,"Pacific, Northwest",272,2021,0.8780405744731429,0.8780405744731429,43403573.645707354,43403573.645707354,49432309.744627826
SSP3,"Pacific, Northwest",272,2022,0.8749990227842508,0.8749990227842508,43253222.72051775,43253222.72051775,49432309.744627826
SSP3,"Pacific, Northwest",272,2023,0.8719680070967067,0.8719680070967067,43103392.61421024,43103392.61421024,49432309.744627826
SSP3,"Pacific, Northwest",272,2024,0.8689474909135722,0.8689474909135722,42954081.52265687,42954081.52265687,49432309.744627826
SSP3,"Pacific, Northwest",272,2025,0.8659374378643352,0.8659374378643352,42805287.64797923,42805287.64797923,49432309.744627826
SSP3,"Pacific, Northwest",272,2026,0.8629378117044717,0.8629378117044717,42657009.19852677,42657009.19852677,49432309.744627826
SSP3,"Pacific, Northwest",272,2027,0.8599485763150099,0.8599485763150099,42509244.388855286,42509244.388855286,49432309.744627826
SSP3,"Pacific, Northwest",272,2028,0.8569696957020944,0.8569696957020944,42361991.43970538,42361991.43970538,49432309.744627826
SSP3,"Pacific, Northwest",272,2029,0.8540011339965535,0.8540011339965535,42215248.57798105,42215248.57798105,49432309.744627826
SSP3,"Pacific, Northwest",272,2030,0.8510428554534674,0.8510428554534674,42069014.03672832,42069014.03672832,49432309.744627826
SSP3,"Pacific, Northwest",272,2031,0.8480948244517368,0.8480948244517368,41923286.055114016,41923286.055114016,49432309.744627826
SSP3,"Pacific, Northwest",272,2032,0.8451570054936555,0.8451570054936555,41778062.8784045,41778062.8784045,49432309.744627826
SSP3,"Pacific, Northwest",272,2033,0.8422293632044815,0.8422293632044815,41633342.75794458,41633342.75794458,49432309.744627826
SSP3,"Pacific, Northwest",272,2034,0.8393118623320119,0.8393118623320119,41489123.95113644,41489123.95113644,49432309.744627826
SSP3,"Pacific, Northwest",272,2035,0.8364044677461582,0.8364044677461582,41345404.721418664,41345404.721418664,49432309.744627826
SSP3,"Pacific, Northwest",272,2036,0.8335071444385233,0.8335071444385233,41202183.338245325,41202183.338245325,49432309.744627826
SSP3,"Pacific, Northwest",272,2037,0.8306198575219799,0.8306198575219799,41059458.07706514,41059458.07706514,49432309.744627826
SSP3,"Pacific, Northwest",272,2038,0.8277425722302504,0.8277425722302504,40917227.21930071,40917227.21930071,49432309.744627826
SSP3,"Pacific, Northwest",272,2039,0.8248752539174885,0.8248752539174885,40775489.05232782,40775489.05232782,49432309.744627826
SSP3,"Pacific, Northwest",272,2040,0.8220178680578619,0.8220178680578619,40634241.86945484,40634241.86945484,49432309.744627826
SSP3,"Pacific, Northwest",272,2041,0.8191703802451363,0.8191703802451363,40493483.969902135,40493483.969902135,49432309.744627826
SSP3,"Pacific, Northwest",272,2042,0.8163327561922616,0.8163327561922616,40353213.658781625,40353213.658781625,49432309.744627826
SSP3,"Pacific, Northwest",272,2043,0.8135049617309585,0.8135049617309585,40213429.24707635,40213429.24707635,49432309.744627826
SSP3,"Pacific, Northwest",272,2044,0.8106869628113077,0.8106869628113077,40074129.05162014,40074129.05162014,49432309.744627826
SSP3,"Pacific, Northwest",272,2045,0.8078787255013393,0.8078787255013393,39935311.39507736,39935311.39507736,49432309.744627826
SSP3,"Pacific, Northwest",272,2046,0.8050802159866246,0.8050802159866246,39796974.6059227,39796974.6059227,49432309.744627826
SSP3,"Pacific, Northwest",272,2047,0.8022914005698689,0.8022914005698689,39659117.01842104,39659117.01842104,49432309.744627826
SSP3,"Pacific, Northwest",272,2048,0.7995122456705056,0.7995122456705056,39521736.97260741,39521736.97260741,49432309.744627826
SSP3,"Pacific, Northwest",272,2049,0.7967427178242917,0.7967427178242917,39384832.814266995,39384832.814266995,49432309.744627826
SSP3,"Pacific, Northwest",272,2050,0.7939827836829053,0.7939827836829053,39248402.89491521,39248402.89491521,49432309.744627826
SSP3,"Pacific, Northwest",272,2051,0.7912324100135439,0.7912324100135439,39112445.571777865,39112445.571777865,49432309.744627826
SSP3,"Pacific, Northwest",272,2052,0.7884915636985238,0.7884915636985238,38976959.20777137,38976959.20777137,49432309.744627826
SSP3,"Pacific, Northwest",272,2053,0.785760211734882,0.785760211734882,38841942.17148303,38841942.17148303,49432309.744627826
SSP3,"Pacific, Northwest",272,2054,0.7830383212339783,0.7830383212339783,38707392.8371514,38707392.8371514,49432309.744627826
SSP3,"Pacific, Northwest",272,2055,0.7803258594210997,0.7803258594210997,38573309.58464671,38573309.58464671,49432309.744627826
SSP3,"Pacific, Northwest",272,2056,0.7776227936350651,0.7776227936350651,38439690.799451344,38439690.799451344,49432309.744627826
SSP3,"Pacific, Northwest",272,2057,0.774929091327833,0.774929091327833,38306534.87264043,38306534.87264043,49432309.744627826
SSP3,"Pacific, Northwest",272,2058,0.7722447200641087,0.7722447200641087,38173840.20086243,38173840.20086243,49432309.744627826
SSP3,"Pacific, Northwest",272,2059,0.7695696475209539,0.7695696475209539,38041605.18631985,38041605.18631985,49432309.744627826
SSP3,"Pacific, Northwest",272,2060,0.7669038414873979,0.7669038414873979,37909828.236750014,37909828.236750014,49432309.744627826
SSP3,"Pacific, Northwest",272,2061,0.7642472698640496,0.7642472698640496,37778507.76540587,37778507.76540587,49432309.744627826
SSP3,"Pacific, Northwest",272,2062,0.7615999006627107,0.7615999006627107,37647642.191036895,37647642.191036895,49432309.744627826
SSP3,"Pacific, Northwest",272,2063,0.7589617020059906,0.7589617020059906,37517229.93787005,37517229.93787005,49432309.744627826
SSP3,"Pacific, Northwest",272,2064,0.7563326421269231,0.7563326421269231,37387269.43559081,37387269.43559081,49432309.744627826
SSP3,"Pacific, Northwest",272,2065,0.7537126893685832,0.7537126893685832,37257759.11932426,37257759.11932426,49432309.744627826
SSP3,"Pacific, Northwest",272,2066,0.751101812183706,0.751101812183706,37128697.42961623,37128697.42961623,49432309.744627826
SSP3,"Pacific, Northwest",272,2067,0.7484999791343073,0.7484999791343073,37000082.81241454,37000082.81241454,49432309.744627826
SSP3,"Pacific, Northwest",272,2068,0.7459071588913047,0.7459071588913047,36871913.719050296,36871913.719050296,49432309.744627826
SSP3,"Pacific, Northwest",272,2069,0.7433233202341403,0.7433233202341403,36744188.6062192,36744188.6062192,49432309.744627826
SSP3,"Pacific, Northwest",272,2070,0.7407484320504051,0.7407484320504051,36616905.93596302,36616905.93596302,49432309.744627826
SSP3,"Pacific, Northwest",272,2071,0.7381824633354638,0.7381824633354638,36490064.17565102,36490064.17565102,49432309.744627826
SSP3,"Pacific, Northwest",272,2072,0.7356253831920825,0.7356253831920825,36363661.797961555,36363661.797961555,49432309.744627826
SSP3,"Pacific, Northwest",272,2073,0.7330771608300551,0.7330771608300551,36237697.280863635,36237697.280863635,49432309.744627826
SSP3,"Pacific, Northwest",272,2074,0.7305377655658343,0.7305377655658343,36112169.107598625,36112169.107598625,49432309.744627826
SSP3,"Pacific, Northwest",272,2075,0.7280071668221606,0.7280071668221606,35987075.76666199,35987075.76666199,49432309.744627826
SSP3,"Pacific, Northwest",272,2076,0.7254853341276953,0.7254853341276953,35862415.75178505,35862415.75178505,49432309.744627826
SSP3,"Pacific, Northwest",272,2077,0.7229722371166528,0.7229722371166528,35738187.561916895,35738187.561916895,49432309.744627826
SSP3,"Pacific, Northwest",272,2078,0.7204678455284352,0.7204678455284352,35614389.70120628,35614389.70120628,49432309.744627826
SSP3,"Pacific, Northwest",272,2079,0.7179721292072683,0.7179721292072683,35491020.678983636,35491020.678983636,49432309.744627826
SSP3,"Pacific, Northwest",272,2080,0.7154850581018377,0.7154850581018377,35368079.00974308,35368079.00974308,49432309.744627826
SSP3,"Pacific, Northwest",272,2081,0.7130066022649277,0.7130066022649277,35245563.213124566,35245563.213124566,49432309.744627826
SSP3,"Pacific, Northwest",272,2082,0.7105367318530605,0.7105367318530605,35123471.81389605,35123471.81389605,49432309.744627826
SSP3,"Pacific, Northwest",272,2083,0.7080754171261365,0.7080754171261365,35001803.34193573,35001803.34193573,49432309.744627826
SSP3,"Pacific, Northwest",272,2084,0.7056226284470766,0.7056226284470766,34880556.332214326,34880556.332214326,49432309.744627826
SSP3,"Pacific, Northwest",272,2085,0.7031783362814652,0.7031783362814652,34759729.324777454,34759729.324777454,49432309.744627826
SSP3,"Pacific, Northwest",272,2086,0.7007425111971944,0.7007425111971944,34639320.86472805,34639320.86472805,49432309.744627826
SSP3,"Pacific, Northwest",272,2087,0.69831512386411,0.69831512386411,34519329.50220883,34519329.50220883,49432309.744627826
SSP3,"Pacific, Northwest",272,2088,0.6958961450536578,0.6958961450536578,34399753.79238487,34399753.79238487,49432309.744627826
SSP3,"Pacific, Northwest",272,2089,0.6934855456385324,0.6934855456385324,34280592.29542617,34280592.29542617,49432309.744627826
SSP3,"Pacific, Northwest",272,2090,0.6910832965923254,0.6910832965923254,34161843.57649033,34161843.57649033,49432309.744627826
SSP3,"Pacific, Northwest",272,2091,0.6886893689891771,0.6886893689891771,34043506.205705285,34043506.205705285,49432309.744627826
SSP3,"Pacific, Northwest",272,2092,0.6863037340034271,0.6863037340034271,33925578.758152075,33925578.758152075,49432309.744627826
SSP3,"Pacific, Northwest",272,2093,0.6839263629092683,0.6839263629092683,33808059.81384769,33808059.81384769,49432309.744627826
SSP3,"Pacific, Northwest",272,2094,0.6815572270804,0.6815572270804,33690947.957727976,33690947.957727976,49432309.744627826
SSP3,"Pacific, Northwest",272,2095,0.6791962979896835,0.6791962979896835,33574241.77963058,33574241.77963058,49432309.744627826
SSP3,"Pacific, Northwest",272,2096,0.6768435472087992,0.6768435472087992,33457939.87427799,33457939.87427799,49432309.744627826
SSP3,"Pacific, Northwest",272,2097,0.6744989464079035,0.6744989464079035,33342040.841260612,33342040.841260612,49432309.744627826
SSP3,"Pacific, Northwest",272,2098,0.6721624673552882,0.6721624673552882,33226543.285019893,33226543.285019893,49432309.744627826
SSP3,"Pacific, Northwest",272,2099,0.66983408191704,0.66983408191704,33111445.81483153,33111445.81483153,49432309.744627826
SSP3,"Pacific, Northwest",272,2100,0.6675137620567024,0.6675137620567024,32996747.04478871,32996747.04478871,49432309.744627826
SSP4,"Pacific, Northwest",272,2005,0.9281685760814187,0.9281685760814187,45881516.548086844,45881516.548086844,49432309.744627826
SSP4,"Pacific, Northwest",272,2006,0.9249533799023002,0.9249533799023002,45722581.97467092,45722581.97467092,49432309.744627826
SSP4,"Pacific, Northwest",272,2007,0.9217493212328288,0.9217493212328288,45564197.95408165,45564197.95408165,49432309.744627826
SSP4,"Pacific, Northwest",272,2008,0.9185563614924283,0.9185563614924283,45406362.57919204,45406362.57919204,49432309.744627826
SSP4,"Pacific, Northwest",272,2009,0.9153744622341664,0.9153744622341664,45249073.94948144,45249073.94948144,49432309.744627826
SSP4,"Pacific, Northwest",272,2010,0.9122035851442921,0.9122035851442921,45092330.17101263,45092330.17101263,49432309.744627826
SSP4,"Pacific, Northwest",272,2011,0.9090436920417737,0.9090436920417737,44936129.35640903,44936129.35640903,49432309.744627826
SSP4,"Pacific, Northwest",272,2012,0.9058947448778396,0.9058947448778396,44780469.62483197,44780469.62483197,49432309.744627826
SSP4,"Pacific, Northwest",272,2013,0.9027567057355198,0.9027567057355198,44625349.10195805,44625349.10195805,49432309.744627826
SSP4,"Pacific, Northwest",272,2014,0.8996295368291899,0.8996295368291899,44470765.91995658,44470765.91995658,49432309.744627826
SSP4,"Pacific, Northwest",272,2015,0.8965132005041152,0.8965132005041152,44316718.217467055,44316718.217467055,49432309.744627826
SSP4,"Pacific, Northwest",272,2016,0.8934076592359984,0.8934076592359984,44163204.13957678,44163204.13957678,49432309.744627826
SSP4,"Pacific, Northwest",272,2017,0.8903128756305266,0.8903128756305266,44010221.837798506,44010221.837798506,49432309.744627826
SSP4,"Pacific, Northwest",272,2018,0.8872288124229223,0.8872288124229223,43857769.4700482,43857769.4700482,49432309.744627826
SSP4,"Pacific, Northwest",272,2019,0.8841554324774934,0.8841554324774934,43705845.20062283,43705845.20062283,49432309.744627826
SSP4,"Pacific, Northwest",272,2020,0.8810926987871869,0.8810926987871869,43554447.20017829,43554447.20017829,49432309.744627826
SSP4,"Pacific, Northwest",272,2021,0.8780405744731429,0.8780405744731429,43403573.645707354,43403573.645707354,49432309.744627826
SSP4,"Pacific, Northwest",272,2022,0.8749990227842508,0.8749990227842508,43253222.72051775,43253222.72051775,49432309.744627826
SSP4,"Pacific, Northwest",272,2023,0.8719680070967067,0.8719680070967067,43103392.61421024,43103392.61421024,49432309.744627826
SSP4,"Pacific, Northwest",272,2024,0.8689474909135722,0.8689474909135722,42954081.52265687,42954081.52265687,49432309.744627826
SSP4,"Pacific, Northwest",272,2025,0.8659374378643352,0.8659374378643352,42805287.64797923,42805287.64797923,49432309.744627826
SSP4,"Pacific, Northwest",272,2026,0.8629378117044717,0.8629378117044717,42657009.19852677,42657009.19852677,49432309.744627826
SSP4,"Pacific, Northwest",272,2027,0.8599485763150099,0.8599485763150099,42509244.388855286,42509244.388855286,49432309.744627826
SSP4,"Pacific, Northwest",272,2028,0.8569696957020944,0.8569696957020944,42361991.43970538,42361991.43970538,49432309.744627826
SSP4,"Pacific, Northwest",272,2029,0.8540011339965535,0.8540011339965535,42215248.57798105,42215248.57798105,49432309.744627826
SSP4,"Pacific, Northwest",272,2030,0.8510428554534674,0.8510428554534674,42069014.03672832,42069014.03672832,49432309.744627826
SSP4,"Pacific, Northwest",272,2031,0.8480948244517368,0.8480948244517368,41923286.055114016,41923286.055114016,49432309.744627826
SSP4,"Pacific, Northwest",272,2032,0.8451570054936555,0.8451570054936555,41778062.8784045,41778062.8784045,49432309.744627826
SSP4,"Pacific, Northwest",272,2033,0.8422293632044815,0.8422293632044815,41633342.75794458,41633342.75794458,49432309.744627826
SSP4,"Pacific, Northwest",272,2034,0.8393118623320119,0.8393118623320119,41489123.95113644,41489123.95113644,49432309.744627826
SSP4,"Pacific, Northwest",272,2035,0.8364044677461582,0.8364044677461582,41345404.721418664,41345404.721418664,49432309.744627826
SSP4,"Pacific, Northwest",272,2036,0.8335071444385233,0.8335071444385233,41202183.338245325,41202183.338245325,49432309.744627826
SSP4,"Pacific, Northwest",272,2037,0.8306198575219799,0.8306198575219799,41059458.07706514,41059458.07706514,49432309.744627826
SSP4,"Pacific, Northwest",272,2038,0.8277425722302504,0.8277425722302504,40917227.21930071,40917227.21930071,49432309.744627826
SSP4,"Pacific, Northwest",272,2039,0.8248752539174885,0.8248752539174885,40775489.05232782,40775489.05232782,49432309.744627826
SSP4,"Pacific, Northwest",272,2040,0.8220178680578619,0.8220178680578619,40634241.86945484,40634241.86945484,49432309.744627826
SSP4,"Pacific, Northwest",272,2041,0.8191703802451363,0.8191703802451363,40493483.969902135,40493483.969902135,49432309.744627826
SSP4,"Pacific, Northwest",272,2042,0.8163327561922616,0.8163327561922616,40353213.658781625,40353213.658781625,49432309.744627826
SSP4,"Pacific, Northwest",272,2043,0.8135049617309585,0.8135049617309585,40213429.24707635,40213429.24707635,49432309.744627826
SSP4,"Pacific, Northwest",272,2044,0.8106869628113077,0.8106869628113077,40074129.05162014,40074129.05162014,49432309.744627826
SSP4,"Pacific, Northwest",272,2045,0.8078787255013393,0.8078787255013393,39935311.39507736,39935311.39507736,49432309.744627826
SSP4,"Pacific, Northwest",272,2046,0.8050802159866246,0.8050802159866246,39796974.6059227,39796974.6059227,49432309.744627826
SSP4,"Pacific, Northwest",272,2047,0.8022914005698689,0.8022914005698689,39659117.01842104,39659117.01842104,49432309.744627826
SSP4,"Pacific, Northwest",272,2048,0.7995122456705056,0.7995122456705056,39521736.97260741,39521736.97260741,49432309.744627826
SSP4,"Pacific, Northwest",272,2049,0.7967427178242917,0.7967427178242917,39384832.814266995,39384832.814266995,49432309.744627826
SSP4,"Pacific, Northwest",272,2050,0.7939827836829053,0.7939827836829053,39248402.89491521,39248402.89491521,49432309.744627826
SSP4,"Pacific, Northwest",272,2051,0.7912324100135439,0.7912324100135439,39112445.571777865,39112445.571777865,49432309.744627826
SSP4,"Pacific, Northwest",272,2052,0.7884915636985238,0.7884915636985238,38976959.20777137,38976959.20777137,49432309.744627826
SSP4,"Pacific, Northwest",272,2053,0.785760211734882,0.785760211734882,38841942.17148303,38841942.17148303,49432309.744627826
SSP4,"Pacific, Northwest",272,2054,0.7830383212339783,0.7830383212339783,38707392.8371514,38707392.8371514,49432309.744627826
SSP4,"Pacific, Northwest",272,2055,0.7803258594210997,0.7803258594210997,38573309.58464671,38573309.58464671,49432309.744627826
SSP4,"Pacific, Northwest",272,2056,0.7776227936350651,0.7776227936350651,38439690.799451344,38439690.799451344,49432309.744627826
SSP4,"Pacific, Northwest",272,2057,0.774929091327833,0.774929091327833,38306534.87264043,38306534.87264043,49432309.744627826
SSP4,"Pacific, Northwest",272,2058,0.7722447200641087,0.7722447200641087,38173840.20086243,38173840.20086243,49432309.744627826
SSP4,"Pacific, Northwest",272,2059,0.7695696475209539,0.7695696475209539,38041605.18631985,38041605.18631985,49432309.744627826
SSP4,"Pacific, Northwest",272,2060,0.7669038414873979,0.7669038414873979,37909828.236750014,37909828.236750014,49432309.744627826
SSP4,"Pacific, Northwest",272,2061,0.7642472698640496,0.7642472698640496,37778507.76540587,37778507.76540587,49432309.744627826
SSP4,"Pacific, Northwest",272,2062,0.7615999006627107,0.7615999006627107,37647642.191036895,37647642.191036895,49432309.744627826
SSP4,"Pacific, Northwest",272,2063,0.7589617020059906,0.7589617020059906,37517229.93787005,37517229.93787005,49432309.744627826
SSP4,"Pacific, Northwest",272,2064,0.7563326421269231,0.7563326421269231,37387269.43559081,37387269.43559081,49432309.744627826
SSP4,"Pacific, Northwest",272,2065,0.7537126893685832,0.7537126893685832,37257759.11932426,37257759.11932426,49432309.744627826
SSP4,"Pacific, Northwest",272,2066,0.751101812183706,0.751101812183706,37128697.42961623,37128697.42961623,49432309.744627826
SSP4,"Pacific, Northwest",272,2067,0.7484999791343073,0.7484999791343073,37000082.81241454,37000082.81241454,49432309.744627826
SSP4,"Pacific, Northwest",272,2068,0.7459071588913047,0.7459071588913047,36871913.719050296,36871913.719050296,49432309.744627826
SSP4,"Pacific, Northwest",272,2069,0.7433233202341403,0.7433233202341403,36744188.6062192,36744188.6062192,49432309.744627826
SSP4,"Pacific, Northwest",272,2070,0.7407484320504051,0.7407484320504051,36616905.93596302,36616905.93596302,49432309.744627826
SSP4,"Pacific, Northwest",272,2071,0.7381824633354638,0.7381824633354638,36490064.17565102,36490064.17565102,49432309.744627826
SSP4,"Pacific, Northwest",272,2072,0.7356253831920825,0.7356253831920825,36363661.797961555,36363661.797961555,49432309.744627826
SSP4,"Pacific, Northwest",272,2073,0.7330771608300551,0.7330771608300551,36237697.280863635,36237697.280863635,49432309.744627826
SSP4,"Pacific, Northwest",272,2074,0.7305377655658343,0.7305377655658343,36112169.107598625,36112169.107598625,49432309.744627826
SSP4,"Pacific, Northwest",272,2075,0.7280071668221606,0.7280071668221606,35987075.76666199,35987075.76666199,49432309.744627826
SSP4,"Pacific, Northwest",272,2076,0.7254853341276953,0.7254853341276953,35862415.75178505,35862415.75178505,49432309.744627826
SSP4,"Pacific, Northwest",272,2077,0.7229722371166528,0.7229722371166528,35738187.561916895,35738187.561916895,49432309.744627826
SSP4,"Pacific, Northwest",272,2078,0.7204678455284352,0.7204678455284352,35614389.70120628,35614389.70120628,49432309.744627826
SSP4,"Pacific, Northwest",272,2079,0.7179721292072683,0.7179721292072683,35491020.678983636,35491020.678983636,49432309.744627826
SSP4,"Pacific, Northwest",272,2080,0.7154850581018377,0.7154850581018377,35368079.00974308,35368079.00974308,49432309.744627826
SSP4,"Pacific, Northwest",272,2081,0.7130066022649277,0.7130066022649277,35245563.213124566,35245563.213124566,49432309.744627826
SSP4,"Pacific, Northwest",272,2082,0.7105367318530605,0.7105367318530605,35123471.81389605,35123471.81389605,49432309.744627826
SSP4,"Pacific, Northwest",272,2083,0.7080754171261365,0.7080754171261365,35001803.34193573,35001803.34193573,49432309.744627826
SSP4,"Pacific, Northwest",272,2084,0.7056226284470766,0.7056226284470766,34880556.332214326,34880556.332214326,49432309.744627826
SSP4,"Pacific, Northwest",272,2085,0.7031783362814652,0.7031783362814652,34759729.324777454,34759729.324777454,49432309.744627826
SSP4,"Pacific, Northwest",272,2086,0.7007425111971944,0.7007425111971944,34639320.86472805,34639320.86472805,49432309.744627826
SSP4,"Pacific, Northwest",272,2087,0.69831512386411,0.69831512386411,34519329.50220883,34519329.50220883,49432309.744627826
SSP4,"Pacific, Northwest",272,2088,0.6958961450536578,0.6958961450536578,34399753.79238487,34399753.79238487,49432309.744627826
SSP4,"Pacific, Northwest",272,2089,0.6934855456385324,0.6934855456385324,34280592.29542617,34280592.29542617,49432309.744627826
SSP4,"Pacific, Northwest",272,2090,0.6910832965923254,0.6910832965923254,34161843.57649033,34161843.57649033,49432309.744627826
SSP4,"Pacific, Northwest",272,2091,0.6886893689891771,0.6886893689891771,34043506.205705285,34043506.205705285,49432309.744627826
SSP4,"Pacific, Northwest",272,2092,0.6863037340034271,0.6863037340034271,33925578.758152075,33925578.758152075,49432309.744627826
SSP4,"Pacific, Northwest",272,2093,0.6839263629092683,0.6839263629092683,33808059.81384769,33808059.81384769,49432309.744627826
SSP4,"Pacific, Northwest",272,2094,0.6815572270804,0.6815572270804,33690947.957727976,33690947.957727976,49432309.744627826
SSP4,"Pacific, Northwest",272,2095,0.6791962979896835,0.6791962979896835,33574241.77963058,33574241.77963058,49432309.744627826
SSP4,"Pacific, Northwest",272,2096,0.6768435472087992,0.6768435472087992,33457939.87427799,33457939.87427799,49432309.744627826
SSP4,"Pacific, Northwest",272,2097,0.6744989464079035,0.6744989464079035,33342040.841260612,33342040.841260612,49432309.744627826
SSP4,"Pacific, Northwest",272,2098,0.6721624673552882,0.6721624673552882,33226543.285019893,33226543.285019893,49432309.744627826
SSP4,"Pacific, Northwest",272,2099,0.66983408191704,0.66983408191704,33111445.81483153,33111445.81483153,49432309.744627826
SSP4,"Pacific, Northwest",272,2100,0.6675137620567024,0.6675137620567024,32996747.04478871,32996747.04478871,49432309.744627826
SSP5,"Pacific, Northwest",272,2005,0.9281685760814187,0.9281685760814187,45881516.548086844,45881516.548086844,49432309.744627826
SSP5,"Pacific, Northwest",272,2006,0.9249533799023002,0.9249533799023002,45722581.97467092,45722581.97467092,49432309.744627826
SSP5,"Pacific, Northwest",272,2007,0.9217493212328288,0.9217493212328288,45564197.95408165,45564197.95408165,49432309.744627826
SSP5,"Pacific, Northwest",272,2008,0.9185563614924283,0.9185563614924283,45406362.57919204,45406362.57919204,49432309.744627826
SSP5,"Pacific, Northwest",272,2009,0.9153744622341664,0.9153744622341664,45249073.94948144,45249073.94948144,49432309.744627826
SSP5,"Pacific, Northwest",272,2010,0.9122035851442921,0.9122035851442921,45092330.17101263,45092330.17101263,49432309.744627826
SSP5,"Pacific, Northwest",272,2011,0.9090436920417737,0.9090436920417737,44936129.35640903,44936129.35640903,49432309.744627826
SSP5,"Pacific, Northwest",272,2012,0.9058947448778396,0.9058947448778396,44780469.62483197,44780469.62483197,49432309.744627826
SSP5,"Pacific, Northwest",272,2013,0.9027567057355198,0.9027567057355198,44625349.10195805,44625349.10195805,49432309.744627826
SSP5,"Pacific, Northwest",272,2014,0.8996295368291899,0.8996295368291899,44470765.91995658,44470765.91995658,49432309.744627826
SSP5,"Pacific, Northwest",272,2015,0.8965132005041152,0.8965132005041152,44316718.217467055,44316718.217467055,49432309.744627826
SSP5,"Pacific, Northwest",272,2016,0.8934076592359984,0.8934076592359984,44163204.13957678,44163204.13957678,49432309.744627826
SSP5,"Pacific, Northwest",272,2017,0.8903128756305266,0.8903128756305266,44010221.837798506,44010221.837798506,49432309.744627826
SSP5,"Pacific, Northwest",272,2018,0.8872288124229223,0.8872288124229223,43857769.4700482,43857769.4700482,49432309.744627826
SSP5,"Pacific, Northwest",272,2019,0.8841554324774934,0.8841554324774934,43705845.20062283,43705845.20062283,49432309.744627826
SSP5,"Pacific, Northwest",272,2020,0.8810926987871869,0.8810926987871869,43554447.20017829,43554447.20017829,49432309.744627826
SSP5,"Pacific, Northwest",272,2021,0.8780405744731429,0.8780405744731429,43403573.645707354,43403573.645707354,49432309.744627826
SSP5,"Pacific, Northwest",272,2022,0.8749990227842508,0.8749990227842508,43253222.72051775,43253222.72051775,49432309.744627826
SSP5,"Pacific, Northwest",272,2023,0.8719680070967067,0.8719680070967067,43103392.61421024,43103392.61421024,49432309.744627826
SSP5,"Pacific, Northwest",272,2024,0.8689474909135722,0.8689474909135722,42954081.52265687,42954081.52265687,49432309.744627826
SSP5,"Pacific, Northwest",272,2025,0.8659374378643352,0.8659374378643352,42805287.64797923,42805287.64797923,49432309.744627826
SSP5,"Pacific, Northwest",272,2026,0.8629378117044717,0.8629378117044717,42657009.19852677,42657009.19852677,49432309.744627826
SSP5,"Pacific, Northwest",272,2027,0.8599485763150099,0.8599485763150099,42509244.388855286,42509244.388855286,49432309.744627826
SSP5,"Pacific, Northwest",272,2028,0.8569696957020944,0.8569696957020944,42361991.43970538,42361991.43970538,49432309.744627826
SSP5,"Pacific, Northwest",272,2029,0.8540011339965535,0.8540011339965535,42215248.57798105,42215248.57798105,49432309.744627826
SSP5,"Pacific, Northwest",272,2030,0.8510428554534674,0.8510428554534674,42069014.03672832,42069014.03672832,49432309.744627826
SSP5,"Pacific, Northwest",272,2031,0.8480948244517368,0.8480948244517368,41923286.055114016,41923286.055114016,49432309.744627826
SSP5,"Pacific, Northwest",272,2032,0.8451570054936555,0.8451570054936555,41778062.8784045,41778062.8784045,49432309.744627826
SSP5,"Pacific, Northwest",272,2033,0.8422293632044815,0.8422293632044815,41633342.75794458,41633342.75794458,49432309.744627826
SSP5,"Pacific, Northwest",272,2034,0.8393118623320119,0.8393118623320119,41489123.95113644,41489123.95113644,49432309.744627826
SSP5,"Pacific, Northwest",272,2035,0.8364044677461582,0.8364044677461582,41345404.721418664,41345404.721418664,49432309.744627826
SSP5,"Pacific, Northwest",272,2036,0.8335071444385233,0.8335071444385233,41202183.338245325,41202183.338245325,49432309.744627826
SSP5,"Pacific, Northwest",272,2037,0.8306198575219799,0.8306198575219799,41059458.07706514,41059458.07706514,49432309.744627826
SSP5,"Pacific, Northwest",272,2038,0.8277425722302504,0.8277425722302504,40917227.21930071,40917227.21930071,49432309.744627826
SSP5,"Pacific, Northwest",272,2039,0.8248752539174885,0.8248752539174885,40775489.05232782,40775489.05232782,49432309.744627826
SSP5,"Pacific, Northwest",272,2040,0.8220178680578619,0.8220178680578619,40634241.86945484,40634241.86945484,49432309.744627826
SSP5,"Pacific, Northwest",272,2041,0.8191703802451363,0.8191703802451363,40493483.969902135,40493483.969902135,49432309.744627826
SSP5,"Pacific, Northwest",272,2042,0.8163327561922616,0.8163327561922616,40353213.658781625,40353213.658781625,49432309.744627826
SSP5,"Pacific, Northwest",272,2043,0.8135049617309585,0.8135049617309585,40213429.24707635,40213429.24707635,49432309.744627826
SSP5,"Pacific, Northwest",272,2044,0.8106869628113077,0.8106869628113077,40074129.05162014,40074129.05162014,49432309.744627826
SSP5,"Pacific, Northwest",272,2045,0.8078787255013393,0.8078787255013393,39935311.39507736,39935311.39507736,49432309.744627826
SSP5,"Pacific, Northwest",272,2046,0.8050802159866246,0.8050802159866246,39796974.6059227,39796974.6059227,49432309.744627826
SSP5,"Pacific, Northwest",272,2047,0.8022914005698689,0.8022914005698689,39659117.01842104,39659117.01842104,49432309.744627826
SSP5,"Pacific, Northwest",272,2048,0.7995122456705056,0.7995122456705056,39521736.97260741,39521736.97260741,49432309.744627826
SSP5,"Pacific, Northwest",272,2049,0.7967427178242917,0.7967427178242917,39384832.814266995,39384832.814266995,49432309.744627826
SSP5,"Pacific, Northwest",272,2050,0.7939827836829053,0.7939827836829053,39248402.89491521,39248402.89491521,49432309.744627826
SSP5,"Pacific, Northwest",272,2051,0.7912324100135439,0.7912324100135439,39112445.571777865,39112445.571777865,49432309.744627826
SSP5,"Pacific, Northwest",272,2052,0.7884915636985238,0.7884915636985238,38976959.20777137,38976959.20777137,49432309.744627826
SSP5,"Pacific, Northwest",272,2053,0.785760211734882,0.785760211734882,38841942.17148303,38841942.17148303,49432309.744627826
SSP5,"Pacific, Northwest",272,2054,0.7830383212339783,0.7830383212339783,38707392.8371514,38707392.8371514,49432309.744627826
SSP5,"Pacific, Northwest",272,2055,0.7803258594210997,0.7803258594210997,38573309.58464671,38573309.58464671,49432309.744627826
SSP5,"Pacific, Northwest",272,2056,0.7776227936350651,0.7776227936350651,38439690.799451344,38439690.799451344,49432309.744627826
SSP5,"Pacific, Northwest",272,2057,0.774929091327833,0.774929091327833,38306534.87264043,38306534.87264043,49432309.744627826
SSP5,"Pacific, Northwest",272,2058,0.7722447200641087,0.7722447200641087,38173840.20086243,38173840.20086243,49432309.744627826
SSP5,"Pacific, Northwest",272,2059,0.7695696475209539,0.7695696475209539,38041605.18631985,38041605.18631985,49432309.744627826
SSP5,"Pacific, Northwest",272,2060,0.7669038414873979,0.7669038414873979,37909828.236750014,37909828.236750014,49432309.744627826
SSP5,"Pacific, Northwest",272,2061,0.7642472698640496,0.7642472698640496,37778507.76540587,37778507.76540587,49432309.744627826
SSP5,"Pacific, Northwest",272,2062,0.7615999006627107,0.7615999006627107,37647642.191036895,37647642.191036895,49432309.744627826
SSP5,"Pacific, Northwest",272,2063,0.7589617020059906,0.7589617020059906,37517229.93787005,37517229.93787005,49432309.744627826
SSP5,"Pacific, Northwest",272,2064,0.7563326421269231,0.7563326421269231,37387269.43559081,37387269.43559081,49432309.744627826
SSP5,"Pacific, Northwest",272,2065,0.7537126893685832,0.7537126893685832,37257759.11932426,37257759.11932426,49432309.744627826
SSP5,"Pacific, Northwest",272,2066,0.751101812183706,0.751101812183706,37128697.42961623,37128697.42961623,49432309.744627826
SSP5,"Pacific, Northwest",272,2067,0.7484999791343073,0.7484999791343073,37000082.81241454,37000082.81241454,49432309.744627826
SSP5,"Pacific, Northwest",272,2068,0.7459071588913047,0.7459071588913047,36871913.719050296,36871913.719050296,49432309.744627826
SSP5,"Pacific, Northwest",272,2069,0.7433233202341403,0.7433233202341403,36744188.6062192,36744188.6062192,49432309.744627826
SSP5,"Pacific, Northwest",272,2070,0.7407484320504051,0.7407484320504051,36616905.93596302,36616905.93596302,49432309.744627826
SSP5,"Pacific, Northwest",272,2071,0.7381824633354638,0.7381824633354638,36490064.17565102,36490064.17565102,49432309.744627826
SSP5,"Pacific, Northwest",272,2072,0.7356253831920825,0.7356253831920825,36363661.797961555,36363661.797961555,49432309.744627826
SSP5,"Pacific, Northwest",272,2073,0.7330771608300551,0.7330771608300551,36237697.280863635,36237697.280863635,49432309.744627826
SSP5,"Pacific, Northwest",272,2074,0.7305377655658343,0.7305377655658343,36112169.107598625,36112169.107598625,49432309.744627826
SSP5,"Pacific, Northwest",272,2075,0.7280071668221606,0.7280071668221606,35987075.76666199,35987075.76666199,49432309.744627826
SSP5,"Pacific, Northwest",272,2076,0.7254853341276953,0.7254853341276953,35862415.75178505,35862415.75178505,49432309.744627826
SSP5,"Pacific, Northwest",272,2077,0.7229722371166528,0.7229722371166528,35738187.561916895,35738187.561916895,49432309.744627826
SSP5,"Pacific, Northwest",272,2078,0.7204678455284352,0.7204678455284352,35614389.70120628,35614389.70120628,49432309.744627826
SSP5,"Pacific, Northwest",272,2079,0.7179721292072683,0.7179721292072683,35491020.678983636,35491020.678983636,49432309.744627826
SSP5,"Pacific, Northwest",272,2080,0.7154850581018377,0.7154850581018377,35368079.00974308,35368079.00974308,49432309.744627826
SSP5,"Pacific, Northwest",272,2081,0.7130066022649277,0.7130066022649277,35245563.213124566,35245563.213124566,49432309.744627826
SSP5,"Pacific, Northwest",272,2082,0.7105367318530605,0.7105367318530605,35123471.81389605,35123471.81389605,49432309.744627826
SSP5,"Pacific, Northwest",272,2083,0.7080754171261365,0.7080754171261365,35001803.34193573,35001803.34193573,49432309.744627826
SSP5,"Pacific, Northwest",272,2084,0.7056226284470766,0.7056226284470766,34880556.332214326,34880556.332214326,49432309.744627826
SSP5,"Pacific, Northwest",272,2085,0.7031783362814652,0.7031783362814652,34759729.324777454,34759729.324777454,49432309.744627826
SSP5,"Pacific, Northwest",272,2086,0.7007425111971944,0.7007425111971944,34639320.86472805,34639320.86472805,49432309.744627826
SSP5,"Pacific, Northwest",272,2087,0.69831512386411,0.69831512386411,34519329.50220883,34519329.50220883,49432309.744627826
SSP5,"Pacific, Northwest",272,2088,0.6958961450536578,0.6958961450536578,34399753.79238487,34399753.79238487,49432309.744627826
SSP5,"Pacific, Northwest",272,2089,0.6934855456385324,0.6934855456385324,34280592.29542617,34280592.29542617,49432309.744627826
SSP5,"Pacific, Northwest",272,2090,0.6910832965923254,0.6910832965923254,34161843.57649033,34161843.57649033,49432309.744627826
SSP5,"Pacific, Northwest",272,2091,0.6886893689891771,0.6886893689891771,34043506.205705285,34043506.205705285,49432309.744627826
SSP5,"Pacific, Northwest",272,2092,0.6863037340034271,0.6863037340034271,33925578.758152075,33925578.758152075,49432309.744627826
SSP5,"Pacific, Northwest",272,2093,0.6839263629092683,0.6839263629092683,33808059.81384769,33808059.81384769,49432309.744627826
SSP5,"Pacific, Northwest",272,2094,0.6815572270804,0.6815572270804,33690947.957727976,33690947.957727976,49432309.744627826
SSP5,"Pacific, Northwest",272,2095,0.6791962979896835,0.6791962979896835,33574241.77963058,33574241.77963058,49432309.744627826
SSP5,"Pacific, Northwest",272,2096,0.6768435472087992,0.6768435472087992,33457939.87427799,33457939.87427799,49432309.744627826
SSP5,"Pacific, Northwest",272,2097,0.6744989464079035,0.6744989464079035,33342040.841260612,33342040.841260612,49432309.744627826
SSP5,"Pacific, Northwest",272,2098,0.6721624673552882,0.6721624673552882,33226543.285019893,33226543.285019893,49432309.744627826
SSP5,"Pacific, Northwest",272,2099,0.66983408191704,0.66983408191704,33111445.81483153,33111445.81483153,49432309.744627826
SSP5,"Pacific, Northwest",272,2100,0.6675137620567024,0.6675137620567024,32996747.04478871,32996747.04478871,49432309.744627826
SSP1,"Pacific, Northeast",273,2005,0.9076644116138567,0.9076644116138567,23905662.564353734,23905662.564353734,26337556.324202128
SSP1,"Pacific, Northeast",273,2006,0.9045202423073895,0.9045202423073895,23822852.828151826,23822852.828151826,26337556.324202128
SSP1,"Pacific, Northeast",273,2007,0.9013869644719342,0.9013869644719342,23740329.94668115,23740329.94668115,26337556.324202128
SSP1,"Pacific, Northeast",273,2008,0.898264540379198,0.898264540379198,23658092.926270664,23658092.926270664,26337556.324202128
SSP1,"Pacific, Northeast",273,2009,0.8951529324315795,0.8951529324315795,23576140.776691426,23576140.776691426,26337556.324202128
SSP1,"Pacific, Northeast",273,2010,0.8920521031617161,0.8920521031617161,23494472.511144664,23494472.511144664,26337556.324202128
SSP1,"Pacific, Northeast",273,2011,0.8889620152320332,0.8889620152320332,23413087.146249905,23413087.146249905,26337556.324202128
SSP1,"Pacific, Northeast",273,2012,0.8858826314342945,0.8858826314342945,23331983.702033125,23331983.702033125,26337556.324202128
SSP1,"Pacific, Northeast",273,2013,0.8828139146891533,0.8828139146891533,23251161.201914947,23251161.201914947,26337556.324202128
SSP1,"Pacific, Northeast",273,2014,0.879755828045707,0.879755828045707,23170618.67269889,23170618.67269889,26337556.324202128
SSP1,"Pacific, Northeast",273,2015,0.8767083346810517,0.8767083346810517,23090355.144559648,23090355.144559648,26337556.324202128
SSP1,"Pacific, Northeast",273,2016,0.8736713978998386,0.8736713978998386,23010369.65103141,23010369.65103141,26337556.324202128
SSP1,"Pacific, Northeast",273,2017,0.8706449811338327,0.8706449811338327,22930661.228996217,22930661.228996217,26337556.324202128
SSP1,"Pacific, Northeast",273,2018,0.867629047941472,0.867629047941472,22851228.918672387,22851228.918672387,26337556.324202128
SSP1,"Pacific, Northeast",273,2019,0.8646235620074288,0.8646235620074288,22772071.763602927,22772071.763602927,26337556.324202128
SSP1,"Pacific, Northeast",273,2020,0.8616284871421727,0.8616284871421727,22693188.81064404,22693188.81064404,26337556.324202128
SSP1,"Pacific, Northeast",273,2021,0.8586437872815343,0.8586437872815343,22614579.109953642,22614579.109953642,26337556.324202128
SSP1,"Pacific, Northeast",273,2022,0.8556694264862718,0.8556694264862718,22536241.714979913,22536241.714979913,26337556.324202128
SSP1,"Pacific, Northeast",273,2023,0.8527053689416367,0.8527053689416367,22458175.682449915,22458175.682449915,26337556.324202128
SSP1,"Pacific, Northeast",273,2024,0.8497515789569451,0.8497515789569451,22380380.072358232,22380380.072358232,26337556.324202128
SSP1,"Pacific, Northeast",273,2025,0.846808020965145,0.846808020965145,22302853.947955642,22302853.947955642,26337556.324202128
SSP1,"Pacific, Northeast",273,2026,0.84387465952239,0.84387465952239,22225596.375737842,22225596.375737842,26337556.324202128
SSP1,"Pacific, Northeast",273,2027,0.8409514593076122,0.8409514593076122,22148606.42543421,22148606.42543421,26337556.324202128
SSP1,"Pacific, Northeast",273,2028,0.8380383851220963,0.8380383851220963,22071883.169996604,22071883.169996604,26337556.324202128
SSP1,"Pacific, Northeast",273,2029,0.835135401889056,0.835135401889056,21995425.685588192,21995425.685588192,26337556.324202128
SSP1,"Pacific, Northeast",273,2030,0.8322424746532123,0.8322424746532123,21919233.05157234,21919233.05157234,26337556.324202128
SSP1,"Pacific, Northeast",273,2031,0.8293595685803716,0.8293595685803716,21843304.350501515,21843304.350501515,26337556.324202128
SSP1,"Pacific, Northeast",273,2032,0.8264866489570069,0.8264866489570069,21767638.66810624,21767638.66810624,26337556.324202128
SSP1,"Pacific, Northeast",273,2033,0.8236236811898392,0.8236236811898392,21692235.093284085,21692235.093284085,26337556.324202128
SSP1,"Pacific, Northeast",273,2034,0.820770630805422,0.820770630805422,21617092.718088713,21617092.718088713,26337556.324202128
SSP1,"Pacific, Northeast",273,2035,0.8179274634497252,0.8179274634497252,21542210.637718916,21542210.637718916,26337556.324202128
SSP1,"Pacific, Northeast",273,2036,0.815094144887722,0.815094144887722,21467587.95050775,21467587.95050775,26337556.324202128
SSP1,"Pacific, Northeast",273,2037,0.8122706410029763,0.8122706410029763,21393223.757911656,21393223.757911656,26337556.324202128
SSP1,"Pacific, Northeast",273,2038,0.8094569177972321,0.8094569177972321,21319117.16449965,21319117.16449965,26337556.324202128
SSP1,"Pacific, Northeast",273,2039,0.8066529413900042,0.8066529413900042,21245267.277942553,21245267.277942553,26337556.324202128
SSP1,"Pacific, Northeast",273,2040,0.80385867801817,0.80385867801817,21171673.209002215,21171673.209002215,26337556.324202128
SSP1,"Pacific, Northeast",273,2041,0.8010740940355633,0.8010740940355633,21098334.07152084,21098334.07152084,26337556.324202128
SSP1,"Pacific, Northeast",273,2042,0.7982991559125686,0.7982991559125686,21025248.982410293,21025248.982410293,26337556.324202128
SSP1,"Pacific, Northeast",273,2043,0.7955338302357183,0.7955338302357183,20952417.061641484,20952417.061641484,26337556.324202128
SSP1,"Pacific, Northeast",273,2044,0.7927780837072892,0.7927780837072892,20879837.43223376,20879837.43223376,26337556.324202128
SSP1,"Pacific, Northeast",273,2045,0.7900318831449024,0.7900318831449024,20807509.22024434,20807509.22024434,26337556.324202128
SSP1,"Pacific, Northeast",273,2046,0.7872951954811235,0.7872951954811235,20735431.554757815,20735431.554757815,26337556.324202128
SSP1,"Pacific, Northeast",273,2047,0.7845679877630645,0.7845679877630645,20663603.567875635,20663603.567875635,26337556.324202128
SSP1,"Pacific, Northeast",273,2048,0.7818502271519864,0.7818502271519864,20592024.394705668,20592024.394705668,26337556.324202128
SSP1,"Pacific, Northeast",273,2049,0.779141880922905,0.779141880922905,20520693.1733518,20520693.1733518,26337556.324202128
SSP1,"Pacific, Northeast",273,2050,0.7764429164641958,0.7764429164641958,20449609.044903524,20449609.044903524,26337556.324202128
SSP1,"Pacific, Northeast",273,2051,0.7737533012772017,0.7737533012772017,20378771.153425638,20378771.153425638,26337556.324202128
SSP1,"Pacific, Northeast",273,2052,0.7710730029758418,0.7710730029758418,20308178.645947907,20308178.645947907,26337556.324202128
SSP1,"Pacific, Northeast",273,2053,0.7684019892862209,0.7684019892862209,20237830.672454804,20237830.672454804,26337556.324202128
SSP1,"Pacific, Northeast",273,2054,0.7657402280462419,0.7657402280462419,20167726.385875277,20167726.385875277,26337556.324202128
SSP1,"Pacific, Northeast",273,2055,0.7630876872052174,0.7630876872052174,20097864.942072548,20097864.942072548,26337556.324202128
SSP1,"Pacific, Northeast",273,2056,0.7604443348234844,0.7604443348234844,20028245.49983394,20028245.49983394,26337556.324202128
SSP1,"Pacific, Northeast",273,2057,0.7578101390720197,0.7578101390720197,19958867.220860764,19958867.220860764,26337556.324202128
SSP1,"Pacific, Northeast",273,2058,0.7551850682320563,0.7551850682320563,19889729.26975821,19889729.26975821,26337556.324202128
SSP1,"Pacific, Northeast",273,2059,0.7525690906947021,0.7525690906947021,19820830.814025298,19820830.814025298,26337556.324202128
SSP1,"Pacific, Northeast",273,2060,0.7499621749605587,0.7499621749605587,19752171.024044845,19752171.024044845,26337556.324202128
SSP1,"Pacific, Northeast",273,2061,0.7473642896393419,0.7473642896393419,19683749.07307348,19683749.07307348,26337556.324202128
SSP1,"Pacific, Northeast",273,2062,0.7447754034495048,0.7447754034495048,19615564.137231696,19615564.137231696,26337556.324202128
SSP1,"Pacific, Northeast",273,2063,0.74219548521786,0.74219548521786,19547615.395493917,19547615.395493917,26337556.324202128
SSP1,"Pacific, Northeast",273,2064,0.739624503879205,0.739624503879205,19479902.029678617,19479902.029678617,26337556.324202128
SSP1,"Pacific, Northeast",273,2065,0.7370624284759475,0.7370624284759475,19412423.22443847,19412423.22443847,26337556.324202128
SSP1,"Pacific, Northeast",273,2066,0.7345092281577332,0.7345092281577332,19345178.16725053,19345178.16725053,26337556.324202128
SSP1,"Pacific, Northeast",273,2067,0.731964872181074,0.731964872181074,19278166.04840645,19278166.04840645,26337556.324202128
SSP1,"Pacific, Northeast",273,2068,0.7294293299089781,0.7294293299089781,19211386.061002728,19211386.061002728,26337556.324202128
SSP1,"Pacific, Northeast",273,2069,0.7269025708105807,0.7269025708105807,19144837.400930997,19144837.400930997,26337556.324202128
SSP1,"Pacific, Northeast",273,2070,0.7243845644607767,0.7243845644607767,19078519.266868334,19078519.266868334,26337556.324202128
SSP1,"Pacific, Northeast",273,2071,0.7218752805398543,0.7218752805398543,19012430.860267624,19012430.860267624,26337556.324202128
SSP1,"Pacific, Northeast",273,2072,0.7193746888331294,0.7193746888331294,18946571.385347925,18946571.385347925,26337556.324202128
SSP1,"Pacific, Northeast",273,2073,0.7168827592305829,0.7168827592305829,18880940.04908491,18880940.04908491,26337556.324202128
SSP1,"Pacific, Northeast",273,2074,0.7143994617264968,0.7143994617264968,18815536.061201293,18815536.061201293,26337556.324202128
SSP1,"Pacific, Northeast",273,2075,0.7119247664190942,0.7119247664190942,18750358.634157337,18750358.634157337,26337556.324202128
SSP1,"Pacific, Northeast",273,2076,0.7094586435101782,0.7094586435101782,18685406.983141355,18685406.983141355,26337556.324202128
SSP1,"Pacific, Northeast",273,2077,0.7070010633047733,0.7070010633047733,18620680.32606026,18620680.32606026,26337556.324202128
SSP1,"Pacific, Northeast",273,2078,0.7045519962107686,0.7045519962107686,18556177.883530162,18556177.883530162,26337556.324202128
SSP1,"Pacific, Northeast",273,2079,0.7021114127385606,0.7021114127385606,18491898.878866967,18491898.878866967,26337556.324202128
SSP1,"Pacific, Northeast",273,2080,0.6996792835006984,0.6996792835006984,18427842.538077034,18427842.538077034,26337556.324202128
SSP1,"Pacific, Northeast",273,2081,0.6972555792115303,0.6972555792115303,18364008.089847855,18364008.089847855,26337556.324202128
SSP1,"Pacific, Northeast",273,2082,0.6948402706868498,0.6948402706868498,18300394.76553876,18300394.76553876,26337556.324202128
SSP1,"Pacific, Northeast",273,2083,0.6924333288435461,0.6924333288435461,18237001.79917167,18237001.79917167,26337556.324202128
SSP1,"Pacific, Northeast",273,2084,0.6900347246992525,0.6900347246992525,18173828.42742187,18173828.42742187,26337556.324202128
SSP1,"Pacific, Northeast",273,2085,0.6876444293719978,0.6876444293719978,18110873.889608823,18110873.889608823,26337556.324202128
SSP1,"Pacific, Northeast",273,2086,0.6852624140798586,0.6852624140798586,18048137.427686997,18048137.427686997,26337556.324202128
SSP1,"Pacific, Northeast",273,2087,0.682888650140613,0.682888650140613,17985618.286236756,17985618.286236756,26337556.324202128
SSP1,"Pacific, Northeast",273,2088,0.6805231089713946,0.6805231089713946,17923315.712455247,17923315.712455247,26337556.324202128
SSP1,"Pacific, Northeast",273,2089,0.6781657620883487,0.6781657620883487,17861228.956147343,17861228.956147343,26337556.324202128
SSP1,"Pacific, Northeast",273,2090,0.6758165811062895,0.6758165811062895,17799357.269716617,17799357.269716617,26337556.324202128
SSP1,"Pacific, Northeast",273,2091,0.673475537738358,0.673475537738358,17737699.90815632,17737699.90815632,26337556.324202128
SSP1,"Pacific, Northeast",273,2092,0.6711426037956816,0.6711426037956816,17676256.129040435,17676256.129040435,26337556.324202128
SSP1,"Pacific, Northeast",273,2093,0.668817751187034,0.668817751187034,17615025.192514714,17615025.192514714,26337556.324202128
SSP1,"Pacific, Northeast",273,2094,0.6665009519184985,0.6665009519184985,17554006.361287788,17554006.361287788,26337556.324202128
SSP1,"Pacific, Northeast",273,2095,0.6641921780931291,0.6641921780931291,17493198.90062228,17493198.90062228,26337556.324202128
SSP1,"Pacific, Northeast",273,2096,0.6618914019106159,0.6618914019106159,17432602.078325953,17432602.078325953,26337556.324202128
SSP1,"Pacific, Northeast",273,2097,0.6595985956669496,0.6595985956669496,17372215.16474291,17372215.16474291,26337556.324202128
SSP1,"Pacific, Northeast",273,2098,0.6573137317540884,0.6573137317540884,17312037.43274479,17312037.43274479,26337556.324202128
SSP1,"Pacific, Northeast",273,2099,0.6550367826596251,0.6550367826596251,17252068.157722022,17252068.157722022,26337556.324202128
SSP1,"Pacific, Northeast",273,2100,0.6527677209664563,0.6527677209664563,17192306.6175751,17192306.6175751,26337556.324202128
SSP2,"Pacific, Northeast",273,2005,0.9076644116138567,0.9076644116138567,23905662.564353734,23905662.564353734,26337556.324202128
SSP2,"Pacific, Northeast",273,2006,0.9045202423073895,0.9045202423073895,23822852.828151826,23822852.828151826,26337556.324202128
SSP2,"Pacific, Northeast",273,2007,0.9013869644719342,0.9013869644719342,23740329.94668115,23740329.94668115,26337556.324202128
SSP2,"Pacific, Northeast",273,2008,0.898264540379198,0.898264540379198,23658092.926270664,23658092.926270664,26337556.324202128
SSP2,"Pacific, Northeast",273,2009,0.8951529324315795,0.8951529324315795,23576140.776691426,23576140.776691426,26337556.324202128
SSP2,"Pacific, Northeast",273,2010,0.8920521031617161,0.8920521031617161,23494472.511144664,23494472.511144664,26337556.324202128
SSP2,"Pacific, Northeast",273,2011,0.8889620152320332,0.8889620152320332,23413087.146249905,23413087.146249905,26337556.324202128
SSP2,"Pacific, Northeast",273,2012,0.8858826314342945,0.8858826314342945,23331983.702033125,23331983.702033125,26337556.324202128
SSP2,"Pacific, Northeast",273,2013,0.8828139146891533,0.8828139146891533,23251161.201914947,23251161.201914947,26337556.324202128
SSP2,"Pacific, Northeast",273,2014,0.879755828045707,0.879755828045707,23170618.67269889,23170618.67269889,26337556.324202128
SSP2,"Pacific, Northeast",273,2015,0.8767083346810517,0.8767083346810517,23090355.144559648,23090355.144559648,26337556.324202128
SSP2,"Pacific, Northeast",273,2016,0.8736713978998386,0.8736713978998386,23010369.65103141,23010369.65103141,26337556.324202128
SSP2,"Pacific, Northeast",273,2017,0.8706449811338327,0.8706449811338327,22930661.228996217,22930661.228996217,26337556.324202128
SSP2,"Pacific, Northeast",273,2018,0.867629047941472,0.867629047941472,22851228.918672387,22851228.918672387,26337556.324202128
SSP2,"Pacific, Northeast",273,2019,0.8646235620074288,0.8646235620074288,22772071.763602927,22772071.763602927,26337556.324202128
SSP2,"Pacific, Northeast",273,2020,0.8616284871421727,0.8616284871421727,22693188.81064404,22693188.81064404,26337556.324202128
SSP2,"Pacific, Northeast",273,2021,0.8586437872815343,0.8586437872815343,22614579.109953642,22614579.109953642,26337556.324202128
SSP2,"Pacific, Northeast",273,2022,0.8556694264862718,0.8556694264862718,22536241.714979913,22536241.714979913,26337556.324202128
SSP2,"Pacific, Northeast",273,2023,0.8527053689416367,0.8527053689416367,22458175.682449915,22458175.682449915,26337556.324202128
SSP2,"Pacific, Northeast",273,2024,0.8497515789569451,0.8497515789569451,22380380.072358232,22380380.072358232,26337556.324202128
SSP2,"Pacific, Northeast",273,2025,0.846808020965145,0.846808020965145,22302853.947955642,22302853.947955642,26337556.324202128
SSP2,"Pacific, Northeast",273,2026,0.84387465952239,0.84387465952239,22225596.375737842,22225596.375737842,26337556.324202128
SSP2,"Pacific, Northeast",273,2027,0.8409514593076122,0.8409514593076122,22148606.42543421,22148606.42543421,26337556.324202128
SSP2,"Pacific, Northeast",273,2028,0.8380383851220963,0.8380383851220963,22071883.169996604,22071883.169996604,26337556.324202128
SSP2,"Pacific, Northeast",273,2029,0.835135401889056,0.835135401889056,21995425.685588192,21995425.685588192,26337556.324202128
SSP2,"Pacific, Northeast",273,2030,0.8322424746532123,0.8322424746532123,21919233.05157234,21919233.05157234,26337556.324202128
SSP2,"Pacific, Northeast",273,2031,0.8293595685803716,0.8293595685803716,21843304.350501515,21843304.350501515,26337556.324202128
SSP2,"Pacific, Northeast",273,2032,0.8264866489570069,0.8264866489570069,21767638.66810624,21767638.66810624,26337556.324202128
SSP2,"Pacific, Northeast",273,2033,0.8236236811898392,0.8236236811898392,21692235.093284085,21692235.093284085,26337556.324202128
SSP2,"Pacific, Northeast",273,2034,0.820770630805422,0.820770630805422,21617092.718088713,21617092.718088713,26337556.324202128
SSP2,"Pacific, Northeast",273,2035,0.8179274634497252,0.8179274634497252,21542210.637718916,21542210.637718916,26337556.324202128
SSP2,"Pacific, Northeast",273,2036,0.815094144887722,0.815094144887722,21467587.95050775,21467587.95050775,26337556.324202128
SSP2,"Pacific, Northeast",273,2037,0.8122706410029763,0.8122706410029763,21393223.757911656,21393223.757911656,26337556.324202128
SSP2,"Pacific, Northeast",273,2038,0.8094569177972321,0.8094569177972321,21319117.16449965,21319117.16449965,26337556.324202128
SSP2,"Pacific, Northeast",273,2039,0.8066529413900042,0.8066529413900042,21245267.277942553,21245267.277942553,26337556.324202128
SSP2,"Pacific, Northeast",273,2040,0.80385867801817,0.80385867801817,21171673.209002215,21171673.209002215,26337556.324202128
SSP2,"Pacific, Northeast",273,2041,0.8010740940355633,0.8010740940355633,21098334.07152084,21098334.07152084,26337556.324202128
SSP2,"Pacific, Northeast",273,2042,0.7982991559125686,0.7982991559125686,21025248.982410293,21025248.982410293,26337556.324202128
SSP2,"Pacific, Northeast",273,2043,0.7955338302357183,0.7955338302357183,20952417.061641484,20952417.061641484,26337556.324202128
SSP2,"Pacific, Northeast",273,2044,0.7927780837072892,0.7927780837072892,20879837.43223376,20879837.43223376,26337556.324202128
SSP2,"Pacific, Northeast",273,2045,0.7900318831449024,0.7900318831449024,20807509.22024434,20807509.22024434,26337556.324202128
SSP2,"Pacific, Northeast",273,2046,0.7872951954811235,0.7872951954811235,20735431.554757815,20735431.554757815,26337556.324202128
SSP2,"Pacific, Northeast",273,2047,0.7845679877630645,0.7845679877630645,20663603.567875635,20663603.567875635,26337556.324202128
SSP2,"Pacific, Northeast",273,2048,0.7818502271519864,0.7818502271519864,20592024.394705668,20592024.394705668,26337556.324202128
SSP2,"Pacific, Northeast",273,2049,0.779141880922905,0.779141880922905,20520693.1733518,20520693.1733518,26337556.324202128
SSP2,"Pacific, Northeast",273,2050,0.7764429164641958,0.7764429164641958,20449609.044903524,20449609.044903524,26337556.324202128
SSP2,"Pacific, Northeast",273,2051,0.7737533012772017,0.7737533012772017,20378771.153425638,20378771.153425638,26337556.324202128
SSP2,"Pacific, Northeast",273,2052,0.7710730029758418,0.7710730029758418,20308178.645947907,20308178.645947907,26337556.324202128
SSP2,"Pacific, Northeast",273,2053,0.7684019892862209,0.7684019892862209,20237830.672454804,20237830.672454804,26337556.324202128
SSP2,"Pacific, Northeast",273,2054,0.7657402280462419,0.7657402280462419,20167726.385875277,20167726.385875277,26337556.324202128
SSP2,"Pacific, Northeast",273,2055,0.7630876872052174,0.7630876872052174,20097864.942072548,20097864.942072548,26337556.324202128
SSP2,"Pacific, Northeast",273,2056,0.7604443348234844,0.7604443348234844,20028245.49983394,20028245.49983394,26337556.324202128
SSP2,"Pacific, Northeast",273,2057,0.7578101390720197,0.7578101390720197,19958867.220860764,19958867.220860764,26337556.324202128
SSP2,"Pacific, Northeast",273,2058,0.7551850682320563,0.7551850682320563,19889729.26975821,19889729.26975821,26337556.324202128
SSP2,"Pacific, Northeast",273,2059,0.7525690906947021,0.7525690906947021,19820830.814025298,19820830.814025298,26337556.324202128
SSP2,"Pacific, Northeast",273,2060,0.7499621749605587,0.7499621749605587,19752171.024044845,19752171.024044845,26337556.324202128
SSP2,"Pacific, Northeast",273,2061,0.7473642896393419,0.7473642896393419,19683749.07307348,19683749.07307348,26337556.324202128
SSP2,"Pacific, Northeast",273,2062,0.7447754034495048,0.7447754034495048,19615564.137231696,19615564.137231696,26337556.324202128
SSP2,"Pacific, Northeast",273,2063,0.74219548521786,0.74219548521786,19547615.395493917,19547615.395493917,26337556.324202128
SSP2,"Pacific, Northeast",273,2064,0.739624503879205,0.739624503879205,19479902.029678617,19479902.029678617,26337556.324202128
SSP2,"Pacific, Northeast",273,2065,0.7370624284759475,0.7370624284759475,19412423.22443847,19412423.22443847,26337556.324202128
SSP2,"Pacific, Northeast",273,2066,0.7345092281577332,0.7345092281577332,19345178.16725053,19345178.16725053,26337556.324202128
SSP2,"Pacific, Northeast",273,2067,0.731964872181074,0.731964872181074,19278166.04840645,19278166.04840645,26337556.324202128
SSP2,"Pacific, Northeast",273,2068,0.7294293299089781,0.7294293299089781,19211386.061002728,19211386.061002728,26337556.324202128
SSP2,"Pacific, Northeast",273,2069,0.7269025708105807,0.7269025708105807,19144837.400930997,19144837.400930997,26337556.324202128
SSP2,"Pacific, Northeast",273,2070,0.7243845644607767,0.7243845644607767,19078519.266868334,19078519.266868334,26337556.324202128
SSP2,"Pacific, Northeast",273,2071,0.7218752805398543,0.7218752805398543,19012430.860267624,19012430.860267624,26337556.324202128
SSP2,"Pacific, Northeast",273,2072,0.7193746888331294,0.7193746888331294,18946571.385347925,18946571.385347925,26337556.324202128
SSP2,"Pacific, Northeast",273,2073,0.7168827592305829,0.7168827592305829,18880940.04908491,18880940.04908491,26337556.324202128
SSP2,"Pacific, Northeast",273,2074,0.7143994617264968,0.7143994617264968,18815536.061201293,18815536.061201293,26337556.324202128
SSP2,"Pacific, Northeast",273,2075,0.7119247664190942,0.7119247664190942,18750358.634157337,18750358.634157337,26337556.324202128
SSP2,"Pacific, Northeast",273,2076,0.7094586435101782,0.7094586435101782,18685406.983141355,18685406.983141355,26337556.324202128
SSP2,"Pacific, Northeast",273,2077,0.7070010633047733,0.7070010633047733,18620680.32606026,18620680.32606026,26337556.324202128
SSP2,"Pacific, Northeast",273,2078,0.7045519962107686,0.7045519962107686,18556177.883530162,18556177.883530162,26337556.324202128
SSP2,"Pacific, Northeast",273,2079,0.7021114127385606,0.7021114127385606,18491898.878866967,18491898.878866967,26337556.324202128
SSP2,"Pacific, Northeast",273,2080,0.6996792835006984,0.6996792835006984,18427842.538077034,18427842.538077034,26337556.324202128
SSP2,"Pacific, Northeast",273,2081,0.6972555792115303,0.6972555792115303,18364008.089847855,18364008.089847855,26337556.324202128
SSP2,"Pacific, Northeast",273,2082,0.6948402706868498,0.6948402706868498,18300394.76553876,18300394.76553876,26337556.324202128
SSP2,"Pacific, Northeast",273,2083,0.6924333288435461,0.6924333288435461,18237001.79917167,18237001.79917167,26337556.324202128
SSP2,"Pacific, Northeast",273,2084,0.6900347246992525,0.6900347246992525,18173828.42742187,18173828.42742187,26337556.324202128
SSP2,"Pacific, Northeast",273,2085,0.6876444293719978,0.6876444293719978,18110873.889608823,18110873.889608823,26337556.324202128
SSP2,"Pacific, Northeast",273,2086,0.6852624140798586,0.6852624140798586,18048137.427686997,18048137.427686997,26337556.324202128
SSP2,"Pacific, Northeast",273,2087,0.682888650140613,0.682888650140613,17985618.286236756,17985618.286236756,26337556.324202128
SSP2,"Pacific, Northeast",273,2088,0.6805231089713946,0.6805231089713946,17923315.712455247,17923315.712455247,26337556.324202128
SSP2,"Pacific, Northeast",273,2089,0.6781657620883487,0.6781657620883487,17861228.956147343,17861228.956147343,26337556.324202128
SSP2,"Pacific, Northeast",273,2090,0.6758165811062895,0.6758165811062895,17799357.269716617,17799357.269716617,26337556.324202128
SSP2,"Pacific, Northeast",273,2091,0.673475537738358,0.673475537738358,17737699.90815632,17737699.90815632,26337556.324202128
SSP2,"Pacific, Northeast",273,2092,0.6711426037956816,0.6711426037956816,17676256.129040435,17676256.129040435,26337556.324202128
SSP2,"Pacific, Northeast",273,2093,0.668817751187034,0.668817751187034,17615025.192514714,17615025.192514714,26337556.324202128
SSP2,"Pacific, Northeast",273,2094,0.6665009519184985,0.6665009519184985,17554006.361287788,17554006.361287788,26337556.324202128
SSP2,"Pacific, Northeast",273,2095,0.6641921780931291,0.6641921780931291,17493198.90062228,17493198.90062228,26337556.324202128
SSP2,"Pacific, Northeast",273,2096,0.6618914019106159,0.6618914019106159,17432602.078325953,17432602.078325953,26337556.324202128
SSP2,"Pacific, Northeast",273,2097,0.6595985956669496,0.6595985956669496,17372215.16474291,17372215.16474291,26337556.324202128
SSP2,"Pacific, Northeast",273,2098,0.6573137317540884,0.6573137317540884,17312037.43274479,17312037.43274479,26337556.324202128
SSP2,"Pacific, Northeast",273,2099,0.6550367826596251,0.6550367826596251,17252068.157722022,17252068.157722022,26337556.324202128
SSP2,"Pacific, Northeast",273,2100,0.6527677209664563,0.6527677209664563,17192306.6175751,17192306.6175751,26337556.324202128
SSP3,"Pacific, Northeast",273,2005,0.9076644116138567,0.9076644116138567,23905662.564353734,23905662.564353734,26337556.324202128
SSP3,"Pacific, Northeast",273,2006,0.9045202423073895,0.9045202423073895,23822852.828151826,23822852.828151826,26337556.324202128
SSP3,"Pacific, Northeast",273,2007,0.9013869644719342,0.9013869644719342,23740329.94668115,23740329.94668115,26337556.324202128
SSP3,"Pacific, Northeast",273,2008,0.898264540379198,0.898264540379198,23658092.926270664,23658092.926270664,26337556.324202128
SSP3,"Pacific, Northeast",273,2009,0.8951529324315795,0.8951529324315795,23576140.776691426,23576140.776691426,26337556.324202128
SSP3,"Pacific, Northeast",273,2010,0.8920521031617161,0.8920521031617161,23494472.511144664,23494472.511144664,26337556.324202128
SSP3,"Pacific, Northeast",273,2011,0.8889620152320332,0.8889620152320332,23413087.146249905,23413087.146249905,26337556.324202128
SSP3,"Pacific, Northeast",273,2012,0.8858826314342945,0.8858826314342945,23331983.702033125,23331983.702033125,26337556.324202128
SSP3,"Pacific, Northeast",273,2013,0.8828139146891533,0.8828139146891533,23251161.201914947,23251161.201914947,26337556.324202128
SSP3,"Pacific, Northeast",273,2014,0.879755828045707,0.879755828045707,23170618.67269889,23170618.67269889,26337556.324202128
SSP3,"Pacific, Northeast",273,2015,0.8767083346810517,0.8767083346810517,23090355.144559648,23090355.144559648,26337556.324202128
SSP3,"Pacific, Northeast",273,2016,0.8736713978998386,0.8736713978998386,23010369.65103141,23010369.65103141,26337556.324202128
SSP3,"Pacific, Northeast",273,2017,0.8706449811338327,0.8706449811338327,22930661.228996217,22930661.228996217,26337556.324202128
SSP3,"Pacific, Northeast",273,2018,0.867629047941472,0.867629047941472,22851228.918672387,22851228.918672387,26337556.324202128
SSP3,"Pacific, Northeast",273,2019,0.8646235620074288,0.8646235620074288,22772071.763602927,22772071.763602927,26337556.324202128
SSP3,"Pacific, Northeast",273,2020,0.8616284871421727,0.8616284871421727,22693188.81064404,22693188.81064404,26337556.324202128
SSP3,"Pacific, Northeast",273,2021,0.8586437872815343,0.8586437872815343,22614579.109953642,22614579.109953642,26337556.324202128
SSP3,"Pacific, Northeast",273,2022,0.8556694264862718,0.8556694264862718,22536241.714979913,22536241.714979913,26337556.324202128
SSP3,"Pacific, Northeast",273,2023,0.8527053689416367,0.8527053689416367,22458175.682449915,22458175.682449915,26337556.324202128
SSP3,"Pacific, Northeast",273,2024,0.8497515789569451,0.8497515789569451,22380380.072358232,22380380.072358232,26337556.324202128
SSP3,"Pacific, Northeast",273,2025,0.846808020965145,0.846808020965145,22302853.947955642,22302853.947955642,26337556.324202128
SSP3,"Pacific, Northeast",273,2026,0.84387465952239,0.84387465952239,22225596.375737842,22225596.375737842,26337556.324202128
SSP3,"Pacific, Northeast",273,2027,0.8409514593076122,0.8409514593076122,22148606.42543421,22148606.42543421,26337556.324202128
SSP3,"Pacific, Northeast",273,2028,0.8380383851220963,0.8380383851220963,22071883.169996604,22071883.169996604,26337556.324202128
SSP3,"Pacific, Northeast",273,2029,0.835135401889056,0.835135401889056,21995425.685588192,21995425.685588192,26337556.324202128
SSP3,"Pacific, Northeast",273,2030,0.8322424746532123,0.8322424746532123,21919233.05157234,21919233.05157234,26337556.324202128
SSP3,"Pacific, Northeast",273,2031,0.8293595685803716,0.8293595685803716,21843304.350501515,21843304.350501515,26337556.324202128
SSP3,"Pacific, Northeast",273,2032,0.8264866489570069,0.8264866489570069,21767638.66810624,21767638.66810624,26337556.324202128
SSP3,"Pacific, Northeast",273,2033,0.8236236811898392,0.8236236811898392,21692235.093284085,21692235.093284085,26337556.324202128
SSP3,"Pacific, Northeast",273,2034,0.820770630805422,0.820770630805422,21617092.718088713,21617092.718088713,26337556.324202128
SSP3,"Pacific, Northeast",273,2035,0.8179274634497252,0.8179274634497252,21542210.637718916,21542210.637718916,26337556.324202128
SSP3,"Pacific, Northeast",273,2036,0.815094144887722,0.815094144887722,21467587.95050775,21467587.95050775,26337556.324202128
SSP3,"Pacific, Northeast",273,2037,0.8122706410029763,0.8122706410029763,21393223.757911656,21393223.757911656,26337556.324202128
SSP3,"Pacific, Northeast",273,2038,0.8094569177972321,0.8094569177972321,21319117.16449965,21319117.16449965,26337556.324202128
SSP3,"Pacific, Northeast",273,2039,0.8066529413900042,0.8066529413900042,21245267.277942553,21245267.277942553,26337556.324202128
SSP3,"Pacific, Northeast",273,2040,0.80385867801817,0.80385867801817,21171673.209002215,21171673.209002215,26337556.324202128
SSP3,"Pacific, Northeast",273,2041,0.8010740940355633,0.8010740940355633,21098334.07152084,21098334.07152084,26337556.324202128
SSP3,"Pacific, Northeast",273,2042,0.7982991559125686,0.7982991559125686,21025248.982410293,21025248.982410293,26337556.324202128
SSP3,"Pacific, Northeast",273,2043,0.7955338302357183,0.7955338302357183,20952417.061641484,20952417.061641484,26337556.324202128
SSP3,"Pacific, Northeast",273,2044,0.7927780837072892,0.7927780837072892,20879837.43223376,20879837.43223376,26337556.324202128
SSP3,"Pacific, Northeast",273,2045,0.7900318831449024,0.7900318831449024,20807509.22024434,20807509.22024434,26337556.324202128
SSP3,"Pacific, Northeast",273,2046,0.7872951954811235,0.7872951954811235,20735431.554757815,20735431.554757815,26337556.324202128
SSP3,"Pacific, Northeast",273,2047,0.7845679877630645,0.7845679877630645,20663603.567875635,20663603.567875635,26337556.324202128
SSP3,"Pacific, Northeast",273,2048,0.7818502271519864,0.7818502271519864,20592024.394705668,20592024.394705668,26337556.324202128
SSP3,"Pacific, Northeast",273,2049,0.779141880922905,0.779141880922905,20520693.1733518,20520693.1733518,26337556.324202128
SSP3,"Pacific, Northeast",273,2050,0.7764429164641958,0.7764429164641958,20449609.044903524,20449609.044903524,26337556.324202128
SSP3,"Pacific, Northeast",273,2051,0.7737533012772017,0.7737533012772017,20378771.153425638,20378771.153425638,26337556.324202128
SSP3,"Pacific, Northeast",273,2052,0.7710730029758418,0.7710730029758418,20308178.645947907,20308178.645947907,26337556.324202128
SSP3,"Pacific, Northeast",273,2053,0.7684019892862209,0.7684019892862209,20237830.672454804,20237830.672454804,26337556.324202128
SSP3,"Pacific, Northeast",273,2054,0.7657402280462419,0.7657402280462419,20167726.385875277,20167726.385875277,26337556.324202128
SSP3,"Pacific, Northeast",273,2055,0.7630876872052174,0.7630876872052174,20097864.942072548,20097864.942072548,26337556.324202128
SSP3,"Pacific, Northeast",273,2056,0.7604443348234844,0.7604443348234844,20028245.49983394,20028245.49983394,26337556.324202128
SSP3,"Pacific, Northeast",273,2057,0.7578101390720197,0.7578101390720197,19958867.220860764,19958867.220860764,26337556.324202128
SSP3,"Pacific, Northeast",273,2058,0.7551850682320563,0.7551850682320563,19889729.26975821,19889729.26975821,26337556.324202128
SSP3,"Pacific, Northeast",273,2059,0.7525690906947021,0.7525690906947021,19820830.814025298,19820830.814025298,26337556.324202128
SSP3,"Pacific, Northeast",273,2060,0.7499621749605587,0.7499621749605587,19752171.024044845,19752171.024044845,26337556.324202128
SSP3,"Pacific, Northeast",273,2061,0.7473642896393419,0.7473642896393419,19683749.07307348,19683749.07307348,26337556.324202128
SSP3,"Pacific, Northeast",273,2062,0.7447754034495048,0.7447754034495048,19615564.137231696,19615564.137231696,26337556.324202128
SSP3,"Pacific, Northeast",273,2063,0.74219548521786,0.74219548521786,19547615.395493917,19547615.395493917,26337556.324202128
SSP3,"Pacific, Northeast",273,2064,0.739624503879205,0.739624503879205,19479902.029678617,19479902.029678617,26337556.324202128
SSP3,"Pacific, Northeast",273,2065,0.7370624284759475,0.7370624284759475,19412423.22443847,19412423.22443847,26337556.324202128
SSP3,"Pacific, Northeast",273,2066,0.7345092281577332,0.7345092281577332,19345178.16725053,19345178.16725053,26337556.324202128
SSP3,"Pacific, Northeast",273,2067,0.731964872181074,0.731964872181074,19278166.04840645,19278166.04840645,26337556.324202128
SSP3,"Pacific, Northeast",273,2068,0.7294293299089781,0.7294293299089781,19211386.061002728,19211386.061002728,26337556.324202128
SSP3,"Pacific, Northeast",273,2069,0.7269025708105807,0.7269025708105807,19144837.400930997,19144837.400930997,26337556.324202128
SSP3,"Pacific, Northeast",273,2070,0.7243845644607767,0.7243845644607767,19078519.266868334,19078519.266868334,26337556.324202128
SSP3,"Pacific, Northeast",273,2071,0.7218752805398543,0.7218752805398543,19012430.860267624,19012430.860267624,26337556.324202128
SSP3,"Pacific, Northeast",273,2072,0.7193746888331294,0.7193746888331294,18946571.385347925,18946571.385347925,26337556.324202128
SSP3,"Pacific, Northeast",273,2073,0.7168827592305829,0.7168827592305829,18880940.04908491,18880940.04908491,26337556.324202128
SSP3,"Pacific, Northeast",273,2074,0.7143994617264968,0.7143994617264968,18815536.061201293,18815536.061201293,26337556.324202128
SSP3,"Pacific, Northeast",273,2075,0.7119247664190942,0.7119247664190942,18750358.634157337,18750358.634157337,26337556.324202128
SSP3,"Pacific, Northeast",273,2076,0.7094586435101782,0.7094586435101782,18685406.983141355,18685406.983141355,26337556.324202128
SSP3,"Pacific, Northeast",273,2077,0.7070010633047733,0.7070010633047733,18620680.32606026,18620680.32606026,26337556.324202128
SSP3,"Pacific, Northeast",273,2078,0.7045519962107686,0.7045519962107686,18556177.883530162,18556177.883530162,26337556.324202128
SSP3,"Pacific, Northeast",273,2079,0.7021114127385606,0.7021114127385606,18491898.878866967,18491898.878866967,26337556.324202128
SSP3,"Pacific, Northeast",273,2080,0.6996792835006984,0.6996792835006984,18427842.538077034,18427842.538077034,26337556.324202128
SSP3,"Pacific, Northeast",273,2081,0.6972555792115303,0.6972555792115303,18364008.089847855,18364008.089847855,26337556.324202128
SSP3,"Pacific, Northeast",273,2082,0.6948402706868498,0.6948402706868498,18300394.76553876,18300394.76553876,26337556.324202128
SSP3,"Pacific, Northeast",273,2083,0.6924333288435461,0.6924333288435461,18237001.79917167,18237001.79917167,26337556.324202128
SSP3,"Pacific, Northeast",273,2084,0.6900347246992525,0.6900347246992525,18173828.42742187,18173828.42742187,26337556.324202128
SSP3,"Pacific, Northeast",273,2085,0.6876444293719978,0.6876444293719978,18110873.889608823,18110873.889608823,26337556.324202128
SSP3,"Pacific, Northeast",273,2086,0.6852624140798586,0.6852624140798586,18048137.427686997,18048137.427686997,26337556.324202128
SSP3,"Pacific, Northeast",273,2087,0.682888650140613,0.682888650140613,17985618.286236756,17985618.286236756,26337556.324202128
SSP3,"Pacific, Northeast",273,2088,0.6805231089713946,0.6805231089713946,17923315.712455247,17923315.712455247,26337556.324202128
SSP3,"Pacific, Northeast",273,2089,0.6781657620883487,0.6781657620883487,17861228.956147343,17861228.956147343,26337556.324202128
SSP3,"Pacific, Northeast",273,2090,0.6758165811062895,0.6758165811062895,17799357.269716617,17799357.269716617,26337556.324202128
SSP3,"Pacific, Northeast",273,2091,0.673475537738358,0.673475537738358,17737699.90815632,17737699.90815632,26337556.324202128
SSP3,"Pacific, Northeast",273,2092,0.6711426037956816,0.6711426037956816,17676256.129040435,17676256.129040435,26337556.324202128
SSP3,"Pacific, Northeast",273,2093,0.668817751187034,0.668817751187034,17615025.192514714,17615025.192514714,26337556.324202128
SSP3,"Pacific, Northeast",273,2094,0.6665009519184985,0.6665009519184985,17554006.361287788,17554006.361287788,26337556.324202128
SSP3,"Pacific, Northeast",273,2095,0.6641921780931291,0.6641921780931291,17493198.90062228,17493198.90062228,26337556.324202128
SSP3,"Pacific, Northeast",273,2096,0.6618914019106159,0.6618914019106159,17432602.078325953,17432602.078325953,26337556.324202128
SSP3,"Pacific, Northeast",273,2097,0.6595985956669496,0.6595985956669496,17372215.16474291,17372215.16474291,26337556.324202128
SSP3,"Pacific, Northeast",273,2098,0.6573137317540884,0.6573137317540884,17312037.43274479,17312037.43274479,26337556.324202128
SSP3,"Pacific, Northeast",273,2099,0.6550367826596251,0.6550367826596251,17252068.157722022,17252068.157722022,26337556.324202128
SSP3,"Pacific, Northeast",273,2100,0.6527677209664563,0.6527677209664563,17192306.6175751,17192306.6175751,26337556.324202128
SSP4,"Pacific, Northeast",273,2005,0.9076644116138567,0.9076644116138567,23905662.564353734,23905662.564353734,26337556.324202128
SSP4,"Pacific, Northeast",273,2006,0.9045202423073895,0.9045202423073895,23822852.828151826,23822852.828151826,26337556.324202128
SSP4,"Pacific, Northeast",273,2007,0.9013869644719342,0.9013869644719342,23740329.94668115,23740329.94668115,26337556.324202128
SSP4,"Pacific, Northeast",273,2008,0.898264540379198,0.898264540379198,23658092.926270664,23658092.926270664,26337556.324202128
SSP4,"Pacific, Northeast",273,2009,0.8951529324315795,0.8951529324315795,23576140.776691426,23576140.776691426,26337556.324202128
SSP4,"Pacific, Northeast",273,2010,0.8920521031617161,0.8920521031617161,23494472.511144664,23494472.511144664,26337556.324202128
SSP4,"Pacific, Northeast",273,2011,0.8889620152320332,0.8889620152320332,23413087.146249905,23413087.146249905,26337556.324202128
SSP4,"Pacific, Northeast",273,2012,0.8858826314342945,0.8858826314342945,23331983.702033125,23331983.702033125,26337556.324202128
SSP4,"Pacific, Northeast",273,2013,0.8828139146891533,0.8828139146891533,23251161.201914947,23251161.201914947,26337556.324202128
SSP4,"Pacific, Northeast",273,2014,0.879755828045707,0.879755828045707,23170618.67269889,23170618.67269889,26337556.324202128
SSP4,"Pacific, Northeast",273,2015,0.8767083346810517,0.8767083346810517,23090355.144559648,23090355.144559648,26337556.324202128
SSP4,"Pacific, Northeast",273,2016,0.8736713978998386,0.8736713978998386,23010369.65103141,23010369.65103141,26337556.324202128
SSP4,"Pacific, Northeast",273,2017,0.8706449811338327,0.8706449811338327,22930661.228996217,22930661.228996217,26337556.324202128
SSP4,"Pacific, Northeast",273,2018,0.867629047941472,0.867629047941472,22851228.918672387,22851228.918672387,26337556.324202128
SSP4,"Pacific, Northeast",273,2019,0.8646235620074288,0.8646235620074288,22772071.763602927,22772071.763602927,26337556.324202128
SSP4,"Pacific, Northeast",273,2020,0.8616284871421727,0.8616284871421727,22693188.81064404,22693188.81064404,26337556.324202128
SSP4,"Pacific, Northeast",273,2021,0.8586437872815343,0.8586437872815343,22614579.109953642,22614579.109953642,26337556.324202128
SSP4,"Pacific, Northeast",273,2022,0.8556694264862718,0.8556694264862718,22536241.714979913,22536241.714979913,26337556.324202128
SSP4,"Pacific, Northeast",273,2023,0.8527053689416367,0.8527053689416367,22458175.682449915,22458175.682449915,26337556.324202128
SSP4,"Pacific, Northeast",273,2024,0.8497515789569451,0.8497515789569451,22380380.072358232,22380380.072358232,26337556.324202128
SSP4,"Pacific, Northeast",273,2025,0.846808020965145,0.846808020965145,22302853.947955642,22302853.947955642,26337556.324202128
SSP4,"Pacific, Northeast",273,2026,0.84387465952239,0.84387465952239,22225596.375737842,22225596.375737842,26337556.324202128
SSP4,"Pacific, Northeast",273,2027,0.8409514593076122,0.8409514593076122,22148606.42543421,22148606.42543421,26337556.324202128
SSP4,"Pacific, Northeast",273,2028,0.8380383851220963,0.8380383851220963,22071883.169996604,22071883.169996604,26337556.324202128
SSP4,"Pacific, Northeast",273,2029,0.835135401889056,0.835135401889056,21995425.685588192,21995425.685588192,26337556.324202128
SSP4,"Pacific, Northeast",273,2030,0.8322424746532123,0.8322424746532123,21919233.05157234,21919233.05157234,26337556.324202128
SSP4,"Pacific, Northeast",273,2031,0.8293595685803716,0.8293595685803716,21843304.350501515,21843304.350501515,26337556.324202128
SSP4,"Pacific, Northeast",273,2032,0.8264866489570069,0.8264866489570069,21767638.66810624,21767638.66810624,26337556.324202128
SSP4,"Pacific, Northeast",273,2033,0.8236236811898392,0.8236236811898392,21692235.093284085,21692235.093284085,26337556.324202128
SSP4,"Pacific, Northeast",273,2034,0.820770630805422,0.820770630805422,21617092.718088713,21617092.718088713,26337556.324202128
SSP4,"Pacific, Northeast",273,2035,0.8179274634497252,0.8179274634497252,21542210.637718916,21542210.637718916,26337556.324202128
SSP4,"Pacific, Northeast",273,2036,0.815094144887722,0.815094144887722,21467587.95050775,21467587.95050775,26337556.324202128
SSP4,"Pacific, Northeast",273,2037,0.8122706410029763,0.8122706410029763,21393223.757911656,21393223.757911656,26337556.324202128
SSP4,"Pacific, Northeast",273,2038,0.8094569177972321,0.8094569177972321,21319117.16449965,21319117.16449965,26337556.324202128
SSP4,"Pacific, Northeast",273,2039,0.8066529413900042,0.8066529413900042,21245267.277942553,21245267.277942553,26337556.324202128
SSP4,"Pacific, Northeast",273,2040,0.80385867801817,0.80385867801817,21171673.209002215,21171673.209002215,26337556.324202128
SSP4,"Pacific, Northeast",273,2041,0.8010740940355633,0.8010740940355633,21098334.07152084,21098334.07152084,26337556.324202128
SSP4,"Pacific, Northeast",273,2042,0.7982991559125686,0.7982991559125686,21025248.982410293,21025248.982410293,26337556.324202128
SSP4,"Pacific, Northeast",273,2043,0.7955338302357183,0.7955338302357183,20952417.061641484,20952417.061641484,26337556.324202128
SSP4,"Pacific, Northeast",273,2044,0.7927780837072892,0.7927780837072892,20879837.43223376,20879837.43223376,26337556.324202128
SSP4,"Pacific, Northeast",273,2045,0.7900318831449024,0.7900318831449024,20807509.22024434,20807509.22024434,26337556.324202128
SSP4,"Pacific, Northeast",273,2046,0.7872951954811235,0.7872951954811235,20735431.554757815,20735431.554757815,26337556.324202128
SSP4,"Pacific, Northeast",273,2047,0.7845679877630645,0.7845679877630645,20663603.567875635,20663603.567875635,26337556.324202128
SSP4,"Pacific, Northeast",273,2048,0.7818502271519864,0.7818502271519864,20592024.394705668,20592024.394705668,26337556.324202128
SSP4,"Pacific, Northeast",273,2049,0.779141880922905,0.779141880922905,20520693.1733518,20520693.1733518,26337556.324202128
SSP4,"Pacific, Northeast",273,2050,0.7764429164641958,0.7764429164641958,20449609.044903524,20449609.044903524,26337556.324202128
SSP4,"Pacific, Northeast",273,2051,0.7737533012772017,0.7737533012772017,20378771.153425638,20378771.153425638,26337556.324202128
SSP4,"Pacific, Northeast",273,2052,0.7710730029758418,0.7710730029758418,20308178.645947907,20308178.645947907,26337556.324202128
SSP4,"Pacific, Northeast",273,2053,0.7684019892862209,0.7684019892862209,20237830.672454804,20237830.672454804,26337556.324202128
SSP4,"Pacific, Northeast",273,2054,0.7657402280462419,0.7657402280462419,20167726.385875277,20167726.385875277,26337556.324202128
SSP4,"Pacific, Northeast",273,2055,0.7630876872052174,0.7630876872052174,20097864.942072548,20097864.942072548,26337556.324202128
SSP4,"Pacific, Northeast",273,2056,0.7604443348234844,0.7604443348234844,20028245.49983394,20028245.49983394,26337556.324202128
SSP4,"Pacific, Northeast",273,2057,0.7578101390720197,0.7578101390720197,19958867.220860764,19958867.220860764,26337556.324202128
SSP4,"Pacific, Northeast",273,2058,0.7551850682320563,0.7551850682320563,19889729.26975821,19889729.26975821,26337556.324202128
SSP4,"Pacific, Northeast",273,2059,0.7525690906947021,0.7525690906947021,19820830.814025298,19820830.814025298,26337556.324202128
SSP4,"Pacific, Northeast",273,2060,0.7499621749605587,0.7499621749605587,19752171.024044845,19752171.024044845,26337556.324202128
SSP4,"Pacific, Northeast",273,2061,0.7473642896393419,0.7473642896393419,19683749.07307348,19683749.07307348,26337556.324202128
SSP4,"Pacific, Northeast",273,2062,0.7447754034495048,0.7447754034495048,19615564.137231696,19615564.137231696,26337556.324202128
SSP4,"Pacific, Northeast",273,2063,0.74219548521786,0.74219548521786,19547615.395493917,19547615.395493917,26337556.324202128
SSP4,"Pacific, Northeast",273,2064,0.739624503879205,0.739624503879205,19479902.029678617,19479902.029678617,26337556.324202128
SSP4,"Pacific, Northeast",273,2065,0.7370624284759475,0.7370624284759475,19412423.22443847,19412423.22443847,26337556.324202128
SSP4,"Pacific, Northeast",273,2066,0.7345092281577332,0.7345092281577332,19345178.16725053,19345178.16725053,26337556.324202128
SSP4,"Pacific, Northeast",273,2067,0.731964872181074,0.731964872181074,19278166.04840645,19278166.04840645,26337556.324202128
SSP4,"Pacific, Northeast",273,2068,0.7294293299089781,0.7294293299089781,19211386.061002728,19211386.061002728,26337556.324202128
SSP4,"Pacific, Northeast",273,2069,0.7269025708105807,0.7269025708105807,19144837.400930997,19144837.400930997,26337556.324202128
SSP4,"Pacific, Northeast",273,2070,0.7243845644607767,0.7243845644607767,19078519.266868334,19078519.266868334,26337556.324202128
SSP4,"Pacific, Northeast",273,2071,0.7218752805398543,0.7218752805398543,19012430.860267624,19012430.860267624,26337556.324202128
SSP4,"Pacific, Northeast",273,2072,0.7193746888331294,0.7193746888331294,18946571.385347925,18946571.385347925,26337556.324202128
SSP4,"Pacific, Northeast",273,2073,0.7168827592305829,0.7168827592305829,18880940.04908491,18880940.04908491,26337556.324202128
SSP4,"Pacific, Northeast",273,2074,0.7143994617264968,0.7143994617264968,18815536.061201293,18815536.061201293,26337556.324202128
SSP4,"Pacific, Northeast",273,2075,0.7119247664190942,0.7119247664190942,18750358.634157337,18750358.634157337,26337556.324202128
SSP4,"Pacific, Northeast",273,2076,0.7094586435101782,0.7094586435101782,18685406.983141355,18685406.983141355,26337556.324202128
SSP4,"Pacific, Northeast",273,2077,0.7070010633047733,0.7070010633047733,18620680.32606026,18620680.32606026,26337556.324202128
SSP4,"Pacific, Northeast",273,2078,0.7045519962107686,0.7045519962107686,18556177.883530162,18556177.883530162,26337556.324202128
SSP4,"Pacific, Northeast",273,2079,0.7021114127385606,0.7021114127385606,18491898.878866967,18491898.878866967,26337556.324202128
SSP4,"Pacific, Northeast",273,2080,0.6996792835006984,0.6996792835006984,18427842.538077034,18427842.538077034,26337556.324202128
SSP4,"Pacific, Northeast",273,2081,0.6972555792115303,0.6972555792115303,18364008.089847855,18364008.089847855,26337556.324202128
SSP4,"Pacific, Northeast",273,2082,0.6948402706868498,0.6948402706868498,18300394.76553876,18300394.76553876,26337556.324202128
SSP4,"Pacific, Northeast",273,2083,0.6924333288435461,0.6924333288435461,18237001.79917167,18237001.79917167,26337556.324202128
SSP4,"Pacific, Northeast",273,2084,0.6900347246992525,0.6900347246992525,18173828.42742187,18173828.42742187,26337556.324202128
SSP4,"Pacific, Northeast",273,2085,0.6876444293719978,0.6876444293719978,18110873.889608823,18110873.889608823,26337556.324202128
SSP4,"Pacific, Northeast",273,2086,0.6852624140798586,0.6852624140798586,18048137.427686997,18048137.427686997,26337556.324202128
SSP4,"Pacific, Northeast",273,2087,0.682888650140613,0.682888650140613,17985618.286236756,17985618.286236756,26337556.324202128
SSP4,"Pacific, Northeast",273,2088,0.6805231089713946,0.6805231089713946,17923315.712455247,17923315.712455247,26337556.324202128
SSP4,"Pacific, Northeast",273,2089,0.6781657620883487,0.6781657620883487,17861228.956147343,17861228.956147343,26337556.324202128
SSP4,"Pacific, Northeast",273,2090,0.6758165811062895,0.6758165811062895,17799357.269716617,17799357.269716617,26337556.324202128
SSP4,"Pacific, Northeast",273,2091,0.673475537738358,0.673475537738358,17737699.90815632,17737699.90815632,26337556.324202128
SSP4,"Pacific, Northeast",273,2092,0.6711426037956816,0.6711426037956816,17676256.129040435,17676256.129040435,26337556.324202128
SSP4,"Pacific, Northeast",273,2093,0.668817751187034,0.668817751187034,17615025.192514714,17615025.192514714,26337556.324202128
SSP4,"Pacific, Northeast",273,2094,0.6665009519184985,0.6665009519184985,17554006.361287788,17554006.361287788,26337556.324202128
SSP4,"Pacific, Northeast",273,2095,0.6641921780931291,0.6641921780931291,17493198.90062228,17493198.90062228,26337556.324202128
SSP4,"Pacific, Northeast",273,2096,0.6618914019106159,0.6618914019106159,17432602.078325953,17432602.078325953,26337556.324202128
SSP4,"Pacific, Northeast",273,2097,0.6595985956669496,0.6595985956669496,17372215.16474291,17372215.16474291,26337556.324202128
SSP4,"Pacific, Northeast",273,2098,0.6573137317540884,0.6573137317540884,17312037.43274479,17312037.43274479,26337556.324202128
SSP4,"Pacific, Northeast",273,2099,0.6550367826596251,0.6550367826596251,17252068.157722022,17252068.157722022,26337556.324202128
SSP4,"Pacific, Northeast",273,2100,0.6527677209664563,0.6527677209664563,17192306.6175751,17192306.6175751,26337556.324202128
SSP5,"Pacific, Northeast",273,2005,0.9076644116138567,0.9076644116138567,23905662.564353734,23905662.564353734,26337556.324202128
SSP5,"Pacific, Northeast",273,2006,0.9045202423073895,0.9045202423073895,23822852.828151826,23822852.828151826,26337556.324202128
SSP5,"Pacific, Northeast",273,2007,0.9013869644719342,0.9013869644719342,23740329.94668115,23740329.94668115,26337556.324202128
SSP5,"Pacific, Northeast",273,2008,0.898264540379198,0.898264540379198,23658092.926270664,23658092.926270664,26337556.324202128
SSP5,"Pacific, Northeast",273,2009,0.8951529324315795,0.8951529324315795,23576140.776691426,23576140.776691426,26337556.324202128
SSP5,"Pacific, Northeast",273,2010,0.8920521031617161,0.8920521031617161,23494472.511144664,23494472.511144664,26337556.324202128
SSP5,"Pacific, Northeast",273,2011,0.8889620152320332,0.8889620152320332,23413087.146249905,23413087.146249905,26337556.324202128
SSP5,"Pacific, Northeast",273,2012,0.8858826314342945,0.8858826314342945,23331983.702033125,23331983.702033125,26337556.324202128
SSP5,"Pacific, Northeast",273,2013,0.8828139146891533,0.8828139146891533,23251161.201914947,23251161.201914947,26337556.324202128
SSP5,"Pacific, Northeast",273,2014,0.879755828045707,0.879755828045707,23170618.67269889,23170618.67269889,26337556.324202128
SSP5,"Pacific, Northeast",273,2015,0.8767083346810517,0.8767083346810517,23090355.144559648,23090355.144559648,26337556.324202128
SSP5,"Pacific, Northeast",273,2016,0.8736713978998386,0.8736713978998386,23010369.65103141,23010369.65103141,26337556.324202128
SSP5,"Pacific, Northeast",273,2017,0.8706449811338327,0.8706449811338327,22930661.228996217,22930661.228996217,26337556.324202128
SSP5,"Pacific, Northeast",273,2018,0.867629047941472,0.867629047941472,22851228.918672387,22851228.918672387,26337556.324202128
SSP5,"Pacific, Northeast",273,2019,0.8646235620074288,0.8646235620074288,22772071.763602927,22772071.763602927,26337556.324202128
SSP5,"Pacific, Northeast",273,2020,0.8616284871421727,0.8616284871421727,22693188.81064404,22693188.81064404,26337556.324202128
SSP5,"Pacific, Northeast",273,2021,0.8586437872815343,0.8586437872815343,22614579.109953642,22614579.109953642,26337556.324202128
SSP5,"Pacific, Northeast",273,2022,0.8556694264862718,0.8556694264862718,22536241.714979913,22536241.714979913,26337556.324202128
SSP5,"Pacific, Northeast",273,2023,0.8527053689416367,0.8527053689416367,22458175.682449915,22458175.682449915,26337556.324202128
SSP5,"Pacific, Northeast",273,2024,0.8497515789569451,0.8497515789569451,22380380.072358232,22380380.072358232,26337556.324202128
SSP5,"Pacific, Northeast",273,2025,0.846808020965145,0.846808020965145,22302853.947955642,22302853.947955642,26337556.324202128
SSP5,"Pacific, Northeast",273,2026,0.84387465952239,0.84387465952239,22225596.375737842,22225596.375737842,26337556.324202128
SSP5,"Pacific, Northeast",273,2027,0.8409514593076122,0.8409514593076122,22148606.42543421,22148606.42543421,26337556.324202128
SSP5,"Pacific, Northeast",273,2028,0.8380383851220963,0.8380383851220963,22071883.169996604,22071883.169996604,26337556.324202128
SSP5,"Pacific, Northeast",273,2029,0.835135401889056,0.835135401889056,21995425.685588192,21995425.685588192,26337556.324202128
SSP5,"Pacific, Northeast",273,2030,0.8322424746532123,0.8322424746532123,21919233.05157234,21919233.05157234,26337556.324202128
SSP5,"Pacific, Northeast",273,2031,0.8293595685803716,0.8293595685803716,21843304.350501515,21843304.350501515,26337556.324202128
SSP5,"Pacific, Northeast",273,2032,0.8264866489570069,0.8264866489570069,21767638.66810624,21767638.66810624,26337556.324202128
SSP5,"Pacific, Northeast",273,2033,0.8236236811898392,0.8236236811898392,21692235.093284085,21692235.093284085,26337556.324202128
SSP5,"Pacific, Northeast",273,2034,0.820770630805422,0.820770630805422,21617092.718088713,21617092.718088713,26337556.324202128
SSP5,"Pacific, Northeast",273,2035,0.8179274634497252,0.8179274634497252,21542210.637718916,21542210.637718916,26337556.324202128
SSP5,"Pacific, Northeast",273,2036,0.815094144887722,0.815094144887722,21467587.95050775,21467587.95050775,26337556.324202128
SSP5,"Pacific, Northeast",273,2037,0.8122706410029763,0.8122706410029763,21393223.757911656,21393223.757911656,26337556.324202128
SSP5,"Pacific, Northeast",273,2038,0.8094569177972321,0.8094569177972321,21319117.16449965,21319117.16449965,26337556.324202128
SSP5,"Pacific, Northeast",273,2039,0.8066529413900042,0.8066529413900042,21245267.277942553,21245267.277942553,26337556.324202128
SSP5,"Pacific, Northeast",273,2040,0.80385867801817,0.80385867801817,21171673.209002215,21171673.209002215,26337556.324202128
SSP5,"Pacific, Northeast",273,2041,0.8010740940355633,0.8010740940355633,21098334.07152084,21098334.07152084,26337556.324202128
SSP5,"Pacific, Northeast",273,2042,0.7982991559125686,0.7982991559125686,21025248.982410293,21025248.982410293,26337556.324202128
SSP5,"Pacific, Northeast",273,2043,0.7955338302357183,0.7955338302357183,20952417.061641484,20952417.061641484,26337556.324202128
SSP5,"Pacific, Northeast",273,2044,0.7927780837072892,0.7927780837072892,20879837.43223376,20879837.43223376,26337556.324202128
SSP5,"Pacific, Northeast",273,2045,0.7900318831449024,0.7900318831449024,20807509.22024434,20807509.22024434,26337556.324202128
SSP5,"Pacific, Northeast",273,2046,0.7872951954811235,0.7872951954811235,20735431.554757815,20735431.554757815,26337556.324202128
SSP5,"Pacific, Northeast",273,2047,0.7845679877630645,0.7845679877630645,20663603.567875635,20663603.567875635,26337556.324202128
SSP5,"Pacific, Northeast",273,2048,0.7818502271519864,0.7818502271519864,20592024.394705668,20592024.394705668,26337556.324202128
SSP5,"Pacific, Northeast",273,2049,0.779141880922905,0.779141880922905,20520693.1733518,20520693.1733518,26337556.324202128
SSP5,"Pacific, Northeast",273,2050,0.7764429164641958,0.7764429164641958,20449609.044903524,20449609.044903524,26337556.324202128
SSP5,"Pacific, Northeast",273,2051,0.7737533012772017,0.7737533012772017,20378771.153425638,20378771.153425638,26337556.324202128
SSP5,"Pacific, Northeast",273,2052,0.7710730029758418,0.7710730029758418,20308178.645947907,20308178.645947907,26337556.324202128
SSP5,"Pacific, Northeast",273,2053,0.7684019892862209,0.7684019892862209,20237830.672454804,20237830.672454804,26337556.324202128
SSP5,"Pacific, Northeast",273,2054,0.7657402280462419,0.7657402280462419,20167726.385875277,20167726.385875277,26337556.324202128
SSP5,"Pacific, Northeast",273,2055,0.7630876872052174,0.7630876872052174,20097864.942072548,20097864.942072548,26337556.324202128
SSP5,"Pacific, Northeast",273,2056,0.7604443348234844,0.7604443348234844,20028245.49983394,20028245.49983394,26337556.324202128
SSP5,"Pacific, Northeast",273,2057,0.7578101390720197,0.7578101390720197,19958867.220860764,19958867.220860764,26337556.324202128
SSP5,"Pacific, Northeast",273,2058,0.7551850682320563,0.7551850682320563,19889729.26975821,19889729.26975821,26337556.324202128
SSP5,"Pacific, Northeast",273,2059,0.7525690906947021,0.7525690906947021,19820830.814025298,19820830.814025298,26337556.324202128
SSP5,"Pacific, Northeast",273,2060,0.7499621749605587,0.7499621749605587,19752171.024044845,19752171.024044845,26337556.324202128
SSP5,"Pacific, Northeast",273,2061,0.7473642896393419,0.7473642896393419,19683749.07307348,19683749.07307348,26337556.324202128
SSP5,"Pacific, Northeast",273,2062,0.7447754034495048,0.7447754034495048,19615564.137231696,19615564.137231696,26337556.324202128
SSP5,"Pacific, Northeast",273,2063,0.74219548521786,0.74219548521786,19547615.395493917,19547615.395493917,26337556.324202128
SSP5,"Pacific, Northeast",273,2064,0.739624503879205,0.739624503879205,19479902.029678617,19479902.029678617,26337556.324202128
SSP5,"Pacific, Northeast",273,2065,0.7370624284759475,0.7370624284759475,19412423.22443847,19412423.22443847,26337556.324202128
SSP5,"Pacific, Northeast",273,2066,0.7345092281577332,0.7345092281577332,19345178.16725053,19345178.16725053,26337556.324202128
SSP5,"Pacific, Northeast",273,2067,0.731964872181074,0.731964872181074,19278166.04840645,19278166.04840645,26337556.324202128
SSP5,"Pacific, Northeast",273,2068,0.7294293299089781,0.7294293299089781,19211386.061002728,19211386.061002728,26337556.324202128
SSP5,"Pacific, Northeast",273,2069,0.7269025708105807,0.7269025708105807,19144837.400930997,19144837.400930997,26337556.324202128
SSP5,"Pacific, Northeast",273,2070,0.7243845644607767,0.7243845644607767,19078519.266868334,19078519.266868334,26337556.324202128
SSP5,"Pacific, Northeast",273,2071,0.7218752805398543,0.7218752805398543,19012430.860267624,19012430.860267624,26337556.324202128
SSP5,"Pacific, Northeast",273,2072,0.7193746888331294,0.7193746888331294,18946571.385347925,18946571.385347925,26337556.324202128
SSP5,"Pacific, Northeast",273,2073,0.7168827592305829,0.7168827592305829,18880940.04908491,18880940.04908491,26337556.324202128
SSP5,"Pacific, Northeast",273,2074,0.7143994617264968,0.7143994617264968,18815536.061201293,18815536.061201293,26337556.324202128
SSP5,"Pacific, Northeast",273,2075,0.7119247664190942,0.7119247664190942,18750358.634157337,18750358.634157337,26337556.324202128
SSP5,"Pacific, Northeast",273,2076,0.7094586435101782,0.7094586435101782,18685406.983141355,18685406.983141355,26337556.324202128
SSP5,"Pacific, Northeast",273,2077,0.7070010633047733,0.7070010633047733,18620680.32606026,18620680.32606026,26337556.324202128
SSP5,"Pacific, Northeast",273,2078,0.7045519962107686,0.7045519962107686,18556177.883530162,18556177.883530162,26337556.324202128
SSP5,"Pacific, Northeast",273,2079,0.7021114127385606,0.7021114127385606,18491898.878866967,18491898.878866967,26337556.324202128
SSP5,"Pacific, Northeast",273,2080,0.6996792835006984,0.6996792835006984,18427842.538077034,18427842.538077034,26337556.324202128
SSP5,"Pacific, Northeast",273,2081,0.6972555792115303,0.6972555792115303,18364008.089847855,18364008.089847855,26337556.324202128
SSP5,"Pacific, Northeast",273,2082,0.6948402706868498,0.6948402706868498,18300394.76553876,18300394.76553876,26337556.324202128
SSP5,"Pacific, Northeast",273,2083,0.6924333288435461,0.6924333288435461,18237001.79917167,18237001.79917167,26337556.324202128
SSP5,"Pacific, Northeast",273,2084,0.6900347246992525,0.6900347246992525,18173828.42742187,18173828.42742187,26337556.324202128
SSP5,"Pacific, Northeast",273,2085,0.6876444293719978,0.6876444293719978,18110873.889608823,18110873.889608823,26337556.324202128
SSP5,"Pacific, Northeast",273,2086,0.6852624140798586,0.6852624140798586,18048137.427686997,18048137.427686997,26337556.324202128
SSP5,"Pacific, Northeast",273,2087,0.682888650140613,0.682888650140613,17985618.286236756,17985618.286236756,26337556.324202128
SSP5,"Pacific, Northeast",273,2088,0.6805231089713946,0.6805231089713946,17923315.712455247,17923315.712455247,26337556.324202128
SSP5,"Pacific, Northeast",273,2089,0.6781657620883487,0.6781657620883487,17861228.956147343,17861228.956147343,26337556.324202128
SSP5,"Pacific, Northeast",273,2090,0.6758165811062895,0.6758165811062895,17799357.269716617,17799357.269716617,26337556.324202128
SSP5,"Pacific, Northeast",273,2091,0.673475537738358,0.673475537738358,17737699.90815632,17737699.90815632,26337556.324202128
SSP5,"Pacific, Northeast",273,2092,0.6711426037956816,0.6711426037956816,17676256.129040435,17676256.129040435,26337556.324202128
SSP5,"Pacific, Northeast",273,2093,0.668817751187034,0.668817751187034,17615025.192514714,17615025.192514714,26337556.324202128
SSP5,"Pacific, Northeast",273,2094,0.6665009519184985,0.6665009519184985,17554006.361287788,17554006.361287788,26337556.324202128
SSP5,"Pacific, Northeast",273,2095,0.6641921780931291,0.6641921780931291,17493198.90062228,17493198.90062228,26337556.324202128
SSP5,"Pacific, Northeast",273,2096,0.6618914019106159,0.6618914019106159,17432602.078325953,17432602.078325953,26337556.324202128
SSP5,"Pacific, Northeast",273,2097,0.6595985956669496,0.6595985956669496,17372215.16474291,17372215.16474291,26337556.324202128
SSP5,"Pacific, Northeast",273,2098,0.6573137317540884,0.6573137317540884,17312037.43274479,17312037.43274479,26337556.324202128
SSP5,"Pacific, Northeast",273,2099,0.6550367826596251,0.6550367826596251,17252068.157722022,17252068.157722022,26337556.324202128
SSP5,"Pacific, Northeast",273,2100,0.6527677209664563,0.6527677209664563,17192306.6175751,17192306.6175751,26337556.324202128
SSP1,"Pacific, Western Central",274,2005,0.9316492411494861,0.9316492411494861,7804147.617480481,7804147.617480481,8376701.523259525
SSP1,"Pacific, Western Central",274,2006,0.9284219878707028,0.9284219878707028,7777113.880024153,7777113.880024153,8376701.523259525
SSP1,"Pacific, Western Central",274,2007,0.9252059138676226,0.9252059138676226,7750173.788023636,7750173.788023636,8376701.523259525
SSP1,"Pacific, Western Central",274,2008,0.9220009804149909,0.9220009804149909,7723327.01708903,7723327.01708903,8376701.523259525
SSP1,"Pacific, Western Central",274,2009,0.9188071489216979,0.9188071489216979,7696573.243954129,7696573.243954129,8376701.523259525
SSP1,"Pacific, Western Central",274,2010,0.9156243809303147,0.9156243809303147,7669912.146472527,7669912.146472527,8376701.523259525
SSP1,"Pacific, Western Central",274,2011,0.9124526381166292,0.9124526381166292,7643343.403613741,7643343.403613741,8376701.523259525
SSP1,"Pacific, Western Central",274,2012,0.9092918822891859,0.9092918822891859,7616866.695459344,7616866.695459344,8376701.523259525
SSP1,"Pacific, Western Central",274,2013,0.9061420753888249,0.9061420753888249,7590481.7031991165,7590481.7031991165,8376701.523259525
SSP1,"Pacific, Western Central",274,2014,0.9030031794882238,0.9030031794882238,7564188.109127199,7564188.109127199,8376701.523259525
SSP1,"Pacific, Western Central",274,2015,0.8998751567914421,0.8998751567914421,7537985.596638277,7537985.596638277,8376701.523259525
SSP1,"Pacific, Western Central",274,2016,0.8967579696334644,0.8967579696334644,7511873.85022376,7511873.85022376,8376701.523259525
SSP1,"Pacific, Western Central",274,2017,0.8936515804797482,0.8936515804797482,7485852.555467989,7485852.555467989,8376701.523259525
SSP1,"Pacific, Western Central",274,2018,0.8905559519257714,0.8905559519257714,7459921.399044446,7459921.399044446,8376701.523259525
SSP1,"Pacific, Western Central",274,2019,0.88747104669658194,0.88747104669658194,7434080.068711983,7434080.068711983,8376701.523259525
SSP1,"Pacific, Western Central",274,2020,0.884396827646349,0.884396827646349,7408328.253311063,7408328.253311063,8376701.523259525
SSP1,"Pacific, Western Central",274,2021,0.8813332577579157,0.8813332577579157,7382665.642760012,7382665.642760012,8376701.523259525
SSP1,"Pacific, Western Central",274,2022,0.8782803001423536,0.8782803001423536,7357091.928051286,7357091.928051286,8376701.523259525
SSP1,"Pacific, Western Central",274,2023,0.875237918038518,0.875237918038518,7331606.8012477495,7331606.8012477495,8376701.523259525
SSP1,"Pacific, Western Central",274,2024,0.8722060748126059,0.8722060748126059,7306209.955478967,7306209.955478967,8376701.523259525
SSP1,"Pacific, Western Central",274,2025,0.8691847339577142,0.8691847339577142,7280901.08493751,7280901.08493751,8376701.523259525
SSP1,"Pacific, Western Central",274,2026,0.866173859093401,0.866173859093401,7255679.884875274,7255679.884875274,8376701.523259525
SSP1,"Pacific, Western Central",274,2027,0.8631734139652468,0.8631734139652468,7230546.051599808,7230546.051599808,8376701.523259525
SSP1,"Pacific, Western Central",274,2028,0.8601833624444181,0.8601833624444181,7205499.2824706575,7205499.2824706575,8376701.523259525
SSP1,"Pacific, Western Central",274,2029,0.8572036685272326,0.8572036685272326,7180539.275895722,7180539.275895722,8376701.523259525
SSP1,"Pacific, Western Central",274,2030,0.8542342963347256,0.8542342963347256,7155665.731327624,7155665.731327624,8376701.523259525
SSP1,"Pacific, Western Central",274,2031,0.8512752101122175,0.8512752101122175,7130878.349260085,7130878.349260085,8376701.523259525
SSP1,"Pacific, Western Central",274,2032,0.8483263742288846,0.8483263742288846,7106176.831224327,7106176.831224327,8376701.523259525
SSP1,"Pacific, Western Central",274,2033,0.845387753177328,0.845387753177328,7081560.879785471,7081560.879785471,8376701.523259525
SSP1,"Pacific, Western Central",274,2034,0.842459311573148,0.842459311573148,7057030.19853896,7057030.19853896,8376701.523259525
SSP1,"Pacific, Western Central",274,2035,0.8395410141545171,0.8395410141545171,7032584.49210699,7032584.49210699,8376701.523259525
SSP1,"Pacific, Western Central",274,2036,0.8366328257817552,0.8366328257817552,7008223.4661349505,7008223.4661349505,8376701.523259525
SSP1,"Pacific, Western Central",274,2037,0.8337347114369075,0.8337347114369075,6983946.8272878835,6983946.8272878835,8376701.523259525
SSP1,"Pacific, Western Central",274,2038,0.8308466362233212,0.8308466362233212,6959754.283246947,6959754.283246947,8376701.523259525
SSP1,"Pacific, Western Central",274,2039,0.8279685653652271,0.8279685653652271,6935645.542705902,6935645.542705902,8376701.523259525
SSP1,"Pacific, Western Central",274,2040,0.8251004642073196,0.8251004642073196,6911620.315367596,6911620.315367596,8376701.523259525
SSP1,"Pacific, Western Central",274,2041,0.8222422982143401,0.8222422982143401,6887678.311940475,6887678.311940475,8376701.523259525
SSP1,"Pacific, Western Central",274,2042,0.8193940329706605,0.8193940329706605,6863819.244135098,6863819.244135098,8376701.523259525
SSP1,"Pacific, Western Central",274,2043,0.8165556341798695,0.8165556341798695,6840042.824660661,6840042.824660661,8376701.523259525
SSP1,"Pacific, Western Central",274,2044,0.8137270676643592,0.8137270676643592,6816348.767221545,6816348.767221545,8376701.523259525
SSP1,"Pacific, Western Central",274,2045,0.8109082993649138,0.8109082993649138,6792736.786513865,6792736.786513865,8376701.523259525
SSP1,"Pacific, Western Central",274,2046,0.8080992953402993,0.8080992953402993,6769206.598222034,6769206.598222034,8376701.523259525
SSP1,"Pacific, Western Central",274,2047,0.8053000217668547,0.8053000217668547,6745757.9190153405,6745757.9190153405,8376701.523259525
SSP1,"Pacific, Western Central",274,2048,0.8025104449380851,0.8025104449380851,6722390.466544537,6722390.466544537,8376701.523259525
SSP1,"Pacific, Western Central",274,2049,0.7997305312642556,0.7997305312642556,6699103.959438439,6699103.959438439,8376701.523259525
SSP1,"Pacific, Western Central",274,2050,0.796960247271987,0.796960247271987,6675898.117300541,6675898.117300541,8376701.523259525
SSP1,"Pacific, Western Central",274,2051,0.7941995596038521,0.7941995596038521,6652772.6607056325,6652772.6607056325,8376701.523259525
SSP1,"Pacific, Western Central",274,2052,0.7914484350179753,0.7914484350179753,6629727.311196442,6629727.311196442,8376701.523259525
SSP1,"Pacific, Western Central",274,2053,0.7887068403876312,0.7887068403876312,6606761.791280277,6606761.791280277,8376701.523259525
SSP1,"Pacific, Western Central",274,2054,0.7859747427008459,0.7859747427008459,6583875.824425689,6583875.824425689,8376701.523259525
SSP1,"Pacific, Western Central",274,2055,0.7832521090599999,0.7832521090599999,6561069.135059137,6561069.135059137,8376701.523259525
SSP1,"Pacific, Western Central",274,2056,0.7805389066814319,0.7805389066814319,6538341.448561675,6538341.448561675,8376701.523259525
SSP1,"Pacific, Western Central",274,2057,0.7778351028950438,0.7778351028950438,6515692.491265642,6515692.491265642,8376701.523259525
SSP1,"Pacific, Western Central",274,2058,0.7751406651439072,0.7751406651439072,6493121.990451369,6493121.990451369,8376701.523259525
SSP1,"Pacific, Western Central",274,2059,0.7724555609838722,0.7724555609838722,6470629.674343893,6470629.674343893,8376701.523259525
SSP1,"Pacific, Western Central",274,2060,0.7697797580831756,0.7697797580831756,6448215.2721096855,6448215.2721096855,8376701.523259525
SSP1,"Pacific, Western Central",274,2061,0.7671132242220522,0.7671132242220522,6425878.513853391,6425878.513853391,8376701.523259525
SSP1,"Pacific, Western Central",274,2062,0.7644559272923471,0.7644559272923471,6403619.130614577,6403619.130614577,8376701.523259525
SSP1,"Pacific, Western Central",274,2063,0.7618078352971284,0.7618078352971284,6381436.854364497,6381436.854364497,8376701.523259525
SSP1,"Pacific, Western Central",274,2064,0.7591689163503024,0.7591689163503024,6359331.418002861,6359331.418002861,8376701.523259525
SSP1,"Pacific, Western Central",274,2065,0.7565391386762295,0.7565391386762295,6337302.55535462,6337302.55535462,8376701.523259525
SSP1,"Pacific, Western Central",274,2066,0.7539184706093416,0.7539184706093416,6315350.001166763,6315350.001166763,8376701.523259525
SSP1,"Pacific, Western Central",274,2067,0.7513068805937608,0.7513068805937608,6293473.491105119,6293473.491105119,8376701.523259525
SSP1,"Pacific, Western Central",274,2068,0.7487043371829197,0.7487043371829197,6271672.761751177,6271672.761751177,8376701.523259525
SSP1,"Pacific, Western Central",274,2069,0.7461108090391823,0.7461108090391823,6249947.550598915,6249947.550598915,8376701.523259525
SSP1,"Pacific, Western Central",274,2070,0.7435262649334666,0.7435262649334666,6228297.596051635,6228297.596051635,8376701.523259525
SSP1,"Pacific, Western Central",274,2071,0.7409506737448692,0.7409506737448692,6206722.637418818,6206722.637418818,8376701.523259525
SSP1,"Pacific, Western Central",274,2072,0.7383840044602901,0.7383840044602901,6185222.41491298,6185222.41491298,8376701.523259525
SSP1,"Pacific, Western Central",274,2073,0.7358262261740592,0.7358262261740592,6163796.66964655,6163796.66964655,8376701.523259525
SSP1,"Pacific, Western Central",274,2074,0.7332773080875645,0.7332773080875645,6142445.143628746,6142445.143628746,8376701.523259525
SSP1,"Pacific, Western Central",274,2075,0.730737219508881,0.730737219508881,6121167.579762474,6121167.579762474,8376701.523259525
SSP1,"Pacific, Western Central",274,2076,0.7282059298524011,0.7282059298524011,6099963.721841227,6099963.721841227,8376701.523259525
SSP1,"Pacific, Western Central",274,2077,0.7256834086384665,0.7256834086384665,6078833.314546007,6078833.314546007,8376701.523259525
SSP1,"Pacific, Western Central",274,2078,0.7231696254930011,0.7231696254930011,6057776.103442243,6057776.103442243,8376701.523259525
SSP1,"Pacific, Western Central",274,2079,0.7206645501471455,0.7206645501471455,6036791.834976734,6036791.834976734,8376701.523259525
SSP1,"Pacific, Western Central",274,2080,0.7181681524368916,0.7181681524368916,6015880.256474589,6015880.256474589,8376701.523259525
SSP1,"Pacific, Western Central",274,2081,0.7156804023027208,0.7156804023027208,5995041.116136191,5995041.116136191,8376701.523259525
SSP1,"Pacific, Western Central",274,2082,0.7132012697892411,0.7132012697892411,5974274.163034163,5974274.163034163,8376701.523259525
SSP1,"Pacific, Western Central",274,2083,0.7107307250448265,0.7107307250448265,5953579.147110345,5953579.147110345,8376701.523259525
SSP1,"Pacific, Western Central",274,2084,0.7082687383212578,0.7082687383212578,5932955.819172782,5932955.819172782,8376701.523259525
SSP1,"Pacific, Western Central",274,2085,0.7058152799733641,0.7058152799733641,5912403.930892727,5912403.930892727,8376701.523259525
SSP1,"Pacific, Western Central",274,2086,0.7033703204586662,0.7033703204586662,5891923.23480165,5891923.23480165,8376701.523259525
SSP1,"Pacific, Western Central",274,2087,0.700933830337021,0.700933830337021,5871513.484288257,5871513.484288257,8376701.523259525
SSP1,"Pacific, Western Central",274,2088,0.6985057802702659,0.6985057802702659,5851174.4335955195,5851174.4335955195,8376701.523259525
SSP1,"Pacific, Western Central",274,2089,0.69608614102186706,0.69608614102186706,5830905.837817718,5830905.837817718,8376701.523259525
SSP1,"Pacific, Western Central",274,2090,0.6936748834565662,0.6936748834565662,5810707.452897492,5810707.452897492,8376701.523259525
SSP1,"Pacific, Western Central",274,2091,0.6912719785400305,0.6912719785400305,5790579.035622899,5790579.035622899,8376701.523259525
SSP1,"Pacific, Western Central",274,2092,0.6888773973385025,0.6888773973385025,5770520.343624491,5770520.343624491,8376701.523259525
SSP1,"Pacific, Western Central",274,2093,0.6864911110184521,0.6864911110184521,5750531.135372391,5750531.135372391,8376701.523259525
SSP1,"Pacific, Western Central",274,2094,0.6841130908462288,0.6841130908462288,5730611.170173387,5730611.170173387,8376701.523259525
SSP1,"Pacific, Western Central",274,2095,0.6817433081877167,0.6817433081877167,5710760.208168034,5710760.208168034,8376701.523259525
SSP1,"Pacific, Western Central",274,2096,0.6793817345079886,0.6793817345079886,5690978.010327766,5690978.010327766,8376701.523259525
SSP1,"Pacific, Western Central",274,2097,0.6770283413709628,0.6770283413709628,5671264.338452014,5671264.338452014,8376701.523259525
SSP1,"Pacific, Western Central",274,2098,0.6746831004390614,0.6746831004390614,5651618.955165345,5651618.955165345,8376701.523259525
SSP1,"Pacific, Western Central",274,2099,0.6723459834728681,0.6723459834728681,5632041.623914598,5632041.623914598,8376701.523259525
SSP1,"Pacific, Western Central",274,2100,0.6700169623307884,0.6700169623307884,5612532.108966036,5612532.108966036,8376701.523259525
SSP2,"Pacific, Western Central",274,2005,0.9316492411494861,0.9316492411494861,7804147.617480481,7804147.617480481,8376701.523259525
SSP2,"Pacific, Western Central",274,2006,0.9284219878707028,0.9284219878707028,7777113.880024153,7777113.880024153,8376701.523259525
SSP2,"Pacific, Western Central",274,2007,0.9252059138676226,0.9252059138676226,7750173.788023636,7750173.788023636,8376701.523259525
SSP2,"Pacific, Western Central",274,2008,0.9220009804149909,0.9220009804149909,7723327.01708903,7723327.01708903,8376701.523259525
SSP2,"Pacific, Western Central",274,2009,0.9188071489216979,0.9188071489216979,7696573.243954129,7696573.243954129,8376701.523259525
SSP2,"Pacific, Western Central",274,2010,0.9156243809303147,0.9156243809303147,7669912.146472527,7669912.146472527,8376701.523259525
SSP2,"Pacific, Western Central",274,2011,0.9124526381166292,0.9124526381166292,7643343.403613741,7643343.403613741,8376701.523259525
SSP2,"Pacific, Western Central",274,2012,0.9092918822891859,0.9092918822891859,7616866.695459344,7616866.695459344,8376701.523259525
SSP2,"Pacific, Western Central",274,2013,0.9061420753888249,0.9061420753888249,7590481.7031991165,7590481.7031991165,8376701.523259525
SSP2,"Pacific, Western Central",274,2014,0.9030031794882238,0.9030031794882238,7564188.109127199,7564188.109127199,8376701.523259525
SSP2,"Pacific, Western Central",274,2015,0.8998751567914421,0.8998751567914421,7537985.596638277,7537985.596638277,8376701.523259525
SSP2,"Pacific, Western Central",274,2016,0.8967579696334644,0.8967579696334644,7511873.85022376,7511873.85022376,8376701.523259525
SSP2,"Pacific, Western Central",274,2017,0.8936515804797482,0.8936515804797482,7485852.555467989,7485852.555467989,8376701.523259525
SSP2,"Pacific, Western Central",274,2018,0.8905559519257714,0.8905559519257714,7459921.399044446,7459921.399044446,8376701.523259525
SSP2,"Pacific, Western Central",274,2019,0.88747104669658194,0.88747104669658194,7434080.068711983,7434080.068711983,8376701.523259525
SSP2,"Pacific, Western Central",274,2020,0.884396827646349,0.884396827646349,7408328.253311063,7408328.253311063,8376701.523259525
SSP2,"Pacific, Western Central",274,2021,0.8813332577579157,0.8813332577579157,7382665.642760012,7382665.642760012,8376701.523259525
SSP2,"Pacific, Western Central",274,2022,0.8782803001423536,0.8782803001423536,7357091.928051286,7357091.928051286,8376701.523259525
SSP2,"Pacific, Western Central",274,2023,0.875237918038518,0.875237918038518,7331606.8012477495,7331606.8012477495,8376701.523259525
SSP2,"Pacific, Western Central",274,2024,0.8722060748126059,0.8722060748126059,7306209.955478967,7306209.955478967,8376701.523259525
SSP2,"Pacific, Western Central",274,2025,0.8691847339577142,0.8691847339577142,7280901.08493751,7280901.08493751,8376701.523259525
SSP2,"Pacific, Western Central",274,2026,0.866173859093401,0.866173859093401,7255679.884875274,7255679.884875274,8376701.523259525
SSP2,"Pacific, Western Central",274,2027,0.8631734139652468,0.8631734139652468,7230546.051599808,7230546.051599808,8376701.523259525
SSP2,"Pacific, Western Central",274,2028,0.8601833624444181,0.8601833624444181,7205499.2824706575,7205499.2824706575,8376701.523259525
SSP2,"Pacific, Western Central",274,2029,0.8572036685272326,0.8572036685272326,7180539.275895722,7180539.275895722,8376701.523259525
SSP2,"Pacific, Western Central",274,2030,0.8542342963347256,0.8542342963347256,7155665.731327624,7155665.731327624,8376701.523259525
SSP2,"Pacific, Western Central",274,2031,0.8512752101122175,0.8512752101122175,7130878.349260085,7130878.349260085,8376701.523259525
SSP2,"Pacific, Western Central",274,2032,0.8483263742288846,0.8483263742288846,7106176.831224327,7106176.831224327,8376701.523259525
SSP2,"Pacific, Western Central",274,2033,0.845387753177328,0.845387753177328,7081560.879785471,7081560.879785471,8376701.523259525
SSP2,"Pacific, Western Central",274,2034,0.842459311573148,0.842459311573148,7057030.19853896,7057030.19853896,8376701.523259525
SSP2,"Pacific, Western Central",274,2035,0.8395410141545171,0.8395410141545171,7032584.49210699,7032584.49210699,8376701.523259525
SSP2,"Pacific, Western Central",274,2036,0.8366328257817552,0.8366328257817552,7008223.4661349505,7008223.4661349505,8376701.523259525
SSP2,"Pacific, Western Central",274,2037,0.8337347114369075,0.8337347114369075,6983946.8272878835,6983946.8272878835,8376701.523259525
SSP2,"Pacific, Western Central",274,2038,0.8308466362233212,0.8308466362233212,6959754.283246947,6959754.283246947,8376701.523259525
SSP2,"Pacific, Western Central",274,2039,0.8279685653652271,0.8279685653652271,6935645.542705902,6935645.542705902,8376701.523259525
SSP2,"Pacific, Western Central",274,2040,0.8251004642073196,0.8251004642073196,6911620.315367596,6911620.315367596,8376701.523259525
SSP2,"Pacific, Western Central",274,2041,0.8222422982143401,0.8222422982143401,6887678.311940475,6887678.311940475,8376701.523259525
SSP2,"Pacific, Western Central",274,2042,0.8193940329706605,0.8193940329706605,6863819.244135098,6863819.244135098,8376701.523259525
SSP2,"Pacific, Western Central",274,2043,0.8165556341798695,0.8165556341798695,6840042.824660661,6840042.824660661,8376701.523259525
SSP2,"Pacific, Western Central",274,2044,0.8137270676643592,0.8137270676643592,6816348.767221545,6816348.767221545,8376701.523259525
SSP2,"Pacific, Western Central",274,2045,0.8109082993649138,0.8109082993649138,6792736.786513865,6792736.786513865,8376701.523259525
SSP2,"Pacific, Western Central",274,2046,0.8080992953402993,0.8080992953402993,6769206.598222034,6769206.598222034,8376701.523259525
SSP2,"Pacific, Western Central",274,2047,0.8053000217668547,0.8053000217668547,6745757.9190153405,6745757.9190153405,8376701.523259525
SSP2,"Pacific, Western Central",274,2048,0.8025104449380851,0.8025104449380851,6722390.466544537,6722390.466544537,8376701.523259525
SSP2,"Pacific, Western Central",274,2049,0.7997305312642556,0.7997305312642556,6699103.959438439,6699103.959438439,8376701.523259525
SSP2,"Pacific, Western Central",274,2050,0.796960247271987,0.796960247271987,6675898.117300541,6675898.117300541,8376701.523259525
SSP2,"Pacific, Western Central",274,2051,0.7941995596038521,0.7941995596038521,6652772.6607056325,6652772.6607056325,8376701.523259525
SSP2,"Pacific, Western Central",274,2052,0.7914484350179753,0.7914484350179753,6629727.311196442,6629727.311196442,8376701.523259525
SSP2,"Pacific, Western Central",274,2053,0.7887068403876312,0.7887068403876312,6606761.791280277,6606761.791280277,8376701.523259525
SSP2,"Pacific, Western Central",274,2054,0.7859747427008459,0.7859747427008459,6583875.824425689,6583875.824425689,8376701.523259525
SSP2,"Pacific, Western Central",274,2055,0.7832521090599999,0.7832521090599999,6561069.135059137,6561069.135059137,8376701.523259525
SSP2,"Pacific, Western Central",274,2056,0.7805389066814319,0.7805389066814319,6538341.448561675,6538341.448561675,8376701.523259525
SSP2,"Pacific, Western Central",274,2057,0.7778351028950438,0.7778351028950438,6515692.491265642,6515692.491265642,8376701.523259525
SSP2,"Pacific, Western Central",274,2058,0.7751406651439072,0.7751406651439072,6493121.990451369,6493121.990451369,8376701.523259525
SSP2,"Pacific, Western Central",274,2059,0.7724555609838722,0.7724555609838722,6470629.674343893,6470629.674343893,8376701.523259525
SSP2,"Pacific, Western Central",274,2060,0.7697797580831756,0.7697797580831756,6448215.2721096855,6448215.2721096855,8376701.523259525
SSP2,"Pacific, Western Central",274,2061,0.7671132242220522,0.7671132242220522,6425878.513853391,6425878.513853391,8376701.523259525
SSP2,"Pacific, Western Central",274,2062,0.7644559272923471,0.7644559272923471,6403619.130614577,6403619.130614577,8376701.523259525
SSP2,"Pacific, Western Central",274,2063,0.7618078352971284,0.7618078352971284,6381436.854364497,6381436.854364497,8376701.523259525
SSP2,"Pacific, Western Central",274,2064,0.7591689163503024,0.7591689163503024,6359331.418002861,6359331.418002861,8376701.523259525
SSP2,"Pacific, Western Central",274,2065,0.7565391386762295,0.7565391386762295,6337302.55535462,6337302.55535462,8376701.523259525
SSP2,"Pacific, Western Central",274,2066,0.7539184706093416,0.7539184706093416,6315350.001166763,6315350.001166763,8376701.523259525
SSP2,"Pacific, Western Central",274,2067,0.7513068805937608,0.7513068805937608,6293473.491105119,6293473.491105119,8376701.523259525
SSP2,"Pacific, Western Central",274,2068,0.7487043371829197,0.7487043371829197,6271672.761751177,6271672.761751177,8376701.523259525
SSP2,"Pacific, Western Central",274,2069,0.7461108090391823,0.7461108090391823,6249947.550598915,6249947.550598915,8376701.523259525
SSP2,"Pacific, Western Central",274,2070,0.7435262649334666,0.7435262649334666,6228297.596051635,6228297.596051635,8376701.523259525
SSP2,"Pacific, Western Central",274,2071,0.7409506737448692,0.7409506737448692,6206722.637418818,6206722.637418818,8376701.523259525
SSP2,"Pacific, Western Central",274,2072,0.7383840044602901,0.7383840044602901,6185222.41491298,6185222.41491298,8376701.523259525
SSP2,"Pacific, Western Central",274,2073,0.7358262261740592,0.7358262261740592,6163796.66964655,6163796.66964655,8376701.523259525
SSP2,"Pacific, Western Central",274,2074,0.7332773080875645,0.7332773080875645,6142445.143628746,6142445.143628746,8376701.523259525
SSP2,"Pacific, Western Central",274,2075,0.730737219508881,0.730737219508881,6121167.579762474,6121167.579762474,8376701.523259525
SSP2,"Pacific, Western Central",274,2076,0.7282059298524011,0.7282059298524011,6099963.721841227,6099963.721841227,8376701.523259525
SSP2,"Pacific, Western Central",274,2077,0.7256834086384665,0.7256834086384665,6078833.314546007,6078833.314546007,8376701.523259525
SSP2,"Pacific, Western Central",274,2078,0.7231696254930011,0.7231696254930011,6057776.103442243,6057776.103442243,8376701.523259525
SSP2,"Pacific, Western Central",274,2079,0.7206645501471455,0.7206645501471455,6036791.834976734,6036791.834976734,8376701.523259525
SSP2,"Pacific, Western Central",274,2080,0.7181681524368916,0.7181681524368916,6015880.256474589,6015880.256474589,8376701.523259525
SSP2,"Pacific, Western Central",274,2081,0.7156804023027208,0.7156804023027208,5995041.116136191,5995041.116136191,8376701.523259525
SSP2,"Pacific, Western Central",274,2082,0.7132012697892411,0.7132012697892411,5974274.163034163,5974274.163034163,8376701.523259525
SSP2,"Pacific, Western Central",274,2083,0.7107307250448265,0.7107307250448265,5953579.147110345,5953579.147110345,8376701.523259525
SSP2,"Pacific, Western Central",274,2084,0.7082687383212578,0.7082687383212578,5932955.819172782,5932955.819172782,8376701.523259525
SSP2,"Pacific, Western Central",274,2085,0.7058152799733641,0.7058152799733641,5912403.930892727,5912403.930892727,8376701.523259525
SSP2,"Pacific, Western Central",274,2086,0.7033703204586662,0.7033703204586662,5891923.23480165,5891923.23480165,8376701.523259525
SSP2,"Pacific, Western Central",274,2087,0.700933830337021,0.700933830337021,5871513.484288257,5871513.484288257,8376701.523259525
SSP2,"Pacific, Western Central",274,2088,0.6985057802702659,0.6985057802702659,5851174.4335955195,5851174.4335955195,8376701.523259525
SSP2,"Pacific, Western Central",274,2089,0.69608614102186706,0.69608614102186706,5830905.837817718,5830905.837817718,8376701.523259525
SSP2,"Pacific, Western Central",274,2090,0.6936748834565662,0.6936748834565662,5810707.452897492,5810707.452897492,8376701.523259525
SSP2,"Pacific, Western Central",274,2091,0.6912719785400305,0.6912719785400305,5790579.035622899,5790579.035622899,8376701.523259525
SSP2,"Pacific, Western Central",274,2092,0.6888773973385025,0.6888773973385025,5770520.343624491,5770520.343624491,8376701.523259525
SSP2,"Pacific, Western Central",274,2093,0.6864911110184521,0.6864911110184521,5750531.135372391,5750531.135372391,8376701.523259525
SSP2,"Pacific, Western Central",274,2094,0.6841130908462288,0.6841130908462288,5730611.170173387,5730611.170173387,8376701.523259525
SSP2,"Pacific, Western Central",274,2095,0.6817433081877167,0.6817433081877167,5710760.208168034,5710760.208168034,8376701.523259525
SSP2,"Pacific, Western Central",274,2096,0.6793817345079886,0.6793817345079886,5690978.010327766,5690978.010327766,8376701.523259525
SSP2,"Pacific, Western Central",274,2097,0.6770283413709628,0.6770283413709628,5671264.338452014,5671264.338452014,8376701.523259525
SSP2,"Pacific, Western Central",274,2098,0.6746831004390614,0.6746831004390614,5651618.955165345,5651618.955165345,8376701.523259525
SSP2,"Pacific, Western Central",274,2099,0.6723459834728681,0.6723459834728681,5632041.623914598,5632041.623914598,8376701.523259525
SSP2,"Pacific, Western Central",274,2100,0.6700169623307884,0.6700169623307884,5612532.108966036,5612532.108966036,8376701.523259525
SSP3,"Pacific, Western Central",274,2005,0.9316492411494861,0.9316492411494861,7804147.617480481,7804147.617480481,8376701.523259525
SSP3,"Pacific, Western Central",274,2006,0.9284219878707028,0.9284219878707028,7777113.880024153,7777113.880024153,8376701.523259525
SSP3,"Pacific, Western Central",274,2007,0.9252059138676226,0.9252059138676226,7750173.788023636,7750173.788023636,8376701.523259525
SSP3,"Pacific, Western Central",274,2008,0.9220009804149909,0.9220009804149909,7723327.01708903,7723327.01708903,8376701.523259525
SSP3,"Pacific, Western Central",274,2009,0.9188071489216979,0.9188071489216979,7696573.243954129,7696573.243954129,8376701.523259525
SSP3,"Pacific, Western Central",274,2010,0.9156243809303147,0.9156243809303147,7669912.146472527,7669912.146472527,8376701.523259525
SSP3,"Pacific, Western Central",274,2011,0.9124526381166292,0.9124526381166292,7643343.403613741,7643343.403613741,8376701.523259525
SSP3,"Pacific, Western Central",274,2012,0.9092918822891859,0.9092918822891859,7616866.695459344,7616866.695459344,8376701.523259525
SSP3,"Pacific, Western Central",274,2013,0.9061420753888249,0.9061420753888249,7590481.7031991165,7590481.7031991165,8376701.523259525
SSP3,"Pacific, Western Central",274,2014,0.9030031794882238,0.9030031794882238,7564188.109127199,7564188.109127199,8376701.523259525
SSP3,"Pacific, Western Central",274,2015,0.8998751567914421,0.8998751567914421,7537985.596638277,7537985.596638277,8376701.523259525
SSP3,"Pacific, Western Central",274,2016,0.8967579696334644,0.8967579696334644,7511873.85022376,7511873.85022376,8376701.523259525
SSP3,"Pacific, Western Central",274,2017,0.8936515804797482,0.8936515804797482,7485852.555467989,7485852.555467989,8376701.523259525
SSP3,"Pacific, Western Central",274,2018,0.8905559519257714,0.8905559519257714,7459921.399044446,7459921.399044446,8376701.523259525
SSP3,"Pacific, Western Central",274,2019,0.88747104669658194,0.88747104669658194,7434080.068711983,7434080.068711983,8376701.523259525
SSP3,"Pacific, Western Central",274,2020,0.884396827646349,0.884396827646349,7408328.253311063,7408328.253311063,8376701.523259525
SSP3,"Pacific, Western Central",274,2021,0.8813332577579157,0.8813332577579157,7382665.642760012,7382665.642760012,8376701.523259525
SSP3,"Pacific, Western Central",274,2022,0.8782803001423536,0.8782803001423536,7357091.928051286,7357091.928051286,8376701.523259525
SSP3,"Pacific, Western Central",274,2023,0.875237918038518,0.875237918038518,7331606.8012477495,7331606.8012477495,8376701.523259525
SSP3,"Pacific, Western Central",274,2024,0.8722060748126059,0.8722060748126059,7306209.955478967,7306209.955478967,8376701.523259525
SSP3,"Pacific, Western Central",274,2025,0.8691847339577142,0.8691847339577142,7280901.08493751,7280901.08493751,8376701.523259525
SSP3,"Pacific, Western Central",274,2026,0.866173859093401,0.866173859093401,7255679.884875274,7255679.884875274,8376701.523259525
SSP3,"Pacific, Western Central",274,2027,0.8631734139652468,0.8631734139652468,7230546.051599808,7230546.051599808,8376701.523259525
SSP3,"Pacific, Western Central",274,2028,0.8601833624444181,0.8601833624444181,7205499.2824706575,7205499.2824706575,8376701.523259525
SSP3,"Pacific, Western Central",274,2029,0.8572036685272326,0.8572036685272326,7180539.275895722,7180539.275895722,8376701.523259525
SSP3,"Pacific, Western Central",274,2030,0.8542342963347256,0.8542342963347256,7155665.731327624,7155665.731327624,8376701.523259525
SSP3,"Pacific, Western Central",274,2031,0.8512752101122175,0.8512752101122175,7130878.349260085,7130878.349260085,8376701.523259525
SSP3,"Pacific, Western Central",274,2032,0.8483263742288846,0.8483263742288846,7106176.831224327,7106176.831224327,8376701.523259525
SSP3,"Pacific, Western Central",274,2033,0.845387753177328,0.845387753177328,7081560.879785471,7081560.879785471,8376701.523259525
SSP3,"Pacific, Western Central",274,2034,0.842459311573148,0.842459311573148,7057030.19853896,7057030.19853896,8376701.523259525
SSP3,"Pacific, Western Central",274,2035,0.8395410141545171,0.8395410141545171,7032584.49210699,7032584.49210699,8376701.523259525
SSP3,"Pacific, Western Central",274,2036,0.8366328257817552,0.8366328257817552,7008223.4661349505,7008223.4661349505,8376701.523259525
SSP3,"Pacific, Western Central",274,2037,0.8337347114369075,0.8337347114369075,6983946.8272878835,6983946.8272878835,8376701.523259525
SSP3,"Pacific, Western Central",274,2038,0.8308466362233212,0.8308466362233212,6959754.283246947,6959754.283246947,8376701.523259525
SSP3,"Pacific, Western Central",274,2039,0.8279685653652271,0.8279685653652271,6935645.542705902,6935645.542705902,8376701.523259525
SSP3,"Pacific, Western Central",274,2040,0.8251004642073196,0.8251004642073196,6911620.315367596,6911620.315367596,8376701.523259525
SSP3,"Pacific, Western Central",274,2041,0.8222422982143401,0.8222422982143401,6887678.311940475,6887678.311940475,8376701.523259525
SSP3,"Pacific, Western Central",274,2042,0.8193940329706605,0.8193940329706605,6863819.244135098,6863819.244135098,8376701.523259525
SSP3,"Pacific, Western Central",274,2043,0.8165556341798695,0.8165556341798695,6840042.824660661,6840042.824660661,8376701.523259525
SSP3,"Pacific, Western Central",274,2044,0.8137270676643592,0.8137270676643592,6816348.767221545,6816348.767221545,8376701.523259525
SSP3,"Pacific, Western Central",274,2045,0.8109082993649138,0.8109082993649138,6792736.786513865,6792736.786513865,8376701.523259525
SSP3,"Pacific, Western Central",274,2046,0.8080992953402993,0.8080992953402993,6769206.598222034,6769206.598222034,8376701.523259525
SSP3,"Pacific, Western Central",274,2047,0.8053000217668547,0.8053000217668547,6745757.9190153405,6745757.9190153405,8376701.523259525
SSP3,"Pacific, Western Central",274,2048,0.8025104449380851,0.8025104449380851,6722390.466544537,6722390.466544537,8376701.523259525
SSP3,"Pacific, Western Central",274,2049,0.7997305312642556,0.7997305312642556,6699103.959438439,6699103.959438439,8376701.523259525
SSP3,"Pacific, Western Central",274,2050,0.796960247271987,0.796960247271987,6675898.117300541,6675898.117300541,8376701.523259525
SSP3,"Pacific, Western Central",274,2051,0.7941995596038521,0.7941995596038521,6652772.6607056325,6652772.6607056325,8376701.523259525
SSP3,"Pacific, Western Central",274,2052,0.7914484350179753,0.7914484350179753,6629727.311196442,6629727.311196442,8376701.523259525
SSP3,"Pacific, Western Central",274,2053,0.7887068403876312,0.7887068403876312,6606761.791280277,6606761.791280277,8376701.523259525
SSP3,"Pacific, Western Central",274,2054,0.7859747427008459,0.7859747427008459,6583875.824425689,6583875.824425689,8376701.523259525
SSP3,"Pacific, Western Central",274,2055,0.7832521090599999,0.7832521090599999,6561069.135059137,6561069.135059137,8376701.523259525
SSP3,"Pacific, Western Central",274,2056,0.7805389066814319,0.7805389066814319,6538341.448561675,6538341.448561675,8376701.523259525
SSP3,"Pacific, Western Central",274,2057,0.7778351028950438,0.7778351028950438,6515692.491265642,6515692.491265642,8376701.523259525
SSP3,"Pacific, Western Central",274,2058,0.7751406651439072,0.7751406651439072,6493121.990451369,6493121.990451369,8376701.523259525
SSP3,"Pacific, Western Central",274,2059,0.7724555609838722,0.7724555609838722,6470629.674343893,6470629.674343893,8376701.523259525
SSP3,"Pacific, Western Central",274,2060,0.7697797580831756,0.7697797580831756,6448215.2721096855,6448215.2721096855,8376701.523259525
SSP3,"Pacific, Western Central",274,2061,0.7671132242220522,0.7671132242220522,6425878.513853391,6425878.513853391,8376701.523259525
SSP3,"Pacific, Western Central",274,2062,0.7644559272923471,0.7644559272923471,6403619.130614577,6403619.130614577,8376701.523259525
SSP3,"Pacific, Western Central",274,2063,0.7618078352971284,0.7618078352971284,6381436.854364497,6381436.854364497,8376701.523259525
SSP3,"Pacific, Western Central",274,2064,0.7591689163503024,0.7591689163503024,6359331.418002861,6359331.418002861,8376701.523259525
SSP3,"Pacific, Western Central",274,2065,0.7565391386762295,0.7565391386762295,6337302.55535462,6337302.55535462,8376701.523259525
SSP3,"Pacific, Western Central",274,2066,0.7539184706093416,0.7539184706093416,6315350.001166763,6315350.001166763,8376701.523259525
SSP3,"Pacific, Western Central",274,2067,0.7513068805937608,0.7513068805937608,6293473.491105119,6293473.491105119,8376701.523259525
SSP3,"Pacific, Western Central",274,2068,0.7487043371829197,0.7487043371829197,6271672.761751177,6271672.761751177,8376701.523259525
SSP3,"Pacific, Western Central",274,2069,0.7461108090391823,0.7461108090391823,6249947.550598915,6249947.550598915,8376701.523259525
SSP3,"Pacific, Western Central",274,2070,0.7435262649334666,0.7435262649334666,6228297.596051635,6228297.596051635,8376701.523259525
SSP3,"Pacific, Western Central",274,2071,0.7409506737448692,0.7409506737448692,6206722.637418818,6206722.637418818,8376701.523259525
SSP3,"Pacific, Western Central",274,2072,0.7383840044602901,0.7383840044602901,6185222.41491298,6185222.41491298,8376701.523259525
SSP3,"Pacific, Western Central",274,2073,0.7358262261740592,0.7358262261740592,6163796.66964655,6163796.66964655,8376701.523259525
SSP3,"Pacific, Western Central",274,2074,0.7332773080875645,0.7332773080875645,6142445.143628746,6142445.143628746,8376701.523259525
SSP3,"Pacific, Western Central",274,2075,0.730737219508881,0.730737219508881,6121167.579762474,6121167.579762474,8376701.523259525
SSP3,"Pacific, Western Central",274,2076,0.7282059298524011,0.7282059298524011,6099963.721841227,6099963.721841227,8376701.523259525
SSP3,"Pacific, Western Central",274,2077,0.7256834086384665,0.7256834086384665,6078833.314546007,6078833.314546007,8376701.523259525
SSP3,"Pacific, Western Central",274,2078,0.7231696254930011,0.7231696254930011,6057776.103442243,6057776.103442243,8376701.523259525
SSP3,"Pacific, Western Central",274,2079,0.7206645501471455,0.7206645501471455,6036791.834976734,6036791.834976734,8376701.523259525
SSP3,"Pacific, Western Central",274,2080,0.7181681524368916,0.7181681524368916,6015880.256474589,6015880.256474589,8376701.523259525
SSP3,"Pacific, Western Central",274,2081,0.7156804023027208,0.7156804023027208,5995041.116136191,5995041.116136191,8376701.523259525
SSP3,"Pacific, Western Central",274,2082,0.7132012697892411,0.7132012697892411,5974274.163034163,5974274.163034163,8376701.523259525
SSP3,"Pacific, Western Central",274,2083,0.7107307250448265,0.7107307250448265,5953579.147110345,5953579.147110345,8376701.523259525
SSP3,"Pacific, Western Central",274,2084,0.7082687383212578,0.7082687383212578,5932955.819172782,5932955.819172782,8376701.523259525
SSP3,"Pacific, Western Central",274,2085,0.7058152799733641,0.7058152799733641,5912403.930892727,5912403.930892727,8376701.523259525
SSP3,"Pacific, Western Central",274,2086,0.7033703204586662,0.7033703204586662,5891923.23480165,5891923.23480165,8376701.523259525
SSP3,"Pacific, Western Central",274,2087,0.700933830337021,0.700933830337021,5871513.484288257,5871513.484288257,8376701.523259525
SSP3,"Pacific, Western Central",274,2088,0.6985057802702659,0.6985057802702659,5851174.4335955195,5851174.4335955195,8376701.523259525
SSP3,"Pacific, Western Central",274,2089,0.69608614102186706,0.69608614102186706,5830905.837817718,5830905.837817718,8376701.523259525
SSP3,"Pacific, Western Central",274,2090,0.6936748834565662,0.6936748834565662,5810707.452897492,5810707.452897492,8376701.523259525
SSP3,"Pacific, Western Central",274,2091,0.6912719785400305,0.6912719785400305,5790579.035622899,5790579.035622899,8376701.523259525
SSP3,"Pacific, Western Central",274,2092,0.6888773973385025,0.6888773973385025,5770520.343624491,5770520.343624491,8376701.523259525
SSP3,"Pacific, Western Central",274,2093,0.6864911110184521,0.6864911110184521,5750531.135372391,5750531.135372391,8376701.523259525
SSP3,"Pacific, Western Central",274,2094,0.6841130908462288,0.6841130908462288,5730611.170173387,5730611.170173387,8376701.523259525
SSP3,"Pacific, Western Central",274,2095,0.6817433081877167,0.6817433081877167,5710760.208168034,5710760.208168034,8376701.523259525
SSP3,"Pacific, Western Central",274,2096,0.6793817345079886,0.6793817345079886,5690978.010327766,5690978.010327766,8376701.523259525
SSP3,"Pacific, Western Central",274,2097,0.6770283413709628,0.6770283413709628,5671264.338452014,5671264.338452014,8376701.523259525
SSP3,"Pacific, Western Central",274,2098,0.6746831004390614,0.6746831004390614,5651618.955165345,5651618.955165345,8376701.523259525
SSP3,"Pacific, Western Central",274,2099,0.6723459834728681,0.6723459834728681,5632041.623914598,5632041.623914598,8376701.523259525
SSP3,"Pacific, Western Central",274,2100,0.6700169623307884,0.6700169623307884,5612532.108966036,5612532.108966036,8376701.523259525
SSP4,"Pacific, Western Central",274,2005,0.9316492411494861,0.9316492411494861,7804147.617480481,7804147.617480481,8376701.523259525
SSP4,"Pacific, Western Central",274,2006,0.9284219878707028,0.9284219878707028,7777113.880024153,7777113.880024153,8376701.523259525
SSP4,"Pacific, Western Central",274,2007,0.9252059138676226,0.9252059138676226,7750173.788023636,7750173.788023636,8376701.523259525
SSP4,"Pacific, Western Central",274,2008,0.9220009804149909,0.9220009804149909,7723327.01708903,7723327.01708903,8376701.523259525
SSP4,"Pacific, Western Central",274,2009,0.9188071489216979,0.9188071489216979,7696573.243954129,7696573.243954129,8376701.523259525
SSP4,"Pacific, Western Central",274,2010,0.9156243809303147,0.9156243809303147,7669912.146472527,7669912.146472527,8376701.523259525
SSP4,"Pacific, Western Central",274,2011,0.9124526381166292,0.9124526381166292,7643343.403613741,7643343.403613741,8376701.523259525
SSP4,"Pacific, Western Central",274,2012,0.9092918822891859,0.9092918822891859,7616866.695459344,7616866.695459344,8376701.523259525
SSP4,"Pacific, Western Central",274,2013,0.9061420753888249,0.9061420753888249,7590481.7031991165,7590481.7031991165,8376701.523259525
SSP4,"Pacific, Western Central",274,2014,0.9030031794882238,0.9030031794882238,7564188.109127199,7564188.109127199,8376701.523259525
SSP4,"Pacific, Western Central",274,2015,0.8998751567914421,0.8998751567914421,7537985.596638277,7537985.596638277,8376701.523259525
SSP4,"Pacific, Western Central",274,2016,0.8967579696334644,0.8967579696334644,7511873.85022376,7511873.85022376,8376701.523259525
SSP4,"Pacific, Western Central",274,2017,0.8936515804797482,0.8936515804797482,7485852.555467989,7485852.555467989,8376701.523259525
SSP4,"Pacific, Western Central",274,2018,0.8905559519257714,0.8905559519257714,7459921.399044446,7459921.399044446,8376701.523259525
SSP4,"Pacific, Western Central",274,2019,0.88747104669658194,0.88747104669658194,7434080.068711983,7434080.068711983,8376701.523259525
SSP4,"Pacific, Western Central",274,2020,0.884396827646349,0.884396827646349,7408328.253311063,7408328.253311063,8376701.523259525
SSP4,"Pacific, Western Central",274,2021,0.8813332577579157,0.8813332577579157,7382665.642760012,7382665.642760012,8376701.523259525
SSP4,"Pacific, Western Central",274,2022,0.8782803001423536,0.8782803001423536,7357091.928051286,7357091.928051286,8376701.523259525
SSP4,"Pacific, Western Central",274,2023,0.875237918038518,0.875237918038518,7331606.8012477495,7331606.8012477495,8376701.523259525
SSP4,"Pacific, Western Central",274,2024,0.8722060748126059,0.8722060748126059,7306209.955478967,7306209.955478967,8376701.523259525
SSP4,"Pacific, Western Central",274,2025,0.8691847339577142,0.8691847339577142,7280901.08493751,7280901.08493751,8376701.523259525
SSP4,"Pacific, Western Central",274,2026,0.866173859093401,0.866173859093401,7255679.884875274,7255679.884875274,8376701.523259525
SSP4,"Pacific, Western Central",274,2027,0.8631734139652468,0.8631734139652468,7230546.051599808,7230546.051599808,8376701.523259525
SSP4,"Pacific, Western Central",274,2028,0.8601833624444181,0.8601833624444181,7205499.2824706575,7205499.2824706575,8376701.523259525
SSP4,"Pacific, Western Central",274,2029,0.8572036685272326,0.8572036685272326,7180539.275895722,7180539.275895722,8376701.523259525
SSP4,"Pacific, Western Central",274,2030,0.8542342963347256,0.8542342963347256,7155665.731327624,7155665.731327624,8376701.523259525
SSP4,"Pacific, Western Central",274,2031,0.8512752101122175,0.8512752101122175,7130878.349260085,7130878.349260085,8376701.523259525
SSP4,"Pacific, Western Central",274,2032,0.8483263742288846,0.8483263742288846,7106176.831224327,7106176.831224327,8376701.523259525
SSP4,"Pacific, Western Central",274,2033,0.845387753177328,0.845387753177328,7081560.879785471,7081560.879785471,8376701.523259525
SSP4,"Pacific, Western Central",274,2034,0.842459311573148,0.842459311573148,7057030.19853896,7057030.19853896,8376701.523259525
SSP4,"Pacific, Western Central",274,2035,0.8395410141545171,0.8395410141545171,7032584.49210699,7032584.49210699,8376701.523259525
SSP4,"Pacific, Western Central",274,2036,0.8366328257817552,0.8366328257817552,7008223.4661349505,7008223.4661349505,8376701.523259525
SSP4,"Pacific, Western Central",274,2037,0.8337347114369075,0.8337347114369075,6983946.8272878835,6983946.8272878835,8376701.523259525
SSP4,"Pacific, Western Central",274,2038,0.8308466362233212,0.8308466362233212,6959754.283246947,6959754.283246947,8376701.523259525
SSP4,"Pacific, Western Central",274,2039,0.8279685653652271,0.8279685653652271,6935645.542705902,6935645.542705902,8376701.523259525
SSP4,"Pacific, Western Central",274,2040,0.8251004642073196,0.8251004642073196,6911620.315367596,6911620.315367596,8376701.523259525
SSP4,"Pacific, Western Central",274,2041,0.8222422982143401,0.8222422982143401,6887678.311940475,6887678.311940475,8376701.523259525
SSP4,"Pacific, Western Central",274,2042,0.8193940329706605,0.8193940329706605,6863819.244135098,6863819.244135098,8376701.523259525
SSP4,"Pacific, Western Central",274,2043,0.8165556341798695,0.8165556341798695,6840042.824660661,6840042.824660661,8376701.523259525
SSP4,"Pacific, Western Central",274,2044,0.8137270676643592,0.8137270676643592,6816348.767221545,6816348.767221545,8376701.523259525
SSP4,"Pacific, Western Central",274,2045,0.8109082993649138,0.8109082993649138,6792736.786513865,6792736.786513865,8376701.523259525
SSP4,"Pacific, Western Central",274,2046,0.8080992953402993,0.8080992953402993,6769206.598222034,6769206.598222034,8376701.523259525
SSP4,"Pacific, Western Central",274,2047,0.8053000217668547,0.8053000217668547,6745757.9190153405,6745757.9190153405,8376701.523259525
SSP4,"Pacific, Western Central",274,2048,0.8025104449380851,0.8025104449380851,6722390.466544537,6722390.466544537,8376701.523259525
SSP4,"Pacific, Western Central",274,2049,0.7997305312642556,0.7997305312642556,6699103.959438439,6699103.959438439,8376701.523259525
SSP4,"Pacific, Western Central",274,2050,0.796960247271987,0.796960247271987,6675898.117300541,6675898.117300541,8376701.523259525
SSP4,"Pacific, Western Central",274,2051,0.7941995596038521,0.7941995596038521,6652772.6607056325,6652772.6607056325,8376701.523259525
SSP4,"Pacific, Western Central",274,2052,0.7914484350179753,0.7914484350179753,6629727.311196442,6629727.311196442,8376701.523259525
SSP4,"Pacific, Western Central",274,2053,0.7887068403876312,0.7887068403876312,6606761.791280277,6606761.791280277,8376701.523259525
SSP4,"Pacific, Western Central",274,2054,0.7859747427008459,0.7859747427008459,6583875.824425689,6583875.824425689,8376701.523259525
SSP4,"Pacific, Western Central",274,2055,0.7832521090599999,0.7832521090599999,6561069.135059137,6561069.135059137,8376701.523259525
SSP4,"Pacific, Western Central",274,2056,0.7805389066814319,0.7805389066814319,6538341.448561675,6538341.448561675,8376701.523259525
SSP4,"Pacific, Western Central",274,2057,0.7778351028950438,0.7778351028950438,6515692.491265642,6515692.491265642,8376701.523259525
SSP4,"Pacific, Western Central",274,2058,0.7751406651439072,0.7751406651439072,6493121.990451369,6493121.990451369,8376701.523259525
SSP4,"Pacific, Western Central",274,2059,0.7724555609838722,0.7724555609838722,6470629.674343893,6470629.674343893,8376701.523259525
SSP4,"Pacific, Western Central",274,2060,0.7697797580831756,0.7697797580831756,6448215.2721096855,6448215.2721096855,8376701.523259525
SSP4,"Pacific, Western Central",274,2061,0.7671132242220522,0.7671132242220522,6425878.513853391,6425878.513853391,8376701.523259525
SSP4,"Pacific, Western Central",274,2062,0.7644559272923471,0.7644559272923471,6403619.130614577,6403619.130614577,8376701.523259525
SSP4,"Pacific, Western Central",274,2063,0.7618078352971284,0.7618078352971284,6381436.854364497,6381436.854364497,8376701.523259525
SSP4,"Pacific, Western Central",274,2064,0.7591689163503024,0.7591689163503024,6359331.418002861,6359331.418002861,8376701.523259525
SSP4,"Pacific, Western Central",274,2065,0.7565391386762295,0.7565391386762295,6337302.55535462,6337302.55535462,8376701.523259525
SSP4,"Pacific, Western Central",274,2066,0.7539184706093416,0.7539184706093416,6315350.001166763,6315350.001166763,8376701.523259525
SSP4,"Pacific, Western Central",274,2067,0.7513068805937608,0.7513068805937608,6293473.491105119,6293473.491105119,8376701.523259525
SSP4,"Pacific, Western Central",274,2068,0.7487043371829197,0.7487043371829197,6271672.761751177,6271672.761751177,8376701.523259525
SSP4,"Pacific, Western Central",274,2069,0.7461108090391823,0.7461108090391823,6249947.550598915,6249947.550598915,8376701.523259525
SSP4,"Pacific, Western Central",274,2070,0.7435262649334666,0.7435262649334666,6228297.596051635,6228297.596051635,8376701.523259525
SSP4,"Pacific, Western Central",274,2071,0.7409506737448692,0.7409506737448692,6206722.637418818,6206722.637418818,8376701.523259525
SSP4,"Pacific, Western Central",274,2072,0.7383840044602901,0.7383840044602901,6185222.41491298,6185222.41491298,8376701.523259525
SSP4,"Pacific, Western Central",274,2073,0.7358262261740592,0.7358262261740592,6163796.66964655,6163796.66964655,8376701.523259525
SSP4,"Pacific, Western Central",274,2074,0.7332773080875645,0.7332773080875645,6142445.143628746,6142445.143628746,8376701.523259525
SSP4,"Pacific, Western Central",274,2075,0.730737219508881,0.730737219508881,6121167.579762474,6121167.579762474,8376701.523259525
SSP4,"Pacific, Western Central",274,2076,0.7282059298524011,0.7282059298524011,6099963.721841227,6099963.721841227,8376701.523259525
SSP4,"Pacific, Western Central",274,2077,0.7256834086384665,0.7256834086384665,6078833.314546007,6078833.314546007,8376701.523259525
SSP4,"Pacific, Western Central",274,2078,0.7231696254930011,0.7231696254930011,6057776.103442243,6057776.103442243,8376701.523259525
SSP4,"Pacific, Western Central",274,2079,0.7206645501471455,0.7206645501471455,6036791.834976734,6036791.834976734,8376701.523259525
SSP4,"Pacific, Western Central",274,2080,0.7181681524368916,0.7181681524368916,6015880.256474589,6015880.256474589,8376701.523259525
SSP4,"Pacific, Western Central",274,2081,0.7156804023027208,0.7156804023027208,5995041.116136191,5995041.116136191,8376701.523259525
SSP4,"Pacific, Western Central",274,2082,0.7132012697892411,0.7132012697892411,5974274.163034163,5974274.163034163,8376701.523259525
SSP4,"Pacific, Western Central",274,2083,0.7107307250448265,0.7107307250448265,5953579.147110345,5953579.147110345,8376701.523259525
SSP4,"Pacific, Western Central",274,2084,0.7082687383212578,0.7082687383212578,5932955.819172782,5932955.819172782,8376701.523259525
SSP4,"Pacific, Western Central",274,2085,0.7058152799733641,0.7058152799733641,5912403.930892727,5912403.930892727,8376701.523259525
SSP4,"Pacific, Western Central",274,2086,0.7033703204586662,0.7033703204586662,5891923.23480165,5891923.23480165,8376701.523259525
SSP4,"Pacific, Western Central",274,2087,0.700933830337021,0.700933830337021,5871513.484288257,5871513.484288257,8376701.523259525
SSP4,"Pacific, Western Central",274,2088,0.6985057802702659,0.6985057802702659,5851174.4335955195,5851174.4335955195,8376701.523259525
SSP4,"Pacific, Western Central",274,2089,0.69608614102186706,0.69608614102186706,5830905.837817718,5830905.837817718,8376701.523259525
SSP4,"Pacific, Western Central",274,2090,0.6936748834565662,0.6936748834565662,5810707.452897492,5810707.452897492,8376701.523259525
SSP4,"Pacific, Western Central",274,2091,0.6912719785400305,0.6912719785400305,5790579.035622899,5790579.035622899,8376701.523259525
SSP4,"Pacific, Western Central",274,2092,0.6888773973385025,0.6888773973385025,5770520.343624491,5770520.343624491,8376701.523259525
SSP4,"Pacific, Western Central",274,2093,0.6864911110184521,0.6864911110184521,5750531.135372391,5750531.135372391,8376701.523259525
SSP4,"Pacific, Western Central",274,2094,0.6841130908462288,0.6841130908462288,5730611.170173387,5730611.170173387,8376701.523259525
SSP4,"Pacific, Western Central",274,2095,0.6817433081877167,0.6817433081877167,5710760.208168034,5710760.208168034,8376701.523259525
SSP4,"Pacific, Western Central",274,2096,0.6793817345079886,0.6793817345079886,5690978.010327766,5690978.010327766,8376701.523259525
SSP4,"Pacific, Western Central",274,2097,0.6770283413709628,0.6770283413709628,5671264.338452014,5671264.338452014,8376701.523259525
SSP4,"Pacific, Western Central",274,2098,0.6746831004390614,0.6746831004390614,5651618.955165345,5651618.955165345,8376701.523259525
SSP4,"Pacific, Western Central",274,2099,0.6723459834728681,0.6723459834728681,5632041.623914598,5632041.623914598,8376701.523259525
SSP4,"Pacific, Western Central",274,2100,0.6700169623307884,0.6700169623307884,5612532.108966036,5612532.108966036,8376701.523259525
SSP5,"Pacific, Western Central",274,2005,0.9316492411494861,0.9316492411494861,7804147.617480481,7804147.617480481,8376701.523259525
SSP5,"Pacific, Western Central",274,2006,0.9284219878707028,0.9284219878707028,7777113.880024153,7777113.880024153,8376701.523259525
SSP5,"Pacific, Western Central",274,2007,0.9252059138676226,0.9252059138676226,7750173.788023636,7750173.788023636,8376701.523259525
SSP5,"Pacific, Western Central",274,2008,0.9220009804149909,0.9220009804149909,7723327.01708903,7723327.01708903,8376701.523259525
SSP5,"Pacific, Western Central",274,2009,0.9188071489216979,0.9188071489216979,7696573.243954129,7696573.243954129,8376701.523259525
SSP5,"Pacific, Western Central",274,2010,0.9156243809303147,0.9156243809303147,7669912.146472527,7669912.146472527,8376701.523259525
SSP5,"Pacific, Western Central",274,2011,0.9124526381166292,0.9124526381166292,7643343.403613741,7643343.403613741,8376701.523259525
SSP5,"Pacific, Western Central",274,2012,0.9092918822891859,0.9092918822891859,7616866.695459344,7616866.695459344,8376701.523259525
SSP5,"Pacific, Western Central",274,2013,0.9061420753888249,0.9061420753888249,7590481.7031991165,7590481.7031991165,8376701.523259525
SSP5,"Pacific, Western Central",274,2014,0.9030031794882238,0.9030031794882238,7564188.109127199,7564188.109127199,8376701.523259525
SSP5,"Pacific, Western Central",274,2015,0.8998751567914421,0.8998751567914421,7537985.596638277,7537985.596638277,8376701.523259525
SSP5,"Pacific, Western Central",274,2016,0.8967579696334644,0.8967579696334644,7511873.85022376,7511873.85022376,8376701.523259525
SSP5,"Pacific, Western Central",274,2017,0.8936515804797482,0.8936515804797482,7485852.555467989,7485852.555467989,8376701.523259525
SSP5,"Pacific, Western Central",274,2018,0.8905559519257714,0.8905559519257714,7459921.399044446,7459921.399044446,8376701.523259525
SSP5,"Pacific, Western Central",274,2019,0.88747104669658194,0.88747104669658194,7434080.068711983,7434080.068711983,8376701.523259525
SSP5,"Pacific, Western Central",274,2020,0.884396827646349,0.884396827646349,7408328.253311063,7408328.253311063,8376701.523259525
SSP5,"Pacific, Western Central",274,2021,0.8813332577579157,0.8813332577579157,7382665.642760012,7382665.642760012,8376701.523259525
SSP5,"Pacific, Western Central",274,2022,0.8782803001423536,0.8782803001423536,7357091.928051286,7357091.928051286,8376701.523259525
SSP5,"Pacific, Western Central",274,2023,0.875237918038518,0.875237918038518,7331606.8012477495,7331606.8012477495,8376701.523259525
SSP5,"Pacific, Western Central",274,2024,0.8722060748126059,0.8722060748126059,7306209.955478967,7306209.955478967,8376701.523259525
SSP5,"Pacific, Western Central",274,2025,0.8691847339577142,0.8691847339577142,7280901.08493751,7280901.08493751,8376701.523259525
SSP5,"Pacific, Western Central",274,2026,0.866173859093401,0.866173859093401,7255679.884875274,7255679.884875274,8376701.523259525
SSP5,"Pacific, Western Central",274,2027,0.8631734139652468,0.8631734139652468,7230546.051599808,7230546.051599808,8376701.523259525
SSP5,"Pacific, Western Central",274,2028,0.8601833624444181,0.8601833624444181,7205499.2824706575,7205499.2824706575,8376701.523259525
SSP5,"Pacific, Western Central",274,2029,0.8572036685272326,0.8572036685272326,7180539.275895722,7180539.275895722,8376701.523259525
SSP5,"Pacific, Western Central",274,2030,0.8542342963347256,0.8542342963347256,7155665.731327624,7155665.731327624,8376701.523259525
SSP5,"Pacific, Western Central",274,2031,0.8512752101122175,0.8512752101122175,7130878.349260085,7130878.349260085,8376701.523259525
SSP5,"Pacific, Western Central",274,2032,0.8483263742288846,0.8483263742288846,7106176.831224327,7106176.831224327,8376701.523259525
SSP5,"Pacific, Western Central",274,2033,0.845387753177328,0.845387753177328,7081560.879785471,7081560.879785471,8376701.523259525
SSP5,"Pacific, Western Central",274,2034,0.842459311573148,0.842459311573148,7057030.19853896,7057030.19853896,8376701.523259525
SSP5,"Pacific, Western Central",274,2035,0.8395410141545171,0.8395410141545171,7032584.49210699,7032584.49210699,8376701.523259525
SSP5,"Pacific, Western Central",274,2036,0.8366328257817552,0.8366328257817552,7008223.4661349505,7008223.4661349505,8376701.523259525
SSP5,"Pacific, Western Central",274,2037,0.8337347114369075,0.8337347114369075,6983946.8272878835,6983946.8272878835,8376701.523259525
SSP5,"Pacific, Western Central",274,2038,0.8308466362233212,0.8308466362233212,6959754.283246947,6959754.283246947,8376701.523259525
SSP5,"Pacific, Western Central",274,2039,0.8279685653652271,0.8279685653652271,6935645.542705902,6935645.542705902,8376701.523259525
SSP5,"Pacific, Western Central",274,2040,0.8251004642073196,0.8251004642073196,6911620.315367596,6911620.315367596,8376701.523259525
SSP5,"Pacific, Western Central",274,2041,0.8222422982143401,0.8222422982143401,6887678.311940475,6887678.311940475,8376701.523259525
SSP5,"Pacific, Western Central",274,2042,0.8193940329706605,0.8193940329706605,6863819.244135098,6863819.244135098,8376701.523259525
SSP5,"Pacific, Western Central",274,2043,0.8165556341798695,0.8165556341798695,6840042.824660661,6840042.824660661,8376701.523259525
SSP5,"Pacific, Western Central",274,2044,0.8137270676643592,0.8137270676643592,6816348.767221545,6816348.767221545,8376701.523259525
SSP5,"Pacific, Western Central",274,2045,0.8109082993649138,0.8109082993649138,6792736.786513865,6792736.786513865,8376701.523259525
SSP5,"Pacific, Western Central",274,2046,0.8080992953402993,0.8080992953402993,6769206.598222034,6769206.598222034,8376701.523259525
SSP5,"Pacific, Western Central",274,2047,0.8053000217668547,0.8053000217668547,6745757.9190153405,6745757.9190153405,8376701.523259525
SSP5,"Pacific, Western Central",274,2048,0.8025104449380851,0.8025104449380851,6722390.466544537,6722390.466544537,8376701.523259525
SSP5,"Pacific, Western Central",274,2049,0.7997305312642556,0.7997305312642556,6699103.959438439,6699103.959438439,8376701.523259525
SSP5,"Pacific, Western Central",274,2050,0.796960247271987,0.796960247271987,6675898.117300541,6675898.117300541,8376701.523259525
SSP5,"Pacific, Western Central",274,2051,0.7941995596038521,0.7941995596038521,6652772.6607056325,6652772.6607056325,8376701.523259525
SSP5,"Pacific, Western Central",274,2052,0.7914484350179753,0.7914484350179753,6629727.311196442,6629727.311196442,8376701.523259525
SSP5,"Pacific, Western Central",274,2053,0.7887068403876312,0.7887068403876312,6606761.791280277,6606761.791280277,8376701.523259525
SSP5,"Pacific, Western Central",274,2054,0.7859747427008459,0.7859747427008459,6583875.824425689,6583875.824425689,8376701.523259525
SSP5,"Pacific, Western Central",274,2055,0.7832521090599999,0.7832521090599999,6561069.135059137,6561069.135059137,8376701.523259525
SSP5,"Pacific, Western Central",274,2056,0.7805389066814319,0.7805389066814319,6538341.448561675,6538341.448561675,8376701.523259525
SSP5,"Pacific, Western Central",274,2057,0.7778351028950438,0.7778351028950438,6515692.491265642,6515692.491265642,8376701.523259525
SSP5,"Pacific, Western Central",274,2058,0.7751406651439072,0.7751406651439072,6493121.990451369,6493121.990451369,8376701.523259525
SSP5,"Pacific, Western Central",274,2059,0.7724555609838722,0.7724555609838722,6470629.674343893,6470629.674343893,8376701.523259525
SSP5,"Pacific, Western Central",274,2060,0.7697797580831756,0.7697797580831756,6448215.2721096855,6448215.2721096855,8376701.523259525
SSP5,"Pacific, Western Central",274,2061,0.7671132242220522,0.7671132242220522,6425878.513853391,6425878.513853391,8376701.523259525
SSP5,"Pacific, Western Central",274,2062,0.7644559272923471,0.7644559272923471,6403619.130614577,6403619.130614577,8376701.523259525
SSP5,"Pacific, Western Central",274,2063,0.7618078352971284,0.7618078352971284,6381436.854364497,6381436.854364497,8376701.523259525
SSP5,"Pacific, Western Central",274,2064,0.7591689163503024,0.7591689163503024,6359331.418002861,6359331.418002861,8376701.523259525
SSP5,"Pacific, Western Central",274,2065,0.7565391386762295,0.7565391386762295,6337302.55535462,6337302.55535462,8376701.523259525
SSP5,"Pacific, Western Central",274,2066,0.7539184706093416,0.7539184706093416,6315350.001166763,6315350.001166763,8376701.523259525
SSP5,"Pacific, Western Central",274,2067,0.7513068805937608,0.7513068805937608,6293473.491105119,6293473.491105119,8376701.523259525
SSP5,"Pacific, Western Central",274,2068,0.7487043371829197,0.7487043371829197,6271672.761751177,6271672.761751177,8376701.523259525
SSP5,"Pacific, Western Central",274,2069,0.7461108090391823,0.7461108090391823,6249947.550598915,6249947.550598915,8376701.523259525
SSP5,"Pacific, Western Central",274,2070,0.7435262649334666,0.7435262649334666,6228297.596051635,6228297.596051635,8376701.523259525
SSP5,"Pacific, Western Central",274,2071,0.7409506737448692,0.7409506737448692,6206722.637418818,6206722.637418818,8376701.523259525
SSP5,"Pacific, Western Central",274,2072,0.7383840044602901,0.7383840044602901,6185222.41491298,6185222.41491298,8376701.523259525
SSP5,"Pacific, Western Central",274,2073,0.7358262261740592,0.7358262261740592,6163796.66964655,6163796.66964655,8376701.523259525
SSP5,"Pacific, Western Central",274,2074,0.7332773080875645,0.7332773080875645,6142445.143628746,6142445.143628746,8376701.523259525
SSP5,"Pacific, Western Central",274,2075,0.730737219508881,0.730737219508881,6121167.579762474,6121167.579762474,8376701.523259525
SSP5,"Pacific, Western Central",274,2076,0.7282059298524011,0.7282059298524011,6099963.721841227,6099963.721841227,8376701.523259525
SSP5,"Pacific, Western Central",274,2077,0.7256834086384665,0.7256834086384665,6078833.314546007,6078833.314546007,8376701.523259525
SSP5,"Pacific, Western Central",274,2078,0.7231696254930011,0.7231696254930011,6057776.103442243,6057776.103442243,8376701.523259525
SSP5,"Pacific, Western Central",274,2079,0.7206645501471455,0.7206645501471455,6036791.834976734,6036791.834976734,8376701.523259525
SSP5,"Pacific, Western Central",274,2080,0.7181681524368916,0.7181681524368916,6015880.256474589,6015880.256474589,8376701.523259525
SSP5,"Pacific, Western Central",274,2081,0.7156804023027208,0.7156804023027208,5995041.116136191,5995041.116136191,8376701.523259525
SSP5,"Pacific, Western Central",274,2082,0.7132012697892411,0.7132012697892411,5974274.163034163,5974274.163034163,8376701.523259525
SSP5,"Pacific, Western Central",274,2083,0.7107307250448265,0.7107307250448265,5953579.147110345,5953579.147110345,8376701.523259525
SSP5,"Pacific, Western Central",274,2084,0.7082687383212578,0.7082687383212578,5932955.819172782,5932955.819172782,8376701.523259525
SSP5,"Pacific, Western Central",274,2085,0.7058152799733641,0.7058152799733641,5912403.930892727,5912403.930892727,8376701.523259525
SSP5,"Pacific, Western Central",274,2086,0.7033703204586662,0.7033703204586662,5891923.23480165,5891923.23480165,8376701.523259525
SSP5,"Pacific, Western Central",274,2087,0.700933830337021,0.700933830337021,5871513.484288257,5871513.484288257,8376701.523259525
SSP5,"Pacific, Western Central",274,2088,0.6985057802702659,0.6985057802702659,5851174.4335955195,5851174.4335955195,8376701.523259525
SSP5,"Pacific, Western Central",274,2089,0.69608614102186706,0.69608614102186706,5830905.837817718,5830905.837817718,8376701.523259525
SSP5,"Pacific, Western Central",274,2090,0.6936748834565662,0.6936748834565662,5810707.452897492,5810707.452897492,8376701.523259525
SSP5,"Pacific, Western Central",274,2091,0.6912719785400305,0.6912719785400305,5790579.035622899,5790579.035622899,8376701.523259525
SSP5,"Pacific, Western Central",274,2092,0.6888773973385025,0.6888773973385025,5770520.343624491,5770520.343624491,8376701.523259525
SSP5,"Pacific, Western Central",274,2093,0.6864911110184521,0.6864911110184521,5750531.135372391,5750531.135372391,8376701.523259525
SSP5,"Pacific, Western Central",274,2094,0.6841130908462288,0.6841130908462288,5730611.170173387,5730611.170173387,8376701.523259525
SSP5,"Pacific, Western Central",274,2095,0.6817433081877167,0.6817433081877167,5710760.208168034,5710760.208168034,8376701.523259525
SSP5,"Pacific, Western Central",274,2096,0.6793817345079886,0.6793817345079886,5690978.010327766,5690978.010327766,8376701.523259525
SSP5,"Pacific, Western Central",274,2097,0.6770283413709628,0.6770283413709628,5671264.338452014,5671264.338452014,8376701.523259525
SSP5,"Pacific, Western Central",274,2098,0.6746831004390614,0.6746831004390614,5651618.955165345,5651618.955165345,8376701.523259525
SSP5,"Pacific, Western Central",274,2099,0.6723459834728681,0.6723459834728681,5632041.623914598,5632041.623914598,8376701.523259525
SSP5,"Pacific, Western Central",274,2100,0.6700169623307884,0.6700169623307884,5612532.108966036,5612532.108966036,8376701.523259525
SSP1,"Pacific, Eastern Central",275,2005,0.9315345245144485,0.9315345245144485,89146171.99479812,89146171.99479812,95698194.37584938
SSP1,"Pacific, Eastern Central",275,2006,0.9283076686165894,0.9283076686165894,88837367.71186195,88837367.71186195,95698194.37584938
SSP1,"Pacific, Eastern Central",275,2007,0.9250919906178974,0.9250919906178974,88529633.13369298,88529633.13369298,95698194.37584938
SSP1,"Pacific, Eastern Central",275,2008,0.921887451797886,0.921887451797886,88222964.55481057,88222964.55481057,95698194.37584938
SSP1,"Pacific, Eastern Central",275,2009,0.9186940135701972,0.9186940135701972,87917358.28256994,87917358.28256994,95698194.37584938
SSP1,"Pacific, Eastern Central",275,2010,0.9155116374821376,0.9155116374821376,87612810.63711776,87612810.63711776,95698194.37584938
SSP1,"Pacific, Eastern Central",275,2011,0.9123402852142143,0.9123402852142143,87309317.95134774,87309317.95134774,95698194.37584938
SSP1,"Pacific, Eastern Central",275,2012,0.9091799185796738,0.9091799185796738,87006876.57085654,87006876.57085654,95698194.37584938
SSP1,"Pacific, Eastern Central",275,2013,0.906030499524043,0.906030499524043,86705482.85389978,86705482.85389978,95698194.37584938
SSP1,"Pacific, Eastern Central",275,2014,0.9028919901246697,0.9028919901246697,86405133.17134812,86405133.17134812,95698194.37584938
SSP1,"Pacific, Eastern Central",275,2015,0.899764352590267,0.899764352590267,86105823.90664364,86105823.90664364,95698194.37584938
SSP1,"Pacific, Eastern Central",275,2016,0.8966475492604574,0.8966475492604574,85807551.45575623,85807551.45575623,95698194.37584938
SSP1,"Pacific, Eastern Central",275,2017,0.8935415426053201,0.8935415426053201,85510312.22714023,85510312.22714023,95698194.37584938
SSP1,"Pacific, Eastern Central",275,2018,0.8904462952249389,0.8904462952249389,85214102.64169116,85214102.64169116,95698194.37584938
SSP1,"Pacific, Eastern Central",275,2019,0.8873617698489513,0.8873617698489513,84918919.13270266,84918919.13270266,95698194.37584938
SSP1,"Pacific, Eastern Central",275,2020,0.8842879293361005,0.8842879293361005,84624758.14582351,84624758.14582351,95698194.37584938
SSP1,"Pacific, Eastern Central",275,2021,0.8812247366737875,0.8812247366737875,84331616.13901481,84331616.13901481,95698194.37584938
SSP1,"Pacific, Eastern Central",275,2022,0.8781721549776264,0.8781721549776264,84039489.58250742,84039489.58250742,95698194.37584938
SSP1,"Pacific, Eastern Central",275,2023,0.8751301474909986,0.8751301474909986,83748374.95875932,83748374.95875932,95698194.37584938
SSP1,"Pacific, Eastern Central",275,2024,0.8720986775846121,0.8720986775846121,83458268.76241341,83458268.76241341,95698194.37584938
SSP1,"Pacific, Eastern Central",275,2025,0.8690777087560593,0.8690777087560593,83169167.50025518,83169167.50025518,95698194.37584938
SSP1,"Pacific, Eastern Central",275,2026,0.8660672046293776,0.8660672046293776,82881067.69117069,82881067.69117069,95698194.37584938
SSP1,"Pacific, Eastern Central",275,2027,0.8630671289546114,0.8630671289546114,82593965.86610466,82593965.86610466,95698194.37584938
SSP1,"Pacific, Eastern Central",275,2028,0.8600774456073763,0.8600774456073763,82307858.56801872,82307858.56801872,95698194.37584938
SSP1,"Pacific, Eastern Central",275,2029,0.857098118588423,0.857098118588423,82022742.3518497,82022742.3518497,95698194.37584938
SSP1,"Pacific, Eastern Central",275,2030,0.8541291120232046,0.8541291120232046,81738613.78446826,81738613.78446826,95698194.37584938
SSP1,"Pacific, Eastern Central",275,2031,0.8511703901614446,0.8511703901614446,81455469.44463748,81455469.44463748,95698194.37584938
SSP1,"Pacific, Eastern Central",275,2032,0.8482219173767057,0.8482219173767057,81173305.92297164,81173305.92297164,95698194.37584938
SSP1,"Pacific, Eastern Central",275,2033,0.845283658165962,0.845283658165962,80892119.82189526,80892119.82189526,95698194.37584938
SSP1,"Pacific, Eastern Central",275,2034,0.8423555771491705,0.8423555771491705,80611907.7556021,80611907.7556021,95698194.37584938
SSP1,"Pacific, Eastern Central",275,2035,0.8394376390688454,0.8394376390688454,80332666.35001446,80332666.35001446,95698194.37584938
SSP1,"Pacific, Eastern Central",275,2036,0.8365298087896337,0.8365298087896337,80054392.24274248,80054392.24274248,95698194.37584938
SSP1,"Pacific, Eastern Central",275,2037,0.833632051297892,0.833632051297892,79777082.08304371,79777082.08304371,95698194.37584938
SSP1,"Pacific, Eastern Central",275,2038,0.8307443317012652,0.8307443317012652,79500732.53178276,79500732.53178276,95698194.37584938
SSP1,"Pacific, Eastern Central",275,2039,0.8278666152282653,0.8278666152282653,79225340.26139104,79225340.26139104,95698194.37584938
SSP1,"Pacific, Eastern Central",275,2040,0.8249988672278545,0.8249988672278545,78950901.95582677,78950901.95582677,95698194.37584938
SSP1,"Pacific, Eastern Central",275,2041,0.8221410531690263,0.8221410531690263,78677414.310535,78677414.310535,95698194.37584938
SSP1,"Pacific, Eastern Central",275,2042,0.8192931386403906,0.8192931386403906,78404874.0324078,78404874.0324078,95698194.37584938
SSP1,"Pacific, Eastern Central",275,2043,0.8164550893497587,0.8164550893497587,78133277.83974469,78133277.83974469,95698194.37584938
SSP1,"Pacific, Eastern Central",275,2044,0.8136268711237317,0.8136268711237317,77862622.46221302,77862622.46221302,95698194.37584938
SSP1,"Pacific, Eastern Central",275,2045,0.810808449907287,0.810808449907287,77592904.64080869,77592904.64080869,95698194.37584938
SSP1,"Pacific, Eastern Central",275,2046,0.80799979176337,0.80799979176337,77324121.12781681,77324121.12781681,95698194.37584938
SSP1,"Pacific, Eastern Central",275,2047,0.8052008628724849,0.8052008628724849,77056268.6867727,77056268.6867727,95698194.37584938
SSP1,"Pacific, Eastern Central",275,2048,0.8024116295322868,0.8024116295322868,76789344.09242283,76789344.09242283,95698194.37584938
SSP1,"Pacific, Eastern Central",275,2049,0.799632058157177,0.799632058157177,76523344.13068601,76523344.13068601,95698194.37584938
SSP1,"Pacific, Eastern Central",275,2050,0.7968621152778975,0.7968621152778975,76258265.59861474,76258265.59861474,95698194.37584938
SSP1,"Pacific, Eastern Central",275,2051,0.7941017675411294,0.7941017675411294,75994105.30435656,75994105.30435656,95698194.37584938
SSP1,"Pacific, Eastern Central",275,2052,0.7913509817090894,0.7913509817090894,75730860.06711566,75730860.06711566,95698194.37584938
SSP1,"Pacific, Eastern Central",275,2053,0.7886097246591314,0.7886097246591314,75468526.71711461,75468526.71711461,95698194.37584938
SSP1,"Pacific, Eastern Central",275,2054,0.7858779633833464,0.7858779633833464,75207102.09555613,75207102.09555613,95698194.37584938
SSP1,"Pacific, Eastern Central",275,2055,0.7831556649881658,0.7831556649881658,74946583.05458507,74946583.05458507,95698194.37584938
SSP1,"Pacific, Eastern Central",275,2056,0.7804427966939649,0.7804427966939649,74686966.45725055,74686966.45725055,95698194.37584938
SSP1,"Pacific, Eastern Central",275,2057,0.7777393258346682,0.7777393258346682,74428249.17746814,74428249.17746814,95698194.37584938
SSP1,"Pacific, Eastern Central",275,2058,0.7750452198573566,0.7750452198573566,74170428.09998223,74170428.09998223,95698194.37584938
SSP1,"Pacific, Eastern Central",275,2059,0.7723604463218747,0.7723604463218747,73913500.12032855,73913500.12032855,95698194.37584938
SSP1,"Pacific, Eastern Central",275,2060,0.7696849729004405,0.7696849729004405,73657462.14479671,73657462.14479671,95698194.37584938
SSP1,"Pacific, Eastern Central",275,2061,0.7670187673772563,0.7670187673772563,73402311.09039307,73402311.09039307,95698194.37584938
SSP1,"Pacific, Eastern Central",275,2062,0.7643617976481204,0.7643617976481204,73148043.88480347,73148043.88480347,95698194.37584938
SSP1,"Pacific, Eastern Central",275,2063,0.7617140317200409,0.7617140317200409,72894657.46635638,72894657.46635638,95698194.37584938
SSP1,"Pacific, Eastern Central",275,2064,0.7590754377108506,0.7590754377108506,72642148.78398593,72642148.78398593,95698194.37584938
SSP1,"Pacific, Eastern Central",275,2065,0.7564459838488222,0.7564459838488222,72390514.79719521,72390514.79719521,95698194.37584938
SSP1,"Pacific, Eastern Central",275,2066,0.753825638472287,0.753825638472287,72139752.47601968,72139752.47601968,95698194.37584938
SSP1,"Pacific, Eastern Central",275,2067,0.7512143700292526,0.7512143700292526,71889858.80099066,71889858.80099066,95698194.37584938
SSP1,"Pacific, Eastern Central",275,2068,0.7486121470770235,0.7486121470770235,71640830.76309894,71640830.76309894,95698194.37584938
SSP1,"Pacific, Eastern Central",275,2069,0.7460189382818222,0.7460189382818222,71392665.36375861,71392665.36375861,95698194.37584938
SSP1,"Pacific, Eastern Central",275,2070,0.7434347124184126,0.7434347124184126,71145359.61477093,71145359.61477093,95698194.37584938
SSP1,"Pacific, Eastern Central",275,2071,0.740859438369723,0.740859438369723,70898910.53828835,70898910.53828835,95698194.37584938
SSP1,"Pacific, Eastern Central",275,2072,0.7382930851264721,0.7382930851264721,70653315.16677864,70653315.16677864,95698194.37584938
SSP1,"Pacific, Eastern Central",275,2073,0.7357356217867954,0.7357356217867954,70408570.54298915,70408570.54298915,95698194.37584938
SSP1,"Pacific, Eastern Central",275,2074,0.733187017555873,0.733187017555873,70164673.71991123,70164673.71991123,95698194.37584938
SSP1,"Pacific, Eastern Central",275,2075,0.7306472417455594,0.7306472417455594,69921621.76074475,69921621.76074475,95698194.37584938
SSP1,"Pacific, Eastern Central",275,2076,0.728116263774013,0.728116263774013,69679411.73886271,69679411.73886271,95698194.37584938
SSP1,"Pacific, Eastern Central",275,2077,0.7255940531653283,0.7255940531653283,69438040.73777598,69438040.73777598,95698194.37584938
SSP1,"Pacific, Eastern Central",275,2078,0.7230805795491696,0.7230805795491696,69197505.85109825,69197505.85109825,95698194.37584938
SSP1,"Pacific, Eastern Central",275,2079,0.7205758126604043,0.7205758126604043,68957804.182511,68957804.182511,95698194.37584938
SSP1,"Pacific, Eastern Central",275,2080,0.7180797223387387,0.7180797223387387,68718932.84572858,68718932.84572858,95698194.37584938
SSP1,"Pacific, Eastern Central",275,2081,0.7155922785283555,0.7155922785283555,68480888.96446352,68480888.96446352,95698194.37584938
SSP1,"Pacific, Eastern Central",275,2082,0.713113451277551,0.713113451277551,68243669.67239188,68243669.67239188,95698194.37584938
SSP1,"Pacific, Eastern Central",275,2083,0.710643210738375,0.710643210738375,68007272.11311871,68007272.11311871,95698194.37584938
SSP1,"Pacific, Eastern Central",275,2084,0.7081815271662713,0.7081815271662713,67771693.44014369,67771693.44014369,95698194.37584938
SSP1,"Pacific, Eastern Central",275,2085,0.7057283709197195,0.7057283709197195,67536930.81682685,67536930.81682685,95698194.37584938
SSP1,"Pacific, Eastern Central",275,2086,0.7032837124598781,0.7032837124598781,67302981.41635437,67302981.41635437,95698194.37584938
SSP1,"Pacific, Eastern Central",275,2087,0.7008475223502283,0.7008475223502283,67069842.42170459,67069842.42170459,95698194.37584938
SSP1,"Pacific, Eastern Central",275,2088,0.6984197712562208,0.6984197712562208,66837511.025614075,66837511.025614075,95698194.37584938
SSP1,"Pacific, Eastern Central",275,2089,0.6960004299449213,0.6960004299449213,66605984.43054382,66605984.43054382,95698194.37584938
SSP1,"Pacific, Eastern Central",275,2090,0.6935894692846593,0.6935894692846593,66375259.84864554,66375259.84864554,95698194.37584938
SSP1,"Pacific, Eastern Central",275,2091,0.6911868602446769,0.6911868602446769,66145334.50172813,66145334.50172813,95698194.37584938
SSP1,"Pacific, Eastern Central",275,2092,0.6887925738947793,0.6887925738947793,65916205.621224195,65916205.621224195,95698194.37584938
SSP1,"Pacific, Eastern Central",275,2093,0.6864065814049869,0.6864065814049869,65687870.448156714,65687870.448156714,95698194.37584938
SSP1,"Pacific, Eastern Central",275,2094,0.6840288540451872,0.6840288540451872,65460326.23310583,65460326.23310583,95698194.37584938
SSP1,"Pacific, Eastern Central",275,2095,0.6816593631847899,0.6816593631847899,65233570.23617574,65233570.23617574,95698194.37584938
SSP1,"Pacific, Eastern Central",275,2096,0.6792980802923817,0.6792980802923817,65007599.72696168,65007599.72696168,95698194.37584938
SSP1,"Pacific, Eastern Central",275,2097,0.6769449769353822,0.6769449769353822,64782411.98451709,64782411.98451709,95698194.37584938
SSP1,"Pacific, Eastern Central",275,2098,0.6746000247797028,0.6746000247797028,64558004.29732081,64558004.29732081,95698194.37584938
SSP1,"Pacific, Eastern Central",275,2099,0.6722631955894043,0.6722631955894043,64334373.96324446,64334373.96324446,95698194.37584938
SSP1,"Pacific, Eastern Central",275,2100,0.6699344612263575,0.6699344612263575,64111518.28951989,64111518.28951989,95698194.37584938
SSP2,"Pacific, Eastern Central",275,2005,0.9315345245144485,0.9315345245144485,89146171.99479812,89146171.99479812,95698194.37584938
SSP2,"Pacific, Eastern Central",275,2006,0.9283076686165894,0.9283076686165894,88837367.71186195,88837367.71186195,95698194.37584938
SSP2,"Pacific, Eastern Central",275,2007,0.9250919906178974,0.9250919906178974,88529633.13369298,88529633.13369298,95698194.37584938
SSP2,"Pacific, Eastern Central",275,2008,0.921887451797886,0.921887451797886,88222964.55481057,88222964.55481057,95698194.37584938
SSP2,"Pacific, Eastern Central",275,2009,0.9186940135701972,0.9186940135701972,87917358.28256994,87917358.28256994,95698194.37584938
SSP2,"Pacific, Eastern Central",275,2010,0.9155116374821376,0.9155116374821376,87612810.63711776,87612810.63711776,95698194.37584938
SSP2,"Pacific, Eastern Central",275,2011,0.9123402852142143,0.9123402852142143,87309317.95134774,87309317.95134774,95698194.37584938
SSP2,"Pacific, Eastern Central",275,2012,0.9091799185796738,0.9091799185796738,87006876.57085654,87006876.57085654,95698194.37584938
SSP2,"Pacific, Eastern Central",275,2013,0.906030499524043,0.906030499524043,86705482.85389978,86705482.85389978,95698194.37584938
SSP2,"Pacific, Eastern Central",275,2014,0.9028919901246697,0.9028919901246697,86405133.17134812,86405133.17134812,95698194.37584938
SSP2,"Pacific, Eastern Central",275,2015,0.899764352590267,0.899764352590267,86105823.90664364,86105823.90664364,95698194.37584938
SSP2,"Pacific, Eastern Central",275,2016,0.8966475492604574,0.8966475492604574,85807551.45575623,85807551.45575623,95698194.37584938
SSP2,"Pacific, Eastern Central",275,2017,0.8935415426053201,0.8935415426053201,85510312.22714023,85510312.22714023,95698194.37584938
SSP2,"Pacific, Eastern Central",275,2018,0.8904462952249389,0.8904462952249389,85214102.64169116,85214102.64169116,95698194.37584938
SSP2,"Pacific, Eastern Central",275,2019,0.8873617698489513,0.8873617698489513,84918919.13270266,84918919.13270266,95698194.37584938
SSP2,"Pacific, Eastern Central",275,2020,0.8842879293361005,0.8842879293361005,84624758.14582351,84624758.14582351,95698194.37584938
SSP2,"Pacific, Eastern Central",275,2021,0.8812247366737875,0.8812247366737875,84331616.13901481,84331616.13901481,95698194.37584938
SSP2,"Pacific, Eastern Central",275,2022,0.8781721549776264,0.8781721549776264,84039489.58250742,84039489.58250742,95698194.37584938
SSP2,"Pacific, Eastern Central",275,2023,0.8751301474909986,0.8751301474909986,83748374.95875932,83748374.95875932,95698194.37584938
SSP2,"Pacific, Eastern Central",275,2024,0.8720986775846121,0.8720986775846121,83458268.76241341,83458268.76241341,95698194.37584938
SSP2,"Pacific, Eastern Central",275,2025,0.8690777087560593,0.8690777087560593,83169167.50025518,83169167.50025518,95698194.37584938
SSP2,"Pacific, Eastern Central",275,2026,0.8660672046293776,0.8660672046293776,82881067.69117069,82881067.69117069,95698194.37584938
SSP2,"Pacific, Eastern Central",275,2027,0.8630671289546114,0.8630671289546114,82593965.86610466,82593965.86610466,95698194.37584938
SSP2,"Pacific, Eastern Central",275,2028,0.8600774456073763,0.8600774456073763,82307858.56801872,82307858.56801872,95698194.37584938
SSP2,"Pacific, Eastern Central",275,2029,0.857098118588423,0.857098118588423,82022742.3518497,82022742.3518497,95698194.37584938
SSP2,"Pacific, Eastern Central",275,2030,0.8541291120232046,0.8541291120232046,81738613.78446826,81738613.78446826,95698194.37584938
SSP2,"Pacific, Eastern Central",275,2031,0.8511703901614446,0.8511703901614446,81455469.44463748,81455469.44463748,95698194.37584938
SSP2,"Pacific, Eastern Central",275,2032,0.8482219173767057,0.8482219173767057,81173305.92297164,81173305.92297164,95698194.37584938
SSP2,"Pacific, Eastern Central",275,2033,0.845283658165962,0.845283658165962,80892119.82189526,80892119.82189526,95698194.37584938
SSP2,"Pacific, Eastern Central",275,2034,0.8423555771491705,0.8423555771491705,80611907.7556021,80611907.7556021,95698194.37584938
SSP2,"Pacific, Eastern Central",275,2035,0.8394376390688454,0.8394376390688454,80332666.35001446,80332666.35001446,95698194.37584938
SSP2,"Pacific, Eastern Central",275,2036,0.8365298087896337,0.8365298087896337,80054392.24274248,80054392.24274248,95698194.37584938
SSP2,"Pacific, Eastern Central",275,2037,0.833632051297892,0.833632051297892,79777082.08304371,79777082.08304371,95698194.37584938
SSP2,"Pacific, Eastern Central",275,2038,0.8307443317012652,0.8307443317012652,79500732.53178276,79500732.53178276,95698194.37584938
SSP2,"Pacific, Eastern Central",275,2039,0.8278666152282653,0.8278666152282653,79225340.26139104,79225340.26139104,95698194.37584938
SSP2,"Pacific, Eastern Central",275,2040,0.8249988672278545,0.8249988672278545,78950901.95582677,78950901.95582677,95698194.37584938
SSP2,"Pacific, Eastern Central",275,2041,0.8221410531690263,0.8221410531690263,78677414.310535,78677414.310535,95698194.37584938
SSP2,"Pacific, Eastern Central",275,2042,0.8192931386403906,0.8192931386403906,78404874.0324078,78404874.0324078,95698194.37584938
SSP2,"Pacific, Eastern Central",275,2043,0.8164550893497587,0.8164550893497587,78133277.83974469,78133277.83974469,95698194.37584938
SSP2,"Pacific, Eastern Central",275,2044,0.8136268711237317,0.8136268711237317,77862622.46221302,77862622.46221302,95698194.37584938
SSP2,"Pacific, Eastern Central",275,2045,0.810808449907287,0.810808449907287,77592904.64080869,77592904.64080869,95698194.37584938
SSP2,"Pacific, Eastern Central",275,2046,0.80799979176337,0.80799979176337,77324121.12781681,77324121.12781681,95698194.37584938
SSP2,"Pacific, Eastern Central",275,2047,0.8052008628724849,0.8052008628724849,77056268.6867727,77056268.6867727,95698194.37584938
SSP2,"Pacific, Eastern Central",275,2048,0.8024116295322868,0.8024116295322868,76789344.09242283,76789344.09242283,95698194.37584938
SSP2,"Pacific, Eastern Central",275,2049,0.799632058157177,0.799632058157177,76523344.13068601,76523344.13068601,95698194.37584938
SSP2,"Pacific, Eastern Central",275,2050,0.7968621152778975,0.7968621152778975,76258265.59861474,76258265.59861474,95698194.37584938
SSP2,"Pacific, Eastern Central",275,2051,0.7941017675411294,0.7941017675411294,75994105.30435656,75994105.30435656,95698194.37584938
SSP2,"Pacific, Eastern Central",275,2052,0.7913509817090894,0.7913509817090894,75730860.06711566,75730860.06711566,95698194.37584938
SSP2,"Pacific, Eastern Central",275,2053,0.7886097246591314,0.7886097246591314,75468526.71711461,75468526.71711461,95698194.37584938
SSP2,"Pacific, Eastern Central",275,2054,0.7858779633833464,0.7858779633833464,75207102.09555613,75207102.09555613,95698194.37584938
SSP2,"Pacific, Eastern Central",275,2055,0.7831556649881658,0.7831556649881658,74946583.05458507,74946583.05458507,95698194.37584938
SSP2,"Pacific, Eastern Central",275,2056,0.7804427966939649,0.7804427966939649,74686966.45725055,74686966.45725055,95698194.37584938
SSP2,"Pacific, Eastern Central",275,2057,0.7777393258346682,0.7777393258346682,74428249.17746814,74428249.17746814,95698194.37584938
SSP2,"Pacific, Eastern Central",275,2058,0.7750452198573566,0.7750452198573566,74170428.09998223,74170428.09998223,95698194.37584938
SSP2,"Pacific, Eastern Central",275,2059,0.7723604463218747,0.7723604463218747,73913500.12032855,73913500.12032855,95698194.37584938
SSP2,"Pacific, Eastern Central",275,2060,0.7696849729004405,0.7696849729004405,73657462.14479671,73657462.14479671,95698194.37584938
SSP2,"Pacific, Eastern Central",275,2061,0.7670187673772563,0.7670187673772563,73402311.09039307,73402311.09039307,95698194.37584938
SSP2,"Pacific, Eastern Central",275,2062,0.7643617976481204,0.7643617976481204,73148043.88480347,73148043.88480347,95698194.37584938
SSP2,"Pacific, Eastern Central",275,2063,0.7617140317200409,0.7617140317200409,72894657.46635638,72894657.46635638,95698194.37584938
SSP2,"Pacific, Eastern Central",275,2064,0.7590754377108506,0.7590754377108506,72642148.78398593,72642148.78398593,95698194.37584938
SSP2,"Pacific, Eastern Central",275,2065,0.7564459838488222,0.7564459838488222,72390514.79719521,72390514.79719521,95698194.37584938
SSP2,"Pacific, Eastern Central",275,2066,0.753825638472287,0.753825638472287,72139752.47601968,72139752.47601968,95698194.37584938
SSP2,"Pacific, Eastern Central",275,2067,0.7512143700292526,0.7512143700292526,71889858.80099066,71889858.80099066,95698194.37584938
SSP2,"Pacific, Eastern Central",275,2068,0.7486121470770235,0.7486121470770235,71640830.76309894,71640830.76309894,95698194.37584938
SSP2,"Pacific, Eastern Central",275,2069,0.7460189382818222,0.7460189382818222,71392665.36375861,71392665.36375861,95698194.37584938
SSP2,"Pacific, Eastern Central",275,2070,0.7434347124184126,0.7434347124184126,71145359.61477093,71145359.61477093,95698194.37584938
SSP2,"Pacific, Eastern Central",275,2071,0.740859438369723,0.740859438369723,70898910.53828835,70898910.53828835,95698194.37584938
SSP2,"Pacific, Eastern Central",275,2072,0.7382930851264721,0.7382930851264721,70653315.16677864,70653315.16677864,95698194.37584938
SSP2,"Pacific, Eastern Central",275,2073,0.7357356217867954,0.7357356217867954,70408570.54298915,70408570.54298915,95698194.37584938
SSP2,"Pacific, Eastern Central",275,2074,0.733187017555873,0.733187017555873,70164673.71991123,70164673.71991123,95698194.37584938
SSP2,"Pacific, Eastern Central",275,2075,0.7306472417455594,0.7306472417455594,69921621.76074475,69921621.76074475,95698194.37584938
SSP2,"Pacific, Eastern Central",275,2076,0.728116263774013,0.728116263774013,69679411.73886271,69679411.73886271,95698194.37584938
SSP2,"Pacific, Eastern Central",275,2077,0.7255940531653283,0.7255940531653283,69438040.73777598,69438040.73777598,95698194.37584938
SSP2,"Pacific, Eastern Central",275,2078,0.7230805795491696,0.7230805795491696,69197505.85109825,69197505.85109825,95698194.37584938
SSP2,"Pacific, Eastern Central",275,2079,0.7205758126604043,0.7205758126604043,68957804.182511,68957804.182511,95698194.37584938
SSP2,"Pacific, Eastern Central",275,2080,0.7180797223387387,0.7180797223387387,68718932.84572858,68718932.84572858,95698194.37584938
SSP2,"Pacific, Eastern Central",275,2081,0.7155922785283555,0.7155922785283555,68480888.96446352,68480888.96446352,95698194.37584938
SSP2,"Pacific, Eastern Central",275,2082,0.713113451277551,0.713113451277551,68243669.67239188,68243669.67239188,95698194.37584938
SSP2,"Pacific, Eastern Central",275,2083,0.710643210738375,0.710643210738375,68007272.11311871,68007272.11311871,95698194.37584938
SSP2,"Pacific, Eastern Central",275,2084,0.7081815271662713,0.7081815271662713,67771693.44014369,67771693.44014369,95698194.37584938
SSP2,"Pacific, Eastern Central",275,2085,0.7057283709197195,0.7057283709197195,67536930.81682685,67536930.81682685,95698194.37584938
SSP2,"Pacific, Eastern Central",275,2086,0.7032837124598781,0.7032837124598781,67302981.41635437,67302981.41635437,95698194.37584938
SSP2,"Pacific, Eastern Central",275,2087,0.7008475223502283,0.7008475223502283,67069842.42170459,67069842.42170459,95698194.37584938
SSP2,"Pacific, Eastern Central",275,2088,0.6984197712562208,0.6984197712562208,66837511.025614075,66837511.025614075,95698194.37584938
SSP2,"Pacific, Eastern Central",275,2089,0.6960004299449213,0.6960004299449213,66605984.43054382,66605984.43054382,95698194.37584938
SSP2,"Pacific, Eastern Central",275,2090,0.6935894692846593,0.6935894692846593,66375259.84864554,66375259.84864554,95698194.37584938
SSP2,"Pacific, Eastern Central",275,2091,0.6911868602446769,0.6911868602446769,66145334.50172813,66145334.50172813,95698194.37584938
SSP2,"Pacific, Eastern Central",275,2092,0.6887925738947793,0.6887925738947793,65916205.621224195,65916205.621224195,95698194.37584938
SSP2,"Pacific, Eastern Central",275,2093,0.6864065814049869,0.6864065814049869,65687870.448156714,65687870.448156714,95698194.37584938
SSP2,"Pacific, Eastern Central",275,2094,0.6840288540451872,0.6840288540451872,65460326.23310583,65460326.23310583,95698194.37584938
SSP2,"Pacific, Eastern Central",275,2095,0.6816593631847899,0.6816593631847899,65233570.23617574,65233570.23617574,95698194.37584938
SSP2,"Pacific, Eastern Central",275,2096,0.6792980802923817,0.6792980802923817,65007599.72696168,65007599.72696168,95698194.37584938
SSP2,"Pacific, Eastern Central",275,2097,0.6769449769353822,0.6769449769353822,64782411.98451709,64782411.98451709,95698194.37584938
SSP2,"Pacific, Eastern Central",275,2098,0.6746000247797028,0.6746000247797028,64558004.29732081,64558004.29732081,95698194.37584938
SSP2,"Pacific, Eastern Central",275,2099,0.6722631955894043,0.6722631955894043,64334373.96324446,64334373.96324446,95698194.37584938
SSP2,"Pacific, Eastern Central",275,2100,0.6699344612263575,0.6699344612263575,64111518.28951989,64111518.28951989,95698194.37584938
SSP3,"Pacific, Eastern Central",275,2005,0.9315345245144485,0.9315345245144485,89146171.99479812,89146171.99479812,95698194.37584938
SSP3,"Pacific, Eastern Central",275,2006,0.9283076686165894,0.9283076686165894,88837367.71186195,88837367.71186195,95698194.37584938
SSP3,"Pacific, Eastern Central",275,2007,0.9250919906178974,0.9250919906178974,88529633.13369298,88529633.13369298,95698194.37584938
SSP3,"Pacific, Eastern Central",275,2008,0.921887451797886,0.921887451797886,88222964.55481057,88222964.55481057,95698194.37584938
SSP3,"Pacific, Eastern Central",275,2009,0.9186940135701972,0.9186940135701972,87917358.28256994,87917358.28256994,95698194.37584938
SSP3,"Pacific, Eastern Central",275,2010,0.9155116374821376,0.9155116374821376,87612810.63711776,87612810.63711776,95698194.37584938
SSP3,"Pacific, Eastern Central",275,2011,0.9123402852142143,0.9123402852142143,87309317.95134774,87309317.95134774,95698194.37584938
SSP3,"Pacific, Eastern Central",275,2012,0.9091799185796738,0.9091799185796738,87006876.57085654,87006876.57085654,95698194.37584938
SSP3,"Pacific, Eastern Central",275,2013,0.906030499524043,0.906030499524043,86705482.85389978,86705482.85389978,95698194.37584938
SSP3,"Pacific, Eastern Central",275,2014,0.9028919901246697,0.9028919901246697,86405133.17134812,86405133.17134812,95698194.37584938
SSP3,"Pacific, Eastern Central",275,2015,0.899764352590267,0.899764352590267,86105823.90664364,86105823.90664364,95698194.37584938
SSP3,"Pacific, Eastern Central",275,2016,0.8966475492604574,0.8966475492604574,85807551.45575623,85807551.45575623,95698194.37584938
SSP3,"Pacific, Eastern Central",275,2017,0.8935415426053201,0.8935415426053201,85510312.22714023,85510312.22714023,95698194.37584938
SSP3,"Pacific, Eastern Central",275,2018,0.8904462952249389,0.8904462952249389,85214102.64169116,85214102.64169116,95698194.37584938
SSP3,"Pacific, Eastern Central",275,2019,0.8873617698489513,0.8873617698489513,84918919.13270266,84918919.13270266,95698194.37584938
SSP3,"Pacific, Eastern Central",275,2020,0.8842879293361005,0.8842879293361005,84624758.14582351,84624758.14582351,95698194.37584938
SSP3,"Pacific, Eastern Central",275,2021,0.8812247366737875,0.8812247366737875,84331616.13901481,84331616.13901481,95698194.37584938
SSP3,"Pacific, Eastern Central",275,2022,0.8781721549776264,0.8781721549776264,84039489.58250742,84039489.58250742,95698194.37584938
SSP3,"Pacific, Eastern Central",275,2023,0.8751301474909986,0.8751301474909986,83748374.95875932,83748374.95875932,95698194.37584938
SSP3,"Pacific, Eastern Central",275,2024,0.8720986775846121,0.8720986775846121,83458268.76241341,83458268.76241341,95698194.37584938
SSP3,"Pacific, Eastern Central",275,2025,0.8690777087560593,0.8690777087560593,83169167.50025518,83169167.50025518,95698194.37584938
SSP3,"Pacific, Eastern Central",275,2026,0.8660672046293776,0.8660672046293776,82881067.69117069,82881067.69117069,95698194.37584938
SSP3,"Pacific, Eastern Central",275,2027,0.8630671289546114,0.8630671289546114,82593965.86610466,82593965.86610466,95698194.37584938
SSP3,"Pacific, Eastern Central",275,2028,0.8600774456073763,0.8600774456073763,82307858.56801872,82307858.56801872,95698194.37584938
SSP3,"Pacific, Eastern Central",275,2029,0.857098118588423,0.857098118588423,82022742.3518497,82022742.3518497,95698194.37584938
SSP3,"Pacific, Eastern Central",275,2030,0.8541291120232046,0.8541291120232046,81738613.78446826,81738613.78446826,95698194.37584938
SSP3,"Pacific, Eastern Central",275,2031,0.8511703901614446,0.8511703901614446,81455469.44463748,81455469.44463748,95698194.37584938
SSP3,"Pacific, Eastern Central",275,2032,0.8482219173767057,0.8482219173767057,81173305.92297164,81173305.92297164,95698194.37584938
SSP3,"Pacific, Eastern Central",275,2033,0.845283658165962,0.845283658165962,80892119.82189526,80892119.82189526,95698194.37584938
SSP3,"Pacific, Eastern Central",275,2034,0.8423555771491705,0.8423555771491705,80611907.7556021,80611907.7556021,95698194.37584938
SSP3,"Pacific, Eastern Central",275,2035,0.8394376390688454,0.8394376390688454,80332666.35001446,80332666.35001446,95698194.37584938
SSP3,"Pacific, Eastern Central",275,2036,0.8365298087896337,0.8365298087896337,80054392.24274248,80054392.24274248,95698194.37584938
SSP3,"Pacific, Eastern Central",275,2037,0.833632051297892,0.833632051297892,79777082.08304371,79777082.08304371,95698194.37584938
SSP3,"Pacific, Eastern Central",275,2038,0.8307443317012652,0.8307443317012652,79500732.53178276,79500732.53178276,95698194.37584938
SSP3,"Pacific, Eastern Central",275,2039,0.8278666152282653,0.8278666152282653,79225340.26139104,79225340.26139104,95698194.37584938
SSP3,"Pacific, Eastern Central",275,2040,0.8249988672278545,0.8249988672278545,78950901.95582677,78950901.95582677,95698194.37584938
SSP3,"Pacific, Eastern Central",275,2041,0.8221410531690263,0.8221410531690263,78677414.310535,78677414.310535,95698194.37584938
SSP3,"Pacific, Eastern Central",275,2042,0.8192931386403906,0.8192931386403906,78404874.0324078,78404874.0324078,95698194.37584938
SSP3,"Pacific, Eastern Central",275,2043,0.8164550893497587,0.8164550893497587,78133277.83974469,78133277.83974469,95698194.37584938
SSP3,"Pacific, Eastern Central",275,2044,0.8136268711237317,0.8136268711237317,77862622.46221302,77862622.46221302,95698194.37584938
SSP3,"Pacific, Eastern Central",275,2045,0.810808449907287,0.810808449907287,77592904.64080869,77592904.64080869,95698194.37584938
SSP3,"Pacific, Eastern Central",275,2046,0.80799979176337,0.80799979176337,77324121.12781681,77324121.12781681,95698194.37584938
SSP3,"Pacific, Eastern Central",275,2047,0.8052008628724849,0.8052008628724849,77056268.6867727,77056268.6867727,95698194.37584938
SSP3,"Pacific, Eastern Central",275,2048,0.8024116295322868,0.8024116295322868,76789344.09242283,76789344.09242283,95698194.37584938
SSP3,"Pacific, Eastern Central",275,2049,0.799632058157177,0.799632058157177,76523344.13068601,76523344.13068601,95698194.37584938
SSP3,"Pacific, Eastern Central",275,2050,0.7968621152778975,0.7968621152778975,76258265.59861474,76258265.59861474,95698194.37584938
SSP3,"Pacific, Eastern Central",275,2051,0.7941017675411294,0.7941017675411294,75994105.30435656,75994105.30435656,95698194.37584938
SSP3,"Pacific, Eastern Central",275,2052,0.7913509817090894,0.7913509817090894,75730860.06711566,75730860.06711566,95698194.37584938
SSP3,"Pacific, Eastern Central",275,2053,0.7886097246591314,0.7886097246591314,75468526.71711461,75468526.71711461,95698194.37584938
SSP3,"Pacific, Eastern Central",275,2054,0.7858779633833464,0.7858779633833464,75207102.09555613,75207102.09555613,95698194.37584938
SSP3,"Pacific, Eastern Central",275,2055,0.7831556649881658,0.7831556649881658,74946583.05458507,74946583.05458507,95698194.37584938
SSP3,"Pacific, Eastern Central",275,2056,0.7804427966939649,0.7804427966939649,74686966.45725055,74686966.45725055,95698194.37584938
SSP3,"Pacific, Eastern Central",275,2057,0.7777393258346682,0.7777393258346682,74428249.17746814,74428249.17746814,95698194.37584938
SSP3,"Pacific, Eastern Central",275,2058,0.7750452198573566,0.7750452198573566,74170428.09998223,74170428.09998223,95698194.37584938
SSP3,"Pacific, Eastern Central",275,2059,0.7723604463218747,0.7723604463218747,73913500.12032855,73913500.12032855,95698194.37584938
SSP3,"Pacific, Eastern Central",275,2060,0.7696849729004405,0.7696849729004405,73657462.14479671,73657462.14479671,95698194.37584938
SSP3,"Pacific, Eastern Central",275,2061,0.7670187673772563,0.7670187673772563,73402311.09039307,73402311.09039307,95698194.37584938
SSP3,"Pacific, Eastern Central",275,2062,0.7643617976481204,0.7643617976481204,73148043.88480347,73148043.88480347,95698194.37584938
SSP3,"Pacific, Eastern Central",275,2063,0.7617140317200409,0.7617140317200409,72894657.46635638,72894657.46635638,95698194.37584938
SSP3,"Pacific, Eastern Central",275,2064,0.7590754377108506,0.7590754377108506,72642148.78398593,72642148.78398593,95698194.37584938
SSP3,"Pacific, Eastern Central",275,2065,0.7564459838488222,0.7564459838488222,72390514.79719521,72390514.79719521,95698194.37584938
SSP3,"Pacific, Eastern Central",275,2066,0.753825638472287,0.753825638472287,72139752.47601968,72139752.47601968,95698194.37584938
SSP3,"Pacific, Eastern Central",275,2067,0.7512143700292526,0.7512143700292526,71889858.80099066,71889858.80099066,95698194.37584938
SSP3,"Pacific, Eastern Central",275,2068,0.7486121470770235,0.7486121470770235,71640830.76309894,71640830.76309894,95698194.37584938
SSP3,"Pacific, Eastern Central",275,2069,0.7460189382818222,0.7460189382818222,71392665.36375861,71392665.36375861,95698194.37584938
SSP3,"Pacific, Eastern Central",275,2070,0.7434347124184126,0.7434347124184126,71145359.61477093,71145359.61477093,95698194.37584938
SSP3,"Pacific, Eastern Central",275,2071,0.740859438369723,0.740859438369723,70898910.53828835,70898910.53828835,95698194.37584938
SSP3,"Pacific, Eastern Central",275,2072,0.7382930851264721,0.7382930851264721,70653315.16677864,70653315.16677864,95698194.37584938
SSP3,"Pacific, Eastern Central",275,2073,0.7357356217867954,0.7357356217867954,70408570.54298915,70408570.54298915,95698194.37584938
SSP3,"Pacific, Eastern Central",275,2074,0.733187017555873,0.733187017555873,70164673.71991123,70164673.71991123,95698194.37584938
SSP3,"Pacific, Eastern Central",275,2075,0.7306472417455594,0.7306472417455594,69921621.76074475,69921621.76074475,95698194.37584938
SSP3,"Pacific, Eastern Central",275,2076,0.728116263774013,0.728116263774013,69679411.73886271,69679411.73886271,95698194.37584938
SSP3,"Pacific, Eastern Central",275,2077,0.7255940531653283,0.7255940531653283,69438040.73777598,69438040.73777598,95698194.37584938
SSP3,"Pacific, Eastern Central",275,2078,0.7230805795491696,0.7230805795491696,69197505.85109825,69197505.85109825,95698194.37584938
SSP3,"Pacific, Eastern Central",275,2079,0.7205758126604043,0.7205758126604043,68957804.182511,68957804.182511,95698194.37584938
SSP3,"Pacific, Eastern Central",275,2080,0.7180797223387387,0.7180797223387387,68718932.84572858,68718932.84572858,95698194.37584938
SSP3,"Pacific, Eastern Central",275,2081,0.7155922785283555,0.7155922785283555,68480888.96446352,68480888.96446352,95698194.37584938
SSP3,"Pacific, Eastern Central",275,2082,0.713113451277551,0.713113451277551,68243669.67239188,68243669.67239188,95698194.37584938
SSP3,"Pacific, Eastern Central",275,2083,0.710643210738375,0.710643210738375,68007272.11311871,68007272.11311871,95698194.37584938
SSP3,"Pacific, Eastern Central",275,2084,0.7081815271662713,0.7081815271662713,67771693.44014369,67771693.44014369,95698194.37584938
SSP3,"Pacific, Eastern Central",275,2085,0.7057283709197195,0.7057283709197195,67536930.81682685,67536930.81682685,95698194.37584938
SSP3,"Pacific, Eastern Central",275,2086,0.7032837124598781,0.7032837124598781,67302981.41635437,67302981.41635437,95698194.37584938
SSP3,"Pacific, Eastern Central",275,2087,0.7008475223502283,0.7008475223502283,67069842.42170459,67069842.42170459,95698194.37584938
SSP3,"Pacific, Eastern Central",275,2088,0.6984197712562208,0.6984197712562208,66837511.025614075,66837511.025614075,95698194.37584938
SSP3,"Pacific, Eastern Central",275,2089,0.6960004299449213,0.6960004299449213,66605984.43054382,66605984.43054382,95698194.37584938
SSP3,"Pacific, Eastern Central",275,2090,0.6935894692846593,0.6935894692846593,66375259.84864554,66375259.84864554,95698194.37584938
SSP3,"Pacific, Eastern Central",275,2091,0.6911868602446769,0.6911868602446769,66145334.50172813,66145334.50172813,95698194.37584938
SSP3,"Pacific, Eastern Central",275,2092,0.6887925738947793,0.6887925738947793,65916205.621224195,65916205.621224195,95698194.37584938
SSP3,"Pacific, Eastern Central",275,2093,0.6864065814049869,0.6864065814049869,65687870.448156714,65687870.448156714,95698194.37584938
SSP3,"Pacific, Eastern Central",275,2094,0.6840288540451872,0.6840288540451872,65460326.23310583,65460326.23310583,95698194.37584938
SSP3,"Pacific, Eastern Central",275,2095,0.6816593631847899,0.6816593631847899,65233570.23617574,65233570.23617574,95698194.37584938
SSP3,"Pacific, Eastern Central",275,2096,0.6792980802923817,0.6792980802923817,65007599.72696168,65007599.72696168,95698194.37584938
SSP3,"Pacific, Eastern Central",275,2097,0.6769449769353822,0.6769449769353822,64782411.98451709,64782411.98451709,95698194.37584938
SSP3,"Pacific, Eastern Central",275,2098,0.6746000247797028,0.6746000247797028,64558004.29732081,64558004.29732081,95698194.37584938
SSP3,"Pacific, Eastern Central",275,2099,0.6722631955894043,0.6722631955894043,64334373.96324446,64334373.96324446,95698194.37584938
SSP3,"Pacific, Eastern Central",275,2100,0.6699344612263575,0.6699344612263575,64111518.28951989,64111518.28951989,95698194.37584938
SSP4,"Pacific, Eastern Central",275,2005,0.9315345245144485,0.9315345245144485,89146171.99479812,89146171.99479812,95698194.37584938
SSP4,"Pacific, Eastern Central",275,2006,0.9283076686165894,0.9283076686165894,88837367.71186195,88837367.71186195,95698194.37584938
SSP4,"Pacific, Eastern Central",275,2007,0.9250919906178974,0.9250919906178974,88529633.13369298,88529633.13369298,95698194.37584938
SSP4,"Pacific, Eastern Central",275,2008,0.921887451797886,0.921887451797886,88222964.55481057,88222964.55481057,95698194.37584938
SSP4,"Pacific, Eastern Central",275,2009,0.9186940135701972,0.9186940135701972,87917358.28256994,87917358.28256994,95698194.37584938
SSP4,"Pacific, Eastern Central",275,2010,0.9155116374821376,0.9155116374821376,87612810.63711776,87612810.63711776,95698194.37584938
SSP4,"Pacific, Eastern Central",275,2011,0.9123402852142143,0.9123402852142143,87309317.95134774,87309317.95134774,95698194.37584938
SSP4,"Pacific, Eastern Central",275,2012,0.9091799185796738,0.9091799185796738,87006876.57085654,87006876.57085654,95698194.37584938
SSP4,"Pacific, Eastern Central",275,2013,0.906030499524043,0.906030499524043,86705482.85389978,86705482.85389978,95698194.37584938
SSP4,"Pacific, Eastern Central",275,2014,0.9028919901246697,0.9028919901246697,86405133.17134812,86405133.17134812,95698194.37584938
SSP4,"Pacific, Eastern Central",275,2015,0.899764352590267,0.899764352590267,86105823.90664364,86105823.90664364,95698194.37584938
SSP4,"Pacific, Eastern Central",275,2016,0.8966475492604574,0.8966475492604574,85807551.45575623,85807551.45575623,95698194.37584938
SSP4,"Pacific, Eastern Central",275,2017,0.8935415426053201,0.8935415426053201,85510312.22714023,85510312.22714023,95698194.37584938
SSP4,"Pacific, Eastern Central",275,2018,0.8904462952249389,0.8904462952249389,85214102.64169116,85214102.64169116,95698194.37584938
SSP4,"Pacific, Eastern Central",275,2019,0.8873617698489513,0.8873617698489513,84918919.13270266,84918919.13270266,95698194.37584938
SSP4,"Pacific, Eastern Central",275,2020,0.8842879293361005,0.8842879293361005,84624758.14582351,84624758.14582351,95698194.37584938
SSP4,"Pacific, Eastern Central",275,2021,0.8812247366737875,0.8812247366737875,84331616.13901481,84331616.13901481,95698194.37584938
SSP4,"Pacific, Eastern Central",275,2022,0.8781721549776264,0.8781721549776264,84039489.58250742,84039489.58250742,95698194.37584938
SSP4,"Pacific, Eastern Central",275,2023,0.8751301474909986,0.8751301474909986,83748374.95875932,83748374.95875932,95698194.37584938
SSP4,"Pacific, Eastern Central",275,2024,0.8720986775846121,0.8720986775846121,83458268.76241341,83458268.76241341,95698194.37584938
SSP4,"Pacific, Eastern Central",275,2025,0.8690777087560593,0.8690777087560593,83169167.50025518,83169167.50025518,95698194.37584938
SSP4,"Pacific, Eastern Central",275,2026,0.8660672046293776,0.8660672046293776,82881067.69117069,82881067.69117069,95698194.37584938
SSP4,"Pacific, Eastern Central",275,2027,0.8630671289546114,0.8630671289546114,82593965.86610466,82593965.86610466,95698194.37584938
SSP4,"Pacific, Eastern Central",275,2028,0.8600774456073763,0.8600774456073763,82307858.56801872,82307858.56801872,95698194.37584938
SSP4,"Pacific, Eastern Central",275,2029,0.857098118588423,0.857098118588423,82022742.3518497,82022742.3518497,95698194.37584938
SSP4,"Pacific, Eastern Central",275,2030,0.8541291120232046,0.8541291120232046,81738613.78446826,81738613.78446826,95698194.37584938
SSP4,"Pacific, Eastern Central",275,2031,0.8511703901614446,0.8511703901614446,81455469.44463748,81455469.44463748,95698194.37584938
SSP4,"Pacific, Eastern Central",275,2032,0.8482219173767057,0.8482219173767057,81173305.92297164,81173305.92297164,95698194.37584938
SSP4,"Pacific, Eastern Central",275,2033,0.845283658165962,0.845283658165962,80892119.82189526,80892119.82189526,95698194.37584938
SSP4,"Pacific, Eastern Central",275,2034,0.8423555771491705,0.8423555771491705,80611907.7556021,80611907.7556021,95698194.37584938
SSP4,"Pacific, Eastern Central",275,2035,0.8394376390688454,0.8394376390688454,80332666.35001446,80332666.35001446,95698194.37584938
SSP4,"Pacific, Eastern Central",275,2036,0.8365298087896337,0.8365298087896337,80054392.24274248,80054392.24274248,95698194.37584938
SSP4,"Pacific, Eastern Central",275,2037,0.833632051297892,0.833632051297892,79777082.08304371,79777082.08304371,95698194.37584938
SSP4,"Pacific, Eastern Central",275,2038,0.8307443317012652,0.8307443317012652,79500732.53178276,79500732.53178276,95698194.37584938
SSP4,"Pacific, Eastern Central",275,2039,0.8278666152282653,0.8278666152282653,79225340.26139104,79225340.26139104,95698194.37584938
SSP4,"Pacific, Eastern Central",275,2040,0.8249988672278545,0.8249988672278545,78950901.95582677,78950901.95582677,95698194.37584938
SSP4,"Pacific, Eastern Central",275,2041,0.8221410531690263,0.8221410531690263,78677414.310535,78677414.310535,95698194.37584938
SSP4,"Pacific, Eastern Central",275,2042,0.8192931386403906,0.8192931386403906,78404874.0324078,78404874.0324078,95698194.37584938
SSP4,"Pacific, Eastern Central",275,2043,0.8164550893497587,0.8164550893497587,78133277.83974469,78133277.83974469,95698194.37584938
SSP4,"Pacific, Eastern Central",275,2044,0.8136268711237317,0.8136268711237317,77862622.46221302,77862622.46221302,95698194.37584938
SSP4,"Pacific, Eastern Central",275,2045,0.810808449907287,0.810808449907287,77592904.64080869,77592904.64080869,95698194.37584938
SSP4,"Pacific, Eastern Central",275,2046,0.80799979176337,0.80799979176337,77324121.12781681,77324121.12781681,95698194.37584938
SSP4,"Pacific, Eastern Central",275,2047,0.8052008628724849,0.8052008628724849,77056268.6867727,77056268.6867727,95698194.37584938
SSP4,"Pacific, Eastern Central",275,2048,0.8024116295322868,0.8024116295322868,76789344.09242283,76789344.09242283,95698194.37584938
SSP4,"Pacific, Eastern Central",275,2049,0.799632058157177,0.799632058157177,76523344.13068601,76523344.13068601,95698194.37584938
SSP4,"Pacific, Eastern Central",275,2050,0.7968621152778975,0.7968621152778975,76258265.59861474,76258265.59861474,95698194.37584938
SSP4,"Pacific, Eastern Central",275,2051,0.7941017675411294,0.7941017675411294,75994105.30435656,75994105.30435656,95698194.37584938
SSP4,"Pacific, Eastern Central",275,2052,0.7913509817090894,0.7913509817090894,75730860.06711566,75730860.06711566,95698194.37584938
SSP4,"Pacific, Eastern Central",275,2053,0.7886097246591314,0.7886097246591314,75468526.71711461,75468526.71711461,95698194.37584938
SSP4,"Pacific, Eastern Central",275,2054,0.7858779633833464,0.7858779633833464,75207102.09555613,75207102.09555613,95698194.37584938
SSP4,"Pacific, Eastern Central",275,2055,0.7831556649881658,0.7831556649881658,74946583.05458507,74946583.05458507,95698194.37584938
SSP4,"Pacific, Eastern Central",275,2056,0.7804427966939649,0.7804427966939649,74686966.45725055,74686966.45725055,95698194.37584938
SSP4,"Pacific, Eastern Central",275,2057,0.7777393258346682,0.7777393258346682,74428249.17746814,74428249.17746814,95698194.37584938
SSP4,"Pacific, Eastern Central",275,2058,0.7750452198573566,0.7750452198573566,74170428.09998223,74170428.09998223,95698194.37584938
SSP4,"Pacific, Eastern Central",275,2059,0.7723604463218747,0.7723604463218747,73913500.12032855,73913500.12032855,95698194.37584938
SSP4,"Pacific, Eastern Central",275,2060,0.7696849729004405,0.7696849729004405,73657462.14479671,73657462.14479671,95698194.37584938
SSP4,"Pacific, Eastern Central",275,2061,0.7670187673772563,0.7670187673772563,73402311.09039307,73402311.09039307,95698194.37584938
SSP4,"Pacific, Eastern Central",275,2062,0.7643617976481204,0.7643617976481204,73148043.88480347,73148043.88480347,95698194.37584938
SSP4,"Pacific, Eastern Central",275,2063,0.7617140317200409,0.7617140317200409,72894657.46635638,72894657.46635638,95698194.37584938
SSP4,"Pacific, Eastern Central",275,2064,0.7590754377108506,0.7590754377108506,72642148.78398593,72642148.78398593,95698194.37584938
SSP4,"Pacific, Eastern Central",275,2065,0.7564459838488222,0.7564459838488222,72390514.79719521,72390514.79719521,95698194.37584938
SSP4,"Pacific, Eastern Central",275,2066,0.753825638472287,0.753825638472287,72139752.47601968,72139752.47601968,95698194.37584938
SSP4,"Pacific, Eastern Central",275,2067,0.7512143700292526,0.7512143700292526,71889858.80099066,71889858.80099066,95698194.37584938
SSP4,"Pacific, Eastern Central",275,2068,0.7486121470770235,0.7486121470770235,71640830.76309894,71640830.76309894,95698194.37584938
SSP4,"Pacific, Eastern Central",275,2069,0.7460189382818222,0.7460189382818222,71392665.36375861,71392665.36375861,95698194.37584938
SSP4,"Pacific, Eastern Central",275,2070,0.7434347124184126,0.7434347124184126,71145359.61477093,71145359.61477093,95698194.37584938
SSP4,"Pacific, Eastern Central",275,2071,0.740859438369723,0.740859438369723,70898910.53828835,70898910.53828835,95698194.37584938
SSP4,"Pacific, Eastern Central",275,2072,0.7382930851264721,0.7382930851264721,70653315.16677864,70653315.16677864,95698194.37584938
SSP4,"Pacific, Eastern Central",275,2073,0.7357356217867954,0.7357356217867954,70408570.54298915,70408570.54298915,95698194.37584938
SSP4,"Pacific, Eastern Central",275,2074,0.733187017555873,0.733187017555873,70164673.71991123,70164673.71991123,95698194.37584938
SSP4,"Pacific, Eastern Central",275,2075,0.7306472417455594,0.7306472417455594,69921621.76074475,69921621.76074475,95698194.37584938
SSP4,"Pacific, Eastern Central",275,2076,0.728116263774013,0.728116263774013,69679411.73886271,69679411.73886271,95698194.37584938
SSP4,"Pacific, Eastern Central",275,2077,0.7255940531653283,0.7255940531653283,69438040.73777598,69438040.73777598,95698194.37584938
SSP4,"Pacific, Eastern Central",275,2078,0.7230805795491696,0.7230805795491696,69197505.85109825,69197505.85109825,95698194.37584938
SSP4,"Pacific, Eastern Central",275,2079,0.7205758126604043,0.7205758126604043,68957804.182511,68957804.182511,95698194.37584938
SSP4,"Pacific, Eastern Central",275,2080,0.7180797223387387,0.7180797223387387,68718932.84572858,68718932.84572858,95698194.37584938
SSP4,"Pacific, Eastern Central",275,2081,0.7155922785283555,0.7155922785283555,68480888.96446352,68480888.96446352,95698194.37584938
SSP4,"Pacific, Eastern Central",275,2082,0.713113451277551,0.713113451277551,68243669.67239188,68243669.67239188,95698194.37584938
SSP4,"Pacific, Eastern Central",275,2083,0.710643210738375,0.710643210738375,68007272.11311871,68007272.11311871,95698194.37584938
SSP4,"Pacific, Eastern Central",275,2084,0.7081815271662713,0.7081815271662713,67771693.44014369,67771693.44014369,95698194.37584938
SSP4,"Pacific, Eastern Central",275,2085,0.7057283709197195,0.7057283709197195,67536930.81682685,67536930.81682685,95698194.37584938
SSP4,"Pacific, Eastern Central",275,2086,0.7032837124598781,0.7032837124598781,67302981.41635437,67302981.41635437,95698194.37584938
SSP4,"Pacific, Eastern Central",275,2087,0.7008475223502283,0.7008475223502283,67069842.42170459,67069842.42170459,95698194.37584938
SSP4,"Pacific, Eastern Central",275,2088,0.6984197712562208,0.6984197712562208,66837511.025614075,66837511.025614075,95698194.37584938
SSP4,"Pacific, Eastern Central",275,2089,0.6960004299449213,0.6960004299449213,66605984.43054382,66605984.43054382,95698194.37584938
SSP4,"Pacific, Eastern Central",275,2090,0.6935894692846593,0.6935894692846593,66375259.84864554,66375259.84864554,95698194.37584938
SSP4,"Pacific, Eastern Central",275,2091,0.6911868602446769,0.6911868602446769,66145334.50172813,66145334.50172813,95698194.37584938
SSP4,"Pacific, Eastern Central",275,2092,0.6887925738947793,0.6887925738947793,65916205.621224195,65916205.621224195,95698194.37584938
SSP4,"Pacific, Eastern Central",275,2093,0.6864065814049869,0.6864065814049869,65687870.448156714,65687870.448156714,95698194.37584938
SSP4,"Pacific, Eastern Central",275,2094,0.6840288540451872,0.6840288540451872,65460326.23310583,65460326.23310583,95698194.37584938
SSP4,"Pacific, Eastern Central",275,2095,0.6816593631847899,0.6816593631847899,65233570.23617574,65233570.23617574,95698194.37584938
SSP4,"Pacific, Eastern Central",275,2096,0.6792980802923817,0.6792980802923817,65007599.72696168,65007599.72696168,95698194.37584938
SSP4,"Pacific, Eastern Central",275,2097,0.6769449769353822,0.6769449769353822,64782411.98451709,64782411.98451709,95698194.37584938
SSP4,"Pacific, Eastern Central",275,2098,0.6746000247797028,0.6746000247797028,64558004.29732081,64558004.29732081,95698194.37584938
SSP4,"Pacific, Eastern Central",275,2099,0.6722631955894043,0.6722631955894043,64334373.96324446,64334373.96324446,95698194.37584938
SSP4,"Pacific, Eastern Central",275,2100,0.6699344612263575,0.6699344612263575,64111518.28951989,64111518.28951989,95698194.37584938
SSP5,"Pacific, Eastern Central",275,2005,0.9315345245144485,0.9315345245144485,89146171.99479812,89146171.99479812,95698194.37584938
SSP5,"Pacific, Eastern Central",275,2006,0.9283076686165894,0.9283076686165894,88837367.71186195,88837367.71186195,95698194.37584938
SSP5,"Pacific, Eastern Central",275,2007,0.9250919906178974,0.9250919906178974,88529633.13369298,88529633.13369298,95698194.37584938
SSP5,"Pacific, Eastern Central",275,2008,0.921887451797886,0.921887451797886,88222964.55481057,88222964.55481057,95698194.37584938
SSP5,"Pacific, Eastern Central",275,2009,0.9186940135701972,0.9186940135701972,87917358.28256994,87917358.28256994,95698194.37584938
SSP5,"Pacific, Eastern Central",275,2010,0.9155116374821376,0.9155116374821376,87612810.63711776,87612810.63711776,95698194.37584938
SSP5,"Pacific, Eastern Central",275,2011,0.9123402852142143,0.9123402852142143,87309317.95134774,87309317.95134774,95698194.37584938
SSP5,"Pacific, Eastern Central",275,2012,0.9091799185796738,0.9091799185796738,87006876.57085654,87006876.57085654,95698194.37584938
SSP5,"Pacific, Eastern Central",275,2013,0.906030499524043,0.906030499524043,86705482.85389978,86705482.85389978,95698194.37584938
SSP5,"Pacific, Eastern Central",275,2014,0.9028919901246697,0.9028919901246697,86405133.17134812,86405133.17134812,95698194.37584938
SSP5,"Pacific, Eastern Central",275,2015,0.899764352590267,0.899764352590267,86105823.90664364,86105823.90664364,95698194.37584938
SSP5,"Pacific, Eastern Central",275,2016,0.8966475492604574,0.8966475492604574,85807551.45575623,85807551.45575623,95698194.37584938
SSP5,"Pacific, Eastern Central",275,2017,0.8935415426053201,0.8935415426053201,85510312.22714023,85510312.22714023,95698194.37584938
SSP5,"Pacific, Eastern Central",275,2018,0.8904462952249389,0.8904462952249389,85214102.64169116,85214102.64169116,95698194.37584938
SSP5,"Pacific, Eastern Central",275,2019,0.8873617698489513,0.8873617698489513,84918919.13270266,84918919.13270266,95698194.37584938
SSP5,"Pacific, Eastern Central",275,2020,0.8842879293361005,0.8842879293361005,84624758.14582351,84624758.14582351,95698194.37584938
SSP5,"Pacific, Eastern Central",275,2021,0.8812247366737875,0.8812247366737875,84331616.13901481,84331616.13901481,95698194.37584938
SSP5,"Pacific, Eastern Central",275,2022,0.8781721549776264,0.8781721549776264,84039489.58250742,84039489.58250742,95698194.37584938
SSP5,"Pacific, Eastern Central",275,2023,0.8751301474909986,0.8751301474909986,83748374.95875932,83748374.95875932,95698194.37584938
SSP5,"Pacific, Eastern Central",275,2024,0.8720986775846121,0.8720986775846121,83458268.76241341,83458268.76241341,95698194.37584938
SSP5,"Pacific, Eastern Central",275,2025,0.8690777087560593,0.8690777087560593,83169167.50025518,83169167.50025518,95698194.37584938
SSP5,"Pacific, Eastern Central",275,2026,0.8660672046293776,0.8660672046293776,82881067.69117069,82881067.69117069,95698194.37584938
SSP5,"Pacific, Eastern Central",275,2027,0.8630671289546114,0.8630671289546114,82593965.86610466,82593965.86610466,95698194.37584938
SSP5,"Pacific, Eastern Central",275,2028,0.8600774456073763,0.8600774456073763,82307858.56801872,82307858.56801872,95698194.37584938
SSP5,"Pacific, Eastern Central",275,2029,0.857098118588423,0.857098118588423,82022742.3518497,82022742.3518497,95698194.37584938
SSP5,"Pacific, Eastern Central",275,2030,0.8541291120232046,0.8541291120232046,81738613.78446826,81738613.78446826,95698194.37584938
SSP5,"Pacific, Eastern Central",275,2031,0.8511703901614446,0.8511703901614446,81455469.44463748,81455469.44463748,95698194.37584938
SSP5,"Pacific, Eastern Central",275,2032,0.8482219173767057,0.8482219173767057,81173305.92297164,81173305.92297164,95698194.37584938
SSP5,"Pacific, Eastern Central",275,2033,0.845283658165962,0.845283658165962,80892119.82189526,80892119.82189526,95698194.37584938
SSP5,"Pacific, Eastern Central",275,2034,0.8423555771491705,0.8423555771491705,80611907.7556021,80611907.7556021,95698194.37584938
SSP5,"Pacific, Eastern Central",275,2035,0.8394376390688454,0.8394376390688454,80332666.35001446,80332666.35001446,95698194.37584938
SSP5,"Pacific, Eastern Central",275,2036,0.8365298087896337,0.8365298087896337,80054392.24274248,80054392.24274248,95698194.37584938
SSP5,"Pacific, Eastern Central",275,2037,0.833632051297892,0.833632051297892,79777082.08304371,79777082.08304371,95698194.37584938
SSP5,"Pacific, Eastern Central",275,2038,0.8307443317012652,0.8307443317012652,79500732.53178276,79500732.53178276,95698194.37584938
SSP5,"Pacific, Eastern Central",275,2039,0.8278666152282653,0.8278666152282653,79225340.26139104,79225340.26139104,95698194.37584938
SSP5,"Pacific, Eastern Central",275,2040,0.8249988672278545,0.8249988672278545,78950901.95582677,78950901.95582677,95698194.37584938
SSP5,"Pacific, Eastern Central",275,2041,0.8221410531690263,0.8221410531690263,78677414.310535,78677414.310535,95698194.37584938
SSP5,"Pacific, Eastern Central",275,2042,0.8192931386403906,0.8192931386403906,78404874.0324078,78404874.0324078,95698194.37584938
SSP5,"Pacific, Eastern Central",275,2043,0.8164550893497587,0.8164550893497587,78133277.83974469,78133277.83974469,95698194.37584938
SSP5,"Pacific, Eastern Central",275,2044,0.8136268711237317,0.8136268711237317,77862622.46221302,77862622.46221302,95698194.37584938
SSP5,"Pacific, Eastern Central",275,2045,0.810808449907287,0.810808449907287,77592904.64080869,77592904.64080869,95698194.37584938
SSP5,"Pacific, Eastern Central",275,2046,0.80799979176337,0.80799979176337,77324121.12781681,77324121.12781681,95698194.37584938
SSP5,"Pacific, Eastern Central",275,2047,0.8052008628724849,0.8052008628724849,77056268.6867727,77056268.6867727,95698194.37584938
SSP5,"Pacific, Eastern Central",275,2048,0.8024116295322868,0.8024116295322868,76789344.09242283,76789344.09242283,95698194.37584938
SSP5,"Pacific, Eastern Central",275,2049,0.799632058157177,0.799632058157177,76523344.13068601,76523344.13068601,95698194.37584938
SSP5,"Pacific, Eastern Central",275,2050,0.7968621152778975,0.7968621152778975,76258265.59861474,76258265.59861474,95698194.37584938
SSP5,"Pacific, Eastern Central",275,2051,0.7941017675411294,0.7941017675411294,75994105.30435656,75994105.30435656,95698194.37584938
SSP5,"Pacific, Eastern Central",275,2052,0.7913509817090894,0.7913509817090894,75730860.06711566,75730860.06711566,95698194.37584938
SSP5,"Pacific, Eastern Central",275,2053,0.7886097246591314,0.7886097246591314,75468526.71711461,75468526.71711461,95698194.37584938
SSP5,"Pacific, Eastern Central",275,2054,0.7858779633833464,0.7858779633833464,75207102.09555613,75207102.09555613,95698194.37584938
SSP5,"Pacific, Eastern Central",275,2055,0.7831556649881658,0.7831556649881658,74946583.05458507,74946583.05458507,95698194.37584938
SSP5,"Pacific, Eastern Central",275,2056,0.7804427966939649,0.7804427966939649,74686966.45725055,74686966.45725055,95698194.37584938
SSP5,"Pacific, Eastern Central",275,2057,0.7777393258346682,0.7777393258346682,74428249.17746814,74428249.17746814,95698194.37584938
SSP5,"Pacific, Eastern Central",275,2058,0.7750452198573566,0.7750452198573566,74170428.09998223,74170428.09998223,95698194.37584938
SSP5,"Pacific, Eastern Central",275,2059,0.7723604463218747,0.7723604463218747,73913500.12032855,73913500.12032855,95698194.37584938
SSP5,"Pacific, Eastern Central",275,2060,0.7696849729004405,0.7696849729004405,73657462.14479671,73657462.14479671,95698194.37584938
SSP5,"Pacific, Eastern Central",275,2061,0.7670187673772563,0.7670187673772563,73402311.09039307,73402311.09039307,95698194.37584938
SSP5,"Pacific, Eastern Central",275,2062,0.7643617976481204,0.7643617976481204,73148043.88480347,73148043.88480347,95698194.37584938
SSP5,"Pacific, Eastern Central",275,2063,0.7617140317200409,0.7617140317200409,72894657.46635638,72894657.46635638,95698194.37584938
SSP5,"Pacific, Eastern Central",275,2064,0.7590754377108506,0.7590754377108506,72642148.78398593,72642148.78398593,95698194.37584938
SSP5,"Pacific, Eastern Central",275,2065,0.7564459838488222,0.7564459838488222,72390514.79719521,72390514.79719521,95698194.37584938
SSP5,"Pacific, Eastern Central",275,2066,0.753825638472287,0.753825638472287,72139752.47601968,72139752.47601968,95698194.37584938
SSP5,"Pacific, Eastern Central",275,2067,0.7512143700292526,0.7512143700292526,71889858.80099066,71889858.80099066,95698194.37584938
SSP5,"Pacific, Eastern Central",275,2068,0.7486121470770235,0.7486121470770235,71640830.76309894,71640830.76309894,95698194.37584938
SSP5,"Pacific, Eastern Central",275,2069,0.7460189382818222,0.7460189382818222,71392665.36375861,71392665.36375861,95698194.37584938
SSP5,"Pacific, Eastern Central",275,2070,0.7434347124184126,0.7434347124184126,71145359.61477093,71145359.61477093,95698194.37584938
SSP5,"Pacific, Eastern Central",275,2071,0.740859438369723,0.740859438369723,70898910.53828835,70898910.53828835,95698194.37584938
SSP5,"Pacific, Eastern Central",275,2072,0.7382930851264721,0.7382930851264721,70653315.16677864,70653315.16677864,95698194.37584938
SSP5,"Pacific, Eastern Central",275,2073,0.7357356217867954,0.7357356217867954,70408570.54298915,70408570.54298915,95698194.37584938
SSP5,"Pacific, Eastern Central",275,2074,0.733187017555873,0.733187017555873,70164673.71991123,70164673.71991123,95698194.37584938
SSP5,"Pacific, Eastern Central",275,2075,0.7306472417455594,0.7306472417455594,69921621.76074475,69921621.76074475,95698194.37584938
SSP5,"Pacific, Eastern Central",275,2076,0.728116263774013,0.728116263774013,69679411.73886271,69679411.73886271,95698194.37584938
SSP5,"Pacific, Eastern Central",275,2077,0.7255940531653283,0.7255940531653283,69438040.73777598,69438040.73777598,95698194.37584938
SSP5,"Pacific, Eastern Central",275,2078,0.7230805795491696,0.7230805795491696,69197505.85109825,69197505.85109825,95698194.37584938
SSP5,"Pacific, Eastern Central",275,2079,0.7205758126604043,0.7205758126604043,68957804.182511,68957804.182511,95698194.37584938
SSP5,"Pacific, Eastern Central",275,2080,0.7180797223387387,0.7180797223387387,68718932.84572858,68718932.84572858,95698194.37584938
SSP5,"Pacific, Eastern Central",275,2081,0.7155922785283555,0.7155922785283555,68480888.96446352,68480888.96446352,95698194.37584938
SSP5,"Pacific, Eastern Central",275,2082,0.713113451277551,0.713113451277551,68243669.67239188,68243669.67239188,95698194.37584938
SSP5,"Pacific, Eastern Central",275,2083,0.710643210738375,0.710643210738375,68007272.11311871,68007272.11311871,95698194.37584938
SSP5,"Pacific, Eastern Central",275,2084,0.7081815271662713,0.7081815271662713,67771693.44014369,67771693.44014369,95698194.37584938
SSP5,"Pacific, Eastern Central",275,2085,0.7057283709197195,0.7057283709197195,67536930.81682685,67536930.81682685,95698194.37584938
SSP5,"Pacific, Eastern Central",275,2086,0.7032837124598781,0.7032837124598781,67302981.41635437,67302981.41635437,95698194.37584938
SSP5,"Pacific, Eastern Central",275,2087,0.7008475223502283,0.7008475223502283,67069842.42170459,67069842.42170459,95698194.37584938
SSP5,"Pacific, Eastern Central",275,2088,0.6984197712562208,0.6984197712562208,66837511.025614075,66837511.025614075,95698194.37584938
SSP5,"Pacific, Eastern Central",275,2089,0.6960004299449213,0.6960004299449213,66605984.43054382,66605984.43054382,95698194.37584938
SSP5,"Pacific, Eastern Central",275,2090,0.6935894692846593,0.6935894692846593,66375259.84864554,66375259.84864554,95698194.37584938
SSP5,"Pacific, Eastern Central",275,2091,0.6911868602446769,0.6911868602446769,66145334.50172813,66145334.50172813,95698194.37584938
SSP5,"Pacific, Eastern Central",275,2092,0.6887925738947793,0.6887925738947793,65916205.621224195,65916205.621224195,95698194.37584938
SSP5,"Pacific, Eastern Central",275,2093,0.6864065814049869,0.6864065814049869,65687870.448156714,65687870.448156714,95698194.37584938
SSP5,"Pacific, Eastern Central",275,2094,0.6840288540451872,0.6840288540451872,65460326.23310583,65460326.23310583,95698194.37584938
SSP5,"Pacific, Eastern Central",275,2095,0.6816593631847899,0.6816593631847899,65233570.23617574,65233570.23617574,95698194.37584938
SSP5,"Pacific, Eastern Central",275,2096,0.6792980802923817,0.6792980802923817,65007599.72696168,65007599.72696168,95698194.37584938
SSP5,"Pacific, Eastern Central",275,2097,0.6769449769353822,0.6769449769353822,64782411.98451709,64782411.98451709,95698194.37584938
SSP5,"Pacific, Eastern Central",275,2098,0.6746000247797028,0.6746000247797028,64558004.29732081,64558004.29732081,95698194.37584938
SSP5,"Pacific, Eastern Central",275,2099,0.6722631955894043,0.6722631955894043,64334373.96324446,64334373.96324446,95698194.37584938
SSP5,"Pacific, Eastern Central",275,2100,0.6699344612263575,0.6699344612263575,64111518.28951989,64111518.28951989,95698194.37584938
SSP1,"Pacific, Southwest",276,2005,0.8645957003384396,0.8645957003384396,74404925.70261681,74404925.70261681,86057478.2797226
SSP1,"Pacific, Southwest",276,2006,0.8616007219866121,0.8616007219866121,74147185.41815618,74147185.41815618,86057478.2797226
SSP1,"Pacific, Southwest",276,2007,0.8586161183050778,0.8586161183050778,73890337.95165896,73890337.95165896,86057478.2797226
SSP1,"Pacific, Southwest",276,2008,0.8556418533557527,0.8556418533557527,73634380.21038428,73634380.21038428,86057478.2797226
SSP1,"Pacific, Southwest",276,2009,0.852677891325043,0.852677891325043,73379309.11230455,73379309.11230455,86057478.2797226
SSP1,"Pacific, Southwest",276,2010,0.849724196523414,0.849724196523414,73125121.58606844,73125121.58606844,86057478.2797226
SSP1,"Pacific, Southwest",276,2011,0.8467807333849605,0.8467807333849605,72871814.57096381,72871814.57096381,86057478.2797226
SSP1,"Pacific, Southwest",276,2012,0.8438474664669781,0.8438474664669781,72619385.01688091,72619385.01688091,86057478.2797226
SSP1,"Pacific, Southwest",276,2013,0.8409243604495369,0.8409243604495369,72367829.88427565,72367829.88427565,86057478.2797226
SSP1,"Pacific, Southwest",276,2014,0.838011380135056,0.838011380135056,72117146.14413294,72117146.14413294,86057478.2797226
SSP1,"Pacific, Southwest",276,2015,0.8351084904478795,0.8351084904478795,71867330.77793032,71867330.77793032,86057478.2797226
SSP1,"Pacific, Southwest",276,2016,0.8322156564338545,0.8322156564338545,71618380.77760153,71618380.77760153,86057478.2797226
SSP1,"Pacific, Southwest",276,2017,0.8293328432599103,0.8293328432599103,71370293.14550032,71370293.14550032,86057478.2797226
SSP1,"Pacific, Southwest",276,2018,0.826460016213638,0.826460016213638,71123064.89436434,71123064.89436434,86057478.2797226
SSP1,"Pacific, Southwest",276,2019,0.8235971407028739,0.8235971407028739,70876693.04727921,70876693.04727921,86057478.2797226
SSP1,"Pacific, Southwest",276,2020,0.820744182255282,0.820744182255282,70631174.63764262,70631174.63764262,86057478.2797226
SSP1,"Pacific, Southwest",276,2021,0.8179011065179396,0.8179011065179396,70386506.70912866,70386506.70912866,86057478.2797226
SSP1,"Pacific, Southwest",276,2022,0.8150678792569226,0.8150678792569226,70142686.31565218,70142686.31565218,86057478.2797226
SSP1,"Pacific, Southwest",276,2023,0.8122444663568945,0.8122444663568945,69899710.52133332,69899710.52133332,86057478.2797226
SSP1,"Pacific, Southwest",276,2024,0.8094308338206948,0.8094308338206948,69657576.4004622,69657576.4004622,86057478.2797226
SSP1,"Pacific, Southwest",276,2025,0.8066269477689301,0.8066269477689301,69416281.03746364,69416281.03746364,86057478.2797226
SSP1,"Pacific, Southwest",276,2026,0.8038327744395659,0.8038327744395659,69175821.5268621,69175821.5268621,86057478.2797226
SSP1,"Pacific, Southwest",276,2027,0.8010482801875201,0.8010482801875201,68936194.97324665,68936194.97324665,86057478.2797226
SSP1,"Pacific, Southwest",276,2028,0.7982734314842577,0.7982734314842577,68697398.49123614,68697398.49123614,86057478.2797226
SSP1,"Pacific, Southwest",276,2029,0.7955081949173877,0.7955081949173877,68459429.20544443,68459429.20544443,86057478.2797226
SSP1,"Pacific, Southwest",276,2030,0.7927525371902602,0.7927525371902602,68222284.2504458,68222284.2504458,86057478.2797226
SSP1,"Pacific, Southwest",276,2031,0.7900064251215653,0.7900064251215653,67985960.7707404,67985960.7707404,86057478.2797226
SSP1,"Pacific, Southwest",276,2032,0.7872698256449342,0.7872698256449342,67750455.92071992,67750455.92071992,86057478.2797226
SSP1,"Pacific, Southwest",276,2033,0.7845427058085406,0.7845427058085406,67515766.86463328,67515766.86463328,86057478.2797226
SSP1,"Pacific, Southwest",276,2034,0.7818250327747042,0.7818250327747042,67281890.77655251,67281890.77655251,86057478.2797226
SSP1,"Pacific, Southwest",276,2035,0.7791167738194948,0.7791167738194948,67048824.84033872,67048824.84033872,86057478.2797226
SSP1,"Pacific, Southwest",276,2036,0.7764178963323392,0.7764178963323392,66816566.24960819,66816566.24960819,86057478.2797226
SSP1,"Pacific, Southwest",276,2037,0.7737283678156271,0.7737283678156271,66585112.207698554,66585112.207698554,86057478.2797226
SSP1,"Pacific, Southwest",276,2038,0.7710481558843216,0.7710481558843216,66354459.92763517,66354459.92763517,86057478.2797226
SSP1,"Pacific, Southwest",276,2039,0.7683772282655674,0.7683772282655674,66124606.63209752,66124606.63209752,86057478.2797226
SSP1,"Pacific, Southwest",276,2040,0.7657155527983036,0.7657155527983036,65895549.553385794,65895549.553385794,86057478.2797226
SSP1,"Pacific, Southwest",276,2041,0.7630630974328757,0.7630630974328757,65667285.933387555,65667285.933387555,86057478.2797226
SSP1,"Pacific, Southwest",276,2042,0.7604198302306501,0.7604198302306501,65439813.02354452,65439813.02354452,86057478.2797226
SSP1,"Pacific, Southwest",276,2043,0.7577857193636292,0.7577857193636292,65213128.08481948,65213128.08481948,86057478.2797226
SSP1,"Pacific, Southwest",276,2044,0.7551607331140681,0.7551607331140681,64987228.387663305,64987228.387663305,86057478.2797226
SSP1,"Pacific, Southwest",276,2045,0.7525448398740929,0.7525448398740929,64762111.21198208,64762111.21198208,86057478.2797226
SSP1,"Pacific, Southwest",276,2046,0.7499380081453206,0.7499380081453206,64537773.84710436,64537773.84710436,86057478.2797226
SSP1,"Pacific, Southwest",276,2047,0.7473402065384788,0.7473402065384788,64314213.591748536,64314213.591748536,86057478.2797226
SSP1,"Pacific, Southwest",276,2048,0.744751403773028,0.744751403773028,64091427.75399027,64091427.75399027,86057478.2797226
SSP1,"Pacific, Southwest",276,2049,0.7421715686767856,0.7421715686767856,63869413.65123013,63869413.65123013,86057478.2797226
SSP1,"Pacific, Southwest",276,2050,0.7396006701855501,0.7396006701855501,63648168.61016125,63648168.61016125,86057478.2797226
SSP1,"Pacific, Southwest",276,2051,0.7370386773427269,0.7370386773427269,63427689.96673719,63427689.96673719,86057478.2797226
SSP1,"Pacific, Southwest",276,2052,0.7344855592989558,0.7344855592989558,63207975.06613979,63207975.06613979,86057478.2797226
SSP1,"Pacific, Southwest",276,2053,0.7319412853117392,0.7319412853117392,62989021.26274724,62989021.26274724,86057478.2797226
SSP1,"Pacific, Southwest",276,2054,0.7294058247450728,0.7294058247450728,62770825.92010225,62770825.92010225,86057478.2797226
SSP1,"Pacific, Southwest",276,2055,0.7268791470690755,0.7268791470690755,62553386.41088026,62553386.41088026,86057478.2797226
SSP1,"Pacific, Southwest",276,2056,0.7243612218596227,0.7243612218596227,62336700.116857804,62336700.116857804,86057478.2797226
SSP1,"Pacific, Southwest",276,2057,0.7218520187979793,0.7218520187979793,62120764.42888102,62120764.42888102,86057478.2797226
SSP1,"Pacific, Southwest",276,2058,0.7193515076704354,0.7193515076704354,61905576.7468342,61905576.7468342,86057478.2797226
SSP1,"Pacific, Southwest",276,2059,0.7168596583679416,0.7168596583679416,61691134.479608506,61691134.479608506,86057478.2797226
SSP1,"Pacific, Southwest",276,2060,0.7143764408857474,0.7143764408857474,61477435.045070745,61477435.045070745,86057478.2797226
SSP1,"Pacific, Southwest",276,2061,0.7119018253230389,0.7119018253230389,61264475.870032296,61264475.870032296,86057478.2797226
SSP1,"Pacific, Southwest",276,2062,0.7094357818825796,0.7094357818825796,61052254.39021812,61052254.39021812,86057478.2797226
SSP1,"Pacific, Southwest",276,2063,0.7069782808703511,0.7069782808703511,60840768.05023587,60840768.05023587,86057478.2797226
SSP1,"Pacific, Southwest",276,2064,0.7045292926951959,0.7045292926951959,60630014.30354515,60630014.30354515,86057478.2797226
SSP1,"Pacific, Southwest",276,2065,0.7020887878684607,0.7020887878684607,60419990.612426825,60419990.612426825,86057478.2797226
SSP1,"Pacific, Southwest",276,2066,0.6996567370036417,0.6996567370036417,60210694.44795249,60210694.44795249,86057478.2797226
SSP1,"Pacific, Southwest",276,2067,0.6972331108160307,0.6972331108160307,60002123.289953984,60002123.289953984,86057478.2797226
SSP1,"Pacific, Southwest",276,2068,0.694817880122362,0.694817880122362,59794274.626993075,59794274.626993075,86057478.2797226
SSP1,"Pacific, Southwest",276,2069,0.6924110158404617,0.6924110158404617,59587145.9563312,59587145.9563312,86057478.2797226
SSP1,"Pacific, Southwest",276,2070,0.6900124889888972,0.6900124889888972,59380734.78389935,59380734.78389935,86057478.2797226
SSP1,"Pacific, Southwest",276,2071,0.6876222706866278,0.6876222706866278,59175038.62426801,59175038.62426801,86057478.2797226
SSP1,"Pacific, Southwest",276,2072,0.6852403321526578,0.6852403321526578,58970055.00061725,58970055.00061725,86057478.2797226
SSP1,"Pacific, Southwest",276,2073,0.6828666447056894,0.6828666447056894,58765781.44470691,58765781.44470691,86057478.2797226
SSP1,"Pacific, Southwest",276,2074,0.6805011797637771,0.6805011797637771,58562215.496846855,58562215.496846855,86057478.2797226
SSP1,"Pacific, Southwest",276,2075,0.6781439088439845,0.6781439088439845,58359354.70586738,58359354.70586738,86057478.2797226
SSP1,"Pacific, Southwest",276,2076,0.6757948035620402,0.6757948035620402,58157196.629089676,58157196.629089676,86057478.2797226
SSP1,"Pacific, Southwest",276,2077,0.6734538356319967,0.6734538356319967,57955738.83229643,57955738.83229643,86057478.2797226
SSP1,"Pacific, Southwest",276,2078,0.6711209768658897,0.6711209768658897,57754978.889702514,57754978.889702514,86057478.2797226
SSP1,"Pacific, Southwest",276,2079,0.6687961991733984,0.6687961991733984,57554914.383925766,57554914.383925766,86057478.2797226
SSP1,"Pacific, Southwest",276,2080,0.6664794745615078,0.6664794745615078,57355542.90595789,57355542.90595789,86057478.2797226
SSP1,"Pacific, Southwest",276,2081,0.6641707751341712,0.6641707751341712,57156862.055135466,57156862.055135466,86057478.2797226
SSP1,"Pacific, Southwest",276,2082,0.6618700730919743,0.6618700730919743,56958869.439110994,56958869.439110994,86057478.2797226
SSP1,"Pacific, Southwest",276,2083,0.6595773407318007,0.6595773407318007,56761562.67382413,56761562.67382413,86057478.2797226
SSP1,"Pacific, Southwest",276,2084,0.657292550446498,0.657292550446498,56564939.38347298,56564939.38347298,86057478.2797226
SSP1,"Pacific, Southwest",276,2085,0.655015674724546,0.655015674724546,56368997.20048546,56368997.20048546,86057478.2797226
SSP1,"Pacific, Southwest",276,2086,0.6527466861497245,0.6527466861497245,56173733.76549082,56173733.76549082,86057478.2797226
SSP1,"Pacific, Southwest",276,2087,0.6504855574007841,0.6504855574007841,55979146.72729123,55979146.72729123,86057478.2797226
SSP1,"Pacific, Southwest",276,2088,0.6482322612511164,0.6482322612511164,55785233.74283342,55785233.74283342,86057478.2797226
SSP1,"Pacific, Southwest",276,2089,0.6459867705684271,0.6459867705684271,55591992.47718056,55591992.47718056,86057478.2797226
SSP1,"Pacific, Southwest",276,2090,0.6437490583144082,0.6437490583144082,55399420.603484064,55399420.603484064,86057478.2797226
SSP1,"Pacific, Southwest",276,2091,0.6415190975444134,0.6415190975444134,55207515.8029556,55207515.8029556,86057478.2797226
SSP1,"Pacific, Southwest",276,2092,0.6392968614071328,0.6392968614071328,55016275.764839165,55016275.764839165,86057478.2797226
SSP1,"Pacific, Southwest",276,2093,0.6370823231442706,0.6370823231442706,54825698.186383285,54825698.186383285,86057478.2797226
SSP1,"Pacific, Southwest",276,2094,0.6348754560902219,0.6348754560902219,54635780.77281325,54635780.77281325,86057478.2797226
SSP1,"Pacific, Southwest",276,2095,0.6326762336717522,0.6326762336717522,54446521.23730352,54446521.23730352,86057478.2797226
SSP1,"Pacific, Southwest",276,2096,0.6304846294076772,0.6304846294076772,54257917.30095014,54257917.30095014,86057478.2797226
SSP1,"Pacific, Southwest",276,2097,0.6283006169085441,0.6283006169085441,54069966.692743346,54069966.692743346,86057478.2797226
SSP1,"Pacific, Southwest",276,2098,0.6261241698763135,0.6261241698763135,53882667.14954019,53882667.14954019,86057478.2797226
SSP1,"Pacific, Southwest",276,2099,0.6239552621040432,0.6239552621040432,53696016.41603732,53696016.41603732,86057478.2797226
SSP1,"Pacific, Southwest",276,2100,0.6217938674755724,0.6217938674755724,53510012.24474379,53510012.24474379,86057478.2797226
SSP2,"Pacific, Southwest",276,2005,0.8645957003384396,0.8645957003384396,74404925.70261681,74404925.70261681,86057478.2797226
SSP2,"Pacific, Southwest",276,2006,0.8616007219866121,0.8616007219866121,74147185.41815618,74147185.41815618,86057478.2797226
SSP2,"Pacific, Southwest",276,2007,0.8586161183050778,0.8586161183050778,73890337.95165896,73890337.95165896,86057478.2797226
SSP2,"Pacific, Southwest",276,2008,0.8556418533557527,0.8556418533557527,73634380.21038428,73634380.21038428,86057478.2797226
SSP2,"Pacific, Southwest",276,2009,0.852677891325043,0.852677891325043,73379309.11230455,73379309.11230455,86057478.2797226
SSP2,"Pacific, Southwest",276,2010,0.849724196523414,0.849724196523414,73125121.58606844,73125121.58606844,86057478.2797226
SSP2,"Pacific, Southwest",276,2011,0.8467807333849605,0.8467807333849605,72871814.57096381,72871814.57096381,86057478.2797226
SSP2,"Pacific, Southwest",276,2012,0.8438474664669781,0.8438474664669781,72619385.01688091,72619385.01688091,86057478.2797226
SSP2,"Pacific, Southwest",276,2013,0.8409243604495369,0.8409243604495369,72367829.88427565,72367829.88427565,86057478.2797226
SSP2,"Pacific, Southwest",276,2014,0.838011380135056,0.838011380135056,72117146.14413294,72117146.14413294,86057478.2797226
SSP2,"Pacific, Southwest",276,2015,0.8351084904478795,0.8351084904478795,71867330.77793032,71867330.77793032,86057478.2797226
SSP2,"Pacific, Southwest",276,2016,0.8322156564338545,0.8322156564338545,71618380.77760153,71618380.77760153,86057478.2797226
SSP2,"Pacific, Southwest",276,2017,0.8293328432599103,0.8293328432599103,71370293.14550032,71370293.14550032,86057478.2797226
SSP2,"Pacific, Southwest",276,2018,0.826460016213638,0.826460016213638,71123064.89436434,71123064.89436434,86057478.2797226
SSP2,"Pacific, Southwest",276,2019,0.8235971407028739,0.8235971407028739,70876693.04727921,70876693.04727921,86057478.2797226
SSP2,"Pacific, Southwest",276,2020,0.820744182255282,0.820744182255282,70631174.63764262,70631174.63764262,86057478.2797226
SSP2,"Pacific, Southwest",276,2021,0.8179011065179396,0.8179011065179396,70386506.70912866,70386506.70912866,86057478.2797226
SSP2,"Pacific, Southwest",276,2022,0.8150678792569226,0.8150678792569226,70142686.31565218,70142686.31565218,86057478.2797226
SSP2,"Pacific, Southwest",276,2023,0.8122444663568945,0.8122444663568945,69899710.52133332,69899710.52133332,86057478.2797226
SSP2,"Pacific, Southwest",276,2024,0.8094308338206948,0.8094308338206948,69657576.4004622,69657576.4004622,86057478.2797226
SSP2,"Pacific, Southwest",276,2025,0.8066269477689301,0.8066269477689301,69416281.03746364,69416281.03746364,86057478.2797226
SSP2,"Pacific, Southwest",276,2026,0.8038327744395659,0.8038327744395659,69175821.5268621,69175821.5268621,86057478.2797226
SSP2,"Pacific, Southwest",276,2027,0.8010482801875201,0.8010482801875201,68936194.97324665,68936194.97324665,86057478.2797226
SSP2,"Pacific, Southwest",276,2028,0.7982734314842577,0.7982734314842577,68697398.49123614,68697398.49123614,86057478.2797226
SSP2,"Pacific, Southwest",276,2029,0.7955081949173877,0.7955081949173877,68459429.20544443,68459429.20544443,86057478.2797226
SSP2,"Pacific, Southwest",276,2030,0.7927525371902602,0.7927525371902602,68222284.2504458,68222284.2504458,86057478.2797226
SSP2,"Pacific, Southwest",276,2031,0.7900064251215653,0.7900064251215653,67985960.7707404,67985960.7707404,86057478.2797226
SSP2,"Pacific, Southwest",276,2032,0.7872698256449342,0.7872698256449342,67750455.92071992,67750455.92071992,86057478.2797226
SSP2,"Pacific, Southwest",276,2033,0.7845427058085406,0.7845427058085406,67515766.86463328,67515766.86463328,86057478.2797226
SSP2,"Pacific, Southwest",276,2034,0.7818250327747042,0.7818250327747042,67281890.77655251,67281890.77655251,86057478.2797226
SSP2,"Pacific, Southwest",276,2035,0.7791167738194948,0.7791167738194948,67048824.84033872,67048824.84033872,86057478.2797226
SSP2,"Pacific, Southwest",276,2036,0.7764178963323392,0.7764178963323392,66816566.24960819,66816566.24960819,86057478.2797226
SSP2,"Pacific, Southwest",276,2037,0.7737283678156271,0.7737283678156271,66585112.207698554,66585112.207698554,86057478.2797226
SSP2,"Pacific, Southwest",276,2038,0.7710481558843216,0.7710481558843216,66354459.92763517,66354459.92763517,86057478.2797226
SSP2,"Pacific, Southwest",276,2039,0.7683772282655674,0.7683772282655674,66124606.63209752,66124606.63209752,86057478.2797226
SSP2,"Pacific, Southwest",276,2040,0.7657155527983036,0.7657155527983036,65895549.553385794,65895549.553385794,86057478.2797226
SSP2,"Pacific, Southwest",276,2041,0.7630630974328757,0.7630630974328757,65667285.933387555,65667285.933387555,86057478.2797226
SSP2,"Pacific, Southwest",276,2042,0.7604198302306501,0.7604198302306501,65439813.02354452,65439813.02354452,86057478.2797226
SSP2,"Pacific, Southwest",276,2043,0.7577857193636292,0.7577857193636292,65213128.08481948,65213128.08481948,86057478.2797226
SSP2,"Pacific, Southwest",276,2044,0.7551607331140681,0.7551607331140681,64987228.387663305,64987228.387663305,86057478.2797226
SSP2,"Pacific, Southwest",276,2045,0.7525448398740929,0.7525448398740929,64762111.21198208,64762111.21198208,86057478.2797226
SSP2,"Pacific, Southwest",276,2046,0.7499380081453206,0.7499380081453206,64537773.84710436,64537773.84710436,86057478.2797226
SSP2,"Pacific, Southwest",276,2047,0.7473402065384788,0.7473402065384788,64314213.591748536,64314213.591748536,86057478.2797226
SSP2,"Pacific, Southwest",276,2048,0.744751403773028,0.744751403773028,64091427.75399027,64091427.75399027,86057478.2797226
SSP2,"Pacific, Southwest",276,2049,0.7421715686767856,0.7421715686767856,63869413.65123013,63869413.65123013,86057478.2797226
SSP2,"Pacific, Southwest",276,2050,0.7396006701855501,0.7396006701855501,63648168.61016125,63648168.61016125,86057478.2797226
SSP2,"Pacific, Southwest",276,2051,0.7370386773427269,0.7370386773427269,63427689.96673719,63427689.96673719,86057478.2797226
SSP2,"Pacific, Southwest",276,2052,0.7344855592989558,0.7344855592989558,63207975.06613979,63207975.06613979,86057478.2797226
SSP2,"Pacific, Southwest",276,2053,0.7319412853117392,0.7319412853117392,62989021.26274724,62989021.26274724,86057478.2797226
SSP2,"Pacific, Southwest",276,2054,0.7294058247450728,0.7294058247450728,62770825.92010225,62770825.92010225,86057478.2797226
SSP2,"Pacific, Southwest",276,2055,0.7268791470690755,0.7268791470690755,62553386.41088026,62553386.41088026,86057478.2797226
SSP2,"Pacific, Southwest",276,2056,0.7243612218596227,0.7243612218596227,62336700.116857804,62336700.116857804,86057478.2797226
SSP2,"Pacific, Southwest",276,2057,0.7218520187979793,0.7218520187979793,62120764.42888102,62120764.42888102,86057478.2797226
SSP2,"Pacific, Southwest",276,2058,0.7193515076704354,0.7193515076704354,61905576.7468342,61905576.7468342,86057478.2797226
SSP2,"Pacific, Southwest",276,2059,0.7168596583679416,0.7168596583679416,61691134.479608506,61691134.479608506,86057478.2797226
SSP2,"Pacific, Southwest",276,2060,0.7143764408857474,0.7143764408857474,61477435.045070745,61477435.045070745,86057478.2797226
SSP2,"Pacific, Southwest",276,2061,0.7119018253230389,0.7119018253230389,61264475.870032296,61264475.870032296,86057478.2797226
SSP2,"Pacific, Southwest",276,2062,0.7094357818825796,0.7094357818825796,61052254.39021812,61052254.39021812,86057478.2797226
SSP2,"Pacific, Southwest",276,2063,0.7069782808703511,0.7069782808703511,60840768.05023587,60840768.05023587,86057478.2797226
SSP2,"Pacific, Southwest",276,2064,0.7045292926951959,0.7045292926951959,60630014.30354515,60630014.30354515,86057478.2797226
SSP2,"Pacific, Southwest",276,2065,0.7020887878684607,0.7020887878684607,60419990.612426825,60419990.612426825,86057478.2797226
SSP2,"Pacific, Southwest",276,2066,0.6996567370036417,0.6996567370036417,60210694.44795249,60210694.44795249,86057478.2797226
SSP2,"Pacific, Southwest",276,2067,0.6972331108160307,0.6972331108160307,60002123.289953984,60002123.289953984,86057478.2797226
SSP2,"Pacific, Southwest",276,2068,0.694817880122362,0.694817880122362,59794274.626993075,59794274.626993075,86057478.2797226
SSP2,"Pacific, Southwest",276,2069,0.6924110158404617,0.6924110158404617,59587145.9563312,59587145.9563312,86057478.2797226
SSP2,"Pacific, Southwest",276,2070,0.6900124889888972,0.6900124889888972,59380734.78389935,59380734.78389935,86057478.2797226
SSP2,"Pacific, Southwest",276,2071,0.6876222706866278,0.6876222706866278,59175038.62426801,59175038.62426801,86057478.2797226
SSP2,"Pacific, Southwest",276,2072,0.6852403321526578,0.6852403321526578,58970055.00061725,58970055.00061725,86057478.2797226
SSP2,"Pacific, Southwest",276,2073,0.6828666447056894,0.6828666447056894,58765781.44470691,58765781.44470691,86057478.2797226
SSP2,"Pacific, Southwest",276,2074,0.6805011797637771,0.6805011797637771,58562215.496846855,58562215.496846855,86057478.2797226
SSP2,"Pacific, Southwest",276,2075,0.6781439088439845,0.6781439088439845,58359354.70586738,58359354.70586738,86057478.2797226
SSP2,"Pacific, Southwest",276,2076,0.6757948035620402,0.6757948035620402,58157196.629089676,58157196.629089676,86057478.2797226
SSP2,"Pacific, Southwest",276,2077,0.6734538356319967,0.6734538356319967,57955738.83229643,57955738.83229643,86057478.2797226
SSP2,"Pacific, Southwest",276,2078,0.6711209768658897,0.6711209768658897,57754978.889702514,57754978.889702514,86057478.2797226
SSP2,"Pacific, Southwest",276,2079,0.6687961991733984,0.6687961991733984,57554914.383925766,57554914.383925766,86057478.2797226
SSP2,"Pacific, Southwest",276,2080,0.6664794745615078,0.6664794745615078,57355542.90595789,57355542.90595789,86057478.2797226
SSP2,"Pacific, Southwest",276,2081,0.6641707751341712,0.6641707751341712,57156862.055135466,57156862.055135466,86057478.2797226
SSP2,"Pacific, Southwest",276,2082,0.6618700730919743,0.6618700730919743,56958869.439110994,56958869.439110994,86057478.2797226
SSP2,"Pacific, Southwest",276,2083,0.6595773407318007,0.6595773407318007,56761562.67382413,56761562.67382413,86057478.2797226
SSP2,"Pacific, Southwest",276,2084,0.657292550446498,0.657292550446498,56564939.38347298,56564939.38347298,86057478.2797226
SSP2,"Pacific, Southwest",276,2085,0.655015674724546,0.655015674724546,56368997.20048546,56368997.20048546,86057478.2797226
SSP2,"Pacific, Southwest",276,2086,0.6527466861497245,0.6527466861497245,56173733.76549082,56173733.76549082,86057478.2797226
SSP2,"Pacific, Southwest",276,2087,0.6504855574007841,0.6504855574007841,55979146.72729123,55979146.72729123,86057478.2797226
SSP2,"Pacific, Southwest",276,2088,0.6504855574007841,0.6504855574007841,55979146.72729123,55979146.72729123,86057478.2797226
SSP2,"Pacific, Southwest",276,2089,0.6504855574007841,0.6504855574007841,55979146.72729123,55979146.72729123,86057478.2797226
SSP2,"Pacific, Southwest",276,2090,0.6504855574007841,0.6504855574007841,55979146.72729123,55979146.72729123,86057478.2797226
SSP2,"Pacific, Southwest",276,2091,0.6504855574007841,0.6504855574007841,55979146.72729123,55979146.72729123,86057478.2797226
SSP2,"Pacific, Southwest",276,2092,0.6504855574007841,0.6504855574007841,55979146.72729123,55979146.72729123,86057478.2797226
SSP2,"Pacific, Southwest",276,2093,0.6504855574007841,0.6504855574007841,55979146.72729123,55979146.72729123,86057478.2797226
SSP2,"Pacific, Southwest",276,2094,0.6504855574007841,0.6504855574007841,55979146.72729123,55979146.72729123,86057478.2797226
SSP2,"Pacific, Southwest",276,2095,0.6504855574007841,0.6504855574007841,55979146.72729123,55979146.72729123,86057478.2797226
SSP2,"Pacific, Southwest",276,2096,0.6504855574007841,0.6504855574007841,55979146.72729123,55979146.72729123,86057478.2797226
SSP2,"Pacific, Southwest",276,2097,0.6504855574007841,0.6504855574007841,55979146.72729123,55979146.72729123,86057478.2797226
SSP2,"Pacific, Southwest",276,2098,0.6504855574007841,0.6504855574007841,55979146.72729123,55979146.72729123,86057478.2797226
SSP2,"Pacific, Southwest",276,2099,0.6504855574007841,0.6504855574007841,55979146.72729123,55979146.72729123,86057478.2797226
SSP2,"Pacific, Southwest",276,2100,0.6504855574007841,0.6504855574007841,55979146.72729123,55979146.72729123,86057478.2797226
SSP3,"Pacific, Southwest",276,2005,0.8645957003384396,0.8645957003384396,74404925.70261681,74404925.70261681,86057478.2797226
SSP3,"Pacific, Southwest",276,2006,0.8616007219866121,0.8616007219866121,74147185.41815618,74147185.41815618,86057478.2797226
SSP3,"Pacific, Southwest",276,2007,0.8586161183050778,0.8586161183050778,73890337.95165896,73890337.95165896,86057478.2797226
SSP3,"Pacific, Southwest",276,2008,0.8556418533557527,0.8556418533557527,73634380.21038428,73634380.21038428,86057478.2797226
SSP3,"Pacific, Southwest",276,2009,0.852677891325043,0.852677891325043,73379309.11230455,73379309.11230455,86057478.2797226
SSP3,"Pacific, Southwest",276,2010,0.849724196523414,0.849724196523414,73125121.58606844,73125121.58606844,86057478.2797226
SSP3,"Pacific, Southwest",276,2011,0.8467807333849605,0.8467807333849605,72871814.57096381,72871814.57096381,86057478.2797226
SSP3,"Pacific, Southwest",276,2012,0.8438474664669781,0.8438474664669781,72619385.01688091,72619385.01688091,86057478.2797226
SSP3,"Pacific, Southwest",276,2013,0.8409243604495369,0.8409243604495369,72367829.88427565,72367829.88427565,86057478.2797226
SSP3,"Pacific, Southwest",276,2014,0.838011380135056,0.838011380135056,72117146.14413294,72117146.14413294,86057478.2797226
SSP3,"Pacific, Southwest",276,2015,0.8351084904478795,0.8351084904478795,71867330.77793032,71867330.77793032,86057478.2797226
SSP3,"Pacific, Southwest",276,2016,0.8322156564338545,0.8322156564338545,71618380.77760153,71618380.77760153,86057478.2797226
SSP3,"Pacific, Southwest",276,2017,0.8293328432599103,0.8293328432599103,71370293.14550032,71370293.14550032,86057478.2797226
SSP3,"Pacific, Southwest",276,2018,0.826460016213638,0.826460016213638,71123064.89436434,71123064.89436434,86057478.2797226
SSP3,"Pacific, Southwest",276,2019,0.8235971407028739,0.8235971407028739,70876693.04727921,70876693.04727921,86057478.2797226
SSP3,"Pacific, Southwest",276,2020,0.820744182255282,0.820744182255282,70631174.63764262,70631174.63764262,86057478.2797226
SSP3,"Pacific, Southwest",276,2021,0.8179011065179396,0.8179011065179396,70386506.70912866,70386506.70912866,86057478.2797226
SSP3,"Pacific, Southwest",276,2022,0.8150678792569226,0.8150678792569226,70142686.31565218,70142686.31565218,86057478.2797226
SSP3,"Pacific, Southwest",276,2023,0.8122444663568945,0.8122444663568945,69899710.52133332,69899710.52133332,86057478.2797226
SSP3,"Pacific, Southwest",276,2024,0.8094308338206948,0.8094308338206948,69657576.4004622,69657576.4004622,86057478.2797226
SSP3,"Pacific, Southwest",276,2025,0.8066269477689301,0.8066269477689301,69416281.03746364,69416281.03746364,86057478.2797226
SSP3,"Pacific, Southwest",276,2026,0.8038327744395659,0.8038327744395659,69175821.5268621,69175821.5268621,86057478.2797226
SSP3,"Pacific, Southwest",276,2027,0.8010482801875201,0.8010482801875201,68936194.97324665,68936194.97324665,86057478.2797226
SSP3,"Pacific, Southwest",276,2028,0.7982734314842577,0.7982734314842577,68697398.49123614,68697398.49123614,86057478.2797226
SSP3,"Pacific, Southwest",276,2029,0.7955081949173877,0.7955081949173877,68459429.20544443,68459429.20544443,86057478.2797226
SSP3,"Pacific, Southwest",276,2030,0.7927525371902602,0.7927525371902602,68222284.2504458,68222284.2504458,86057478.2797226
SSP3,"Pacific, Southwest",276,2031,0.7900064251215653,0.7900064251215653,67985960.7707404,67985960.7707404,86057478.2797226
SSP3,"Pacific, Southwest",276,2032,0.7872698256449342,0.7872698256449342,67750455.92071992,67750455.92071992,86057478.2797226
SSP3,"Pacific, Southwest",276,2033,0.7845427058085406,0.7845427058085406,67515766.86463328,67515766.86463328,86057478.2797226
SSP3,"Pacific, Southwest",276,2034,0.7818250327747042,0.7818250327747042,67281890.77655251,67281890.77655251,86057478.2797226
SSP3,"Pacific, Southwest",276,2035,0.7791167738194948,0.7791167738194948,67048824.84033872,67048824.84033872,86057478.2797226
SSP3,"Pacific, Southwest",276,2036,0.7764178963323392,0.7764178963323392,66816566.24960819,66816566.24960819,86057478.2797226
SSP3,"Pacific, Southwest",276,2037,0.7737283678156271,0.7737283678156271,66585112.207698554,66585112.207698554,86057478.2797226
SSP3,"Pacific, Southwest",276,2038,0.7710481558843216,0.7710481558843216,66354459.92763517,66354459.92763517,86057478.2797226
SSP3,"Pacific, Southwest",276,2039,0.7683772282655674,0.7683772282655674,66124606.63209752,66124606.63209752,86057478.2797226
SSP3,"Pacific, Southwest",276,2040,0.7657155527983036,0.7657155527983036,65895549.553385794,65895549.553385794,86057478.2797226
SSP3,"Pacific, Southwest",276,2041,0.7630630974328757,0.7630630974328757,65667285.933387555,65667285.933387555,86057478.2797226
SSP3,"Pacific, Southwest",276,2042,0.7604198302306501,0.7604198302306501,65439813.02354452,65439813.02354452,86057478.2797226
SSP3,"Pacific, Southwest",276,2043,0.7577857193636292,0.7577857193636292,65213128.08481948,65213128.08481948,86057478.2797226
SSP3,"Pacific, Southwest",276,2044,0.7551607331140681,0.7551607331140681,64987228.387663305,64987228.387663305,86057478.2797226
SSP3,"Pacific, Southwest",276,2045,0.7525448398740929,0.7525448398740929,64762111.21198208,64762111.21198208,86057478.2797226
SSP3,"Pacific, Southwest",276,2046,0.7499380081453206,0.7499380081453206,64537773.84710436,64537773.84710436,86057478.2797226
SSP3,"Pacific, Southwest",276,2047,0.7473402065384788,0.7473402065384788,64314213.591748536,64314213.591748536,86057478.2797226
SSP3,"Pacific, Southwest",276,2048,0.744751403773028,0.744751403773028,64091427.75399027,64091427.75399027,86057478.2797226
SSP3,"Pacific, Southwest",276,2049,0.7421715686767856,0.7421715686767856,63869413.65123013,63869413.65123013,86057478.2797226
SSP3,"Pacific, Southwest",276,2050,0.7396006701855501,0.7396006701855501,63648168.61016125,63648168.61016125,86057478.2797226
SSP3,"Pacific, Southwest",276,2051,0.7370386773427269,0.7370386773427269,63427689.96673719,63427689.96673719,86057478.2797226
SSP3,"Pacific, Southwest",276,2052,0.7344855592989558,0.7344855592989558,63207975.06613979,63207975.06613979,86057478.2797226
SSP3,"Pacific, Southwest",276,2053,0.7319412853117392,0.7319412853117392,62989021.26274724,62989021.26274724,86057478.2797226
SSP3,"Pacific, Southwest",276,2054,0.7294058247450728,0.7294058247450728,62770825.92010225,62770825.92010225,86057478.2797226
SSP3,"Pacific, Southwest",276,2055,0.7268791470690755,0.7268791470690755,62553386.41088026,62553386.41088026,86057478.2797226
SSP3,"Pacific, Southwest",276,2056,0.7243612218596227,0.7243612218596227,62336700.116857804,62336700.116857804,86057478.2797226
SSP3,"Pacific, Southwest",276,2057,0.7218520187979793,0.7218520187979793,62120764.42888102,62120764.42888102,86057478.2797226
SSP3,"Pacific, Southwest",276,2058,0.7193515076704354,0.7193515076704354,61905576.7468342,61905576.7468342,86057478.2797226
SSP3,"Pacific, Southwest",276,2059,0.7168596583679416,0.7168596583679416,61691134.479608506,61691134.479608506,86057478.2797226
SSP3,"Pacific, Southwest",276,2060,0.7143764408857474,0.7143764408857474,61477435.045070745,61477435.045070745,86057478.2797226
SSP3,"Pacific, Southwest",276,2061,0.7119018253230389,0.7119018253230389,61264475.870032296,61264475.870032296,86057478.2797226
SSP3,"Pacific, Southwest",276,2062,0.7094357818825796,0.7094357818825796,61052254.39021812,61052254.39021812,86057478.2797226
SSP3,"Pacific, Southwest",276,2063,0.7069782808703511,0.7069782808703511,60840768.05023587,60840768.05023587,86057478.2797226
SSP3,"Pacific, Southwest",276,2064,0.7045292926951959,0.7045292926951959,60630014.30354515,60630014.30354515,86057478.2797226
SSP3,"Pacific, Southwest",276,2065,0.7020887878684607,0.7020887878684607,60419990.612426825,60419990.612426825,86057478.2797226
SSP3,"Pacific, Southwest",276,2066,0.6996567370036417,0.6996567370036417,60210694.44795249,60210694.44795249,86057478.2797226
SSP3,"Pacific, Southwest",276,2067,0.6972331108160307,0.6972331108160307,60002123.289953984,60002123.289953984,86057478.2797226
SSP3,"Pacific, Southwest",276,2068,0.694817880122362,0.694817880122362,59794274.626993075,59794274.626993075,86057478.2797226
SSP3,"Pacific, Southwest",276,2069,0.6924110158404617,0.6924110158404617,59587145.9563312,59587145.9563312,86057478.2797226
SSP3,"Pacific, Southwest",276,2070,0.6900124889888972,0.6900124889888972,59380734.78389935,59380734.78389935,86057478.2797226
SSP3,"Pacific, Southwest",276,2071,0.6876222706866278,0.6876222706866278,59175038.62426801,59175038.62426801,86057478.2797226
SSP3,"Pacific, Southwest",276,2072,0.6852403321526578,0.6852403321526578,58970055.00061725,58970055.00061725,86057478.2797226
SSP3,"Pacific, Southwest",276,2073,0.6828666447056894,0.6828666447056894,58765781.44470691,58765781.44470691,86057478.2797226
SSP3,"Pacific, Southwest",276,2074,0.6805011797637771,0.6805011797637771,58562215.496846855,58562215.496846855,86057478.2797226
SSP3,"Pacific, Southwest",276,2075,0.6781439088439845,0.6781439088439845,58359354.70586738,58359354.70586738,86057478.2797226
SSP3,"Pacific, Southwest",276,2076,0.6757948035620402,0.6757948035620402,58157196.629089676,58157196.629089676,86057478.2797226
SSP3,"Pacific, Southwest",276,2077,0.6734538356319967,0.6734538356319967,57955738.83229643,57955738.83229643,86057478.2797226
SSP3,"Pacific, Southwest",276,2078,0.6711209768658897,0.6711209768658897,57754978.889702514,57754978.889702514,86057478.2797226
SSP3,"Pacific, Southwest",276,2079,0.6687961991733984,0.6687961991733984,57554914.383925766,57554914.383925766,86057478.2797226
SSP3,"Pacific, Southwest",276,2080,0.6664794745615078,0.6664794745615078,57355542.90595789,57355542.90595789,86057478.2797226
SSP3,"Pacific, Southwest",276,2081,0.6641707751341712,0.6641707751341712,57156862.055135466,57156862.055135466,86057478.2797226
SSP3,"Pacific, Southwest",276,2082,0.6618700730919743,0.6618700730919743,56958869.439110994,56958869.439110994,86057478.2797226
SSP3,"Pacific, Southwest",276,2083,0.6595773407318007,0.6595773407318007,56761562.67382413,56761562.67382413,86057478.2797226
SSP3,"Pacific, Southwest",276,2084,0.657292550446498,0.657292550446498,56564939.38347298,56564939.38347298,86057478.2797226
SSP3,"Pacific, Southwest",276,2085,0.655015674724546,0.655015674724546,56368997.20048546,56368997.20048546,86057478.2797226
SSP3,"Pacific, Southwest",276,2086,0.6527466861497245,0.6527466861497245,56173733.76549082,56173733.76549082,86057478.2797226
SSP3,"Pacific, Southwest",276,2087,0.6504855574007841,0.6504855574007841,55979146.72729123,55979146.72729123,86057478.2797226
SSP3,"Pacific, Southwest",276,2088,0.6482322612511164,0.6482322612511164,55785233.74283342,55785233.74283342,86057478.2797226
SSP3,"Pacific, Southwest",276,2089,0.6459867705684271,0.6459867705684271,55591992.47718056,55591992.47718056,86057478.2797226
SSP3,"Pacific, Southwest",276,2090,0.6437490583144082,0.6437490583144082,55399420.603484064,55399420.603484064,86057478.2797226
SSP3,"Pacific, Southwest",276,2091,0.6415190975444134,0.6415190975444134,55207515.8029556,55207515.8029556,86057478.2797226
SSP3,"Pacific, Southwest",276,2092,0.6392968614071328,0.6392968614071328,55016275.764839165,55016275.764839165,86057478.2797226
SSP3,"Pacific, Southwest",276,2093,0.6370823231442706,0.6370823231442706,54825698.186383285,54825698.186383285,86057478.2797226
SSP3,"Pacific, Southwest",276,2094,0.6348754560902219,0.6348754560902219,54635780.77281325,54635780.77281325,86057478.2797226
SSP3,"Pacific, Southwest",276,2095,0.6326762336717522,0.6326762336717522,54446521.23730352,54446521.23730352,86057478.2797226
SSP3,"Pacific, Southwest",276,2096,0.6304846294076772,0.6304846294076772,54257917.30095014,54257917.30095014,86057478.2797226
SSP3,"Pacific, Southwest",276,2097,0.6283006169085441,0.6283006169085441,54069966.692743346,54069966.692743346,86057478.2797226
SSP3,"Pacific, Southwest",276,2098,0.6261241698763135,0.6261241698763135,53882667.14954019,53882667.14954019,86057478.2797226
SSP3,"Pacific, Southwest",276,2099,0.6239552621040432,0.6239552621040432,53696016.41603732,53696016.41603732,86057478.2797226
SSP3,"Pacific, Southwest",276,2100,0.6217938674755724,0.6217938674755724,53510012.24474379,53510012.24474379,86057478.2797226
SSP4,"Pacific, Southwest",276,2005,0.8645957003384396,0.8645957003384396,74404925.70261681,74404925.70261681,86057478.2797226
SSP4,"Pacific, Southwest",276,2006,0.8616007219866121,0.8616007219866121,74147185.41815618,74147185.41815618,86057478.2797226
SSP4,"Pacific, Southwest",276,2007,0.8586161183050778,0.8586161183050778,73890337.95165896,73890337.95165896,86057478.2797226
SSP4,"Pacific, Southwest",276,2008,0.8556418533557527,0.8556418533557527,73634380.21038428,73634380.21038428,86057478.2797226
SSP4,"Pacific, Southwest",276,2009,0.852677891325043,0.852677891325043,73379309.11230455,73379309.11230455,86057478.2797226
SSP4,"Pacific, Southwest",276,2010,0.849724196523414,0.849724196523414,73125121.58606844,73125121.58606844,86057478.2797226
SSP4,"Pacific, Southwest",276,2011,0.8467807333849605,0.8467807333849605,72871814.57096381,72871814.57096381,86057478.2797226
SSP4,"Pacific, Southwest",276,2012,0.8438474664669781,0.8438474664669781,72619385.01688091,72619385.01688091,86057478.2797226
SSP4,"Pacific, Southwest",276,2013,0.8409243604495369,0.8409243604495369,72367829.88427565,72367829.88427565,86057478.2797226
SSP4,"Pacific, Southwest",276,2014,0.838011380135056,0.838011380135056,72117146.14413294,72117146.14413294,86057478.2797226
SSP4,"Pacific, Southwest",276,2015,0.8351084904478795,0.8351084904478795,71867330.77793032,71867330.77793032,86057478.2797226
SSP4,"Pacific, Southwest",276,2016,0.8322156564338545,0.8322156564338545,71618380.77760153,71618380.77760153,86057478.2797226
SSP4,"Pacific, Southwest",276,2017,0.8293328432599103,0.8293328432599103,71370293.14550032,71370293.14550032,86057478.2797226
SSP4,"Pacific, Southwest",276,2018,0.826460016213638,0.826460016213638,71123064.89436434,71123064.89436434,86057478.2797226
SSP4,"Pacific, Southwest",276,2019,0.8235971407028739,0.8235971407028739,70876693.04727921,70876693.04727921,86057478.2797226
SSP4,"Pacific, Southwest",276,2020,0.820744182255282,0.820744182255282,70631174.63764262,70631174.63764262,86057478.2797226
SSP4,"Pacific, Southwest",276,2021,0.8179011065179396,0.8179011065179396,70386506.70912866,70386506.70912866,86057478.2797226
SSP4,"Pacific, Southwest",276,2022,0.8150678792569226,0.8150678792569226,70142686.31565218,70142686.31565218,86057478.2797226
SSP4,"Pacific, Southwest",276,2023,0.8122444663568945,0.8122444663568945,69899710.52133332,69899710.52133332,86057478.2797226
SSP4,"Pacific, Southwest",276,2024,0.8094308338206948,0.8094308338206948,69657576.4004622,69657576.4004622,86057478.2797226
SSP4,"Pacific, Southwest",276,2025,0.8066269477689301,0.8066269477689301,69416281.03746364,69416281.03746364,86057478.2797226
SSP4,"Pacific, Southwest",276,2026,0.8038327744395659,0.8038327744395659,69175821.5268621,69175821.5268621,86057478.2797226
SSP4,"Pacific, Southwest",276,2027,0.8010482801875201,0.8010482801875201,68936194.97324665,68936194.97324665,86057478.2797226
SSP4,"Pacific, Southwest",276,2028,0.7982734314842577,0.7982734314842577,68697398.49123614,68697398.49123614,86057478.2797226
SSP4,"Pacific, Southwest",276,2029,0.7955081949173877,0.7955081949173877,68459429.20544443,68459429.20544443,86057478.2797226
SSP4,"Pacific, Southwest",276,2030,0.7927525371902602,0.7927525371902602,68222284.2504458,68222284.2504458,86057478.2797226
SSP4,"Pacific, Southwest",276,2031,0.7900064251215653,0.7900064251215653,67985960.7707404,67985960.7707404,86057478.2797226
SSP4,"Pacific, Southwest",276,2032,0.7872698256449342,0.7872698256449342,67750455.92071992,67750455.92071992,86057478.2797226
SSP4,"Pacific, Southwest",276,2033,0.7845427058085406,0.7845427058085406,67515766.86463328,67515766.86463328,86057478.2797226
SSP4,"Pacific, Southwest",276,2034,0.7818250327747042,0.7818250327747042,67281890.77655251,67281890.77655251,86057478.2797226
SSP4,"Pacific, Southwest",276,2035,0.7791167738194948,0.7791167738194948,67048824.84033872,67048824.84033872,86057478.2797226
SSP4,"Pacific, Southwest",276,2036,0.7764178963323392,0.7764178963323392,66816566.24960819,66816566.24960819,86057478.2797226
SSP4,"Pacific, Southwest",276,2037,0.7737283678156271,0.7737283678156271,66585112.207698554,66585112.207698554,86057478.2797226
SSP4,"Pacific, Southwest",276,2038,0.7710481558843216,0.7710481558843216,66354459.92763517,66354459.92763517,86057478.2797226
SSP4,"Pacific, Southwest",276,2039,0.7683772282655674,0.7683772282655674,66124606.63209752,66124606.63209752,86057478.2797226
SSP4,"Pacific, Southwest",276,2040,0.7657155527983036,0.7657155527983036,65895549.553385794,65895549.553385794,86057478.2797226
SSP4,"Pacific, Southwest",276,2041,0.7630630974328757,0.7630630974328757,65667285.933387555,65667285.933387555,86057478.2797226
SSP4,"Pacific, Southwest",276,2042,0.7604198302306501,0.7604198302306501,65439813.02354452,65439813.02354452,86057478.2797226
SSP4,"Pacific, Southwest",276,2043,0.7577857193636292,0.7577857193636292,65213128.08481948,65213128.08481948,86057478.2797226
SSP4,"Pacific, Southwest",276,2044,0.7551607331140681,0.7551607331140681,64987228.387663305,64987228.387663305,86057478.2797226
SSP4,"Pacific, Southwest",276,2045,0.7525448398740929,0.7525448398740929,64762111.21198208,64762111.21198208,86057478.2797226
SSP4,"Pacific, Southwest",276,2046,0.7499380081453206,0.7499380081453206,64537773.84710436,64537773.84710436,86057478.2797226
SSP4,"Pacific, Southwest",276,2047,0.7473402065384788,0.7473402065384788,64314213.591748536,64314213.591748536,86057478.2797226
SSP4,"Pacific, Southwest",276,2048,0.744751403773028,0.744751403773028,64091427.75399027,64091427.75399027,86057478.2797226
SSP4,"Pacific, Southwest",276,2049,0.7421715686767856,0.7421715686767856,63869413.65123013,63869413.65123013,86057478.2797226
SSP4,"Pacific, Southwest",276,2050,0.7396006701855501,0.7396006701855501,63648168.61016125,63648168.61016125,86057478.2797226
SSP4,"Pacific, Southwest",276,2051,0.7370386773427269,0.7370386773427269,63427689.96673719,63427689.96673719,86057478.2797226
SSP4,"Pacific, Southwest",276,2052,0.7344855592989558,0.7344855592989558,63207975.06613979,63207975.06613979,86057478.2797226
SSP4,"Pacific, Southwest",276,2053,0.7319412853117392,0.7319412853117392,62989021.26274724,62989021.26274724,86057478.2797226
SSP4,"Pacific, Southwest",276,2054,0.7294058247450728,0.7294058247450728,62770825.92010225,62770825.92010225,86057478.2797226
SSP4,"Pacific, Southwest",276,2055,0.7268791470690755,0.7268791470690755,62553386.41088026,62553386.41088026,86057478.2797226
SSP4,"Pacific, Southwest",276,2056,0.7243612218596227,0.7243612218596227,62336700.116857804,62336700.116857804,86057478.2797226
SSP4,"Pacific, Southwest",276,2057,0.7218520187979793,0.7218520187979793,62120764.42888102,62120764.42888102,86057478.2797226
SSP4,"Pacific, Southwest",276,2058,0.7193515076704354,0.7193515076704354,61905576.7468342,61905576.7468342,86057478.2797226
SSP4,"Pacific, Southwest",276,2059,0.7168596583679416,0.7168596583679416,61691134.479608506,61691134.479608506,86057478.2797226
SSP4,"Pacific, Southwest",276,2060,0.7143764408857474,0.7143764408857474,61477435.045070745,61477435.045070745,86057478.2797226
SSP4,"Pacific, Southwest",276,2061,0.7119018253230389,0.7119018253230389,61264475.870032296,61264475.870032296,86057478.2797226
SSP4,"Pacific, Southwest",276,2062,0.7094357818825796,0.7094357818825796,61052254.39021812,61052254.39021812,86057478.2797226
SSP4,"Pacific, Southwest",276,2063,0.7069782808703511,0.7069782808703511,60840768.05023587,60840768.05023587,86057478.2797226
SSP4,"Pacific, Southwest",276,2064,0.7045292926951959,0.7045292926951959,60630014.30354515,60630014.30354515,86057478.2797226
SSP4,"Pacific, Southwest",276,2065,0.7020887878684607,0.7020887878684607,60419990.612426825,60419990.612426825,86057478.2797226
SSP4,"Pacific, Southwest",276,2066,0.6996567370036417,0.6996567370036417,60210694.44795249,60210694.44795249,86057478.2797226
SSP4,"Pacific, Southwest",276,2067,0.6972331108160307,0.6972331108160307,60002123.289953984,60002123.289953984,86057478.2797226
SSP4,"Pacific, Southwest",276,2068,0.694817880122362,0.694817880122362,59794274.626993075,59794274.626993075,86057478.2797226
SSP4,"Pacific, Southwest",276,2069,0.6924110158404617,0.6924110158404617,59587145.9563312,59587145.9563312,86057478.2797226
SSP4,"Pacific, Southwest",276,2070,0.6900124889888972,0.6900124889888972,59380734.78389935,59380734.78389935,86057478.2797226
SSP4,"Pacific, Southwest",276,2071,0.6876222706866278,0.6876222706866278,59175038.62426801,59175038.62426801,86057478.2797226
SSP4,"Pacific, Southwest",276,2072,0.6852403321526578,0.6852403321526578,58970055.00061725,58970055.00061725,86057478.2797226
SSP4,"Pacific, Southwest",276,2073,0.6828666447056894,0.6828666447056894,58765781.44470691,58765781.44470691,86057478.2797226
SSP4,"Pacific, Southwest",276,2074,0.6805011797637771,0.6805011797637771,58562215.496846855,58562215.496846855,86057478.2797226
SSP4,"Pacific, Southwest",276,2075,0.6781439088439845,0.6781439088439845,58359354.70586738,58359354.70586738,86057478.2797226
SSP4,"Pacific, Southwest",276,2076,0.6757948035620402,0.6757948035620402,58157196.629089676,58157196.629089676,86057478.2797226
SSP4,"Pacific, Southwest",276,2077,0.6734538356319967,0.6734538356319967,57955738.83229643,57955738.83229643,86057478.2797226
SSP4,"Pacific, Southwest",276,2078,0.6711209768658897,0.6711209768658897,57754978.889702514,57754978.889702514,86057478.2797226
SSP4,"Pacific, Southwest",276,2079,0.6687961991733984,0.6687961991733984,57554914.383925766,57554914.383925766,86057478.2797226
SSP4,"Pacific, Southwest",276,2080,0.6664794745615078,0.6664794745615078,57355542.90595789,57355542.90595789,86057478.2797226
SSP4,"Pacific, Southwest",276,2081,0.6641707751341712,0.6641707751341712,57156862.055135466,57156862.055135466,86057478.2797226
SSP4,"Pacific, Southwest",276,2082,0.6618700730919743,0.6618700730919743,56958869.439110994,56958869.439110994,86057478.2797226
SSP4,"Pacific, Southwest",276,2083,0.6595773407318007,0.6595773407318007,56761562.67382413,56761562.67382413,86057478.2797226
SSP4,"Pacific, Southwest",276,2084,0.657292550446498,0.657292550446498,56564939.38347298,56564939.38347298,86057478.2797226
SSP4,"Pacific, Southwest",276,2085,0.655015674724546,0.655015674724546,56368997.20048546,56368997.20048546,86057478.2797226
SSP4,"Pacific, Southwest",276,2086,0.6527466861497245,0.6527466861497245,56173733.76549082,56173733.76549082,86057478.2797226
SSP4,"Pacific, Southwest",276,2087,0.6504855574007841,0.6504855574007841,55979146.72729123,55979146.72729123,86057478.2797226
SSP4,"Pacific, Southwest",276,2088,0.6482322612511164,0.6482322612511164,55785233.74283342,55785233.74283342,86057478.2797226
SSP4,"Pacific, Southwest",276,2089,0.6459867705684271,0.6459867705684271,55591992.47718056,55591992.47718056,86057478.2797226
SSP4,"Pacific, Southwest",276,2090,0.6437490583144082,0.6437490583144082,55399420.603484064,55399420.603484064,86057478.2797226
SSP4,"Pacific, Southwest",276,2091,0.6415190975444134,0.6415190975444134,55207515.8029556,55207515.8029556,86057478.2797226
SSP4,"Pacific, Southwest",276,2092,0.6392968614071328,0.6392968614071328,55016275.764839165,55016275.764839165,86057478.2797226
SSP4,"Pacific, Southwest",276,2093,0.6370823231442706,0.6370823231442706,54825698.186383285,54825698.186383285,86057478.2797226
SSP4,"Pacific, Southwest",276,2094,0.6348754560902219,0.6348754560902219,54635780.77281325,54635780.77281325,86057478.2797226
SSP4,"Pacific, Southwest",276,2095,0.6326762336717522,0.6326762336717522,54446521.23730352,54446521.23730352,86057478.2797226
SSP4,"Pacific, Southwest",276,2096,0.6304846294076772,0.6304846294076772,54257917.30095014,54257917.30095014,86057478.2797226
SSP4,"Pacific, Southwest",276,2097,0.6283006169085441,0.6283006169085441,54069966.692743346,54069966.692743346,86057478.2797226
SSP4,"Pacific, Southwest",276,2098,0.6261241698763135,0.6261241698763135,53882667.14954019,53882667.14954019,86057478.2797226
SSP4,"Pacific, Southwest",276,2099,0.6239552621040432,0.6239552621040432,53696016.41603732,53696016.41603732,86057478.2797226
SSP4,"Pacific, Southwest",276,2100,0.6217938674755724,0.6217938674755724,53510012.24474379,53510012.24474379,86057478.2797226
SSP5,"Pacific, Southwest",276,2005,0.8645957003384396,0.8645957003384396,74404925.70261681,74404925.70261681,86057478.2797226
SSP5,"Pacific, Southwest",276,2006,0.8616007219866121,0.8616007219866121,74147185.41815618,74147185.41815618,86057478.2797226
SSP5,"Pacific, Southwest",276,2007,0.8586161183050778,0.8586161183050778,73890337.95165896,73890337.95165896,86057478.2797226
SSP5,"Pacific, Southwest",276,2008,0.8556418533557527,0.8556418533557527,73634380.21038428,73634380.21038428,86057478.2797226
SSP5,"Pacific, Southwest",276,2009,0.852677891325043,0.852677891325043,73379309.11230455,73379309.11230455,86057478.2797226
SSP5,"Pacific, Southwest",276,2010,0.849724196523414,0.849724196523414,73125121.58606844,73125121.58606844,86057478.2797226
SSP5,"Pacific, Southwest",276,2011,0.8467807333849605,0.8467807333849605,72871814.57096381,72871814.57096381,86057478.2797226
SSP5,"Pacific, Southwest",276,2012,0.8438474664669781,0.8438474664669781,72619385.01688091,72619385.01688091,86057478.2797226
SSP5,"Pacific, Southwest",276,2013,0.8409243604495369,0.8409243604495369,72367829.88427565,72367829.88427565,86057478.2797226
SSP5,"Pacific, Southwest",276,2014,0.838011380135056,0.838011380135056,72117146.14413294,72117146.14413294,86057478.2797226
SSP5,"Pacific, Southwest",276,2015,0.8351084904478795,0.8351084904478795,71867330.77793032,71867330.77793032,86057478.2797226
SSP5,"Pacific, Southwest",276,2016,0.8322156564338545,0.8322156564338545,71618380.77760153,71618380.77760153,86057478.2797226
SSP5,"Pacific, Southwest",276,2017,0.8293328432599103,0.8293328432599103,71370293.14550032,71370293.14550032,86057478.2797226
SSP5,"Pacific, Southwest",276,2018,0.826460016213638,0.826460016213638,71123064.89436434,71123064.89436434,86057478.2797226
SSP5,"Pacific, Southwest",276,2019,0.8235971407028739,0.8235971407028739,70876693.04727921,70876693.04727921,86057478.2797226
SSP5,"Pacific, Southwest",276,2020,0.820744182255282,0.820744182255282,70631174.63764262,70631174.63764262,86057478.2797226
SSP5,"Pacific, Southwest",276,2021,0.8179011065179396,0.8179011065179396,70386506.70912866,70386506.70912866,86057478.2797226
SSP5,"Pacific, Southwest",276,2022,0.8150678792569226,0.8150678792569226,70142686.31565218,70142686.31565218,86057478.2797226
SSP5,"Pacific, Southwest",276,2023,0.8122444663568945,0.8122444663568945,69899710.52133332,69899710.52133332,86057478.2797226
SSP5,"Pacific, Southwest",276,2024,0.8094308338206948,0.8094308338206948,69657576.4004622,69657576.4004622,86057478.2797226
SSP5,"Pacific, Southwest",276,2025,0.8066269477689301,0.8066269477689301,69416281.03746364,69416281.03746364,86057478.2797226
SSP5,"Pacific, Southwest",276,2026,0.8038327744395659,0.8038327744395659,69175821.5268621,69175821.5268621,86057478.2797226
SSP5,"Pacific, Southwest",276,2027,0.8010482801875201,0.8010482801875201,68936194.97324665,68936194.97324665,86057478.2797226
SSP5,"Pacific, Southwest",276,2028,0.7982734314842577,0.7982734314842577,68697398.49123614,68697398.49123614,86057478.2797226
SSP5,"Pacific, Southwest",276,2029,0.7955081949173877,0.7955081949173877,68459429.20544443,68459429.20544443,86057478.2797226
SSP5,"Pacific, Southwest",276,2030,0.7927525371902602,0.7927525371902602,68222284.2504458,68222284.2504458,86057478.2797226
SSP5,"Pacific, Southwest",276,2031,0.7900064251215653,0.7900064251215653,67985960.7707404,67985960.7707404,86057478.2797226
SSP5,"Pacific, Southwest",276,2032,0.7872698256449342,0.7872698256449342,67750455.92071992,67750455.92071992,86057478.2797226
SSP5,"Pacific, Southwest",276,2033,0.7845427058085406,0.7845427058085406,67515766.86463328,67515766.86463328,86057478.2797226
SSP5,"Pacific, Southwest",276,2034,0.7818250327747042,0.7818250327747042,67281890.77655251,67281890.77655251,86057478.2797226
SSP5,"Pacific, Southwest",276,2035,0.7791167738194948,0.7791167738194948,67048824.84033872,67048824.84033872,86057478.2797226
SSP5,"Pacific, Southwest",276,2036,0.7764178963323392,0.7764178963323392,66816566.24960819,66816566.24960819,86057478.2797226
SSP5,"Pacific, Southwest",276,2037,0.7737283678156271,0.7737283678156271,66585112.207698554,66585112.207698554,86057478.2797226
SSP5,"Pacific, Southwest",276,2038,0.7710481558843216,0.7710481558843216,66354459.92763517,66354459.92763517,86057478.2797226
SSP5,"Pacific, Southwest",276,2039,0.7683772282655674,0.7683772282655674,66124606.63209752,66124606.63209752,86057478.2797226
SSP5,"Pacific, Southwest",276,2040,0.7657155527983036,0.7657155527983036,65895549.553385794,65895549.553385794,86057478.2797226
SSP5,"Pacific, Southwest",276,2041,0.7630630974328757,0.7630630974328757,65667285.933387555,65667285.933387555,86057478.2797226
SSP5,"Pacific, Southwest",276,2042,0.7604198302306501,0.7604198302306501,65439813.02354452,65439813.02354452,86057478.2797226
SSP5,"Pacific, Southwest",276,2043,0.7577857193636292,0.7577857193636292,65213128.08481948,65213128.08481948,86057478.2797226
SSP5,"Pacific, Southwest",276,2044,0.7551607331140681,0.7551607331140681,64987228.387663305,64987228.387663305,86057478.2797226
SSP5,"Pacific, Southwest",276,2045,0.7525448398740929,0.7525448398740929,64762111.21198208,64762111.21198208,86057478.2797226
SSP5,"Pacific, Southwest",276,2046,0.7499380081453206,0.7499380081453206,64537773.84710436,64537773.84710436,86057478.2797226
SSP5,"Pacific, Southwest",276,2047,0.7473402065384788,0.7473402065384788,64314213.591748536,64314213.591748536,86057478.2797226
SSP5,"Pacific, Southwest",276,2048,0.744751403773028,0.744751403773028,64091427.75399027,64091427.75399027,86057478.2797226
SSP5,"Pacific, Southwest",276,2049,0.7421715686767856,0.7421715686767856,63869413.65123013,63869413.65123013,86057478.2797226
SSP5,"Pacific, Southwest",276,2050,0.7396006701855501,0.7396006701855501,63648168.61016125,63648168.61016125,86057478.2797226
SSP5,"Pacific, Southwest",276,2051,0.7370386773427269,0.7370386773427269,63427689.96673719,63427689.96673719,86057478.2797226
SSP5,"Pacific, Southwest",276,2052,0.7344855592989558,0.7344855592989558,63207975.06613979,63207975.06613979,86057478.2797226
SSP5,"Pacific, Southwest",276,2053,0.7319412853117392,0.7319412853117392,62989021.26274724,62989021.26274724,86057478.2797226
SSP5,"Pacific, Southwest",276,2054,0.7294058247450728,0.7294058247450728,62770825.92010225,62770825.92010225,86057478.2797226
SSP5,"Pacific, Southwest",276,2055,0.7268791470690755,0.7268791470690755,62553386.41088026,62553386.41088026,86057478.2797226
SSP5,"Pacific, Southwest",276,2056,0.7243612218596227,0.7243612218596227,62336700.116857804,62336700.116857804,86057478.2797226
SSP5,"Pacific, Southwest",276,2057,0.7218520187979793,0.7218520187979793,62120764.42888102,62120764.42888102,86057478.2797226
SSP5,"Pacific, Southwest",276,2058,0.7193515076704354,0.7193515076704354,61905576.7468342,61905576.7468342,86057478.2797226
SSP5,"Pacific, Southwest",276,2059,0.7168596583679416,0.7168596583679416,61691134.479608506,61691134.479608506,86057478.2797226
SSP5,"Pacific, Southwest",276,2060,0.7143764408857474,0.7143764408857474,61477435.045070745,61477435.045070745,86057478.2797226
SSP5,"Pacific, Southwest",276,2061,0.7119018253230389,0.7119018253230389,61264475.870032296,61264475.870032296,86057478.2797226
SSP5,"Pacific, Southwest",276,2062,0.7094357818825796,0.7094357818825796,61052254.39021812,61052254.39021812,86057478.2797226
SSP5,"Pacific, Southwest",276,2063,0.7069782808703511,0.7069782808703511,60840768.05023587,60840768.05023587,86057478.2797226
SSP5,"Pacific, Southwest",276,2064,0.7045292926951959,0.7045292926951959,60630014.30354515,60630014.30354515,86057478.2797226
SSP5,"Pacific, Southwest",276,2065,0.7020887878684607,0.7020887878684607,60419990.612426825,60419990.612426825,86057478.2797226
SSP5,"Pacific, Southwest",276,2066,0.6996567370036417,0.6996567370036417,60210694.44795249,60210694.44795249,86057478.2797226
SSP5,"Pacific, Southwest",276,2067,0.6972331108160307,0.6972331108160307,60002123.289953984,60002123.289953984,86057478.2797226
SSP5,"Pacific, Southwest",276,2068,0.694817880122362,0.694817880122362,59794274.626993075,59794274.626993075,86057478.2797226
SSP5,"Pacific, Southwest",276,2069,0.6924110158404617,0.6924110158404617,59587145.9563312,59587145.9563312,86057478.2797226
SSP5,"Pacific, Southwest",276,2070,0.6900124889888972,0.6900124889888972,59380734.78389935,59380734.78389935,86057478.2797226
SSP5,"Pacific, Southwest",276,2071,0.6876222706866278,0.6876222706866278,59175038.62426801,59175038.62426801,86057478.2797226
SSP5,"Pacific, Southwest",276,2072,0.6852403321526578,0.6852403321526578,58970055.00061725,58970055.00061725,86057478.2797226
SSP5,"Pacific, Southwest",276,2073,0.6828666447056894,0.6828666447056894,58765781.44470691,58765781.44470691,86057478.2797226
SSP5,"Pacific, Southwest",276,2074,0.6805011797637771,0.6805011797637771,58562215.496846855,58562215.496846855,86057478.2797226
SSP5,"Pacific, Southwest",276,2075,0.6781439088439845,0.6781439088439845,58359354.70586738,58359354.70586738,86057478.2797226
SSP5,"Pacific, Southwest",276,2076,0.6757948035620402,0.6757948035620402,58157196.629089676,58157196.629089676,86057478.2797226
SSP5,"Pacific, Southwest",276,2077,0.6734538356319967,0.6734538356319967,57955738.83229643,57955738.83229643,86057478.2797226
SSP5,"Pacific, Southwest",276,2078,0.6711209768658897,0.6711209768658897,57754978.889702514,57754978.889702514,86057478.2797226
SSP5,"Pacific, Southwest",276,2079,0.6687961991733984,0.6687961991733984,57554914.383925766,57554914.383925766,86057478.2797226
SSP5,"Pacific, Southwest",276,2080,0.6664794745615078,0.6664794745615078,57355542.90595789,57355542.90595789,86057478.2797226
SSP5,"Pacific, Southwest",276,2081,0.6641707751341712,0.6641707751341712,57156862.055135466,57156862.055135466,86057478.2797226
SSP5,"Pacific, Southwest",276,2082,0.6618700730919743,0.6618700730919743,56958869.439110994,56958869.439110994,86057478.2797226
SSP5,"Pacific, Southwest",276,2083,0.6595773407318007,0.6595773407318007,56761562.67382413,56761562.67382413,86057478.2797226
SSP5,"Pacific, Southwest",276,2084,0.657292550446498,0.657292550446498,56564939.38347298,56564939.38347298,86057478.2797226
SSP5,"Pacific, Southwest",276,2085,0.655015674724546,0.655015674724546,56368997.20048546,56368997.20048546,86057478.2797226
SSP5,"Pacific, Southwest",276,2086,0.6527466861497245,0.6527466861497245,56173733.76549082,56173733.76549082,86057478.2797226
SSP5,"Pacific, Southwest",276,2087,0.6504855574007841,0.6504855574007841,55979146.72729123,55979146.72729123,86057478.2797226
SSP5,"Pacific, Southwest",276,2088,0.6482322612511164,0.6482322612511164,55785233.74283342,55785233.74283342,86057478.2797226
SSP5,"Pacific, Southwest",276,2089,0.6459867705684271,0.6459867705684271,55591992.47718056,55591992.47718056,86057478.2797226
SSP5,"Pacific, Southwest",276,2090,0.6437490583144082,0.6437490583144082,55399420.603484064,55399420.603484064,86057478.2797226
SSP5,"Pacific, Southwest",276,2091,0.6415190975444134,0.6415190975444134,55207515.8029556,55207515.8029556,86057478.2797226
SSP5,"Pacific, Southwest",276,2092,0.6392968614071328,0.6392968614071328,55016275.764839165,55016275.764839165,86057478.2797226
SSP5,"Pacific, Southwest",276,2093,0.6370823231442706,0.6370823231442706,54825698.186383285,54825698.186383285,86057478.2797226
SSP5,"Pacific, Southwest",276,2094,0.6348754560902219,0.6348754560902219,54635780.77281325,54635780.77281325,86057478.2797226
SSP5,"Pacific, Southwest",276,2095,0.6326762336717522,0.6326762336717522,54446521.23730352,54446521.23730352,86057478.2797226
SSP5,"Pacific, Southwest",276,2096,0.6304846294076772,0.6304846294076772,54257917.30095014,54257917.30095014,86057478.2797226
SSP5,"Pacific, Southwest",276,2097,0.6283006169085441,0.6283006169085441,54069966.692743346,54069966.692743346,86057478.2797226
SSP5,"Pacific, Southwest",276,2098,0.6261241698763135,0.6261241698763135,53882667.14954019,53882667.14954019,86057478.2797226
SSP5,"Pacific, Southwest",276,2099,0.6239552621040432,0.6239552621040432,53696016.41603732,53696016.41603732,86057478.2797226
SSP5,"Pacific, Southwest",276,2100,0.6217938674755724,0.6217938674755724,53510012.24474379,53510012.24474379,86057478.2797226
SSP1,"Pacific, Southeast",277,2005,0.9411768673080101,0.9411768673080101,88380889.92641456,88380889.92641456,93904655.96461688
SSP1,"Pacific, Southeast",277,2006,0.9379166101245372,0.9379166101245372,88074736.59724437,88074736.59724437,93904655.96461688
SSP1,"Pacific, Southeast",277,2007,0.9346676465430126,0.9346676465430126,87769643.78987972,87769643.78987972,93904655.96461688
SSP1,"Pacific, Southeast",277,2008,0.9314299374421529,0.9314299374421529,87465607.83064999,87465607.83064999,93904655.96461688
SSP1,"Pacific, Southeast",277,2009,0.9282034438361919,0.9282034438361919,87162625.05861019,87162625.05861019,93904655.96461688
SSP1,"Pacific, Southeast",277,2010,0.9249881268744109,0.9249881268744109,86860691.82549694,86860691.82549694,93904655.96461688
SSP1,"Pacific, Southeast",277,2011,0.9217839478406707,0.9217839478406707,86559804.49568453,86559804.49568453,93904655.96461688
SSP1,"Pacific, Southeast",277,2012,0.9185908681529459,0.9185908681529459,86259959.44614112,86259959.44614112,93904655.96461688
SSP1,"Pacific, Southeast",277,2013,0.9154088493628598,0.9154088493628598,85961153.06638515,85961153.06638515,93904655.96461688
SSP1,"Pacific, Southeast",277,2014,0.9122378531552221,0.9122378531552221,85663381.75844182,85663381.75844182,93904655.96461688
SSP1,"Pacific, Southeast",277,2015,0.9090778413475668,0.9090778413475668,85366641.93679982,85366641.93679982,93904655.96461688
SSP1,"Pacific, Southeast",277,2016,0.905928775889693,0.905928775889693,85070930.02836813,85070930.02836813,93904655.96461688
SSP1,"Pacific, Southeast",277,2017,0.9027906188632063,0.9027906188632063,84776242.47243296,84776242.47243296,93904655.96461688
SSP1,"Pacific, Southeast",277,2018,0.8996633324810629,0.8996633324810629,84482575.72061494,84482575.72061494,93904655.96461688
SSP1,"Pacific, Southeast",277,2019,0.8965468790871135,0.8965468790871135,84189926.23682636,84189926.23682636,93904655.96461688
SSP1,"Pacific, Southeast",277,2020,0.893441221155651,0.893441221155651,83898290.4972286,83898290.4972286,93904655.96461688
SSP1,"Pacific, Southeast",277,2021,0.8903463212909581,0.8903463212909581,83607664.99018967,83607664.99018967,93904655.96461688
SSP1,"Pacific, Southeast",277,2022,0.8872621422268571,0.8872621422268571,83318046.21624199,83318046.21624199,93904655.96461688
SSP1,"Pacific, Southeast",277,2023,0.8841886468262609,0.8841886468262609,83029430.68804017,83029430.68804017,93904655.96461688
SSP1,"Pacific, Southeast",277,2024,0.8811257980807262,0.8811257980807262,82741814.93031907,82741814.93031907,93904655.96461688
SSP1,"Pacific, Southeast",277,2025,0.878073559110008,0.878073559110008,82455195.47985198,82455195.47985198,93904655.96461688
SSP1,"Pacific, Southeast",277,2026,0.8750318931616147,0.8750318931616147,82169568.88540882,82169568.88540882,93904655.96461688
SSP1,"Pacific, Southeast",277,2027,0.8720007636103668,0.8720007636103668,81884931.7077147,81884931.7077147,93904655.96461688
SSP1,"Pacific, Southeast",277,2028,0.8689801339579549,0.8689801339579549,81601280.51940845,81601280.51940845,93904655.96461688
SSP1,"Pacific, Southeast",277,2029,0.8659699678325006,0.8659699678325006,81318611.90500131,81318611.90500131,93904655.96461688
SSP1,"Pacific, Southeast",277,2030,0.8629702289881184,0.8629702289881184,81036922.4608359,81036922.4608359,93904655.96461688
SSP1,"Pacific, Southeast",277,2031,0.85998088130447925,0.85998088130447925,80756208.79504515,80756208.79504515,93904655.96461688
SSP1,"Pacific, Southeast",277,2032,0.8570018887863762,0.8570018887863762,80476467.5275115,80476467.5275115,93904655.96461688
SSP1,"Pacific, Southeast",277,2033,0.8540332155632896,0.8540332155632896,80197695.2898262,80197695.2898262,93904655.96461688
SSP1,"Pacific, Southeast",277,2034,0.8510748258889569,0.8510748258889569,79919888.72524871,79919888.72524871,93904655.96461688
SSP1,"Pacific, Southeast",277,2035,0.8481266841409411,0.8481266841409411,79643044.48866636,79643044.48866636,93904655.96461688
SSP1,"Pacific, Southeast",277,2036,0.845188754820202,0.845188754820202,79367159.24655399,79367159.24655399,93904655.96461688
SSP1,"Pacific, Southeast",277,2037,0.8422610025506686,0.8422610025506686,79092229.67693384,79092229.67693384,93904655.96461688
SSP1,"Pacific, Southeast",277,2038,0.8393433920788143,0.8393433920788143,78818252.46933559,78818252.46933559,93904655.96461688
SSP1,"Pacific, Southeast",277,2039,0.8364358882732303,0.8364358882732303,78545224.32475641,78545224.32475641,93904655.96461688
SSP1,"Pacific, Southeast",277,2040,0.8335384561242047,0.8335384561242047,78273141.95562135,78273141.95562135,93904655.96461688
SSP1,"Pacific, Southeast",277,2041,0.8306510607432995,0.8306510607432995,78002002.08574362,78002002.08574362,93904655.96461688
SSP1,"Pacific, Southeast",277,2042,0.8277736673629312,0.8277736673629312,77731801.45028527,77731801.45028527,93904655.96461688
SSP1,"Pacific, Southeast",277,2043,0.8249062413359519,0.8249062413359519,77462536.79571779,77462536.79571779,93904655.96461688
SSP1,"Pacific, Southeast",277,2044,0.8220487481352322,0.8220487481352322,77194204.87978297,77194204.87978297,93904655.96461688
SSP1,"Pacific, Southeast",277,2045,0.8192011533532455,0.8192011533532455,76926802.47145388,76926802.47145388,93904655.96461688
SSP1,"Pacific, Southeast",277,2046,0.8163634227016535,0.8163634227016535,76660326.35089588,76660326.35089588,93904655.96461688
SSP1,"Pacific, Southeast",277,2047,0.8135355220108935,0.8135355220108935,76394773.30942796,76394773.30942796,93904655.96461688
SSP1,"Pacific, Southeast",277,2048,0.8107174172297669,0.8107174172297669,76130140.14948402,76130140.14948402,93904655.96461688
SSP1,"Pacific, Southeast",277,2049,0.8079090744250292,0.8079090744250292,75866423.68457443,75866423.68457443,93904655.96461688
SSP1,"Pacific, Southeast",277,2050,0.8051104597809814,0.8051104597809814,75603620.73924758,75603620.73924758,93904655.96461688
SSP1,"Pacific, Southeast",277,2051,0.8023215395990629,0.8023215395990629,75341728.14905174,75341728.14905174,93904655.96461688
SSP1,"Pacific, Southeast",277,2052,0.7995422802974453,0.7995422802974453,75080742.76049688,75080742.76049688,93904655.96461688
SSP1,"Pacific, Southeast",277,2053,0.7967726484106291,0.7967726484106291,74820661.43101677,74820661.43101677,93904655.96461688
SSP1,"Pacific, Southeast",277,2054,0.7940126105890393,0.7940126105890393,74561481.02893105,74561481.02893105,93904655.96461688
SSP1,"Pacific, Southeast",277,2055,0.7912621335986249,0.7912621335986249,74303198.43340759,74303198.43340759,93904655.96461688
SSP1,"Pacific, Southeast",277,2056,0.7885211843204583,0.7885211843204583,74045810.53442489,74045810.53442489,93904655.96461688
SSP1,"Pacific, Southeast",277,2057,0.7857897297503365,0.7857897297503365,73789314.23273462,73789314.23273462,93904655.96461688
SSP1,"Pacific, Southeast",277,2058,0.7830677369983838,0.7830677369983838,73533706.43982433,73533706.43982433,93904655.96461688
SSP1,"Pacific, Southeast",277,2059,0.780355173288656,0.780355173288656,73278984.07788023,73278984.07788023,93904655.96461688
SSP1,"Pacific, Southeast",277,2060,0.7776520059587454,0.7776520059587454,73025144.07975018,73025144.07975018,93904655.96461688
SSP1,"Pacific, Southeast",277,2061,0.7749582024593872,0.7749582024593872,72772183.38890667,72772183.38890667,93904655.96461688
SSP1,"Pacific, Southeast",277,2062,0.7722737303540687,0.7722737303540687,72520098.95941012,72520098.95941012,93904655.96461688
SSP1,"Pacific, Southeast",277,2063,0.7695985573186371,0.7695985573186371,72268887.7558721,72268887.7558721,93904655.96461688
SSP1,"Pacific, Southeast",277,2064,0.7669326511409118,0.7669326511409118,72018546.75341886,72018546.75341886,93904655.96461688
SSP1,"Pacific, Southeast",277,2065,0.7642759797202958,0.7642759797202958,71769072.93765488,71769072.93765488,93904655.96461688
SSP1,"Pacific, Southeast",277,2066,0.761628511067389,0.761628511067389,71520463.30462657,71520463.30462657,93904655.96461688
SSP1,"Pacific, Southeast",277,2067,0.7589902133036036,0.7589902133036036,71272714.86078608,71272714.86078608,93904655.96461688
SSP1,"Pacific, Southeast",277,2068,0.7563610546607797,0.7563610546607797,71025824.6229553,71025824.6229553,93904655.96461688
SSP1,"Pacific, Southeast",277,2069,0.7537410034808032,0.7537410034808032,70779789.61828992,70779789.61828992,93904655.96461688
SSP1,"Pacific, Southeast",277,2070,0.7511300282152241,0.7511300282152241,70534606.8842436,70534606.8842436,93904655.96461688
SSP1,"Pacific, Southeast",277,2071,0.7485280974248772,0.7485280974248772,70290273.46853232,70290273.46853232,93904655.96461688
SSP1,"Pacific, Southeast",277,2072,0.7459351797795032,0.7459351797795032,70046786.42909889,70046786.42909889,93904655.96461688
SSP1,"Pacific, Southeast",277,2073,0.7433512440573712,0.7433512440573712,69804142.8340774,69804142.8340774,93904655.96461688
SSP1,"Pacific, Southeast",277,2074,0.7407762591449036,0.7407762591449036,69562339.76175806,69562339.76175806,93904655.96461688
SSP1,"Pacific, Southeast",277,2075,0.7382101940363006,0.7382101940363006,69321374.30055188,69321374.30055188,93904655.96461688
SSP1,"Pacific, Southeast",277,2076,0.73565301783316694,0.73565301783316694,69081243.54895571,69081243.54895571,93904655.96461688
SSP1,"Pacific, Southeast",277,2077,0.7331046997441405,0.7331046997441405,68841944.61551727,68841944.61551727,93904655.96461688
SSP1,"Pacific, Southeast",277,2078,0.7305652090845209,0.7305652090845209,68603474.61880034,68603474.61880034,93904655.96461688
SSP1,"Pacific, Southeast",277,2079,0.7280345152759005,0.7280345152759005,68365830.68735005,68365830.68735005,93904655.96461688
SSP1,"Pacific, Southeast",277,2080,0.7255125878457953,0.7255125878457953,68129009.9596583,68129009.9596583,93904655.96461688
SSP1,"Pacific, Southeast",277,2081,0.7229993964272793,0.7229993964272793,67893009.58412932,67893009.58412932,93904655.96461688
SSP1,"Pacific, Southeast",277,2082,0.7204949107586177,0.7204949107586177,67657826.71904534,67657826.71904534,93904655.96461688
SSP1,"Pacific, Southeast",277,2083,0.7179991006829034,0.7179991006829034,67423458.53253236,67423458.53253236,93904655.96461688
SSP1,"Pacific, Southeast",277,2084,0.7155119361476934,0.7155119361476934,67189902.20252606,67189902.20252606,93904655.96461688
SSP1,"Pacific, Southeast",277,2085,0.7130333872046467,0.7130333872046467,66957154.9167378,66957154.9167378,93904655.96461688
SSP1,"Pacific, Southeast",277,2086,0.7105634240091644,0.7105634240091644,66725213.87262078,66725213.87262078,93904655.96461688
SSP1,"Pacific, Southeast",277,2087,0.7081020168200299,0.7081020168200299,66494076.27733626,66494076.27733626,93904655.96461688
SSP1,"Pacific, Southeast",277,2088,0.7056491359990505,0.7056491359990505,66263739.34771999,66263739.34771999,93904655.96461688
SSP1,"Pacific, Southeast",277,2089,0.7032047520107013,0.7032047520107013,66034200.310248636,66034200.310248636,93904655.96461688
SSP1,"Pacific, Southeast",277,2090,0.7007688354217686,0.7007688354217686,65805456.40100641,65805456.40100641,93904655.96461688
SSP1,"Pacific, Southeast",277,2091,0.6983413569009964,0.6983413569009964,65577504.8656518,65577504.8656518,93904655.96461688
SSP1,"Pacific, Southeast",277,2092,0.6959222872187327,0.6959222872187327,65350342.95938439,65350342.95938439,93904655.96461688
SSP1,"Pacific, Southeast",277,2093,0.6935115972465775,0.6935115972465775,65123967.946911804,65123967.946911804,93904655.96461688
SSP1,"Pacific, Southeast",277,2094,0.6911092579570324,0.6911092579570324,64898377.10241679,64898377.10241679,93904655.96461688
SSP1,"Pacific, Southeast",277,2095,0.6887152404231508,0.6887152404231508,64673567.70952438,64673567.70952438,93904655.96461688
SSP1,"Pacific, Southeast",277,2096,0.6863295158181898,0.6863295158181898,64449537.06126919,64449537.06126919,93904655.96461688
SSP1,"Pacific, Southeast",277,2097,0.6839520554152626,0.6839520554152626,64226282.46006282,64226282.46006282,93904655.96461688
SSP1,"Pacific, Southeast",277,2098,0.6815828305869934,0.6815828305869934,64003801.21766137,64003801.21766137,93904655.96461688
SSP1,"Pacific, Southeast",277,2099,0.6792218128051721,0.6792218128051721,63782090.6551331,63782090.6551331,93904655.96461688
SSP1,"Pacific, Southeast",277,2100,0.6768689736404109,0.6768689736404109,63561148.10282611,63561148.10282611,93904655.96461688
SSP2,"Pacific, Southeast",277,2005,0.9411768673080101,0.9411768673080101,88380889.92641456,88380889.92641456,93904655.96461688
SSP2,"Pacific, Southeast",277,2006,0.9379166101245372,0.9379166101245372,88074736.59724437,88074736.59724437,93904655.96461688
SSP2,"Pacific, Southeast",277,2007,0.9346676465430126,0.9346676465430126,87769643.78987972,87769643.78987972,93904655.96461688
SSP2,"Pacific, Southeast",277,2008,0.9314299374421529,0.9314299374421529,87465607.83064999,87465607.83064999,93904655.96461688
SSP2,"Pacific, Southeast",277,2009,0.9282034438361919,0.9282034438361919,87162625.05861019,87162625.05861019,93904655.96461688
SSP2,"Pacific, Southeast",277,2010,0.9249881268744109,0.9249881268744109,86860691.82549694,86860691.82549694,93904655.96461688
SSP2,"Pacific, Southeast",277,2011,0.9217839478406707,0.9217839478406707,86559804.49568453,86559804.49568453,93904655.96461688
SSP2,"Pacific, Southeast",277,2012,0.9185908681529459,0.9185908681529459,86259959.44614112,86259959.44614112,93904655.96461688
SSP2,"Pacific, Southeast",277,2013,0.9154088493628598,0.9154088493628598,85961153.06638515,85961153.06638515,93904655.96461688
SSP2,"Pacific, Southeast",277,2014,0.9122378531552221,0.9122378531552221,85663381.75844182,85663381.75844182,93904655.96461688
SSP2,"Pacific, Southeast",277,2015,0.9090778413475668,0.9090778413475668,85366641.93679982,85366641.93679982,93904655.96461688
SSP2,"Pacific, Southeast",277,2016,0.905928775889693,0.905928775889693,85070930.02836813,85070930.02836813,93904655.96461688
SSP2,"Pacific, Southeast",277,2017,0.9027906188632063,0.9027906188632063,84776242.47243296,84776242.47243296,93904655.96461688
SSP2,"Pacific, Southeast",277,2018,0.8996633324810629,0.8996633324810629,84482575.72061494,84482575.72061494,93904655.96461688
SSP2,"Pacific, Southeast",277,2019,0.8965468790871135,0.8965468790871135,84189926.23682636,84189926.23682636,93904655.96461688
SSP2,"Pacific, Southeast",277,2020,0.893441221155651,0.893441221155651,83898290.4972286,83898290.4972286,93904655.96461688
SSP2,"Pacific, Southeast",277,2021,0.8903463212909581,0.8903463212909581,83607664.99018967,83607664.99018967,93904655.96461688
SSP2,"Pacific, Southeast",277,2022,0.8872621422268571,0.8872621422268571,83318046.21624199,83318046.21624199,93904655.96461688
SSP2,"Pacific, Southeast",277,2023,0.8841886468262609,0.8841886468262609,83029430.68804017,83029430.68804017,93904655.96461688
SSP2,"Pacific, Southeast",277,2024,0.8811257980807262,0.8811257980807262,82741814.93031907,82741814.93031907,93904655.96461688
SSP2,"Pacific, Southeast",277,2025,0.878073559110008,0.878073559110008,82455195.47985198,82455195.47985198,93904655.96461688
SSP2,"Pacific, Southeast",277,2026,0.8750318931616147,0.8750318931616147,82169568.88540882,82169568.88540882,93904655.96461688
SSP2,"Pacific, Southeast",277,2027,0.8720007636103668,0.8720007636103668,81884931.7077147,81884931.7077147,93904655.96461688
SSP2,"Pacific, Southeast",277,2028,0.8689801339579549,0.8689801339579549,81601280.51940845,81601280.51940845,93904655.96461688
SSP2,"Pacific, Southeast",277,2029,0.8659699678325006,0.8659699678325006,81318611.90500131,81318611.90500131,93904655.96461688
SSP2,"Pacific, Southeast",277,2030,0.8629702289881184,0.8629702289881184,81036922.4608359,81036922.4608359,93904655.96461688
SSP2,"Pacific, Southeast",277,2031,0.85998088130447925,0.85998088130447925,80756208.79504515,80756208.79504515,93904655.96461688
SSP2,"Pacific, Southeast",277,2032,0.8570018887863762,0.8570018887863762,80476467.5275115,80476467.5275115,93904655.96461688
SSP2,"Pacific, Southeast",277,2033,0.8540332155632896,0.8540332155632896,80197695.2898262,80197695.2898262,93904655.96461688
SSP2,"Pacific, Southeast",277,2034,0.8510748258889569,0.8510748258889569,79919888.72524871,79919888.72524871,93904655.96461688
SSP2,"Pacific, Southeast",277,2035,0.8481266841409411,0.8481266841409411,79643044.48866636,79643044.48866636,93904655.96461688
SSP2,"Pacific, Southeast",277,2036,0.845188754820202,0.845188754820202,79367159.24655399,79367159.24655399,93904655.96461688
SSP2,"Pacific, Southeast",277,2037,0.8422610025506686,0.8422610025506686,79092229.67693384,79092229.67693384,93904655.96461688
SSP2,"Pacific, Southeast",277,2038,0.8393433920788143,0.8393433920788143,78818252.46933559,78818252.46933559,93904655.96461688
SSP2,"Pacific, Southeast",277,2039,0.8364358882732303,0.8364358882732303,78545224.32475641,78545224.32475641,93904655.96461688
SSP2,"Pacific, Southeast",277,2040,0.8335384561242047,0.8335384561242047,78273141.95562135,78273141.95562135,93904655.96461688
SSP2,"Pacific, Southeast",277,2041,0.8306510607432995,0.8306510607432995,78002002.08574362,78002002.08574362,93904655.96461688
SSP2,"Pacific, Southeast",277,2042,0.8277736673629312,0.8277736673629312,77731801.45028527,77731801.45028527,93904655.96461688
SSP2,"Pacific, Southeast",277,2043,0.8249062413359519,0.8249062413359519,77462536.79571779,77462536.79571779,93904655.96461688
SSP2,"Pacific, Southeast",277,2044,0.8220487481352322,0.8220487481352322,77194204.87978297,77194204.87978297,93904655.96461688
SSP2,"Pacific, Southeast",277,2045,0.8192011533532455,0.8192011533532455,76926802.47145388,76926802.47145388,93904655.96461688
SSP2,"Pacific, Southeast",277,2046,0.8163634227016535,0.8163634227016535,76660326.35089588,76660326.35089588,93904655.96461688
SSP2,"Pacific, Southeast",277,2047,0.8135355220108935,0.8135355220108935,76394773.30942796,76394773.30942796,93904655.96461688
SSP2,"Pacific, Southeast",277,2048,0.8107174172297669,0.8107174172297669,76130140.14948402,76130140.14948402,93904655.96461688
SSP2,"Pacific, Southeast",277,2049,0.8079090744250292,0.8079090744250292,75866423.68457443,75866423.68457443,93904655.96461688
SSP2,"Pacific, Southeast",277,2050,0.8051104597809814,0.8051104597809814,75603620.73924758,75603620.73924758,93904655.96461688
SSP2,"Pacific, Southeast",277,2051,0.8023215395990629,0.8023215395990629,75341728.14905174,75341728.14905174,93904655.96461688
SSP2,"Pacific, Southeast",277,2052,0.7995422802974453,0.7995422802974453,75080742.76049688,75080742.76049688,93904655.96461688
SSP2,"Pacific, Southeast",277,2053,0.7967726484106291,0.7967726484106291,74820661.43101677,74820661.43101677,93904655.96461688
SSP2,"Pacific, Southeast",277,2054,0.7940126105890393,0.7940126105890393,74561481.02893105,74561481.02893105,93904655.96461688
SSP2,"Pacific, Southeast",277,2055,0.7912621335986249,0.7912621335986249,74303198.43340759,74303198.43340759,93904655.96461688
SSP2,"Pacific, Southeast",277,2056,0.7885211843204583,0.7885211843204583,74045810.53442489,74045810.53442489,93904655.96461688
SSP2,"Pacific, Southeast",277,2057,0.7857897297503365,0.7857897297503365,73789314.23273462,73789314.23273462,93904655.96461688
SSP2,"Pacific, Southeast",277,2058,0.7830677369983838,0.7830677369983838,73533706.43982433,73533706.43982433,93904655.96461688
SSP2,"Pacific, Southeast",277,2059,0.780355173288656,0.780355173288656,73278984.07788023,73278984.07788023,93904655.96461688
SSP2,"Pacific, Southeast",277,2060,0.7776520059587454,0.7776520059587454,73025144.07975018,73025144.07975018,93904655.96461688
SSP2,"Pacific, Southeast",277,2061,0.7749582024593872,0.7749582024593872,72772183.38890667,72772183.38890667,93904655.96461688
SSP2,"Pacific, Southeast",277,2062,0.7722737303540687,0.7722737303540687,72520098.95941012,72520098.95941012,93904655.96461688
SSP2,"Pacific, Southeast",277,2063,0.7695985573186371,0.7695985573186371,72268887.7558721,72268887.7558721,93904655.96461688
SSP2,"Pacific, Southeast",277,2064,0.7669326511409118,0.7669326511409118,72018546.75341886,72018546.75341886,93904655.96461688
SSP2,"Pacific, Southeast",277,2065,0.7642759797202958,0.7642759797202958,71769072.93765488,71769072.93765488,93904655.96461688
SSP2,"Pacific, Southeast",277,2066,0.761628511067389,0.761628511067389,71520463.30462657,71520463.30462657,93904655.96461688
SSP2,"Pacific, Southeast",277,2067,0.7589902133036036,0.7589902133036036,71272714.86078608,71272714.86078608,93904655.96461688
SSP2,"Pacific, Southeast",277,2068,0.7563610546607797,0.7563610546607797,71025824.6229553,71025824.6229553,93904655.96461688
SSP2,"Pacific, Southeast",277,2069,0.7537410034808032,0.7537410034808032,70779789.61828992,70779789.61828992,93904655.96461688
SSP2,"Pacific, Southeast",277,2070,0.7511300282152241,0.7511300282152241,70534606.8842436,70534606.8842436,93904655.96461688
SSP2,"Pacific, Southeast",277,2071,0.7485280974248772,0.7485280974248772,70290273.46853232,70290273.46853232,93904655.96461688
SSP2,"Pacific, Southeast",277,2072,0.7459351797795032,0.7459351797795032,70046786.42909889,70046786.42909889,93904655.96461688
SSP2,"Pacific, Southeast",277,2073,0.7433512440573712,0.7433512440573712,69804142.8340774,69804142.8340774,93904655.96461688
SSP2,"Pacific, Southeast",277,2074,0.7407762591449036,0.7407762591449036,69562339.76175806,69562339.76175806,93904655.96461688
SSP2,"Pacific, Southeast",277,2075,0.7382101940363006,0.7382101940363006,69321374.30055188,69321374.30055188,93904655.96461688
SSP2,"Pacific, Southeast",277,2076,0.73565301783316694,0.73565301783316694,69081243.54895571,69081243.54895571,93904655.96461688
SSP2,"Pacific, Southeast",277,2077,0.7331046997441405,0.7331046997441405,68841944.61551727,68841944.61551727,93904655.96461688
SSP2,"Pacific, Southeast",277,2078,0.7305652090845209,0.7305652090845209,68603474.61880034,68603474.61880034,93904655.96461688
SSP2,"Pacific, Southeast",277,2079,0.7280345152759005,0.7280345152759005,68365830.68735005,68365830.68735005,93904655.96461688
SSP2,"Pacific, Southeast",277,2080,0.7255125878457953,0.7255125878457953,68129009.9596583,68129009.9596583,93904655.96461688
SSP2,"Pacific, Southeast",277,2081,0.7229993964272793,0.7229993964272793,67893009.58412932,67893009.58412932,93904655.96461688
SSP2,"Pacific, Southeast",277,2082,0.7204949107586177,0.7204949107586177,67657826.71904534,67657826.71904534,93904655.96461688
SSP2,"Pacific, Southeast",277,2083,0.7179991006829034,0.7179991006829034,67423458.53253236,67423458.53253236,93904655.96461688
SSP2,"Pacific, Southeast",277,2084,0.7155119361476934,0.7155119361476934,67189902.20252606,67189902.20252606,93904655.96461688
SSP2,"Pacific, Southeast",277,2085,0.7130333872046467,0.7130333872046467,66957154.9167378,66957154.9167378,93904655.96461688
SSP2,"Pacific, Southeast",277,2086,0.7105634240091644,0.7105634240091644,66725213.87262078,66725213.87262078,93904655.96461688
SSP2,"Pacific, Southeast",277,2087,0.7081020168200299,0.7081020168200299,66494076.27733626,66494076.27733626,93904655.96461688
SSP2,"Pacific, Southeast",277,2088,0.7056491359990505,0.7056491359990505,66263739.34771999,66263739.34771999,93904655.96461688
SSP2,"Pacific, Southeast",277,2089,0.7032047520107013,0.7032047520107013,66034200.310248636,66034200.310248636,93904655.96461688
SSP2,"Pacific, Southeast",277,2090,0.7007688354217686,0.7007688354217686,65805456.40100641,65805456.40100641,93904655.96461688
SSP2,"Pacific, Southeast",277,2091,0.6983413569009964,0.6983413569009964,65577504.8656518,65577504.8656518,93904655.96461688
SSP2,"Pacific, Southeast",277,2092,0.6959222872187327,0.6959222872187327,65350342.95938439,65350342.95938439,93904655.96461688
SSP2,"Pacific, Southeast",277,2093,0.6935115972465775,0.6935115972465775,65123967.946911804,65123967.946911804,93904655.96461688
SSP2,"Pacific, Southeast",277,2094,0.6911092579570324,0.6911092579570324,64898377.10241679,64898377.10241679,93904655.96461688
SSP2,"Pacific, Southeast",277,2095,0.6887152404231508,0.6887152404231508,64673567.70952438,64673567.70952438,93904655.96461688
SSP2,"Pacific, Southeast",277,2096,0.6863295158181898,0.6863295158181898,64449537.06126919,64449537.06126919,93904655.96461688
SSP2,"Pacific, Southeast",277,2097,0.6839520554152626,0.6839520554152626,64226282.46006282,64226282.46006282,93904655.96461688
SSP2,"Pacific, Southeast",277,2098,0.6815828305869934,0.6815828305869934,64003801.21766137,64003801.21766137,93904655.96461688
SSP2,"Pacific, Southeast",277,2099,0.6792218128051721,0.6792218128051721,63782090.6551331,63782090.6551331,93904655.96461688
SSP2,"Pacific, Southeast",277,2100,0.6768689736404109,0.6768689736404109,63561148.10282611,63561148.10282611,93904655.96461688
SSP3,"Pacific, Southeast",277,2005,0.9411768673080101,0.9411768673080101,88380889.92641456,88380889.92641456,93904655.96461688
SSP3,"Pacific, Southeast",277,2006,0.9379166101245372,0.9379166101245372,88074736.59724437,88074736.59724437,93904655.96461688
SSP3,"Pacific, Southeast",277,2007,0.9346676465430126,0.9346676465430126,87769643.78987972,87769643.78987972,93904655.96461688
SSP3,"Pacific, Southeast",277,2008,0.9314299374421529,0.9314299374421529,87465607.83064999,87465607.83064999,93904655.96461688
SSP3,"Pacific, Southeast",277,2009,0.9282034438361919,0.9282034438361919,87162625.05861019,87162625.05861019,93904655.96461688
SSP3,"Pacific, Southeast",277,2010,0.9249881268744109,0.9249881268744109,86860691.82549694,86860691.82549694,93904655.96461688
SSP3,"Pacific, Southeast",277,2011,0.9217839478406707,0.9217839478406707,86559804.49568453,86559804.49568453,93904655.96461688
SSP3,"Pacific, Southeast",277,2012,0.9185908681529459,0.9185908681529459,86259959.44614112,86259959.44614112,93904655.96461688
SSP3,"Pacific, Southeast",277,2013,0.9154088493628598,0.9154088493628598,85961153.06638515,85961153.06638515,93904655.96461688
SSP3,"Pacific, Southeast",277,2014,0.9122378531552221,0.9122378531552221,85663381.75844182,85663381.75844182,93904655.96461688
SSP3,"Pacific, Southeast",277,2015,0.9090778413475668,0.9090778413475668,85366641.93679982,85366641.93679982,93904655.96461688
SSP3,"Pacific, Southeast",277,2016,0.905928775889693,0.905928775889693,85070930.02836813,85070930.02836813,93904655.96461688
SSP3,"Pacific, Southeast",277,2017,0.9027906188632063,0.9027906188632063,84776242.47243296,84776242.47243296,93904655.96461688
SSP3,"Pacific, Southeast",277,2018,0.8996633324810629,0.8996633324810629,84482575.72061494,84482575.72061494,93904655.96461688
SSP3,"Pacific, Southeast",277,2019,0.8965468790871135,0.8965468790871135,84189926.23682636,84189926.23682636,93904655.96461688
SSP3,"Pacific, Southeast",277,2020,0.893441221155651,0.893441221155651,83898290.4972286,83898290.4972286,93904655.96461688
SSP3,"Pacific, Southeast",277,2021,0.8903463212909581,0.8903463212909581,83607664.99018967,83607664.99018967,93904655.96461688
SSP3,"Pacific, Southeast",277,2022,0.8872621422268571,0.8872621422268571,83318046.21624199,83318046.21624199,93904655.96461688
SSP3,"Pacific, Southeast",277,2023,0.8841886468262609,0.8841886468262609,83029430.68804017,83029430.68804017,93904655.96461688
SSP3,"Pacific, Southeast",277,2024,0.8811257980807262,0.8811257980807262,82741814.93031907,82741814.93031907,93904655.96461688
SSP3,"Pacific, Southeast",277,2025,0.878073559110008,0.878073559110008,82455195.47985198,82455195.47985198,93904655.96461688
SSP3,"Pacific, Southeast",277,2026,0.8750318931616147,0.8750318931616147,82169568.88540882,82169568.88540882,93904655.96461688
SSP3,"Pacific, Southeast",277,2027,0.8720007636103668,0.8720007636103668,81884931.7077147,81884931.7077147,93904655.96461688
SSP3,"Pacific, Southeast",277,2028,0.8689801339579549,0.8689801339579549,81601280.51940845,81601280.51940845,93904655.96461688
SSP3,"Pacific, Southeast",277,2029,0.8659699678325006,0.8659699678325006,81318611.90500131,81318611.90500131,93904655.96461688
SSP3,"Pacific, Southeast",277,2030,0.8629702289881184,0.8629702289881184,81036922.4608359,81036922.4608359,93904655.96461688
SSP3,"Pacific, Southeast",277,2031,0.85998088130447925,0.85998088130447925,80756208.79504515,80756208.79504515,93904655.96461688
SSP3,"Pacific, Southeast",277,2032,0.8570018887863762,0.8570018887863762,80476467.5275115,80476467.5275115,93904655.96461688
SSP3,"Pacific, Southeast",277,2033,0.8540332155632896,0.8540332155632896,80197695.2898262,80197695.2898262,93904655.96461688
SSP3,"Pacific, Southeast",277,2034,0.8510748258889569,0.8510748258889569,79919888.72524871,79919888.72524871,93904655.96461688
SSP3,"Pacific, Southeast",277,2035,0.8481266841409411,0.8481266841409411,79643044.48866636,79643044.48866636,93904655.96461688
SSP3,"Pacific, Southeast",277,2036,0.845188754820202,0.845188754820202,79367159.24655399,79367159.24655399,93904655.96461688
SSP3,"Pacific, Southeast",277,2037,0.8422610025506686,0.8422610025506686,79092229.67693384,79092229.67693384,93904655.96461688
SSP3,"Pacific, Southeast",277,2038,0.8393433920788143,0.8393433920788143,78818252.46933559,78818252.46933559,93904655.96461688
SSP3,"Pacific, Southeast",277,2039,0.8364358882732303,0.8364358882732303,78545224.32475641,78545224.32475641,93904655.96461688
SSP3,"Pacific, Southeast",277,2040,0.8335384561242047,0.8335384561242047,78273141.95562135,78273141.95562135,93904655.96461688
SSP3,"Pacific, Southeast",277,2041,0.8306510607432995,0.8306510607432995,78002002.08574362,78002002.08574362,93904655.96461688
SSP3,"Pacific, Southeast",277,2042,0.8277736673629312,0.8277736673629312,77731801.45028527,77731801.45028527,93904655.96461688
SSP3,"Pacific, Southeast",277,2043,0.8249062413359519,0.8249062413359519,77462536.79571779,77462536.79571779,93904655.96461688
SSP3,"Pacific, Southeast",277,2044,0.8220487481352322,0.8220487481352322,77194204.87978297,77194204.87978297,93904655.96461688
SSP3,"Pacific, Southeast",277,2045,0.8192011533532455,0.8192011533532455,76926802.47145388,76926802.47145388,93904655.96461688
SSP3,"Pacific, Southeast",277,2046,0.8163634227016535,0.8163634227016535,76660326.35089588,76660326.35089588,93904655.96461688
SSP3,"Pacific, Southeast",277,2047,0.8135355220108935,0.8135355220108935,76394773.30942796,76394773.30942796,93904655.96461688
SSP3,"Pacific, Southeast",277,2048,0.8107174172297669,0.8107174172297669,76130140.14948402,76130140.14948402,93904655.96461688
SSP3,"Pacific, Southeast",277,2049,0.8079090744250292,0.8079090744250292,75866423.68457443,75866423.68457443,93904655.96461688
SSP3,"Pacific, Southeast",277,2050,0.8051104597809814,0.8051104597809814,75603620.73924758,75603620.73924758,93904655.96461688
SSP3,"Pacific, Southeast",277,2051,0.8023215395990629,0.8023215395990629,75341728.14905174,75341728.14905174,93904655.96461688
SSP3,"Pacific, Southeast",277,2052,0.7995422802974453,0.7995422802974453,75080742.76049688,75080742.76049688,93904655.96461688
SSP3,"Pacific, Southeast",277,2053,0.7967726484106291,0.7967726484106291,74820661.43101677,74820661.43101677,93904655.96461688
SSP3,"Pacific, Southeast",277,2054,0.7940126105890393,0.7940126105890393,74561481.02893105,74561481.02893105,93904655.96461688
SSP3,"Pacific, Southeast",277,2055,0.7912621335986249,0.7912621335986249,74303198.43340759,74303198.43340759,93904655.96461688
SSP3,"Pacific, Southeast",277,2056,0.7885211843204583,0.7885211843204583,74045810.53442489,74045810.53442489,93904655.96461688
SSP3,"Pacific, Southeast",277,2057,0.7857897297503365,0.7857897297503365,73789314.23273462,73789314.23273462,93904655.96461688
SSP3,"Pacific, Southeast",277,2058,0.7830677369983838,0.7830677369983838,73533706.43982433,73533706.43982433,93904655.96461688
SSP3,"Pacific, Southeast",277,2059,0.780355173288656,0.780355173288656,73278984.07788023,73278984.07788023,93904655.96461688
SSP3,"Pacific, Southeast",277,2060,0.7776520059587454,0.7776520059587454,73025144.07975018,73025144.07975018,93904655.96461688
SSP3,"Pacific, Southeast",277,2061,0.7749582024593872,0.7749582024593872,72772183.38890667,72772183.38890667,93904655.96461688
SSP3,"Pacific, Southeast",277,2062,0.7722737303540687,0.7722737303540687,72520098.95941012,72520098.95941012,93904655.96461688
SSP3,"Pacific, Southeast",277,2063,0.7695985573186371,0.7695985573186371,72268887.7558721,72268887.7558721,93904655.96461688
SSP3,"Pacific, Southeast",277,2064,0.7669326511409118,0.7669326511409118,72018546.75341886,72018546.75341886,93904655.96461688
SSP3,"Pacific, Southeast",277,2065,0.7642759797202958,0.7642759797202958,71769072.93765488,71769072.93765488,93904655.96461688
SSP3,"Pacific, Southeast",277,2066,0.761628511067389,0.761628511067389,71520463.30462657,71520463.30462657,93904655.96461688
SSP3,"Pacific, Southeast",277,2067,0.7589902133036036,0.7589902133036036,71272714.86078608,71272714.86078608,93904655.96461688
SSP3,"Pacific, Southeast",277,2068,0.7563610546607797,0.7563610546607797,71025824.6229553,71025824.6229553,93904655.96461688
SSP3,"Pacific, Southeast",277,2069,0.7537410034808032,0.7537410034808032,70779789.61828992,70779789.61828992,93904655.96461688
SSP3,"Pacific, Southeast",277,2070,0.7511300282152241,0.7511300282152241,70534606.8842436,70534606.8842436,93904655.96461688
SSP3,"Pacific, Southeast",277,2071,0.7485280974248772,0.7485280974248772,70290273.46853232,70290273.46853232,93904655.96461688
SSP3,"Pacific, Southeast",277,2072,0.7459351797795032,0.7459351797795032,70046786.42909889,70046786.42909889,93904655.96461688
SSP3,"Pacific, Southeast",277,2073,0.7433512440573712,0.7433512440573712,69804142.8340774,69804142.8340774,93904655.96461688
SSP3,"Pacific, Southeast",277,2074,0.7407762591449036,0.7407762591449036,69562339.76175806,69562339.76175806,93904655.96461688
SSP3,"Pacific, Southeast",277,2075,0.7382101940363006,0.7382101940363006,69321374.30055188,69321374.30055188,93904655.96461688
SSP3,"Pacific, Southeast",277,2076,0.73565301783316694,0.73565301783316694,69081243.54895571,69081243.54895571,93904655.96461688
SSP3,"Pacific, Southeast",277,2077,0.7331046997441405,0.7331046997441405,68841944.61551727,68841944.61551727,93904655.96461688
SSP3,"Pacific, Southeast",277,2078,0.7305652090845209,0.7305652090845209,68603474.61880034,68603474.61880034,93904655.96461688
SSP3,"Pacific, Southeast",277,2079,0.7280345152759005,0.7280345152759005,68365830.68735005,68365830.68735005,93904655.96461688
SSP3,"Pacific, Southeast",277,2080,0.7255125878457953,0.7255125878457953,68129009.9596583,68129009.9596583,93904655.96461688
SSP3,"Pacific, Southeast",277,2081,0.7229993964272793,0.7229993964272793,67893009.58412932,67893009.58412932,93904655.96461688
SSP3,"Pacific, Southeast",277,2082,0.7204949107586177,0.7204949107586177,67657826.71904534,67657826.71904534,93904655.96461688
SSP3,"Pacific, Southeast",277,2083,0.7179991006829034,0.7179991006829034,67423458.53253236,67423458.53253236,93904655.96461688
SSP3,"Pacific, Southeast",277,2084,0.7155119361476934,0.7155119361476934,67189902.20252606,67189902.20252606,93904655.96461688
SSP3,"Pacific, Southeast",277,2085,0.7130333872046467,0.7130333872046467,66957154.9167378,66957154.9167378,93904655.96461688
SSP3,"Pacific, Southeast",277,2086,0.7105634240091644,0.7105634240091644,66725213.87262078,66725213.87262078,93904655.96461688
SSP3,"Pacific, Southeast",277,2087,0.7081020168200299,0.7081020168200299,66494076.27733626,66494076.27733626,93904655.96461688
SSP3,"Pacific, Southeast",277,2088,0.7056491359990505,0.7056491359990505,66263739.34771999,66263739.34771999,93904655.96461688
SSP3,"Pacific, Southeast",277,2089,0.7032047520107013,0.7032047520107013,66034200.310248636,66034200.310248636,93904655.96461688
SSP3,"Pacific, Southeast",277,2090,0.7007688354217686,0.7007688354217686,65805456.40100641,65805456.40100641,93904655.96461688
SSP3,"Pacific, Southeast",277,2091,0.6983413569009964,0.6983413569009964,65577504.8656518,65577504.8656518,93904655.96461688
SSP3,"Pacific, Southeast",277,2092,0.6959222872187327,0.6959222872187327,65350342.95938439,65350342.95938439,93904655.96461688
SSP3,"Pacific, Southeast",277,2093,0.6935115972465775,0.6935115972465775,65123967.946911804,65123967.946911804,93904655.96461688
SSP3,"Pacific, Southeast",277,2094,0.6911092579570324,0.6911092579570324,64898377.10241679,64898377.10241679,93904655.96461688
SSP3,"Pacific, Southeast",277,2095,0.6887152404231508,0.6887152404231508,64673567.70952438,64673567.70952438,93904655.96461688
SSP3,"Pacific, Southeast",277,2096,0.6863295158181898,0.6863295158181898,64449537.06126919,64449537.06126919,93904655.96461688
SSP3,"Pacific, Southeast",277,2097,0.6839520554152626,0.6839520554152626,64226282.46006282,64226282.46006282,93904655.96461688
SSP3,"Pacific, Southeast",277,2098,0.6815828305869934,0.6815828305869934,64003801.21766137,64003801.21766137,93904655.96461688
SSP3,"Pacific, Southeast",277,2099,0.6792218128051721,0.6792218128051721,63782090.6551331,63782090.6551331,93904655.96461688
SSP3,"Pacific, Southeast",277,2100,0.6768689736404109,0.6768689736404109,63561148.10282611,63561148.10282611,93904655.96461688
SSP4,"Pacific, Southeast",277,2005,0.9411768673080101,0.9411768673080101,88380889.92641456,88380889.92641456,93904655.96461688
SSP4,"Pacific, Southeast",277,2006,0.9379166101245372,0.9379166101245372,88074736.59724437,88074736.59724437,93904655.96461688
SSP4,"Pacific, Southeast",277,2007,0.9346676465430126,0.9346676465430126,87769643.78987972,87769643.78987972,93904655.96461688
SSP4,"Pacific, Southeast",277,2008,0.9314299374421529,0.9314299374421529,87465607.83064999,87465607.83064999,93904655.96461688
SSP4,"Pacific, Southeast",277,2009,0.9282034438361919,0.9282034438361919,87162625.05861019,87162625.05861019,93904655.96461688
SSP4,"Pacific, Southeast",277,2010,0.9249881268744109,0.9249881268744109,86860691.82549694,86860691.82549694,93904655.96461688
SSP4,"Pacific, Southeast",277,2011,0.9217839478406707,0.9217839478406707,86559804.49568453,86559804.49568453,93904655.96461688
SSP4,"Pacific, Southeast",277,2012,0.9185908681529459,0.9185908681529459,86259959.44614112,86259959.44614112,93904655.96461688
SSP4,"Pacific, Southeast",277,2013,0.9154088493628598,0.9154088493628598,85961153.06638515,85961153.06638515,93904655.96461688
SSP4,"Pacific, Southeast",277,2014,0.9122378531552221,0.9122378531552221,85663381.75844182,85663381.75844182,93904655.96461688
SSP4,"Pacific, Southeast",277,2015,0.9090778413475668,0.9090778413475668,85366641.93679982,85366641.93679982,93904655.96461688
SSP4,"Pacific, Southeast",277,2016,0.905928775889693,0.905928775889693,85070930.02836813,85070930.02836813,93904655.96461688
SSP4,"Pacific, Southeast",277,2017,0.9027906188632063,0.9027906188632063,84776242.47243296,84776242.47243296,93904655.96461688
SSP4,"Pacific, Southeast",277,2018,0.8996633324810629,0.8996633324810629,84482575.72061494,84482575.72061494,93904655.96461688
SSP4,"Pacific, Southeast",277,2019,0.8965468790871135,0.8965468790871135,84189926.23682636,84189926.23682636,93904655.96461688
SSP4,"Pacific, Southeast",277,2020,0.893441221155651,0.893441221155651,83898290.4972286,83898290.4972286,93904655.96461688
SSP4,"Pacific, Southeast",277,2021,0.8903463212909581,0.8903463212909581,83607664.99018967,83607664.99018967,93904655.96461688
SSP4,"Pacific, Southeast",277,2022,0.8872621422268571,0.8872621422268571,83318046.21624199,83318046.21624199,93904655.96461688
SSP4,"Pacific, Southeast",277,2023,0.8841886468262609,0.8841886468262609,83029430.68804017,83029430.68804017,93904655.96461688
SSP4,"Pacific, Southeast",277,2024,0.8811257980807262,0.8811257980807262,82741814.93031907,82741814.93031907,93904655.96461688
SSP4,"Pacific, Southeast",277,2025,0.878073559110008,0.878073559110008,82455195.47985198,82455195.47985198,93904655.96461688
SSP4,"Pacific, Southeast",277,2026,0.8750318931616147,0.8750318931616147,82169568.88540882,82169568.88540882,93904655.96461688
SSP4,"Pacific, Southeast",277,2027,0.8720007636103668,0.8720007636103668,81884931.7077147,81884931.7077147,93904655.96461688
SSP4,"Pacific, Southeast",277,2028,0.8689801339579549,0.8689801339579549,81601280.51940845,81601280.51940845,93904655.96461688
SSP4,"Pacific, Southeast",277,2029,0.8659699678325006,0.8659699678325006,81318611.90500131,81318611.90500131,93904655.96461688
SSP4,"Pacific, Southeast",277,2030,0.8629702289881184,0.8629702289881184,81036922.4608359,81036922.4608359,93904655.96461688
SSP4,"Pacific, Southeast",277,2031,0.85998088130447925,0.85998088130447925,80756208.79504515,80756208.79504515,93904655.96461688
SSP4,"Pacific, Southeast",277,2032,0.8570018887863762,0.8570018887863762,80476467.5275115,80476467.5275115,93904655.96461688
SSP4,"Pacific, Southeast",277,2033,0.8540332155632896,0.8540332155632896,80197695.2898262,80197695.2898262,93904655.96461688
SSP4,"Pacific, Southeast",277,2034,0.8510748258889569,0.8510748258889569,79919888.72524871,79919888.72524871,93904655.96461688
SSP4,"Pacific, Southeast",277,2035,0.8481266841409411,0.8481266841409411,79643044.48866636,79643044.48866636,93904655.96461688
SSP4,"Pacific, Southeast",277,2036,0.845188754820202,0.845188754820202,79367159.24655399,79367159.24655399,93904655.96461688
SSP4,"Pacific, Southeast",277,2037,0.8422610025506686,0.8422610025506686,79092229.67693384,79092229.67693384,93904655.96461688
SSP4,"Pacific, Southeast",277,2038,0.8393433920788143,0.8393433920788143,78818252.46933559,78818252.46933559,93904655.96461688
SSP4,"Pacific, Southeast",277,2039,0.8364358882732303,0.8364358882732303,78545224.32475641,78545224.32475641,93904655.96461688
SSP4,"Pacific, Southeast",277,2040,0.8335384561242047,0.8335384561242047,78273141.95562135,78273141.95562135,93904655.96461688
SSP4,"Pacific, Southeast",277,2041,0.8306510607432995,0.8306510607432995,78002002.08574362,78002002.08574362,93904655.96461688
SSP4,"Pacific, Southeast",277,2042,0.8277736673629312,0.8277736673629312,77731801.45028527,77731801.45028527,93904655.96461688
SSP4,"Pacific, Southeast",277,2043,0.8249062413359519,0.8249062413359519,77462536.79571779,77462536.79571779,93904655.96461688
SSP4,"Pacific, Southeast",277,2044,0.8220487481352322,0.8220487481352322,77194204.87978297,77194204.87978297,93904655.96461688
SSP4,"Pacific, Southeast",277,2045,0.8192011533532455,0.8192011533532455,76926802.47145388,76926802.47145388,93904655.96461688
SSP4,"Pacific, Southeast",277,2046,0.8163634227016535,0.8163634227016535,76660326.35089588,76660326.35089588,93904655.96461688
SSP4,"Pacific, Southeast",277,2047,0.8135355220108935,0.8135355220108935,76394773.30942796,76394773.30942796,93904655.96461688
SSP4,"Pacific, Southeast",277,2048,0.8107174172297669,0.8107174172297669,76130140.14948402,76130140.14948402,93904655.96461688
SSP4,"Pacific, Southeast",277,2049,0.8079090744250292,0.8079090744250292,75866423.68457443,75866423.68457443,93904655.96461688
SSP4,"Pacific, Southeast",277,2050,0.8051104597809814,0.8051104597809814,75603620.73924758,75603620.73924758,93904655.96461688
SSP4,"Pacific, Southeast",277,2051,0.8023215395990629,0.8023215395990629,75341728.14905174,75341728.14905174,93904655.96461688
SSP4,"Pacific, Southeast",277,2052,0.7995422802974453,0.7995422802974453,75080742.76049688,75080742.76049688,93904655.96461688
SSP4,"Pacific, Southeast",277,2053,0.7967726484106291,0.7967726484106291,74820661.43101677,74820661.43101677,93904655.96461688
SSP4,"Pacific, Southeast",277,2054,0.7940126105890393,0.7940126105890393,74561481.02893105,74561481.02893105,93904655.96461688
SSP4,"Pacific, Southeast",277,2055,0.7912621335986249,0.7912621335986249,74303198.43340759,74303198.43340759,93904655.96461688
SSP4,"Pacific, Southeast",277,2056,0.7885211843204583,0.7885211843204583,74045810.53442489,74045810.53442489,93904655.96461688
SSP4,"Pacific, Southeast",277,2057,0.7857897297503365,0.7857897297503365,73789314.23273462,73789314.23273462,93904655.96461688
SSP4,"Pacific, Southeast",277,2058,0.7830677369983838,0.7830677369983838,73533706.43982433,73533706.43982433,93904655.96461688
SSP4,"Pacific, Southeast",277,2059,0.780355173288656,0.780355173288656,73278984.07788023,73278984.07788023,93904655.96461688
SSP4,"Pacific, Southeast",277,2060,0.7776520059587454,0.7776520059587454,73025144.07975018,73025144.07975018,93904655.96461688
SSP4,"Pacific, Southeast",277,2061,0.7749582024593872,0.7749582024593872,72772183.38890667,72772183.38890667,93904655.96461688
SSP4,"Pacific, Southeast",277,2062,0.7722737303540687,0.7722737303540687,72520098.95941012,72520098.95941012,93904655.96461688
SSP4,"Pacific, Southeast",277,2063,0.7695985573186371,0.7695985573186371,72268887.7558721,72268887.7558721,93904655.96461688
SSP4,"Pacific, Southeast",277,2064,0.7669326511409118,0.7669326511409118,72018546.75341886,72018546.75341886,93904655.96461688
SSP4,"Pacific, Southeast",277,2065,0.7642759797202958,0.7642759797202958,71769072.93765488,71769072.93765488,93904655.96461688
SSP4,"Pacific, Southeast",277,2066,0.761628511067389,0.761628511067389,71520463.30462657,71520463.30462657,93904655.96461688
SSP4,"Pacific, Southeast",277,2067,0.7589902133036036,0.7589902133036036,71272714.86078608,71272714.86078608,93904655.96461688
SSP4,"Pacific, Southeast",277,2068,0.7563610546607797,0.7563610546607797,71025824.6229553,71025824.6229553,93904655.96461688
SSP4,"Pacific, Southeast",277,2069,0.7537410034808032,0.7537410034808032,70779789.61828992,70779789.61828992,93904655.96461688
SSP4,"Pacific, Southeast",277,2070,0.7511300282152241,0.7511300282152241,70534606.8842436,70534606.8842436,93904655.96461688
SSP4,"Pacific, Southeast",277,2071,0.7485280974248772,0.7485280974248772,70290273.46853232,70290273.46853232,93904655.96461688
SSP4,"Pacific, Southeast",277,2072,0.7459351797795032,0.7459351797795032,70046786.42909889,70046786.42909889,93904655.96461688
SSP4,"Pacific, Southeast",277,2073,0.7433512440573712,0.7433512440573712,69804142.8340774,69804142.8340774,93904655.96461688
SSP4,"Pacific, Southeast",277,2074,0.7407762591449036,0.7407762591449036,69562339.76175806,69562339.76175806,93904655.96461688
SSP4,"Pacific, Southeast",277,2075,0.7382101940363006,0.7382101940363006,69321374.30055188,69321374.30055188,93904655.96461688
SSP4,"Pacific, Southeast",277,2076,0.73565301783316694,0.73565301783316694,69081243.54895571,69081243.54895571,93904655.96461688
SSP4,"Pacific, Southeast",277,2077,0.7331046997441405,0.7331046997441405,68841944.61551727,68841944.61551727,93904655.96461688
SSP4,"Pacific, Southeast",277,2078,0.7305652090845209,0.7305652090845209,68603474.61880034,68603474.61880034,93904655.96461688
SSP4,"Pacific, Southeast",277,2079,0.7280345152759005,0.7280345152759005,68365830.68735005,68365830.68735005,93904655.96461688
SSP4,"Pacific, Southeast",277,2080,0.7255125878457953,0.7255125878457953,68129009.9596583,68129009.9596583,93904655.96461688
SSP4,"Pacific, Southeast",277,2081,0.7229993964272793,0.7229993964272793,67893009.58412932,67893009.58412932,93904655.96461688
SSP4,"Pacific, Southeast",277,2082,0.7204949107586177,0.7204949107586177,67657826.71904534,67657826.71904534,93904655.96461688
SSP4,"Pacific, Southeast",277,2083,0.7179991006829034,0.7179991006829034,67423458.53253236,67423458.53253236,93904655.96461688
SSP4,"Pacific, Southeast",277,2084,0.7155119361476934,0.7155119361476934,67189902.20252606,67189902.20252606,93904655.96461688
SSP4,"Pacific, Southeast",277,2085,0.7130333872046467,0.7130333872046467,66957154.9167378,66957154.9167378,93904655.96461688
SSP4,"Pacific, Southeast",277,2086,0.7105634240091644,0.7105634240091644,66725213.87262078,66725213.87262078,93904655.96461688
SSP4,"Pacific, Southeast",277,2087,0.7081020168200299,0.7081020168200299,66494076.27733626,66494076.27733626,93904655.96461688
SSP4,"Pacific, Southeast",277,2088,0.7056491359990505,0.7056491359990505,66263739.34771999,66263739.34771999,93904655.96461688
SSP4,"Pacific, Southeast",277,2089,0.7032047520107013,0.7032047520107013,66034200.310248636,66034200.310248636,93904655.96461688
SSP4,"Pacific, Southeast",277,2090,0.7007688354217686,0.7007688354217686,65805456.40100641,65805456.40100641,93904655.96461688
SSP4,"Pacific, Southeast",277,2091,0.6983413569009964,0.6983413569009964,65577504.8656518,65577504.8656518,93904655.96461688
SSP4,"Pacific, Southeast",277,2092,0.6959222872187327,0.6959222872187327,65350342.95938439,65350342.95938439,93904655.96461688
SSP4,"Pacific, Southeast",277,2093,0.6935115972465775,0.6935115972465775,65123967.946911804,65123967.946911804,93904655.96461688
SSP4,"Pacific, Southeast",277,2094,0.6911092579570324,0.6911092579570324,64898377.10241679,64898377.10241679,93904655.96461688
SSP4,"Pacific, Southeast",277,2095,0.6887152404231508,0.6887152404231508,64673567.70952438,64673567.70952438,93904655.96461688
SSP4,"Pacific, Southeast",277,2096,0.6863295158181898,0.6863295158181898,64449537.06126919,64449537.06126919,93904655.96461688
SSP4,"Pacific, Southeast",277,2097,0.6839520554152626,0.6839520554152626,64226282.46006282,64226282.46006282,93904655.96461688
SSP4,"Pacific, Southeast",277,2098,0.6815828305869934,0.6815828305869934,64003801.21766137,64003801.21766137,93904655.96461688
SSP4,"Pacific, Southeast",277,2099,0.6792218128051721,0.6792218128051721,63782090.6551331,63782090.6551331,93904655.96461688
SSP4,"Pacific, Southeast",277,2100,0.6768689736404109,0.6768689736404109,63561148.10282611,63561148.10282611,93904655.96461688
SSP5,"Pacific, Southeast",277,2005,0.9411768673080101,0.9411768673080101,88380889.92641456,88380889.92641456,93904655.96461688
SSP5,"Pacific, Southeast",277,2006,0.9379166101245372,0.9379166101245372,88074736.59724437,88074736.59724437,93904655.96461688
SSP5,"Pacific, Southeast",277,2007,0.9346676465430126,0.9346676465430126,87769643.78987972,87769643.78987972,93904655.96461688
SSP5,"Pacific, Southeast",277,2008,0.9314299374421529,0.9314299374421529,87465607.83064999,87465607.83064999,93904655.96461688
SSP5,"Pacific, Southeast",277,2009,0.9282034438361919,0.9282034438361919,87162625.05861019,87162625.05861019,93904655.96461688
SSP5,"Pacific, Southeast",277,2010,0.9249881268744109,0.9249881268744109,86860691.82549694,86860691.82549694,93904655.96461688
SSP5,"Pacific, Southeast",277,2011,0.9217839478406707,0.9217839478406707,86559804.49568453,86559804.49568453,93904655.96461688
SSP5,"Pacific, Southeast",277,2012,0.9185908681529459,0.9185908681529459,86259959.44614112,86259959.44614112,93904655.96461688
SSP5,"Pacific, Southeast",277,2013,0.9154088493628598,0.9154088493628598,85961153.06638515,85961153.06638515,93904655.96461688
SSP5,"Pacific, Southeast",277,2014,0.9122378531552221,0.9122378531552221,85663381.75844182,85663381.75844182,93904655.96461688
SSP5,"Pacific, Southeast",277,2015,0.9090778413475668,0.9090778413475668,85366641.93679982,85366641.93679982,93904655.96461688
SSP5,"Pacific, Southeast",277,2016,0.905928775889693,0.905928775889693,85070930.02836813,85070930.02836813,93904655.96461688
SSP5,"Pacific, Southeast",277,2017,0.9027906188632063,0.9027906188632063,84776242.47243296,84776242.47243296,93904655.96461688
SSP5,"Pacific, Southeast",277,2018,0.8996633324810629,0.8996633324810629,84482575.72061494,84482575.72061494,93904655.96461688
SSP5,"Pacific, Southeast",277,2019,0.8965468790871135,0.8965468790871135,84189926.23682636,84189926.23682636,93904655.96461688
SSP5,"Pacific, Southeast",277,2020,0.893441221155651,0.893441221155651,83898290.4972286,83898290.4972286,93904655.96461688
SSP5,"Pacific, Southeast",277,2021,0.8903463212909581,0.8903463212909581,83607664.99018967,83607664.99018967,93904655.96461688
SSP5,"Pacific, Southeast",277,2022,0.8872621422268571,0.8872621422268571,83318046.21624199,83318046.21624199,93904655.96461688
SSP5,"Pacific, Southeast",277,2023,0.8841886468262609,0.8841886468262609,83029430.68804017,83029430.68804017,93904655.96461688
SSP5,"Pacific, Southeast",277,2024,0.8811257980807262,0.8811257980807262,82741814.93031907,82741814.93031907,93904655.96461688
SSP5,"Pacific, Southeast",277,2025,0.878073559110008,0.878073559110008,82455195.47985198,82455195.47985198,93904655.96461688
SSP5,"Pacific, Southeast",277,2026,0.8750318931616147,0.8750318931616147,82169568.88540882,82169568.88540882,93904655.96461688
SSP5,"Pacific, Southeast",277,2027,0.8720007636103668,0.8720007636103668,81884931.7077147,81884931.7077147,93904655.96461688
SSP5,"Pacific, Southeast",277,2028,0.8689801339579549,0.8689801339579549,81601280.51940845,81601280.51940845,93904655.96461688
SSP5,"Pacific, Southeast",277,2029,0.8659699678325006,0.8659699678325006,81318611.90500131,81318611.90500131,93904655.96461688
SSP5,"Pacific, Southeast",277,2030,0.8629702289881184,0.8629702289881184,81036922.4608359,81036922.4608359,93904655.96461688
SSP5,"Pacific, Southeast",277,2031,0.85998088130447925,0.85998088130447925,80756208.79504515,80756208.79504515,93904655.96461688
SSP5,"Pacific, Southeast",277,2032,0.8570018887863762,0.8570018887863762,80476467.5275115,80476467.5275115,93904655.96461688
SSP5,"Pacific, Southeast",277,2033,0.8540332155632896,0.8540332155632896,80197695.2898262,80197695.2898262,93904655.96461688
SSP5,"Pacific, Southeast",277,2034,0.8510748258889569,0.8510748258889569,79919888.72524871,79919888.72524871,93904655.96461688
SSP5,"Pacific, Southeast",277,2035,0.8481266841409411,0.8481266841409411,79643044.48866636,79643044.48866636,93904655.96461688
SSP5,"Pacific, Southeast",277,2036,0.845188754820202,0.845188754820202,79367159.24655399,79367159.24655399,93904655.96461688
SSP5,"Pacific, Southeast",277,2037,0.8422610025506686,0.8422610025506686,79092229.67693384,79092229.67693384,93904655.96461688
SSP5,"Pacific, Southeast",277,2038,0.8393433920788143,0.8393433920788143,78818252.46933559,78818252.46933559,93904655.96461688
SSP5,"Pacific, Southeast",277,2039,0.8364358882732303,0.8364358882732303,78545224.32475641,78545224.32475641,93904655.96461688
SSP5,"Pacific, Southeast",277,2040,0.8335384561242047,0.8335384561242047,78273141.95562135,78273141.95562135,93904655.96461688
SSP5,"Pacific, Southeast",277,2041,0.8306510607432995,0.8306510607432995,78002002.08574362,78002002.08574362,93904655.96461688
SSP5,"Pacific, Southeast",277,2042,0.8277736673629312,0.8277736673629312,77731801.45028527,77731801.45028527,93904655.96461688
SSP5,"Pacific, Southeast",277,2043,0.8249062413359519,0.8249062413359519,77462536.79571779,77462536.79571779,93904655.96461688
SSP5,"Pacific, Southeast",277,2044,0.8220487481352322,0.8220487481352322,77194204.87978297,77194204.87978297,93904655.96461688
SSP5,"Pacific, Southeast",277,2045,0.8192011533532455,0.8192011533532455,76926802.47145388,76926802.47145388,93904655.96461688
SSP5,"Pacific, Southeast",277,2046,0.8163634227016535,0.8163634227016535,76660326.35089588,76660326.35089588,93904655.96461688
SSP5,"Pacific, Southeast",277,2047,0.8135355220108935,0.8135355220108935,76394773.30942796,76394773.30942796,93904655.96461688
SSP5,"Pacific, Southeast",277,2048,0.8107174172297669,0.8107174172297669,76130140.14948402,76130140.14948402,93904655.96461688
SSP5,"Pacific, Southeast",277,2049,0.8079090744250292,0.8079090744250292,75866423.68457443,75866423.68457443,93904655.96461688
SSP5,"Pacific, Southeast",277,2050,0.8051104597809814,0.8051104597809814,75603620.73924758,75603620.73924758,93904655.96461688
SSP5,"Pacific, Southeast",277,2051,0.8023215395990629,0.8023215395990629,75341728.14905174,75341728.14905174,93904655.96461688
SSP5,"Pacific, Southeast",277,2052,0.7995422802974453,0.7995422802974453,75080742.76049688,75080742.76049688,93904655.96461688
SSP5,"Pacific, Southeast",277,2053,0.7967726484106291,0.7967726484106291,74820661.43101677,74820661.43101677,93904655.96461688
SSP5,"Pacific, Southeast",277,2054,0.7940126105890393,0.7940126105890393,74561481.02893105,74561481.02893105,93904655.96461688
SSP5,"Pacific, Southeast",277,2055,0.7912621335986249,0.7912621335986249,74303198.43340759,74303198.43340759,93904655.96461688
SSP5,"Pacific, Southeast",277,2056,0.7885211843204583,0.7885211843204583,74045810.53442489,74045810.53442489,93904655.96461688
SSP5,"Pacific, Southeast",277,2057,0.7857897297503365,0.7857897297503365,73789314.23273462,73789314.23273462,93904655.96461688
SSP5,"Pacific, Southeast",277,2058,0.7830677369983838,0.7830677369983838,73533706.43982433,73533706.43982433,93904655.96461688
SSP5,"Pacific, Southeast",277,2059,0.780355173288656,0.780355173288656,73278984.07788023,73278984.07788023,93904655.96461688
SSP5,"Pacific, Southeast",277,2060,0.7776520059587454,0.7776520059587454,73025144.07975018,73025144.07975018,93904655.96461688
SSP5,"Pacific, Southeast",277,2061,0.7749582024593872,0.7749582024593872,72772183.38890667,72772183.38890667,93904655.96461688
SSP5,"Pacific, Southeast",277,2062,0.7722737303540687,0.7722737303540687,72520098.95941012,72520098.95941012,93904655.96461688
SSP5,"Pacific, Southeast",277,2063,0.7695985573186371,0.7695985573186371,72268887.7558721,72268887.7558721,93904655.96461688
SSP5,"Pacific, Southeast",277,2064,0.7669326511409118,0.7669326511409118,72018546.75341886,72018546.75341886,93904655.96461688
SSP5,"Pacific, Southeast",277,2065,0.7642759797202958,0.7642759797202958,71769072.93765488,71769072.93765488,93904655.96461688
SSP5,"Pacific, Southeast",277,2066,0.761628511067389,0.761628511067389,71520463.30462657,71520463.30462657,93904655.96461688
SSP5,"Pacific, Southeast",277,2067,0.7589902133036036,0.7589902133036036,71272714.86078608,71272714.86078608,93904655.96461688
SSP5,"Pacific, Southeast",277,2068,0.7563610546607797,0.7563610546607797,71025824.6229553,71025824.6229553,93904655.96461688
SSP5,"Pacific, Southeast",277,2069,0.7537410034808032,0.7537410034808032,70779789.61828992,70779789.61828992,93904655.96461688
SSP5,"Pacific, Southeast",277,2070,0.7511300282152241,0.7511300282152241,70534606.8842436,70534606.8842436,93904655.96461688
SSP5,"Pacific, Southeast",277,2071,0.7485280974248772,0.7485280974248772,70290273.46853232,70290273.46853232,93904655.96461688
SSP5,"Pacific, Southeast",277,2072,0.7459351797795032,0.7459351797795032,70046786.42909889,70046786.42909889,93904655.96461688
SSP5,"Pacific, Southeast",277,2073,0.7433512440573712,0.7433512440573712,69804142.8340774,69804142.8340774,93904655.96461688
SSP5,"Pacific, Southeast",277,2074,0.7407762591449036,0.7407762591449036,69562339.76175806,69562339.76175806,93904655.96461688
SSP5,"Pacific, Southeast",277,2075,0.7382101940363006,0.7382101940363006,69321374.30055188,69321374.30055188,93904655.96461688
SSP5,"Pacific, Southeast",277,2076,0.73565301783316694,0.73565301783316694,69081243.54895571,69081243.54895571,93904655.96461688
SSP5,"Pacific, Southeast",277,2077,0.7331046997441405,0.7331046997441405,68841944.61551727,68841944.61551727,93904655.96461688
SSP5,"Pacific, Southeast",277,2078,0.7305652090845209,0.7305652090845209,68603474.61880034,68603474.61880034,93904655.96461688
SSP5,"Pacific, Southeast",277,2079,0.7280345152759005,0.7280345152759005,68365830.68735005,68365830.68735005,93904655.96461688
SSP5,"Pacific, Southeast",277,2080,0.7255125878457953,0.7255125878457953,68129009.9596583,68129009.9596583,93904655.96461688
SSP5,"Pacific, Southeast",277,2081,0.7229993964272793,0.7229993964272793,67893009.58412932,67893009.58412932,93904655.96461688
SSP5,"Pacific, Southeast",277,2082,0.7204949107586177,0.7204949107586177,67657826.71904534,67657826.71904534,93904655.96461688
SSP5,"Pacific, Southeast",277,2083,0.7179991006829034,0.7179991006829034,67423458.53253236,67423458.53253236,93904655.96461688
SSP5,"Pacific, Southeast",277,2084,0.7155119361476934,0.7155119361476934,67189902.20252606,67189902.20252606,93904655.96461688
SSP5,"Pacific, Southeast",277,2085,0.7130333872046467,0.7130333872046467,66957154.9167378,66957154.9167378,93904655.96461688
SSP5,"Pacific, Southeast",277,2086,0.7105634240091644,0.7105634240091644,66725213.87262078,66725213.87262078,93904655.96461688
SSP5,"Pacific, Southeast",277,2087,0.7081020168200299,0.7081020168200299,66494076.27733626,66494076.27733626,93904655.96461688
SSP5,"Pacific, Southeast",277,2088,0.7056491359990505,0.7056491359990505,66263739.34771999,66263739.34771999,93904655.96461688
SSP5,"Pacific, Southeast",277,2089,0.7032047520107013,0.7032047520107013,66034200.310248636,66034200.310248636,93904655.96461688
SSP5,"Pacific, Southeast",277,2090,0.7007688354217686,0.7007688354217686,65805456.40100641,65805456.40100641,93904655.96461688
SSP5,"Pacific, Southeast",277,2091,0.6983413569009964,0.6983413569009964,65577504.8656518,65577504.8656518,93904655.96461688
SSP5,"Pacific, Southeast",277,2092,0.6959222872187327,0.6959222872187327,65350342.95938439,65350342.95938439,93904655.96461688
SSP5,"Pacific, Southeast",277,2093,0.6935115972465775,0.6935115972465775,65123967.946911804,65123967.946911804,93904655.96461688
SSP5,"Pacific, Southeast",277,2094,0.6911092579570324,0.6911092579570324,64898377.10241679,64898377.10241679,93904655.96461688
SSP5,"Pacific, Southeast",277,2095,0.6887152404231508,0.6887152404231508,64673567.70952438,64673567.70952438,93904655.96461688
SSP5,"Pacific, Southeast",277,2096,0.6863295158181898,0.6863295158181898,64449537.06126919,64449537.06126919,93904655.96461688
SSP5,"Pacific, Southeast",277,2097,0.6839520554152626,0.6839520554152626,64226282.46006282,64226282.46006282,93904655.96461688
SSP5,"Pacific, Southeast",277,2098,0.6815828305869934,0.6815828305869934,64003801.21766137,64003801.21766137,93904655.96461688
SSP5,"Pacific, Southeast",277,2099,0.6792218128051721,0.6792218128051721,63782090.6551331,63782090.6551331,93904655.96461688
SSP5,"Pacific, Southeast",277,2100,0.6768689736404109,0.6768689736404109,63561148.10282611,63561148.10282611,93904655.96461688
