habitat,habitat_class,pressure,pressure_category,scen_time,color,avg_impact
beach,intertidal-coastal,acidification,climate-change-other,ssp245_current,#C84382FF,0
beach,intertidal-coastal,acidification,climate-change-other,ssp245_medium-term,#C84382FF,0
beach,intertidal-coastal,acidification,climate-change-other,ssp245_near-term,#C84382FF,0
beach,intertidal-coastal,acidification,climate-change-other,ssp585_current,#C84382FF,0
beach,intertidal-coastal,acidification,climate-change-other,ssp585_medium-term,#C84382FF,0
beach,intertidal-coastal,acidification,climate-change-other,ssp585_near-term,#C84382FF,0
beach,intertidal-coastal,air heat index,climate-change-temperature,ssp245_current,#8A0000FF,0.0025313264632049665
beach,intertidal-coastal,air heat index,climate-change-temperature,ssp245_medium-term,#8A0000FF,0.01713145604433844
beach,intertidal-coastal,air heat index,climate-change-temperature,ssp245_near-term,#8A0000FF,0.006773290224072163
beach,intertidal-coastal,air heat index,climate-change-temperature,ssp585_current,#8A0000FF,0.0024502967556785755
beach,intertidal-coastal,air heat index,climate-change-temperature,ssp585_medium-term,#8A0000FF,0.030056263857821796
beach,intertidal-coastal,air heat index,climate-change-temperature,ssp585_near-term,#8A0000FF,0.00801822127495517
beach,intertidal-coastal,coastal disturbance,land-based,ssp245_current,#ECA045FF,0.12077411808496957
beach,intertidal-coastal,coastal disturbance,land-based,ssp245_medium-term,#ECA045FF,0.12425820322828356
beach,intertidal-coastal,coastal disturbance,land-based,ssp245_near-term,#ECA045FF,0.12286990597570588
beach,intertidal-coastal,coastal disturbance,land-based,ssp585_current,#ECA045FF,0.12061487875904536
beach,intertidal-coastal,coastal disturbance,land-based,ssp585_medium-term,#ECA045FF,0.12344974336016928
beach,intertidal-coastal,coastal disturbance,land-based,ssp585_near-term,#ECA045FF,0.12244692247737525
beach,intertidal-coastal,fisheries biomass loss,fisheries,ssp245_current,#4DB0D3FF,0.08634009351961248
beach,intertidal-coastal,fisheries biomass loss,fisheries,ssp245_medium-term,#4DB0D3FF,0.11458354619967445
beach,intertidal-coastal,fisheries biomass loss,fisheries,ssp245_near-term,#4DB0D3FF,0.10316728176103711
beach,intertidal-coastal,fisheries biomass loss,fisheries,ssp585_current,#4DB0D3FF,0.08693331959390571
beach,intertidal-coastal,fisheries biomass loss,fisheries,ssp585_medium-term,#4DB0D3FF,0.12166732605106902
beach,intertidal-coastal,fisheries biomass loss,fisheries,ssp585_near-term,#4DB0D3FF,0.10726488492347075
beach,intertidal-coastal,light pollution,land-based,ssp245_current,#DFC524FF,0.011202602235005877
beach,intertidal-coastal,light pollution,land-based,ssp245_medium-term,#DFC524FF,0.014921708464732081
beach,intertidal-coastal,light pollution,land-based,ssp245_near-term,#DFC524FF,0.012947029580208567
beach,intertidal-coastal,light pollution,land-based,ssp585_current,#DFC524FF,0.011281926448962077
beach,intertidal-coastal,light pollution,land-based,ssp585_medium-term,#DFC524FF,0.016773404747452543
beach,intertidal-coastal,light pollution,land-based,ssp585_near-term,#DFC524FF,0.013513135937683964
beach,intertidal-coastal,nutrient pollution,land-based,ssp245_current,#ED8660FF,0.004761855999552745
beach,intertidal-coastal,nutrient pollution,land-based,ssp245_medium-term,#ED8660FF,0.005540884933629763
beach,intertidal-coastal,nutrient pollution,land-based,ssp245_near-term,#ED8660FF,0.00528580205778848
beach,intertidal-coastal,nutrient pollution,land-based,ssp585_current,#ED8660FF,0.004767666460201192
beach,intertidal-coastal,nutrient pollution,land-based,ssp585_medium-term,#ED8660FF,0.005435996381471731
beach,intertidal-coastal,nutrient pollution,land-based,ssp585_near-term,#ED8660FF,0.005302341027056786
beach,intertidal-coastal,ocean warming,climate-change-temperature,ssp245_current,#3B060AFF,0.02872092878875987
beach,intertidal-coastal,ocean warming,climate-change-temperature,ssp245_medium-term,#3B060AFF,0.07978777537412089
beach,intertidal-coastal,ocean warming,climate-change-temperature,ssp245_near-term,#3B060AFF,0.05090672713221332
beach,intertidal-coastal,ocean warming,climate-change-temperature,ssp585_current,#3B060AFF,0.02888653764118047
beach,intertidal-coastal,ocean warming,climate-change-temperature,ssp585_medium-term,#3B060AFF,0.09487732071874636
beach,intertidal-coastal,ocean warming,climate-change-temperature,ssp585_near-term,#3B060AFF,0.046388819737220116
beach,intertidal-coastal,primary productivity,productivity,ssp245_current,#A1BE79FF,9.215501157505098e-4
beach,intertidal-coastal,primary productivity,productivity,ssp245_medium-term,#A1BE79FF,0.0062573525821006904
beach,intertidal-coastal,primary productivity,productivity,ssp245_near-term,#A1BE79FF,0.004194560098974645
beach,intertidal-coastal,primary productivity,productivity,ssp585_current,#A1BE79FF,9.112182463471178e-4
beach,intertidal-coastal,primary productivity,productivity,ssp585_medium-term,#A1BE79FF,0.006738316225609161
beach,intertidal-coastal,primary productivity,productivity,ssp585_near-term,#A1BE79FF,0.004367058737115751
beach,intertidal-coastal,reduced oxygen,climate-change-other,ssp245_current,#E95D93FF,8.66501863062619e-4
beach,intertidal-coastal,reduced oxygen,climate-change-other,ssp245_medium-term,#E95D93FF,0.0029882155631597157
beach,intertidal-coastal,reduced oxygen,climate-change-other,ssp245_near-term,#E95D93FF,0.001669627947157761
beach,intertidal-coastal,reduced oxygen,climate-change-other,ssp585_current,#E95D93FF,8.66501863062619e-4
beach,intertidal-coastal,reduced oxygen,climate-change-other,ssp585_medium-term,#E95D93FF,0.004156222022716775
beach,intertidal-coastal,reduced oxygen,climate-change-other,ssp585_near-term,#E95D93FF,0.0017750668485430334
beach,intertidal-coastal,sea level rise,climate-change-other,ssp245_current,#9F2C6CFF,0.03700539074038762
beach,intertidal-coastal,sea level rise,climate-change-other,ssp245_medium-term,#9F2C6CFF,0.10916243596312872
beach,intertidal-coastal,sea level rise,climate-change-other,ssp245_near-term,#9F2C6CFF,0.03700539074038762
beach,intertidal-coastal,sea level rise,climate-change-other,ssp585_current,#9F2C6CFF,0.0470856577055215
beach,intertidal-coastal,sea level rise,climate-change-other,ssp585_medium-term,#9F2C6CFF,0.16967360702940848
beach,intertidal-coastal,sea level rise,climate-change-other,ssp585_near-term,#9F2C6CFF,0.0470856577055215
coral reef,intertidal-coastal,acidification,climate-change-other,ssp245_current,#C84382FF,9.55364652165597e-5
coral reef,intertidal-coastal,acidification,climate-change-other,ssp245_medium-term,#C84382FF,0.0012783707274868072
coral reef,intertidal-coastal,acidification,climate-change-other,ssp245_near-term,#C84382FF,2.3639746270206054e-4
coral reef,intertidal-coastal,acidification,climate-change-other,ssp585_current,#C84382FF,9.983361717318986e-5
coral reef,intertidal-coastal,acidification,climate-change-other,ssp585_medium-term,#C84382FF,0.008656720573964796
coral reef,intertidal-coastal,acidification,climate-change-other,ssp585_near-term,#C84382FF,2.7231609293193405e-4
coral reef,intertidal-coastal,air heat index,climate-change-temperature,ssp245_current,#8A0000FF,0
coral reef,intertidal-coastal,air heat index,climate-change-temperature,ssp245_medium-term,#8A0000FF,0
coral reef,intertidal-coastal,air heat index,climate-change-temperature,ssp245_near-term,#8A0000FF,0
coral reef,intertidal-coastal,air heat index,climate-change-temperature,ssp585_current,#8A0000FF,0
coral reef,intertidal-coastal,air heat index,climate-change-temperature,ssp585_medium-term,#8A0000FF,0
coral reef,intertidal-coastal,air heat index,climate-change-temperature,ssp585_near-term,#8A0000FF,0
coral reef,intertidal-coastal,coastal disturbance,land-based,ssp245_current,#ECA045FF,0.06534787711930258
coral reef,intertidal-coastal,coastal disturbance,land-based,ssp245_medium-term,#ECA045FF,0.06745625430243181
coral reef,intertidal-coastal,coastal disturbance,land-based,ssp245_near-term,#ECA045FF,0.06667400110129673
coral reef,intertidal-coastal,coastal disturbance,land-based,ssp585_current,#ECA045FF,0.06500428408139998
coral reef,intertidal-coastal,coastal disturbance,land-based,ssp585_medium-term,#ECA045FF,0.06532957301090538
coral reef,intertidal-coastal,coastal disturbance,land-based,ssp585_near-term,#ECA045FF,0.06568202929730578
coral reef,intertidal-coastal,fisheries biomass loss,fisheries,ssp245_current,#4DB0D3FF,0.1381873617339375
coral reef,intertidal-coastal,fisheries biomass loss,fisheries,ssp245_medium-term,#4DB0D3FF,0.20829260544467357
coral reef,intertidal-coastal,fisheries biomass loss,fisheries,ssp245_near-term,#4DB0D3FF,0.1777041907177737
coral reef,intertidal-coastal,fisheries biomass loss,fisheries,ssp585_current,#4DB0D3FF,0.14125204619181334
coral reef,intertidal-coastal,fisheries biomass loss,fisheries,ssp585_medium-term,#4DB0D3FF,0.23363449070941028
coral reef,intertidal-coastal,fisheries biomass loss,fisheries,ssp585_near-term,#4DB0D3FF,0.19267445599766791
coral reef,intertidal-coastal,light pollution,land-based,ssp245_current,#DFC524FF,0.0012394463502020743
coral reef,intertidal-coastal,light pollution,land-based,ssp245_medium-term,#DFC524FF,0.002070158382629586
coral reef,intertidal-coastal,light pollution,land-based,ssp245_near-term,#DFC524FF,0.0016102910062998058
coral reef,intertidal-coastal,light pollution,land-based,ssp585_current,#DFC524FF,0.0012514743541775378
coral reef,intertidal-coastal,light pollution,land-based,ssp585_medium-term,#DFC524FF,0.002479598561521888
coral reef,intertidal-coastal,light pollution,land-based,ssp585_near-term,#DFC524FF,0.001727143889673236
coral reef,intertidal-coastal,nutrient pollution,land-based,ssp245_current,#ED8660FF,0.003770505163900569
coral reef,intertidal-coastal,nutrient pollution,land-based,ssp245_medium-term,#ED8660FF,0.005552217875736064
coral reef,intertidal-coastal,nutrient pollution,land-based,ssp245_near-term,#ED8660FF,0.0047881340900456665
coral reef,intertidal-coastal,nutrient pollution,land-based,ssp585_current,#ED8660FF,0.0037802519865929823
coral reef,intertidal-coastal,nutrient pollution,land-based,ssp585_medium-term,#ED8660FF,0.0054160965424354885
coral reef,intertidal-coastal,nutrient pollution,land-based,ssp585_near-term,#ED8660FF,0.004836079270803562
coral reef,intertidal-coastal,ocean warming,climate-change-temperature,ssp245_current,#3B060AFF,0.09741654238071239
coral reef,intertidal-coastal,ocean warming,climate-change-temperature,ssp245_medium-term,#3B060AFF,0.33048831530181066
coral reef,intertidal-coastal,ocean warming,climate-change-temperature,ssp245_near-term,#3B060AFF,0.1965337621355232
coral reef,intertidal-coastal,ocean warming,climate-change-temperature,ssp585_current,#3B060AFF,0.10882681952115927
coral reef,intertidal-coastal,ocean warming,climate-change-temperature,ssp585_medium-term,#3B060AFF,0.4210090042211679
coral reef,intertidal-coastal,ocean warming,climate-change-temperature,ssp585_near-term,#3B060AFF,0.22004539516358618
coral reef,intertidal-coastal,primary productivity,productivity,ssp245_current,#A1BE79FF,0.001290150589590493
coral reef,intertidal-coastal,primary productivity,productivity,ssp245_medium-term,#A1BE79FF,0.007749417726077665
coral reef,intertidal-coastal,primary productivity,productivity,ssp245_near-term,#A1BE79FF,0.005868278792634443
coral reef,intertidal-coastal,primary productivity,productivity,ssp585_current,#A1BE79FF,0.0012669374058715587
coral reef,intertidal-coastal,primary productivity,productivity,ssp585_medium-term,#A1BE79FF,0.009043637412504779
coral reef,intertidal-coastal,primary productivity,productivity,ssp585_near-term,#A1BE79FF,0.00565124561263941
coral reef,intertidal-coastal,reduced oxygen,climate-change-other,ssp245_current,#E95D93FF,2.5501840090531234e-4
coral reef,intertidal-coastal,reduced oxygen,climate-change-other,ssp245_medium-term,#E95D93FF,0.0024729323055356755
coral reef,intertidal-coastal,reduced oxygen,climate-change-other,ssp245_near-term,#E95D93FF,0.0010188520471431503
coral reef,intertidal-coastal,reduced oxygen,climate-change-other,ssp585_current,#E95D93FF,2.5501840090531234e-4
coral reef,intertidal-coastal,reduced oxygen,climate-change-other,ssp585_medium-term,#E95D93FF,0.003573343358232627
coral reef,intertidal-coastal,reduced oxygen,climate-change-other,ssp585_near-term,#E95D93FF,0.0011541618062445478
coral reef,intertidal-coastal,sea level rise,climate-change-other,ssp245_current,#9F2C6CFF,0.013170439370360472
coral reef,intertidal-coastal,sea level rise,climate-change-other,ssp245_medium-term,#9F2C6CFF,0.06251124863422397
coral reef,intertidal-coastal,sea level rise,climate-change-other,ssp245_near-term,#9F2C6CFF,0.013170439370360472
coral reef,intertidal-coastal,sea level rise,climate-change-other,ssp585_current,#9F2C6CFF,0.01952825205237766
coral reef,intertidal-coastal,sea level rise,climate-change-other,ssp585_medium-term,#9F2C6CFF,0.10069020042528512
coral reef,intertidal-coastal,sea level rise,climate-change-other,ssp585_near-term,#9F2C6CFF,0.01952825205237766
deep hard-bottom,offshore,acidification,climate-change-other,ssp245_current,#C84382FF,0.0801649669835005
deep hard-bottom,offshore,acidification,climate-change-other,ssp245_medium-term,#C84382FF,0.14156748053374243
deep hard-bottom,offshore,acidification,climate-change-other,ssp245_near-term,#C84382FF,0.1061338493805176
deep hard-bottom,offshore,acidification,climate-change-other,ssp585_current,#C84382FF,0.07983269948394511
deep hard-bottom,offshore,acidification,climate-change-other,ssp585_medium-term,#C84382FF,0.1829102601180244
deep hard-bottom,offshore,acidification,climate-change-other,ssp585_near-term,#C84382FF,0.11390476326367287
deep hard-bottom,offshore,air heat index,climate-change-temperature,ssp245_current,#8A0000FF,0
deep hard-bottom,offshore,air heat index,climate-change-temperature,ssp245_medium-term,#8A0000FF,0
deep hard-bottom,offshore,air heat index,climate-change-temperature,ssp245_near-term,#8A0000FF,0
deep hard-bottom,offshore,air heat index,climate-change-temperature,ssp585_current,#8A0000FF,0
deep hard-bottom,offshore,air heat index,climate-change-temperature,ssp585_medium-term,#8A0000FF,0
deep hard-bottom,offshore,air heat index,climate-change-temperature,ssp585_near-term,#8A0000FF,0
deep hard-bottom,offshore,coastal disturbance,land-based,ssp245_current,#ECA045FF,0
deep hard-bottom,offshore,coastal disturbance,land-based,ssp245_medium-term,#ECA045FF,0
deep hard-bottom,offshore,coastal disturbance,land-based,ssp245_near-term,#ECA045FF,0
deep hard-bottom,offshore,coastal disturbance,land-based,ssp585_current,#ECA045FF,0
deep hard-bottom,offshore,coastal disturbance,land-based,ssp585_medium-term,#ECA045FF,0
deep hard-bottom,offshore,coastal disturbance,land-based,ssp585_near-term,#ECA045FF,0
deep hard-bottom,offshore,fisheries biomass loss,fisheries,ssp245_current,#4DB0D3FF,0.017982400358754928
deep hard-bottom,offshore,fisheries biomass loss,fisheries,ssp245_medium-term,#4DB0D3FF,0.03150254502300961
deep hard-bottom,offshore,fisheries biomass loss,fisheries,ssp245_near-term,#4DB0D3FF,0.025183486930202514
deep hard-bottom,offshore,fisheries biomass loss,fisheries,ssp585_current,#4DB0D3FF,0.018287505618177675
deep hard-bottom,offshore,fisheries biomass loss,fisheries,ssp585_medium-term,#4DB0D3FF,0.034691377473070335
deep hard-bottom,offshore,fisheries biomass loss,fisheries,ssp585_near-term,#4DB0D3FF,0.026918509837587267
deep hard-bottom,offshore,light pollution,land-based,ssp245_current,#DFC524FF,0
deep hard-bottom,offshore,light pollution,land-based,ssp245_medium-term,#DFC524FF,0
deep hard-bottom,offshore,light pollution,land-based,ssp245_near-term,#DFC524FF,0
deep hard-bottom,offshore,light pollution,land-based,ssp585_current,#DFC524FF,0
deep hard-bottom,offshore,light pollution,land-based,ssp585_medium-term,#DFC524FF,0
deep hard-bottom,offshore,light pollution,land-based,ssp585_near-term,#DFC524FF,0
deep hard-bottom,offshore,nutrient pollution,land-based,ssp245_current,#ED8660FF,0
deep hard-bottom,offshore,nutrient pollution,land-based,ssp245_medium-term,#ED8660FF,0
deep hard-bottom,offshore,nutrient pollution,land-based,ssp245_near-term,#ED8660FF,0
deep hard-bottom,offshore,nutrient pollution,land-based,ssp585_current,#ED8660FF,0
deep hard-bottom,offshore,nutrient pollution,land-based,ssp585_medium-term,#ED8660FF,0
deep hard-bottom,offshore,nutrient pollution,land-based,ssp585_near-term,#ED8660FF,0
deep hard-bottom,offshore,ocean warming,climate-change-temperature,ssp245_current,#3B060AFF,0.07757016350451557
deep hard-bottom,offshore,ocean warming,climate-change-temperature,ssp245_medium-term,#3B060AFF,0.11687101633872646
deep hard-bottom,offshore,ocean warming,climate-change-temperature,ssp245_near-term,#3B060AFF,0.08786843117792419
deep hard-bottom,offshore,ocean warming,climate-change-temperature,ssp585_current,#3B060AFF,0.07757016350451557
deep hard-bottom,offshore,ocean warming,climate-change-temperature,ssp585_medium-term,#3B060AFF,0.11841429523564424
deep hard-bottom,offshore,ocean warming,climate-change-temperature,ssp585_near-term,#3B060AFF,0.08879313333266901
deep hard-bottom,offshore,primary productivity,productivity,ssp245_current,#A1BE79FF,0.008305102480081218
deep hard-bottom,offshore,primary productivity,productivity,ssp245_medium-term,#A1BE79FF,0.02934192617169199
deep hard-bottom,offshore,primary productivity,productivity,ssp245_near-term,#A1BE79FF,0.022251364201724126
deep hard-bottom,offshore,primary productivity,productivity,ssp585_current,#A1BE79FF,0.008256337998009896
deep hard-bottom,offshore,primary productivity,productivity,ssp585_medium-term,#A1BE79FF,0.03358630251223189
deep hard-bottom,offshore,primary productivity,productivity,ssp585_near-term,#A1BE79FF,0.022866100713769804
deep hard-bottom,offshore,reduced oxygen,climate-change-other,ssp245_current,#E95D93FF,0.009199203367636752
deep hard-bottom,offshore,reduced oxygen,climate-change-other,ssp245_medium-term,#E95D93FF,0.013353456035052856
deep hard-bottom,offshore,reduced oxygen,climate-change-other,ssp245_near-term,#E95D93FF,0.010464910617349426
deep hard-bottom,offshore,reduced oxygen,climate-change-other,ssp585_current,#E95D93FF,0.009199203367636752
deep hard-bottom,offshore,reduced oxygen,climate-change-other,ssp585_medium-term,#E95D93FF,0.01256350460245832
deep hard-bottom,offshore,reduced oxygen,climate-change-other,ssp585_near-term,#E95D93FF,0.010332111601203935
deep hard-bottom,offshore,sea level rise,climate-change-other,ssp245_current,#9F2C6CFF,0
deep hard-bottom,offshore,sea level rise,climate-change-other,ssp245_medium-term,#9F2C6CFF,0
deep hard-bottom,offshore,sea level rise,climate-change-other,ssp245_near-term,#9F2C6CFF,0
deep hard-bottom,offshore,sea level rise,climate-change-other,ssp585_current,#9F2C6CFF,0
deep hard-bottom,offshore,sea level rise,climate-change-other,ssp585_medium-term,#9F2C6CFF,0
deep hard-bottom,offshore,sea level rise,climate-change-other,ssp585_near-term,#9F2C6CFF,0
deep soft-bottom,offshore,acidification,climate-change-other,ssp245_current,#C84382FF,0.0718368552172642
deep soft-bottom,offshore,acidification,climate-change-other,ssp245_medium-term,#C84382FF,0.12848880465993462
deep soft-bottom,offshore,acidification,climate-change-other,ssp245_near-term,#C84382FF,0.09601258623134135
deep soft-bottom,offshore,acidification,climate-change-other,ssp585_current,#C84382FF,0.07151957925903867
deep soft-bottom,offshore,acidification,climate-change-other,ssp585_medium-term,#C84382FF,0.16635104069894202
deep soft-bottom,offshore,acidification,climate-change-other,ssp585_near-term,#C84382FF,0.10264571258681508
deep soft-bottom,offshore,air heat index,climate-change-temperature,ssp245_current,#8A0000FF,0
deep soft-bottom,offshore,air heat index,climate-change-temperature,ssp245_medium-term,#8A0000FF,0
deep soft-bottom,offshore,air heat index,climate-change-temperature,ssp245_near-term,#8A0000FF,0
deep soft-bottom,offshore,air heat index,climate-change-temperature,ssp585_current,#8A0000FF,0
deep soft-bottom,offshore,air heat index,climate-change-temperature,ssp585_medium-term,#8A0000FF,0
deep soft-bottom,offshore,air heat index,climate-change-temperature,ssp585_near-term,#8A0000FF,0
deep soft-bottom,offshore,coastal disturbance,land-based,ssp245_current,#ECA045FF,2.053934311405468e-5
deep soft-bottom,offshore,coastal disturbance,land-based,ssp245_medium-term,#ECA045FF,2.0810219091156335e-5
deep soft-bottom,offshore,coastal disturbance,land-based,ssp245_near-term,#ECA045FF,2.080693962881668e-5
deep soft-bottom,offshore,coastal disturbance,land-based,ssp585_current,#ECA045FF,2.0434646224900605e-5
deep soft-bottom,offshore,coastal disturbance,land-based,ssp585_medium-term,#ECA045FF,2.01434462068174e-5
deep soft-bottom,offshore,coastal disturbance,land-based,ssp585_near-term,#ECA045FF,2.047607926623728e-5
deep soft-bottom,offshore,fisheries biomass loss,fisheries,ssp245_current,#4DB0D3FF,0.018917431796566908
deep soft-bottom,offshore,fisheries biomass loss,fisheries,ssp245_medium-term,#4DB0D3FF,0.033712895496641374
deep soft-bottom,offshore,fisheries biomass loss,fisheries,ssp245_near-term,#4DB0D3FF,0.02686525458124641
deep soft-bottom,offshore,fisheries biomass loss,fisheries,ssp585_current,#4DB0D3FF,0.01907502540038236
deep soft-bottom,offshore,fisheries biomass loss,fisheries,ssp585_medium-term,#4DB0D3FF,0.03531798258277466
deep soft-bottom,offshore,fisheries biomass loss,fisheries,ssp585_near-term,#4DB0D3FF,0.027777639259273634
deep soft-bottom,offshore,light pollution,land-based,ssp245_current,#DFC524FF,0
deep soft-bottom,offshore,light pollution,land-based,ssp245_medium-term,#DFC524FF,0
deep soft-bottom,offshore,light pollution,land-based,ssp245_near-term,#DFC524FF,0
deep soft-bottom,offshore,light pollution,land-based,ssp585_current,#DFC524FF,0
deep soft-bottom,offshore,light pollution,land-based,ssp585_medium-term,#DFC524FF,0
deep soft-bottom,offshore,light pollution,land-based,ssp585_near-term,#DFC524FF,0
deep soft-bottom,offshore,nutrient pollution,land-based,ssp245_current,#ED8660FF,5.122293436390034e-7
deep soft-bottom,offshore,nutrient pollution,land-based,ssp245_medium-term,#ED8660FF,6.586784060377324e-7
deep soft-bottom,offshore,nutrient pollution,land-based,ssp245_near-term,#ED8660FF,6.604934581666635e-7
deep soft-bottom,offshore,nutrient pollution,land-based,ssp585_current,#ED8660FF,5.126527980847119e-7
deep soft-bottom,offshore,nutrient pollution,land-based,ssp585_medium-term,#ED8660FF,6.942673574803688e-7
deep soft-bottom,offshore,nutrient pollution,land-based,ssp585_near-term,#ED8660FF,6.578689543909612e-7
deep soft-bottom,offshore,ocean warming,climate-change-temperature,ssp245_current,#3B060AFF,0.12054099113370648
deep soft-bottom,offshore,ocean warming,climate-change-temperature,ssp245_medium-term,#3B060AFF,0.23225266370693068
deep soft-bottom,offshore,ocean warming,climate-change-temperature,ssp245_near-term,#3B060AFF,0.15886123432404645
deep soft-bottom,offshore,ocean warming,climate-change-temperature,ssp585_current,#3B060AFF,0.12054099113370648
deep soft-bottom,offshore,ocean warming,climate-change-temperature,ssp585_medium-term,#3B060AFF,0.23320918254916143
deep soft-bottom,offshore,ocean warming,climate-change-temperature,ssp585_near-term,#3B060AFF,0.15949661957502553
deep soft-bottom,offshore,primary productivity,productivity,ssp245_current,#A1BE79FF,0.009103936498419422
deep soft-bottom,offshore,primary productivity,productivity,ssp245_medium-term,#A1BE79FF,0.029553012938701585
deep soft-bottom,offshore,primary productivity,productivity,ssp245_near-term,#A1BE79FF,0.023843430778898226
deep soft-bottom,offshore,primary productivity,productivity,ssp585_current,#A1BE79FF,0.009118885038361061
deep soft-bottom,offshore,primary productivity,productivity,ssp585_medium-term,#A1BE79FF,0.035376412444780875
deep soft-bottom,offshore,primary productivity,productivity,ssp585_near-term,#A1BE79FF,0.024989898158162223
deep soft-bottom,offshore,reduced oxygen,climate-change-other,ssp245_current,#E95D93FF,0.009728629750334486
deep soft-bottom,offshore,reduced oxygen,climate-change-other,ssp245_medium-term,#E95D93FF,0.014168153194382905
deep soft-bottom,offshore,reduced oxygen,climate-change-other,ssp245_near-term,#E95D93FF,0.011161481759791227
deep soft-bottom,offshore,reduced oxygen,climate-change-other,ssp585_current,#E95D93FF,0.009728629750334486
deep soft-bottom,offshore,reduced oxygen,climate-change-other,ssp585_medium-term,#E95D93FF,0.013063637726151238
deep soft-bottom,offshore,reduced oxygen,climate-change-other,ssp585_near-term,#E95D93FF,0.010853351379705703
deep soft-bottom,offshore,sea level rise,climate-change-other,ssp245_current,#9F2C6CFF,0
deep soft-bottom,offshore,sea level rise,climate-change-other,ssp245_medium-term,#9F2C6CFF,0
deep soft-bottom,offshore,sea level rise,climate-change-other,ssp245_near-term,#9F2C6CFF,0
deep soft-bottom,offshore,sea level rise,climate-change-other,ssp585_current,#9F2C6CFF,0
deep soft-bottom,offshore,sea level rise,climate-change-other,ssp585_medium-term,#9F2C6CFF,0
deep soft-bottom,offshore,sea level rise,climate-change-other,ssp585_near-term,#9F2C6CFF,0
deep pelagic,offshore,acidification,climate-change-other,ssp245_current,#C84382FF,0
deep pelagic,offshore,acidification,climate-change-other,ssp245_medium-term,#C84382FF,0
deep pelagic,offshore,acidification,climate-change-other,ssp245_near-term,#C84382FF,0
deep pelagic,offshore,acidification,climate-change-other,ssp585_current,#C84382FF,0
deep pelagic,offshore,acidification,climate-change-other,ssp585_medium-term,#C84382FF,0
deep pelagic,offshore,acidification,climate-change-other,ssp585_near-term,#C84382FF,0
deep pelagic,offshore,air heat index,climate-change-temperature,ssp245_current,#8A0000FF,0
deep pelagic,offshore,air heat index,climate-change-temperature,ssp245_medium-term,#8A0000FF,0
deep pelagic,offshore,air heat index,climate-change-temperature,ssp245_near-term,#8A0000FF,0
deep pelagic,offshore,air heat index,climate-change-temperature,ssp585_current,#8A0000FF,0
deep pelagic,offshore,air heat index,climate-change-temperature,ssp585_medium-term,#8A0000FF,0
deep pelagic,offshore,air heat index,climate-change-temperature,ssp585_near-term,#8A0000FF,0
deep pelagic,offshore,coastal disturbance,land-based,ssp245_current,#ECA045FF,0
deep pelagic,offshore,coastal disturbance,land-based,ssp245_medium-term,#ECA045FF,0
deep pelagic,offshore,coastal disturbance,land-based,ssp245_near-term,#ECA045FF,0
deep pelagic,offshore,coastal disturbance,land-based,ssp585_current,#ECA045FF,0
deep pelagic,offshore,coastal disturbance,land-based,ssp585_medium-term,#ECA045FF,0
deep pelagic,offshore,coastal disturbance,land-based,ssp585_near-term,#ECA045FF,0
deep pelagic,offshore,fisheries biomass loss,fisheries,ssp245_current,#4DB0D3FF,0.07997550582895707
deep pelagic,offshore,fisheries biomass loss,fisheries,ssp245_medium-term,#4DB0D3FF,0.1335006733130518
deep pelagic,offshore,fisheries biomass loss,fisheries,ssp245_near-term,#4DB0D3FF,0.10907956859856717
deep pelagic,offshore,fisheries biomass loss,fisheries,ssp585_current,#4DB0D3FF,0.08066950917664832
deep pelagic,offshore,fisheries biomass loss,fisheries,ssp585_medium-term,#4DB0D3FF,0.14061491994633624
deep pelagic,offshore,fisheries biomass loss,fisheries,ssp585_near-term,#4DB0D3FF,0.11315617036940058
deep pelagic,offshore,light pollution,land-based,ssp245_current,#DFC524FF,0
deep pelagic,offshore,light pollution,land-based,ssp245_medium-term,#DFC524FF,0
deep pelagic,offshore,light pollution,land-based,ssp245_near-term,#DFC524FF,0
deep pelagic,offshore,light pollution,land-based,ssp585_current,#DFC524FF,0
deep pelagic,offshore,light pollution,land-based,ssp585_medium-term,#DFC524FF,0
deep pelagic,offshore,light pollution,land-based,ssp585_near-term,#DFC524FF,0
deep pelagic,offshore,nutrient pollution,land-based,ssp245_current,#ED8660FF,0
deep pelagic,offshore,nutrient pollution,land-based,ssp245_medium-term,#ED8660FF,0
deep pelagic,offshore,nutrient pollution,land-based,ssp245_near-term,#ED8660FF,0
deep pelagic,offshore,nutrient pollution,land-based,ssp585_current,#ED8660FF,0
deep pelagic,offshore,nutrient pollution,land-based,ssp585_medium-term,#ED8660FF,0
deep pelagic,offshore,nutrient pollution,land-based,ssp585_near-term,#ED8660FF,0
deep pelagic,offshore,ocean warming,climate-change-temperature,ssp245_current,#3B060AFF,0.07117803141318556
deep pelagic,offshore,ocean warming,climate-change-temperature,ssp245_medium-term,#3B060AFF,0.25015597079442004
deep pelagic,offshore,ocean warming,climate-change-temperature,ssp245_near-term,#3B060AFF,0.1311293636868972
deep pelagic,offshore,ocean warming,climate-change-temperature,ssp585_current,#3B060AFF,0.06949749659347725
deep pelagic,offshore,ocean warming,climate-change-temperature,ssp585_medium-term,#3B060AFF,0.3310455559403439
deep pelagic,offshore,ocean warming,climate-change-temperature,ssp585_near-term,#3B060AFF,0.1507348742008778
deep pelagic,offshore,primary productivity,productivity,ssp245_current,#A1BE79FF,0.01096889660255316
deep pelagic,offshore,primary productivity,productivity,ssp245_medium-term,#A1BE79FF,0.03738391825839647
deep pelagic,offshore,primary productivity,productivity,ssp245_near-term,#A1BE79FF,0.029673384054129556
deep pelagic,offshore,primary productivity,productivity,ssp585_current,#A1BE79FF,0.010972660637576447
deep pelagic,offshore,primary productivity,productivity,ssp585_medium-term,#A1BE79FF,0.044407362832949986
deep pelagic,offshore,primary productivity,productivity,ssp585_near-term,#A1BE79FF,0.031096138555204794
deep pelagic,offshore,reduced oxygen,climate-change-other,ssp245_current,#E95D93FF,0.021284565093727528
deep pelagic,offshore,reduced oxygen,climate-change-other,ssp245_medium-term,#E95D93FF,0.027133288884333435
deep pelagic,offshore,reduced oxygen,climate-change-other,ssp245_near-term,#E95D93FF,0.023245090358753235
deep pelagic,offshore,reduced oxygen,climate-change-other,ssp585_current,#E95D93FF,0.021284565093727528
deep pelagic,offshore,reduced oxygen,climate-change-other,ssp585_medium-term,#E95D93FF,0.026531446073557903
deep pelagic,offshore,reduced oxygen,climate-change-other,ssp585_near-term,#E95D93FF,0.023028628683297202
deep pelagic,offshore,sea level rise,climate-change-other,ssp245_current,#9F2C6CFF,0
deep pelagic,offshore,sea level rise,climate-change-other,ssp245_medium-term,#9F2C6CFF,0
deep pelagic,offshore,sea level rise,climate-change-other,ssp245_near-term,#9F2C6CFF,0
deep pelagic,offshore,sea level rise,climate-change-other,ssp585_current,#9F2C6CFF,0
deep pelagic,offshore,sea level rise,climate-change-other,ssp585_medium-term,#9F2C6CFF,0
deep pelagic,offshore,sea level rise,climate-change-other,ssp585_near-term,#9F2C6CFF,0
hard shelf,offshore,acidification,climate-change-other,ssp245_current,#C84382FF,0.045615477187102293
hard shelf,offshore,acidification,climate-change-other,ssp245_medium-term,#C84382FF,0.08362406250050133
hard shelf,offshore,acidification,climate-change-other,ssp245_near-term,#C84382FF,0.06292043395517985
hard shelf,offshore,acidification,climate-change-other,ssp585_current,#C84382FF,0.0448538571950541
hard shelf,offshore,acidification,climate-change-other,ssp585_medium-term,#C84382FF,0.11504704659892138
hard shelf,offshore,acidification,climate-change-other,ssp585_near-term,#C84382FF,0.0667942007746687
hard shelf,offshore,air heat index,climate-change-temperature,ssp245_current,#8A0000FF,0
hard shelf,offshore,air heat index,climate-change-temperature,ssp245_medium-term,#8A0000FF,0
hard shelf,offshore,air heat index,climate-change-temperature,ssp245_near-term,#8A0000FF,0
hard shelf,offshore,air heat index,climate-change-temperature,ssp585_current,#8A0000FF,0
hard shelf,offshore,air heat index,climate-change-temperature,ssp585_medium-term,#8A0000FF,0
hard shelf,offshore,air heat index,climate-change-temperature,ssp585_near-term,#8A0000FF,0
hard shelf,offshore,coastal disturbance,land-based,ssp245_current,#ECA045FF,0.046490238533601624
hard shelf,offshore,coastal disturbance,land-based,ssp245_medium-term,#ECA045FF,0.047337210554816885
hard shelf,offshore,coastal disturbance,land-based,ssp245_near-term,#ECA045FF,0.047069596102922696
hard shelf,offshore,coastal disturbance,land-based,ssp585_current,#ECA045FF,0.046313839805433375
hard shelf,offshore,coastal disturbance,land-based,ssp585_medium-term,#ECA045FF,0.04630338781949105
hard shelf,offshore,coastal disturbance,land-based,ssp585_near-term,#ECA045FF,0.04656636724103216
hard shelf,offshore,fisheries biomass loss,fisheries,ssp245_current,#4DB0D3FF,0.23547776752780325
hard shelf,offshore,fisheries biomass loss,fisheries,ssp245_medium-term,#4DB0D3FF,0.3297048077953944
hard shelf,offshore,fisheries biomass loss,fisheries,ssp245_near-term,#4DB0D3FF,0.2923159189935748
hard shelf,offshore,fisheries biomass loss,fisheries,ssp585_current,#4DB0D3FF,0.23635823739426137
hard shelf,offshore,fisheries biomass loss,fisheries,ssp585_medium-term,#4DB0D3FF,0.33856663115913743
hard shelf,offshore,fisheries biomass loss,fisheries,ssp585_near-term,#4DB0D3FF,0.297846903331521
hard shelf,offshore,light pollution,land-based,ssp245_current,#DFC524FF,0
hard shelf,offshore,light pollution,land-based,ssp245_medium-term,#DFC524FF,0
hard shelf,offshore,light pollution,land-based,ssp245_near-term,#DFC524FF,0
hard shelf,offshore,light pollution,land-based,ssp585_current,#DFC524FF,0
hard shelf,offshore,light pollution,land-based,ssp585_medium-term,#DFC524FF,0
hard shelf,offshore,light pollution,land-based,ssp585_near-term,#DFC524FF,0
hard shelf,offshore,nutrient pollution,land-based,ssp245_current,#ED8660FF,0.005479986751792653
hard shelf,offshore,nutrient pollution,land-based,ssp245_medium-term,#ED8660FF,0.007205986008488595
hard shelf,offshore,nutrient pollution,land-based,ssp245_near-term,#ED8660FF,0.006505816439828154
hard shelf,offshore,nutrient pollution,land-based,ssp585_current,#ED8660FF,0.005490369528341116
hard shelf,offshore,nutrient pollution,land-based,ssp585_medium-term,#ED8660FF,0.007115627062298952
hard shelf,offshore,nutrient pollution,land-based,ssp585_near-term,#ED8660FF,0.0066620079036420095
hard shelf,offshore,ocean warming,climate-change-temperature,ssp245_current,#3B060AFF,0.03502660779383485
hard shelf,offshore,ocean warming,climate-change-temperature,ssp245_medium-term,#3B060AFF,0.13665556239673443
hard shelf,offshore,ocean warming,climate-change-temperature,ssp245_near-term,#3B060AFF,0.0725126748391597
hard shelf,offshore,ocean warming,climate-change-temperature,ssp585_current,#3B060AFF,0.03502660779383485
hard shelf,offshore,ocean warming,climate-change-temperature,ssp585_medium-term,#3B060AFF,0.17087898892272885
hard shelf,offshore,ocean warming,climate-change-temperature,ssp585_near-term,#3B060AFF,0.08101198320571769
hard shelf,offshore,primary productivity,productivity,ssp245_current,#A1BE79FF,0.0019195932936576288
hard shelf,offshore,primary productivity,productivity,ssp245_medium-term,#A1BE79FF,0.016564698994275064
hard shelf,offshore,primary productivity,productivity,ssp245_near-term,#A1BE79FF,0.01179748915071586
hard shelf,offshore,primary productivity,productivity,ssp585_current,#A1BE79FF,0.001870016719864557
hard shelf,offshore,primary productivity,productivity,ssp585_medium-term,#A1BE79FF,0.01818132212987109
hard shelf,offshore,primary productivity,productivity,ssp585_near-term,#A1BE79FF,0.012790198492721467
hard shelf,offshore,reduced oxygen,climate-change-other,ssp245_current,#E95D93FF,0.13018199537394004
hard shelf,offshore,reduced oxygen,climate-change-other,ssp245_medium-term,#E95D93FF,0.1332011736443979
hard shelf,offshore,reduced oxygen,climate-change-other,ssp245_near-term,#E95D93FF,0.13216464373842074
hard shelf,offshore,reduced oxygen,climate-change-other,ssp585_current,#E95D93FF,0.13018199537394004
hard shelf,offshore,reduced oxygen,climate-change-other,ssp585_medium-term,#E95D93FF,0.13437525171011072
hard shelf,offshore,reduced oxygen,climate-change-other,ssp585_near-term,#E95D93FF,0.13238275793646942
hard shelf,offshore,sea level rise,climate-change-other,ssp245_current,#9F2C6CFF,0
hard shelf,offshore,sea level rise,climate-change-other,ssp245_medium-term,#9F2C6CFF,0
hard shelf,offshore,sea level rise,climate-change-other,ssp245_near-term,#9F2C6CFF,0
hard shelf,offshore,sea level rise,climate-change-other,ssp585_current,#9F2C6CFF,0
hard shelf,offshore,sea level rise,climate-change-other,ssp585_medium-term,#9F2C6CFF,0
hard shelf,offshore,sea level rise,climate-change-other,ssp585_near-term,#9F2C6CFF,0
hard slope,offshore,acidification,climate-change-other,ssp245_current,#C84382FF,0.029647568682925306
hard slope,offshore,acidification,climate-change-other,ssp245_medium-term,#C84382FF,0.05673694245591796
hard slope,offshore,acidification,climate-change-other,ssp245_near-term,#C84382FF,0.04094422298414402
hard slope,offshore,acidification,climate-change-other,ssp585_current,#C84382FF,0.02993461857948302
hard slope,offshore,acidification,climate-change-other,ssp585_medium-term,#C84382FF,0.07713344373739835
hard slope,offshore,acidification,climate-change-other,ssp585_near-term,#C84382FF,0.043780066178644564
hard slope,offshore,air heat index,climate-change-temperature,ssp245_current,#8A0000FF,0
hard slope,offshore,air heat index,climate-change-temperature,ssp245_medium-term,#8A0000FF,0
hard slope,offshore,air heat index,climate-change-temperature,ssp245_near-term,#8A0000FF,0
hard slope,offshore,air heat index,climate-change-temperature,ssp585_current,#8A0000FF,0
hard slope,offshore,air heat index,climate-change-temperature,ssp585_medium-term,#8A0000FF,0
hard slope,offshore,air heat index,climate-change-temperature,ssp585_near-term,#8A0000FF,0
hard slope,offshore,coastal disturbance,land-based,ssp245_current,#ECA045FF,0
hard slope,offshore,coastal disturbance,land-based,ssp245_medium-term,#ECA045FF,0
hard slope,offshore,coastal disturbance,land-based,ssp245_near-term,#ECA045FF,0
hard slope,offshore,coastal disturbance,land-based,ssp585_current,#ECA045FF,0
hard slope,offshore,coastal disturbance,land-based,ssp585_medium-term,#ECA045FF,0
hard slope,offshore,coastal disturbance,land-based,ssp585_near-term,#ECA045FF,0
hard slope,offshore,fisheries biomass loss,fisheries,ssp245_current,#4DB0D3FF,0.12082025087818309
hard slope,offshore,fisheries biomass loss,fisheries,ssp245_medium-term,#4DB0D3FF,0.17944273538769978
hard slope,offshore,fisheries biomass loss,fisheries,ssp245_near-term,#4DB0D3FF,0.15443858870642038
hard slope,offshore,fisheries biomass loss,fisheries,ssp585_current,#4DB0D3FF,0.12238025975868302
hard slope,offshore,fisheries biomass loss,fisheries,ssp585_medium-term,#4DB0D3FF,0.1943012039442322
hard slope,offshore,fisheries biomass loss,fisheries,ssp585_near-term,#4DB0D3FF,0.16320762618127002
hard slope,offshore,light pollution,land-based,ssp245_current,#DFC524FF,0
hard slope,offshore,light pollution,land-based,ssp245_medium-term,#DFC524FF,0
hard slope,offshore,light pollution,land-based,ssp245_near-term,#DFC524FF,0
hard slope,offshore,light pollution,land-based,ssp585_current,#DFC524FF,0
hard slope,offshore,light pollution,land-based,ssp585_medium-term,#DFC524FF,0
hard slope,offshore,light pollution,land-based,ssp585_near-term,#DFC524FF,0
hard slope,offshore,nutrient pollution,land-based,ssp245_current,#ED8660FF,2.6142294569033385e-4
hard slope,offshore,nutrient pollution,land-based,ssp245_medium-term,#ED8660FF,3.365988505470242e-4
hard slope,offshore,nutrient pollution,land-based,ssp245_near-term,#ED8660FF,3.0877034853662164e-4
hard slope,offshore,nutrient pollution,land-based,ssp585_current,#ED8660FF,2.6196565082627744e-4
hard slope,offshore,nutrient pollution,land-based,ssp585_medium-term,#ED8660FF,3.295264382016689e-4
hard slope,offshore,nutrient pollution,land-based,ssp585_near-term,#ED8660FF,3.131343326559366e-4
hard slope,offshore,ocean warming,climate-change-temperature,ssp245_current,#3B060AFF,0.017608113045381478
hard slope,offshore,ocean warming,climate-change-temperature,ssp245_medium-term,#3B060AFF,0.042038736045113594
hard slope,offshore,ocean warming,climate-change-temperature,ssp245_near-term,#3B060AFF,0.02450512997748222
hard slope,offshore,ocean warming,climate-change-temperature,ssp585_current,#3B060AFF,0.017608113045381478
hard slope,offshore,ocean warming,climate-change-temperature,ssp585_medium-term,#3B060AFF,0.04556047590492838
hard slope,offshore,ocean warming,climate-change-temperature,ssp585_near-term,#3B060AFF,0.025471411642783097
hard slope,offshore,primary productivity,productivity,ssp245_current,#A1BE79FF,0.005615411014165122
hard slope,offshore,primary productivity,productivity,ssp245_medium-term,#A1BE79FF,0.03126586356105561
hard slope,offshore,primary productivity,productivity,ssp245_near-term,#A1BE79FF,0.02271972779086481
hard slope,offshore,primary productivity,productivity,ssp585_current,#A1BE79FF,0.005491471694923765
hard slope,offshore,primary productivity,productivity,ssp585_medium-term,#A1BE79FF,0.035600584708352014
hard slope,offshore,primary productivity,productivity,ssp585_near-term,#A1BE79FF,0.023430218201620365
hard slope,offshore,reduced oxygen,climate-change-other,ssp245_current,#E95D93FF,0.06469988826362467
hard slope,offshore,reduced oxygen,climate-change-other,ssp245_medium-term,#E95D93FF,0.06857049065693872
hard slope,offshore,reduced oxygen,climate-change-other,ssp245_near-term,#E95D93FF,0.06602216004162606
hard slope,offshore,reduced oxygen,climate-change-other,ssp585_current,#E95D93FF,0.06469988826362467
hard slope,offshore,reduced oxygen,climate-change-other,ssp585_medium-term,#E95D93FF,0.06896580971852115
hard slope,offshore,reduced oxygen,climate-change-other,ssp585_near-term,#E95D93FF,0.06604310621946556
hard slope,offshore,sea level rise,climate-change-other,ssp245_current,#9F2C6CFF,0
hard slope,offshore,sea level rise,climate-change-other,ssp245_medium-term,#9F2C6CFF,0
hard slope,offshore,sea level rise,climate-change-other,ssp245_near-term,#9F2C6CFF,0
hard slope,offshore,sea level rise,climate-change-other,ssp585_current,#9F2C6CFF,0
hard slope,offshore,sea level rise,climate-change-other,ssp585_medium-term,#9F2C6CFF,0
hard slope,offshore,sea level rise,climate-change-other,ssp585_near-term,#9F2C6CFF,0
intertidal mud,intertidal-coastal,acidification,climate-change-other,ssp245_current,#C84382FF,0.06231121706630435
intertidal mud,intertidal-coastal,acidification,climate-change-other,ssp245_medium-term,#C84382FF,0.0972523645603349
intertidal mud,intertidal-coastal,acidification,climate-change-other,ssp245_near-term,#C84382FF,0.0796778296594517
intertidal mud,intertidal-coastal,acidification,climate-change-other,ssp585_current,#C84382FF,0.06237387475547126
intertidal mud,intertidal-coastal,acidification,climate-change-other,ssp585_medium-term,#C84382FF,0.11163644906493779
intertidal mud,intertidal-coastal,acidification,climate-change-other,ssp585_near-term,#C84382FF,0.08320676528762047
intertidal mud,intertidal-coastal,air heat index,climate-change-temperature,ssp245_current,#8A0000FF,0.002399779961521042
intertidal mud,intertidal-coastal,air heat index,climate-change-temperature,ssp245_medium-term,#8A0000FF,0.01870223083461918
intertidal mud,intertidal-coastal,air heat index,climate-change-temperature,ssp245_near-term,#8A0000FF,0.006949190862121014
intertidal mud,intertidal-coastal,air heat index,climate-change-temperature,ssp585_current,#8A0000FF,0.002327841771691087
intertidal mud,intertidal-coastal,air heat index,climate-change-temperature,ssp585_medium-term,#8A0000FF,0.03422686733080541
intertidal mud,intertidal-coastal,air heat index,climate-change-temperature,ssp585_near-term,#8A0000FF,0.008354381534350688
intertidal mud,intertidal-coastal,coastal disturbance,land-based,ssp245_current,#ECA045FF,0.08671874443567243
intertidal mud,intertidal-coastal,coastal disturbance,land-based,ssp245_medium-term,#ECA045FF,0.08868857263974507
intertidal mud,intertidal-coastal,coastal disturbance,land-based,ssp245_near-term,#ECA045FF,0.088006474449403
intertidal mud,intertidal-coastal,coastal disturbance,land-based,ssp585_current,#ECA045FF,0.08654727661697509
intertidal mud,intertidal-coastal,coastal disturbance,land-based,ssp585_medium-term,#ECA045FF,0.08775420954726448
intertidal mud,intertidal-coastal,coastal disturbance,land-based,ssp585_near-term,#ECA045FF,0.08751746264604712
intertidal mud,intertidal-coastal,fisheries biomass loss,fisheries,ssp245_current,#4DB0D3FF,0.07231292424378243
intertidal mud,intertidal-coastal,fisheries biomass loss,fisheries,ssp245_medium-term,#4DB0D3FF,0.09597106851354813
intertidal mud,intertidal-coastal,fisheries biomass loss,fisheries,ssp245_near-term,#4DB0D3FF,0.08636565386857893
intertidal mud,intertidal-coastal,fisheries biomass loss,fisheries,ssp585_current,#4DB0D3FF,0.07288537037073185
intertidal mud,intertidal-coastal,fisheries biomass loss,fisheries,ssp585_medium-term,#4DB0D3FF,0.10345144560380436
intertidal mud,intertidal-coastal,fisheries biomass loss,fisheries,ssp585_near-term,#4DB0D3FF,0.09061680199541915
intertidal mud,intertidal-coastal,light pollution,land-based,ssp245_current,#DFC524FF,0.005270586561616036
intertidal mud,intertidal-coastal,light pollution,land-based,ssp245_medium-term,#DFC524FF,0.00833024547844667
intertidal mud,intertidal-coastal,light pollution,land-based,ssp245_near-term,#DFC524FF,0.006910041044816552
intertidal mud,intertidal-coastal,light pollution,land-based,ssp585_current,#DFC524FF,0.005277276588885152
intertidal mud,intertidal-coastal,light pollution,land-based,ssp585_medium-term,#DFC524FF,0.009658678142926683
intertidal mud,intertidal-coastal,light pollution,land-based,ssp585_near-term,#DFC524FF,0.007332093676457304
intertidal mud,intertidal-coastal,nutrient pollution,land-based,ssp245_current,#ED8660FF,0.01744263605441408
intertidal mud,intertidal-coastal,nutrient pollution,land-based,ssp245_medium-term,#ED8660FF,0.020377548022027372
intertidal mud,intertidal-coastal,nutrient pollution,land-based,ssp245_near-term,#ED8660FF,0.01924663680772888
intertidal mud,intertidal-coastal,nutrient pollution,land-based,ssp585_current,#ED8660FF,0.017505258662337576
intertidal mud,intertidal-coastal,nutrient pollution,land-based,ssp585_medium-term,#ED8660FF,0.020116078625743307
intertidal mud,intertidal-coastal,nutrient pollution,land-based,ssp585_near-term,#ED8660FF,0.01943415175807367
intertidal mud,intertidal-coastal,ocean warming,climate-change-temperature,ssp245_current,#3B060AFF,0.07409591285724401
intertidal mud,intertidal-coastal,ocean warming,climate-change-temperature,ssp245_medium-term,#3B060AFF,0.18938445348255215
intertidal mud,intertidal-coastal,ocean warming,climate-change-temperature,ssp245_near-term,#3B060AFF,0.12361595408252213
intertidal mud,intertidal-coastal,ocean warming,climate-change-temperature,ssp585_current,#3B060AFF,0.07208210513411846
intertidal mud,intertidal-coastal,ocean warming,climate-change-temperature,ssp585_medium-term,#3B060AFF,0.2209165119942675
intertidal mud,intertidal-coastal,ocean warming,climate-change-temperature,ssp585_near-term,#3B060AFF,0.10764133400063598
intertidal mud,intertidal-coastal,primary productivity,productivity,ssp245_current,#A1BE79FF,9.639156179176649e-4
intertidal mud,intertidal-coastal,primary productivity,productivity,ssp245_medium-term,#A1BE79FF,0.007150788901149718
intertidal mud,intertidal-coastal,primary productivity,productivity,ssp245_near-term,#A1BE79FF,0.004580566882558206
intertidal mud,intertidal-coastal,primary productivity,productivity,ssp585_current,#A1BE79FF,9.396056748264583e-4
intertidal mud,intertidal-coastal,primary productivity,productivity,ssp585_medium-term,#A1BE79FF,0.007716514413886892
intertidal mud,intertidal-coastal,primary productivity,productivity,ssp585_near-term,#A1BE79FF,0.004831581142223387
intertidal mud,intertidal-coastal,reduced oxygen,climate-change-other,ssp245_current,#E95D93FF,0.002711128774615179
intertidal mud,intertidal-coastal,reduced oxygen,climate-change-other,ssp245_medium-term,#E95D93FF,0.009628534892842835
intertidal mud,intertidal-coastal,reduced oxygen,climate-change-other,ssp245_near-term,#E95D93FF,0.005453428177358032
intertidal mud,intertidal-coastal,reduced oxygen,climate-change-other,ssp585_current,#E95D93FF,0.002711128774615179
intertidal mud,intertidal-coastal,reduced oxygen,climate-change-other,ssp585_medium-term,#E95D93FF,0.01333822229623411
intertidal mud,intertidal-coastal,reduced oxygen,climate-change-other,ssp585_near-term,#E95D93FF,0.005630302501609231
intertidal mud,intertidal-coastal,sea level rise,climate-change-other,ssp245_current,#9F2C6CFF,0.02732023181368078
intertidal mud,intertidal-coastal,sea level rise,climate-change-other,ssp245_medium-term,#9F2C6CFF,0.07727386438751577
intertidal mud,intertidal-coastal,sea level rise,climate-change-other,ssp245_near-term,#9F2C6CFF,0.02732023181368078
intertidal mud,intertidal-coastal,sea level rise,climate-change-other,ssp585_current,#9F2C6CFF,0.03348296865302125
intertidal mud,intertidal-coastal,sea level rise,climate-change-other,ssp585_medium-term,#9F2C6CFF,0.1204095337328025
intertidal mud,intertidal-coastal,sea level rise,climate-change-other,ssp585_near-term,#9F2C6CFF,0.03348296865302125
kelp forest,intertidal-coastal,acidification,climate-change-other,ssp245_current,#C84382FF,0
kelp forest,intertidal-coastal,acidification,climate-change-other,ssp245_medium-term,#C84382FF,0
kelp forest,intertidal-coastal,acidification,climate-change-other,ssp245_near-term,#C84382FF,0
kelp forest,intertidal-coastal,acidification,climate-change-other,ssp585_current,#C84382FF,0
kelp forest,intertidal-coastal,acidification,climate-change-other,ssp585_medium-term,#C84382FF,0
kelp forest,intertidal-coastal,acidification,climate-change-other,ssp585_near-term,#C84382FF,0
kelp forest,intertidal-coastal,air heat index,climate-change-temperature,ssp245_current,#8A0000FF,0
kelp forest,intertidal-coastal,air heat index,climate-change-temperature,ssp245_medium-term,#8A0000FF,0
kelp forest,intertidal-coastal,air heat index,climate-change-temperature,ssp245_near-term,#8A0000FF,0
kelp forest,intertidal-coastal,air heat index,climate-change-temperature,ssp585_current,#8A0000FF,0
kelp forest,intertidal-coastal,air heat index,climate-change-temperature,ssp585_medium-term,#8A0000FF,0
kelp forest,intertidal-coastal,air heat index,climate-change-temperature,ssp585_near-term,#8A0000FF,0
kelp forest,intertidal-coastal,coastal disturbance,land-based,ssp245_current,#ECA045FF,0.06194170782796559
kelp forest,intertidal-coastal,coastal disturbance,land-based,ssp245_medium-term,#ECA045FF,0.06284672269537447
kelp forest,intertidal-coastal,coastal disturbance,land-based,ssp245_near-term,#ECA045FF,0.06254246565430123
kelp forest,intertidal-coastal,coastal disturbance,land-based,ssp585_current,#ECA045FF,0.06223227530130794
kelp forest,intertidal-coastal,coastal disturbance,land-based,ssp585_medium-term,#ECA045FF,0.06503926468744428
kelp forest,intertidal-coastal,coastal disturbance,land-based,ssp585_near-term,#ECA045FF,0.06348805263420133
kelp forest,intertidal-coastal,fisheries biomass loss,fisheries,ssp245_current,#4DB0D3FF,0.18358500207759848
kelp forest,intertidal-coastal,fisheries biomass loss,fisheries,ssp245_medium-term,#4DB0D3FF,0.20406198692753127
kelp forest,intertidal-coastal,fisheries biomass loss,fisheries,ssp245_near-term,#4DB0D3FF,0.19819884679709723
kelp forest,intertidal-coastal,fisheries biomass loss,fisheries,ssp585_current,#4DB0D3FF,0.1848639842028897
kelp forest,intertidal-coastal,fisheries biomass loss,fisheries,ssp585_medium-term,#4DB0D3FF,0.21891522869508903
kelp forest,intertidal-coastal,fisheries biomass loss,fisheries,ssp585_near-term,#4DB0D3FF,0.20710197715672746
kelp forest,intertidal-coastal,light pollution,land-based,ssp245_current,#DFC524FF,0.0014956709565989575
kelp forest,intertidal-coastal,light pollution,land-based,ssp245_medium-term,#DFC524FF,0.0019209789471274525
kelp forest,intertidal-coastal,light pollution,land-based,ssp245_near-term,#DFC524FF,0.0017639975159098801
kelp forest,intertidal-coastal,light pollution,land-based,ssp585_current,#DFC524FF,0.0015189308594849402
kelp forest,intertidal-coastal,light pollution,land-based,ssp585_medium-term,#DFC524FF,0.002195783685419352
kelp forest,intertidal-coastal,light pollution,land-based,ssp585_near-term,#DFC524FF,0.0018635021788200132
kelp forest,intertidal-coastal,nutrient pollution,land-based,ssp245_current,#ED8660FF,0.004936977089706753
kelp forest,intertidal-coastal,nutrient pollution,land-based,ssp245_medium-term,#ED8660FF,0.004792104823689612
kelp forest,intertidal-coastal,nutrient pollution,land-based,ssp245_near-term,#ED8660FF,0.0049106719834131896
kelp forest,intertidal-coastal,nutrient pollution,land-based,ssp585_current,#ED8660FF,0.004932860424422036
kelp forest,intertidal-coastal,nutrient pollution,land-based,ssp585_medium-term,#ED8660FF,0.004569365953868009
kelp forest,intertidal-coastal,nutrient pollution,land-based,ssp585_near-term,#ED8660FF,0.004814832982900711
kelp forest,intertidal-coastal,ocean warming,climate-change-temperature,ssp245_current,#3B060AFF,0.03564367185474597
kelp forest,intertidal-coastal,ocean warming,climate-change-temperature,ssp245_medium-term,#3B060AFF,0.05055724875989338
kelp forest,intertidal-coastal,ocean warming,climate-change-temperature,ssp245_near-term,#3B060AFF,0.04262181394128517
kelp forest,intertidal-coastal,ocean warming,climate-change-temperature,ssp585_current,#3B060AFF,0.035510509427663
kelp forest,intertidal-coastal,ocean warming,climate-change-temperature,ssp585_medium-term,#3B060AFF,0.060013156393444324
kelp forest,intertidal-coastal,ocean warming,climate-change-temperature,ssp585_near-term,#3B060AFF,0.04400057562530047
kelp forest,intertidal-coastal,primary productivity,productivity,ssp245_current,#A1BE79FF,0.0026482885274266197
kelp forest,intertidal-coastal,primary productivity,productivity,ssp245_medium-term,#A1BE79FF,0.03869863593333981
kelp forest,intertidal-coastal,primary productivity,productivity,ssp245_near-term,#A1BE79FF,0.025707399886861756
kelp forest,intertidal-coastal,primary productivity,productivity,ssp585_current,#A1BE79FF,0.0025588267115700587
kelp forest,intertidal-coastal,primary productivity,productivity,ssp585_medium-term,#A1BE79FF,0.04207009865334903
kelp forest,intertidal-coastal,primary productivity,productivity,ssp585_near-term,#A1BE79FF,0.02739863568601719
kelp forest,intertidal-coastal,reduced oxygen,climate-change-other,ssp245_current,#E95D93FF,0.0015543210557860008
kelp forest,intertidal-coastal,reduced oxygen,climate-change-other,ssp245_medium-term,#E95D93FF,0.004890531470971128
kelp forest,intertidal-coastal,reduced oxygen,climate-change-other,ssp245_near-term,#E95D93FF,0.002834529625875932
kelp forest,intertidal-coastal,reduced oxygen,climate-change-other,ssp585_current,#E95D93FF,0.0015543210557860008
kelp forest,intertidal-coastal,reduced oxygen,climate-change-other,ssp585_medium-term,#E95D93FF,0.007025549585747455
kelp forest,intertidal-coastal,reduced oxygen,climate-change-other,ssp585_near-term,#E95D93FF,0.0031851292278028084
kelp forest,intertidal-coastal,sea level rise,climate-change-other,ssp245_current,#9F2C6CFF,0.012019832889416857
kelp forest,intertidal-coastal,sea level rise,climate-change-other,ssp245_medium-term,#9F2C6CFF,0.03506033306103323
kelp forest,intertidal-coastal,sea level rise,climate-change-other,ssp245_near-term,#9F2C6CFF,0.012019832889416857
kelp forest,intertidal-coastal,sea level rise,climate-change-other,ssp585_current,#9F2C6CFF,0.015104948255795576
kelp forest,intertidal-coastal,sea level rise,climate-change-other,ssp585_medium-term,#9F2C6CFF,0.06108204868405636
kelp forest,intertidal-coastal,sea level rise,climate-change-other,ssp585_near-term,#9F2C6CFF,0.015104948255795576
mangrove,intertidal-coastal,acidification,climate-change-other,ssp245_current,#C84382FF,0.00199711295473674
mangrove,intertidal-coastal,acidification,climate-change-other,ssp245_medium-term,#C84382FF,0.00843098400420666
mangrove,intertidal-coastal,acidification,climate-change-other,ssp245_near-term,#C84382FF,0.004274051673801901
mangrove,intertidal-coastal,acidification,climate-change-other,ssp585_current,#C84382FF,0.0020676975255477657
mangrove,intertidal-coastal,acidification,climate-change-other,ssp585_medium-term,#C84382FF,0.018236719151722185
mangrove,intertidal-coastal,acidification,climate-change-other,ssp585_near-term,#C84382FF,0.0047841206633143524
mangrove,intertidal-coastal,air heat index,climate-change-temperature,ssp245_current,#8A0000FF,0
mangrove,intertidal-coastal,air heat index,climate-change-temperature,ssp245_medium-term,#8A0000FF,0
mangrove,intertidal-coastal,air heat index,climate-change-temperature,ssp245_near-term,#8A0000FF,0
mangrove,intertidal-coastal,air heat index,climate-change-temperature,ssp585_current,#8A0000FF,0
mangrove,intertidal-coastal,air heat index,climate-change-temperature,ssp585_medium-term,#8A0000FF,0
mangrove,intertidal-coastal,air heat index,climate-change-temperature,ssp585_near-term,#8A0000FF,0
mangrove,intertidal-coastal,coastal disturbance,land-based,ssp245_current,#ECA045FF,0.23506661903960288
mangrove,intertidal-coastal,coastal disturbance,land-based,ssp245_medium-term,#ECA045FF,0.24151701889886804
mangrove,intertidal-coastal,coastal disturbance,land-based,ssp245_near-term,#ECA045FF,0.23909231640061485
mangrove,intertidal-coastal,coastal disturbance,land-based,ssp585_current,#ECA045FF,0.23396400391390504
mangrove,intertidal-coastal,coastal disturbance,land-based,ssp585_medium-term,#ECA045FF,0.2356294579593742
mangrove,intertidal-coastal,coastal disturbance,land-based,ssp585_near-term,#ECA045FF,0.23608325916400097
mangrove,intertidal-coastal,fisheries biomass loss,fisheries,ssp245_current,#4DB0D3FF,0.14599672434802796
mangrove,intertidal-coastal,fisheries biomass loss,fisheries,ssp245_medium-term,#4DB0D3FF,0.22816863642731833
mangrove,intertidal-coastal,fisheries biomass loss,fisheries,ssp245_near-term,#4DB0D3FF,0.19521889274629858
mangrove,intertidal-coastal,fisheries biomass loss,fisheries,ssp585_current,#4DB0D3FF,0.14709220591590455
mangrove,intertidal-coastal,fisheries biomass loss,fisheries,ssp585_medium-term,#4DB0D3FF,0.23687476697603913
mangrove,intertidal-coastal,fisheries biomass loss,fisheries,ssp585_near-term,#4DB0D3FF,0.2004442742212554
mangrove,intertidal-coastal,light pollution,land-based,ssp245_current,#DFC524FF,0.003913557290718915
mangrove,intertidal-coastal,light pollution,land-based,ssp245_medium-term,#DFC524FF,0.007106991470062397
mangrove,intertidal-coastal,light pollution,land-based,ssp245_near-term,#DFC524FF,0.005345549778174376
mangrove,intertidal-coastal,light pollution,land-based,ssp585_current,#DFC524FF,0.003793419110353604
mangrove,intertidal-coastal,light pollution,land-based,ssp585_medium-term,#DFC524FF,0.008802461088784375
mangrove,intertidal-coastal,light pollution,land-based,ssp585_near-term,#DFC524FF,0.005596509309685578
mangrove,intertidal-coastal,nutrient pollution,land-based,ssp245_current,#ED8660FF,0.05767523200594181
mangrove,intertidal-coastal,nutrient pollution,land-based,ssp245_medium-term,#ED8660FF,0.07362666263864713
mangrove,intertidal-coastal,nutrient pollution,land-based,ssp245_near-term,#ED8660FF,0.06702736139868334
mangrove,intertidal-coastal,nutrient pollution,land-based,ssp585_current,#ED8660FF,0.0578538120211784
mangrove,intertidal-coastal,nutrient pollution,land-based,ssp585_medium-term,#ED8660FF,0.07588544371963428
mangrove,intertidal-coastal,nutrient pollution,land-based,ssp585_near-term,#ED8660FF,0.06840163576394916
mangrove,intertidal-coastal,ocean warming,climate-change-temperature,ssp245_current,#3B060AFF,0
mangrove,intertidal-coastal,ocean warming,climate-change-temperature,ssp245_medium-term,#3B060AFF,0
mangrove,intertidal-coastal,ocean warming,climate-change-temperature,ssp245_near-term,#3B060AFF,0
mangrove,intertidal-coastal,ocean warming,climate-change-temperature,ssp585_current,#3B060AFF,0
mangrove,intertidal-coastal,ocean warming,climate-change-temperature,ssp585_medium-term,#3B060AFF,0
mangrove,intertidal-coastal,ocean warming,climate-change-temperature,ssp585_near-term,#3B060AFF,0
mangrove,intertidal-coastal,primary productivity,productivity,ssp245_current,#A1BE79FF,6.023954517931601e-4
mangrove,intertidal-coastal,primary productivity,productivity,ssp245_medium-term,#A1BE79FF,0.002448611553834173
mangrove,intertidal-coastal,primary productivity,productivity,ssp245_near-term,#A1BE79FF,0.001769419361916604
mangrove,intertidal-coastal,primary productivity,productivity,ssp585_current,#A1BE79FF,5.722139758497492e-4
mangrove,intertidal-coastal,primary productivity,productivity,ssp585_medium-term,#A1BE79FF,0.002272090716219056
mangrove,intertidal-coastal,primary productivity,productivity,ssp585_near-term,#A1BE79FF,0.0016613262967997704
mangrove,intertidal-coastal,reduced oxygen,climate-change-other,ssp245_current,#E95D93FF,2.7909668560796813e-4
mangrove,intertidal-coastal,reduced oxygen,climate-change-other,ssp245_medium-term,#E95D93FF,0.0021686122877106963
mangrove,intertidal-coastal,reduced oxygen,climate-change-other,ssp245_near-term,#E95D93FF,9.528028484146213e-4
mangrove,intertidal-coastal,reduced oxygen,climate-change-other,ssp585_current,#E95D93FF,2.7909668560796813e-4
mangrove,intertidal-coastal,reduced oxygen,climate-change-other,ssp585_medium-term,#E95D93FF,0.0026416438158046915
mangrove,intertidal-coastal,reduced oxygen,climate-change-other,ssp585_near-term,#E95D93FF,9.018752368873135e-4
mangrove,intertidal-coastal,sea level rise,climate-change-other,ssp245_current,#9F2C6CFF,0.040642686650788476
mangrove,intertidal-coastal,sea level rise,climate-change-other,ssp245_medium-term,#9F2C6CFF,0.19486867846659636
mangrove,intertidal-coastal,sea level rise,climate-change-other,ssp245_near-term,#9F2C6CFF,0.040642686650788476
mangrove,intertidal-coastal,sea level rise,climate-change-other,ssp585_current,#9F2C6CFF,0.055408016510778826
mangrove,intertidal-coastal,sea level rise,climate-change-other,ssp585_medium-term,#9F2C6CFF,0.3261295836148166
mangrove,intertidal-coastal,sea level rise,climate-change-other,ssp585_near-term,#9F2C6CFF,0.055408016510778826
rocky intertidal,intertidal-coastal,acidification,climate-change-other,ssp245_current,#C84382FF,0.07150008983886119
rocky intertidal,intertidal-coastal,acidification,climate-change-other,ssp245_medium-term,#C84382FF,0.11034486039563306
rocky intertidal,intertidal-coastal,acidification,climate-change-other,ssp245_near-term,#C84382FF,0.09108934751025442
rocky intertidal,intertidal-coastal,acidification,climate-change-other,ssp585_current,#C84382FF,0.0722541709614101
rocky intertidal,intertidal-coastal,acidification,climate-change-other,ssp585_medium-term,#C84382FF,0.12659123807792008
rocky intertidal,intertidal-coastal,acidification,climate-change-other,ssp585_near-term,#C84382FF,0.09524014301068834
rocky intertidal,intertidal-coastal,air heat index,climate-change-temperature,ssp245_current,#8A0000FF,0.0026817147606027283
rocky intertidal,intertidal-coastal,air heat index,climate-change-temperature,ssp245_medium-term,#8A0000FF,0.02074946769557917
rocky intertidal,intertidal-coastal,air heat index,climate-change-temperature,ssp245_near-term,#8A0000FF,0.007599114221959088
rocky intertidal,intertidal-coastal,air heat index,climate-change-temperature,ssp585_current,#8A0000FF,0.002533807674433897
rocky intertidal,intertidal-coastal,air heat index,climate-change-temperature,ssp585_medium-term,#8A0000FF,0.038641408255666185
rocky intertidal,intertidal-coastal,air heat index,climate-change-temperature,ssp585_near-term,#8A0000FF,0.009292995019908405
rocky intertidal,intertidal-coastal,coastal disturbance,land-based,ssp245_current,#ECA045FF,0.08990761333294069
rocky intertidal,intertidal-coastal,coastal disturbance,land-based,ssp245_medium-term,#ECA045FF,0.09092105444005975
rocky intertidal,intertidal-coastal,coastal disturbance,land-based,ssp245_near-term,#ECA045FF,0.09073084301492573
rocky intertidal,intertidal-coastal,coastal disturbance,land-based,ssp585_current,#ECA045FF,0.08991913367468432
rocky intertidal,intertidal-coastal,coastal disturbance,land-based,ssp585_medium-term,#ECA045FF,0.09122290909012476
rocky intertidal,intertidal-coastal,coastal disturbance,land-based,ssp585_near-term,#ECA045FF,0.09080070213623288
rocky intertidal,intertidal-coastal,fisheries biomass loss,fisheries,ssp245_current,#4DB0D3FF,0.12440136846162982
rocky intertidal,intertidal-coastal,fisheries biomass loss,fisheries,ssp245_medium-term,#4DB0D3FF,0.15665409731593377
rocky intertidal,intertidal-coastal,fisheries biomass loss,fisheries,ssp245_near-term,#4DB0D3FF,0.14350169631412696
rocky intertidal,intertidal-coastal,fisheries biomass loss,fisheries,ssp585_current,#4DB0D3FF,0.12533676648661157
rocky intertidal,intertidal-coastal,fisheries biomass loss,fisheries,ssp585_medium-term,#4DB0D3FF,0.16930540031544672
rocky intertidal,intertidal-coastal,fisheries biomass loss,fisheries,ssp585_near-term,#4DB0D3FF,0.15081054716160253
rocky intertidal,intertidal-coastal,light pollution,land-based,ssp245_current,#DFC524FF,0.004502015788623862
rocky intertidal,intertidal-coastal,light pollution,land-based,ssp245_medium-term,#DFC524FF,0.005803952677856991
rocky intertidal,intertidal-coastal,light pollution,land-based,ssp245_near-term,#DFC524FF,0.005120093151610593
rocky intertidal,intertidal-coastal,light pollution,land-based,ssp585_current,#DFC524FF,0.004477829360134862
rocky intertidal,intertidal-coastal,light pollution,land-based,ssp585_medium-term,#DFC524FF,0.006530303949194072
rocky intertidal,intertidal-coastal,light pollution,land-based,ssp585_near-term,#DFC524FF,0.005357009780363374
rocky intertidal,intertidal-coastal,nutrient pollution,land-based,ssp245_current,#ED8660FF,0.01034592541172236
rocky intertidal,intertidal-coastal,nutrient pollution,land-based,ssp245_medium-term,#ED8660FF,0.011685865789484454
rocky intertidal,intertidal-coastal,nutrient pollution,land-based,ssp245_near-term,#ED8660FF,0.011355948034051086
rocky intertidal,intertidal-coastal,nutrient pollution,land-based,ssp585_current,#ED8660FF,0.010354397282531442
rocky intertidal,intertidal-coastal,nutrient pollution,land-based,ssp585_medium-term,#ED8660FF,0.011370885671672238
rocky intertidal,intertidal-coastal,nutrient pollution,land-based,ssp585_near-term,#ED8660FF,0.01136739713862551
rocky intertidal,intertidal-coastal,ocean warming,climate-change-temperature,ssp245_current,#3B060AFF,0.147429118328217
rocky intertidal,intertidal-coastal,ocean warming,climate-change-temperature,ssp245_medium-term,#3B060AFF,0.37876171922901564
rocky intertidal,intertidal-coastal,ocean warming,climate-change-temperature,ssp245_near-term,#3B060AFF,0.2527265047724913
rocky intertidal,intertidal-coastal,ocean warming,climate-change-temperature,ssp585_current,#3B060AFF,0.1459301103269527
rocky intertidal,intertidal-coastal,ocean warming,climate-change-temperature,ssp585_medium-term,#3B060AFF,0.4399320166342225
rocky intertidal,intertidal-coastal,ocean warming,climate-change-temperature,ssp585_near-term,#3B060AFF,0.22487028190001312
rocky intertidal,intertidal-coastal,primary productivity,productivity,ssp245_current,#A1BE79FF,0.0013802885332151753
rocky intertidal,intertidal-coastal,primary productivity,productivity,ssp245_medium-term,#A1BE79FF,0.012470104936990304
rocky intertidal,intertidal-coastal,primary productivity,productivity,ssp245_near-term,#A1BE79FF,0.00810851397657518
rocky intertidal,intertidal-coastal,primary productivity,productivity,ssp585_current,#A1BE79FF,0.0013751838553364476
rocky intertidal,intertidal-coastal,primary productivity,productivity,ssp585_medium-term,#A1BE79FF,0.01335967691429334
rocky intertidal,intertidal-coastal,primary productivity,productivity,ssp585_near-term,#A1BE79FF,0.008559404093239043
rocky intertidal,intertidal-coastal,reduced oxygen,climate-change-other,ssp245_current,#E95D93FF,0.001956023782739273
rocky intertidal,intertidal-coastal,reduced oxygen,climate-change-other,ssp245_medium-term,#E95D93FF,0.006311646035501662
rocky intertidal,intertidal-coastal,reduced oxygen,climate-change-other,ssp245_near-term,#E95D93FF,0.003619798791427615
rocky intertidal,intertidal-coastal,reduced oxygen,climate-change-other,ssp585_current,#E95D93FF,0.001956023782739273
rocky intertidal,intertidal-coastal,reduced oxygen,climate-change-other,ssp585_medium-term,#E95D93FF,0.00879952734681858
rocky intertidal,intertidal-coastal,reduced oxygen,climate-change-other,ssp585_near-term,#E95D93FF,0.003855321373944709
rocky intertidal,intertidal-coastal,sea level rise,climate-change-other,ssp245_current,#9F2C6CFF,0.03428878515987321
rocky intertidal,intertidal-coastal,sea level rise,climate-change-other,ssp245_medium-term,#9F2C6CFF,0.09776488679654168
rocky intertidal,intertidal-coastal,sea level rise,climate-change-other,ssp245_near-term,#9F2C6CFF,0.03428878515987321
rocky intertidal,intertidal-coastal,sea level rise,climate-change-other,ssp585_current,#9F2C6CFF,0.04303181699561051
rocky intertidal,intertidal-coastal,sea level rise,climate-change-other,ssp585_medium-term,#9F2C6CFF,0.15397867318298514
rocky intertidal,intertidal-coastal,sea level rise,climate-change-other,ssp585_near-term,#9F2C6CFF,0.04303181699561051
rocky reef,intertidal-coastal,acidification,climate-change-other,ssp245_current,#C84382FF,0.008378997514423796
rocky reef,intertidal-coastal,acidification,climate-change-other,ssp245_medium-term,#C84382FF,0.0172870086196877
rocky reef,intertidal-coastal,acidification,climate-change-other,ssp245_near-term,#C84382FF,0.012106097880607633
rocky reef,intertidal-coastal,acidification,climate-change-other,ssp585_current,#C84382FF,0.00827014640566707
rocky reef,intertidal-coastal,acidification,climate-change-other,ssp585_medium-term,#C84382FF,0.02792083824986433
rocky reef,intertidal-coastal,acidification,climate-change-other,ssp585_near-term,#C84382FF,0.012981153876674109
rocky reef,intertidal-coastal,air heat index,climate-change-temperature,ssp245_current,#8A0000FF,0
rocky reef,intertidal-coastal,air heat index,climate-change-temperature,ssp245_medium-term,#8A0000FF,0
rocky reef,intertidal-coastal,air heat index,climate-change-temperature,ssp245_near-term,#8A0000FF,0
rocky reef,intertidal-coastal,air heat index,climate-change-temperature,ssp585_current,#8A0000FF,0
rocky reef,intertidal-coastal,air heat index,climate-change-temperature,ssp585_medium-term,#8A0000FF,0
rocky reef,intertidal-coastal,air heat index,climate-change-temperature,ssp585_near-term,#8A0000FF,0
rocky reef,intertidal-coastal,coastal disturbance,land-based,ssp245_current,#ECA045FF,0.07815794950441135
rocky reef,intertidal-coastal,coastal disturbance,land-based,ssp245_medium-term,#ECA045FF,0.0794593670459144
rocky reef,intertidal-coastal,coastal disturbance,land-based,ssp245_near-term,#ECA045FF,0.07908719474285478
rocky reef,intertidal-coastal,coastal disturbance,land-based,ssp585_current,#ECA045FF,0.0778693891892711
rocky reef,intertidal-coastal,coastal disturbance,land-based,ssp585_medium-term,#ECA045FF,0.07773884660725612
rocky reef,intertidal-coastal,coastal disturbance,land-based,ssp585_near-term,#ECA045FF,0.07827160913323024
rocky reef,intertidal-coastal,fisheries biomass loss,fisheries,ssp245_current,#4DB0D3FF,0.21509082300700028
rocky reef,intertidal-coastal,fisheries biomass loss,fisheries,ssp245_medium-term,#4DB0D3FF,0.3160994774937381
rocky reef,intertidal-coastal,fisheries biomass loss,fisheries,ssp245_near-term,#4DB0D3FF,0.27400372338951373
rocky reef,intertidal-coastal,fisheries biomass loss,fisheries,ssp585_current,#4DB0D3FF,0.2166130984987164
rocky reef,intertidal-coastal,fisheries biomass loss,fisheries,ssp585_medium-term,#4DB0D3FF,0.3290744447644937
rocky reef,intertidal-coastal,fisheries biomass loss,fisheries,ssp585_near-term,#4DB0D3FF,0.2819043409155243
rocky reef,intertidal-coastal,light pollution,land-based,ssp245_current,#DFC524FF,8.985935189590936e-4
rocky reef,intertidal-coastal,light pollution,land-based,ssp245_medium-term,#DFC524FF,0.0016729694621347014
rocky reef,intertidal-coastal,light pollution,land-based,ssp245_near-term,#DFC524FF,0.0013385724954962845
rocky reef,intertidal-coastal,light pollution,land-based,ssp585_current,#DFC524FF,9.215672162978573e-4
rocky reef,intertidal-coastal,light pollution,land-based,ssp585_medium-term,#DFC524FF,0.0019810218907610165
rocky reef,intertidal-coastal,light pollution,land-based,ssp585_near-term,#DFC524FF,0.0014102005580727845
rocky reef,intertidal-coastal,nutrient pollution,land-based,ssp245_current,#ED8660FF,0.01311589956230466
rocky reef,intertidal-coastal,nutrient pollution,land-based,ssp245_medium-term,#ED8660FF,0.016711683713147085
rocky reef,intertidal-coastal,nutrient pollution,land-based,ssp245_near-term,#ED8660FF,0.015263284422736468
rocky reef,intertidal-coastal,nutrient pollution,land-based,ssp585_current,#ED8660FF,0.013133814382425824
rocky reef,intertidal-coastal,nutrient pollution,land-based,ssp585_medium-term,#ED8660FF,0.01640215936855189
rocky reef,intertidal-coastal,nutrient pollution,land-based,ssp585_near-term,#ED8660FF,0.015560666453862577
rocky reef,intertidal-coastal,ocean warming,climate-change-temperature,ssp245_current,#3B060AFF,0.05892870291450292
rocky reef,intertidal-coastal,ocean warming,climate-change-temperature,ssp245_medium-term,#3B060AFF,0.2526259765519137
rocky reef,intertidal-coastal,ocean warming,climate-change-temperature,ssp245_near-term,#3B060AFF,0.13487330128259395
rocky reef,intertidal-coastal,ocean warming,climate-change-temperature,ssp585_current,#3B060AFF,0.05669391494705141
rocky reef,intertidal-coastal,ocean warming,climate-change-temperature,ssp585_medium-term,#3B060AFF,0.3338644447118847
rocky reef,intertidal-coastal,ocean warming,climate-change-temperature,ssp585_near-term,#3B060AFF,0.15669831493670924
rocky reef,intertidal-coastal,primary productivity,productivity,ssp245_current,#A1BE79FF,0.0019212803028894557
rocky reef,intertidal-coastal,primary productivity,productivity,ssp245_medium-term,#A1BE79FF,0.013663619981623428
rocky reef,intertidal-coastal,primary productivity,productivity,ssp245_near-term,#A1BE79FF,0.010036584642690466
rocky reef,intertidal-coastal,primary productivity,productivity,ssp585_current,#A1BE79FF,0.0018783933228612363
rocky reef,intertidal-coastal,primary productivity,productivity,ssp585_medium-term,#A1BE79FF,0.01502573456699296
rocky reef,intertidal-coastal,primary productivity,productivity,ssp585_near-term,#A1BE79FF,0.01048781774553681
rocky reef,intertidal-coastal,reduced oxygen,climate-change-other,ssp245_current,#E95D93FF,6.756028543909092e-4
rocky reef,intertidal-coastal,reduced oxygen,climate-change-other,ssp245_medium-term,#E95D93FF,0.005297304903666891
rocky reef,intertidal-coastal,reduced oxygen,climate-change-other,ssp245_near-term,#E95D93FF,0.0023469803184978113
rocky reef,intertidal-coastal,reduced oxygen,climate-change-other,ssp585_current,#E95D93FF,6.756028543909092e-4
rocky reef,intertidal-coastal,reduced oxygen,climate-change-other,ssp585_medium-term,#E95D93FF,0.00761639542532651
rocky reef,intertidal-coastal,reduced oxygen,climate-change-other,ssp585_near-term,#E95D93FF,0.0025910890076215063
rocky reef,intertidal-coastal,sea level rise,climate-change-other,ssp245_current,#9F2C6CFF,0.008981289668745715
rocky reef,intertidal-coastal,sea level rise,climate-change-other,ssp245_medium-term,#9F2C6CFF,0.03322755863222814
rocky reef,intertidal-coastal,sea level rise,climate-change-other,ssp245_near-term,#9F2C6CFF,0.008981289668745715
rocky reef,intertidal-coastal,sea level rise,climate-change-other,ssp585_current,#9F2C6CFF,0.012089951836826759
rocky reef,intertidal-coastal,sea level rise,climate-change-other,ssp585_medium-term,#9F2C6CFF,0.05169403628086893
rocky reef,intertidal-coastal,sea level rise,climate-change-other,ssp585_near-term,#9F2C6CFF,0.012089951836826759
subtidal soft bottom,intertidal-coastal,acidification,climate-change-other,ssp245_current,#C84382FF,0.006882007297347556
subtidal soft bottom,intertidal-coastal,acidification,climate-change-other,ssp245_medium-term,#C84382FF,0.01056716645682897
subtidal soft bottom,intertidal-coastal,acidification,climate-change-other,ssp245_near-term,#C84382FF,0.008651060134074441
subtidal soft bottom,intertidal-coastal,acidification,climate-change-other,ssp585_current,#C84382FF,0.006894211422748634
subtidal soft bottom,intertidal-coastal,acidification,climate-change-other,ssp585_medium-term,#C84382FF,0.012255076520033584
subtidal soft bottom,intertidal-coastal,acidification,climate-change-other,ssp585_near-term,#C84382FF,0.009031910119969445
subtidal soft bottom,intertidal-coastal,air heat index,climate-change-temperature,ssp245_current,#8A0000FF,0
subtidal soft bottom,intertidal-coastal,air heat index,climate-change-temperature,ssp245_medium-term,#8A0000FF,0
subtidal soft bottom,intertidal-coastal,air heat index,climate-change-temperature,ssp245_near-term,#8A0000FF,0
subtidal soft bottom,intertidal-coastal,air heat index,climate-change-temperature,ssp585_current,#8A0000FF,0
subtidal soft bottom,intertidal-coastal,air heat index,climate-change-temperature,ssp585_medium-term,#8A0000FF,0
subtidal soft bottom,intertidal-coastal,air heat index,climate-change-temperature,ssp585_near-term,#8A0000FF,0
subtidal soft bottom,intertidal-coastal,coastal disturbance,land-based,ssp245_current,#ECA045FF,0.027584338971200356
subtidal soft bottom,intertidal-coastal,coastal disturbance,land-based,ssp245_medium-term,#ECA045FF,0.02819963442715418
subtidal soft bottom,intertidal-coastal,coastal disturbance,land-based,ssp245_near-term,#ECA045FF,0.02798863184508076
subtidal soft bottom,intertidal-coastal,coastal disturbance,land-based,ssp585_current,#ECA045FF,0.02755970487593971
subtidal soft bottom,intertidal-coastal,coastal disturbance,land-based,ssp585_medium-term,#ECA045FF,0.028105551866206707
subtidal soft bottom,intertidal-coastal,coastal disturbance,land-based,ssp585_near-term,#ECA045FF,0.02792808252009098
subtidal soft bottom,intertidal-coastal,fisheries biomass loss,fisheries,ssp245_current,#4DB0D3FF,0.20404738567012343
subtidal soft bottom,intertidal-coastal,fisheries biomass loss,fisheries,ssp245_medium-term,#4DB0D3FF,0.2739185601481161
subtidal soft bottom,intertidal-coastal,fisheries biomass loss,fisheries,ssp245_near-term,#4DB0D3FF,0.24556709194847995
subtidal soft bottom,intertidal-coastal,fisheries biomass loss,fisheries,ssp585_current,#4DB0D3FF,0.20505242909980873
subtidal soft bottom,intertidal-coastal,fisheries biomass loss,fisheries,ssp585_medium-term,#4DB0D3FF,0.2840410615476677
subtidal soft bottom,intertidal-coastal,fisheries biomass loss,fisheries,ssp585_near-term,#4DB0D3FF,0.2516501700873386
subtidal soft bottom,intertidal-coastal,light pollution,land-based,ssp245_current,#DFC524FF,5.369062054992666e-4
subtidal soft bottom,intertidal-coastal,light pollution,land-based,ssp245_medium-term,#DFC524FF,6.673439267923532e-4
subtidal soft bottom,intertidal-coastal,light pollution,land-based,ssp245_near-term,#DFC524FF,5.836390993092834e-4
subtidal soft bottom,intertidal-coastal,light pollution,land-based,ssp585_current,#DFC524FF,5.381429227070955e-4
subtidal soft bottom,intertidal-coastal,light pollution,land-based,ssp585_medium-term,#DFC524FF,7.604051669857984e-4
subtidal soft bottom,intertidal-coastal,light pollution,land-based,ssp585_near-term,#DFC524FF,6.128054916520695e-4
subtidal soft bottom,intertidal-coastal,nutrient pollution,land-based,ssp245_current,#ED8660FF,0.010813965617399996
subtidal soft bottom,intertidal-coastal,nutrient pollution,land-based,ssp245_medium-term,#ED8660FF,0.012577635818922572
subtidal soft bottom,intertidal-coastal,nutrient pollution,land-based,ssp245_near-term,#ED8660FF,0.011996811188936632
subtidal soft bottom,intertidal-coastal,nutrient pollution,land-based,ssp585_current,#ED8660FF,0.010840816516229415
subtidal soft bottom,intertidal-coastal,nutrient pollution,land-based,ssp585_medium-term,#ED8660FF,0.012244197845791557
subtidal soft bottom,intertidal-coastal,nutrient pollution,land-based,ssp585_near-term,#ED8660FF,0.012005377078864161
subtidal soft bottom,intertidal-coastal,ocean warming,climate-change-temperature,ssp245_current,#3B060AFF,0.02429105584736478
subtidal soft bottom,intertidal-coastal,ocean warming,climate-change-temperature,ssp245_medium-term,#3B060AFF,0.06794249033258996
subtidal soft bottom,intertidal-coastal,ocean warming,climate-change-temperature,ssp245_near-term,#3B060AFF,0.0443361392517125
subtidal soft bottom,intertidal-coastal,ocean warming,climate-change-temperature,ssp585_current,#3B060AFF,0.023637060444902623
subtidal soft bottom,intertidal-coastal,ocean warming,climate-change-temperature,ssp585_medium-term,#3B060AFF,0.07977606152831604
subtidal soft bottom,intertidal-coastal,ocean warming,climate-change-temperature,ssp585_near-term,#3B060AFF,0.0416591564867764
subtidal soft bottom,intertidal-coastal,primary productivity,productivity,ssp245_current,#A1BE79FF,0.0016014843137237248
subtidal soft bottom,intertidal-coastal,primary productivity,productivity,ssp245_medium-term,#A1BE79FF,0.007675680475711215
subtidal soft bottom,intertidal-coastal,primary productivity,productivity,ssp245_near-term,#A1BE79FF,0.005402072658554441
subtidal soft bottom,intertidal-coastal,primary productivity,productivity,ssp585_current,#A1BE79FF,0.0015368431323820849
subtidal soft bottom,intertidal-coastal,primary productivity,productivity,ssp585_medium-term,#A1BE79FF,0.007829685670865746
subtidal soft bottom,intertidal-coastal,primary productivity,productivity,ssp585_near-term,#A1BE79FF,0.005399797749374391
subtidal soft bottom,intertidal-coastal,reduced oxygen,climate-change-other,ssp245_current,#E95D93FF,0.002773786756304992
subtidal soft bottom,intertidal-coastal,reduced oxygen,climate-change-other,ssp245_medium-term,#E95D93FF,0.008837738395222543
subtidal soft bottom,intertidal-coastal,reduced oxygen,climate-change-other,ssp245_near-term,#E95D93FF,0.005000469882188353
subtidal soft bottom,intertidal-coastal,reduced oxygen,climate-change-other,ssp585_current,#E95D93FF,0.002773786756304992
subtidal soft bottom,intertidal-coastal,reduced oxygen,climate-change-other,ssp585_medium-term,#E95D93FF,0.012001394413270784
subtidal soft bottom,intertidal-coastal,reduced oxygen,climate-change-other,ssp585_near-term,#E95D93FF,0.005310803061434782
subtidal soft bottom,intertidal-coastal,sea level rise,climate-change-other,ssp245_current,#9F2C6CFF,0.008109955677423038
subtidal soft bottom,intertidal-coastal,sea level rise,climate-change-other,ssp245_medium-term,#9F2C6CFF,0.024603681621732466
subtidal soft bottom,intertidal-coastal,sea level rise,climate-change-other,ssp245_near-term,#9F2C6CFF,0.008109955677423038
subtidal soft bottom,intertidal-coastal,sea level rise,climate-change-other,ssp585_current,#9F2C6CFF,0.010295049416904581
subtidal soft bottom,intertidal-coastal,sea level rise,climate-change-other,ssp585_medium-term,#9F2C6CFF,0.039773808062612485
subtidal soft bottom,intertidal-coastal,sea level rise,climate-change-other,ssp585_near-term,#9F2C6CFF,0.010295049416904581
salt marsh,intertidal-coastal,acidification,climate-change-other,ssp245_current,#C84382FF,0.07898293571193513
salt marsh,intertidal-coastal,acidification,climate-change-other,ssp245_medium-term,#C84382FF,0.10496485351202992
salt marsh,intertidal-coastal,acidification,climate-change-other,ssp245_near-term,#C84382FF,0.09082978711497615
salt marsh,intertidal-coastal,acidification,climate-change-other,ssp585_current,#C84382FF,0.07923152966436099
salt marsh,intertidal-coastal,acidification,climate-change-other,ssp585_medium-term,#C84382FF,0.12144230908504641
salt marsh,intertidal-coastal,acidification,climate-change-other,ssp585_near-term,#C84382FF,0.09422161404473872
salt marsh,intertidal-coastal,air heat index,climate-change-temperature,ssp245_current,#8A0000FF,0
salt marsh,intertidal-coastal,air heat index,climate-change-temperature,ssp245_medium-term,#8A0000FF,0.3308232412310851
salt marsh,intertidal-coastal,air heat index,climate-change-temperature,ssp245_near-term,#8A0000FF,0.10329342838509413
salt marsh,intertidal-coastal,air heat index,climate-change-temperature,ssp585_current,#8A0000FF,7.75663633793731e-5
salt marsh,intertidal-coastal,air heat index,climate-change-temperature,ssp585_medium-term,#8A0000FF,0.3968844494439003
salt marsh,intertidal-coastal,air heat index,climate-change-temperature,ssp585_near-term,#8A0000FF,0.13409671532182593
salt marsh,intertidal-coastal,coastal disturbance,land-based,ssp245_current,#ECA045FF,0.09432386298224726
salt marsh,intertidal-coastal,coastal disturbance,land-based,ssp245_medium-term,#ECA045FF,0.0967086807365243
salt marsh,intertidal-coastal,coastal disturbance,land-based,ssp245_near-term,#ECA045FF,0.09567489644918548
salt marsh,intertidal-coastal,coastal disturbance,land-based,ssp585_current,#ECA045FF,0.09459385577994701
salt marsh,intertidal-coastal,coastal disturbance,land-based,ssp585_medium-term,#ECA045FF,0.09899594898234872
salt marsh,intertidal-coastal,coastal disturbance,land-based,ssp585_near-term,#ECA045FF,0.09660059642605154
salt marsh,intertidal-coastal,fisheries biomass loss,fisheries,ssp245_current,#4DB0D3FF,0.12070512614070567
salt marsh,intertidal-coastal,fisheries biomass loss,fisheries,ssp245_medium-term,#4DB0D3FF,0.13767457234753416
salt marsh,intertidal-coastal,fisheries biomass loss,fisheries,ssp245_near-term,#4DB0D3FF,0.13132660678396466
salt marsh,intertidal-coastal,fisheries biomass loss,fisheries,ssp585_current,#4DB0D3FF,0.12137254282245283
salt marsh,intertidal-coastal,fisheries biomass loss,fisheries,ssp585_medium-term,#4DB0D3FF,0.14358836667276
salt marsh,intertidal-coastal,fisheries biomass loss,fisheries,ssp585_near-term,#4DB0D3FF,0.13509749672173127
salt marsh,intertidal-coastal,light pollution,land-based,ssp245_current,#DFC524FF,0.03236630321275617
salt marsh,intertidal-coastal,light pollution,land-based,ssp245_medium-term,#DFC524FF,0.03590432302639857
salt marsh,intertidal-coastal,light pollution,land-based,ssp245_near-term,#DFC524FF,0.03325941148294241
salt marsh,intertidal-coastal,light pollution,land-based,ssp585_current,#DFC524FF,0.03216091413179314
salt marsh,intertidal-coastal,light pollution,land-based,ssp585_medium-term,#DFC524FF,0.03873248991810602
salt marsh,intertidal-coastal,light pollution,land-based,ssp585_near-term,#DFC524FF,0.03476661145051173
salt marsh,intertidal-coastal,nutrient pollution,land-based,ssp245_current,#ED8660FF,0.0740569936984068
salt marsh,intertidal-coastal,nutrient pollution,land-based,ssp245_medium-term,#ED8660FF,0.07226697222316844
salt marsh,intertidal-coastal,nutrient pollution,land-based,ssp245_near-term,#ED8660FF,0.07334172753411583
salt marsh,intertidal-coastal,nutrient pollution,land-based,ssp585_current,#ED8660FF,0.07436012808179791
salt marsh,intertidal-coastal,nutrient pollution,land-based,ssp585_medium-term,#ED8660FF,0.06697753068169093
salt marsh,intertidal-coastal,nutrient pollution,land-based,ssp585_near-term,#ED8660FF,0.07229190102259928
salt marsh,intertidal-coastal,ocean warming,climate-change-temperature,ssp245_current,#3B060AFF,0.03903652139421429
salt marsh,intertidal-coastal,ocean warming,climate-change-temperature,ssp245_medium-term,#3B060AFF,0.14873362183672387
salt marsh,intertidal-coastal,ocean warming,climate-change-temperature,ssp245_near-term,#3B060AFF,0.08776027127973499
salt marsh,intertidal-coastal,ocean warming,climate-change-temperature,ssp585_current,#3B060AFF,0.040815963153476305
salt marsh,intertidal-coastal,ocean warming,climate-change-temperature,ssp585_medium-term,#3B060AFF,0.1880740138438379
salt marsh,intertidal-coastal,ocean warming,climate-change-temperature,ssp585_near-term,#3B060AFF,0.0878022592669202
salt marsh,intertidal-coastal,primary productivity,productivity,ssp245_current,#A1BE79FF,1.314252327937407e-4
salt marsh,intertidal-coastal,primary productivity,productivity,ssp245_medium-term,#A1BE79FF,0.001465067263071542
salt marsh,intertidal-coastal,primary productivity,productivity,ssp245_near-term,#A1BE79FF,0.0010312452330343048
salt marsh,intertidal-coastal,primary productivity,productivity,ssp585_current,#A1BE79FF,1.2826229584942273e-4
salt marsh,intertidal-coastal,primary productivity,productivity,ssp585_medium-term,#A1BE79FF,0.0013534897797240278
salt marsh,intertidal-coastal,primary productivity,productivity,ssp585_near-term,#A1BE79FF,9.447609838699904e-4
salt marsh,intertidal-coastal,reduced oxygen,climate-change-other,ssp245_current,#E95D93FF,0.002266403840980777
salt marsh,intertidal-coastal,reduced oxygen,climate-change-other,ssp245_medium-term,#E95D93FF,0.008868714612264786
salt marsh,intertidal-coastal,reduced oxygen,climate-change-other,ssp245_near-term,#E95D93FF,0.004533344918456068
salt marsh,intertidal-coastal,reduced oxygen,climate-change-other,ssp585_current,#E95D93FF,0.002266403840980777
salt marsh,intertidal-coastal,reduced oxygen,climate-change-other,ssp585_medium-term,#E95D93FF,0.01273295057987868
salt marsh,intertidal-coastal,reduced oxygen,climate-change-other,ssp585_near-term,#E95D93FF,0.004751977906567439
salt marsh,intertidal-coastal,sea level rise,climate-change-other,ssp245_current,#9F2C6CFF,0.2222076760873125
salt marsh,intertidal-coastal,sea level rise,climate-change-other,ssp245_medium-term,#9F2C6CFF,0.38335469061388355
salt marsh,intertidal-coastal,sea level rise,climate-change-other,ssp245_near-term,#9F2C6CFF,0.2222076760873125
salt marsh,intertidal-coastal,sea level rise,climate-change-other,ssp585_current,#9F2C6CFF,0.25070216729277
salt marsh,intertidal-coastal,sea level rise,climate-change-other,ssp585_medium-term,#9F2C6CFF,0.49019045235813036
salt marsh,intertidal-coastal,sea level rise,climate-change-other,ssp585_near-term,#9F2C6CFF,0.25070216729277
seagrass,intertidal-coastal,acidification,climate-change-other,ssp245_current,#C84382FF,0.006018550430594449
seagrass,intertidal-coastal,acidification,climate-change-other,ssp245_medium-term,#C84382FF,0.019372265932177217
seagrass,intertidal-coastal,acidification,climate-change-other,ssp245_near-term,#C84382FF,0.010922112744728991
seagrass,intertidal-coastal,acidification,climate-change-other,ssp585_current,#C84382FF,0.0061581576548855755
seagrass,intertidal-coastal,acidification,climate-change-other,ssp585_medium-term,#C84382FF,0.032760776018543485
seagrass,intertidal-coastal,acidification,climate-change-other,ssp585_near-term,#C84382FF,0.012882696885906672
seagrass,intertidal-coastal,air heat index,climate-change-temperature,ssp245_current,#8A0000FF,5.7981516098707905e-5
seagrass,intertidal-coastal,air heat index,climate-change-temperature,ssp245_medium-term,#8A0000FF,0.31221354538781154
seagrass,intertidal-coastal,air heat index,climate-change-temperature,ssp245_near-term,#8A0000FF,0.08710118928352906
seagrass,intertidal-coastal,air heat index,climate-change-temperature,ssp585_current,#8A0000FF,2.7602833631731246e-5
seagrass,intertidal-coastal,air heat index,climate-change-temperature,ssp585_medium-term,#8A0000FF,0.44117554086487454
seagrass,intertidal-coastal,air heat index,climate-change-temperature,ssp585_near-term,#8A0000FF,0.12581297831781277
seagrass,intertidal-coastal,coastal disturbance,land-based,ssp245_current,#ECA045FF,0.1585757330875865
seagrass,intertidal-coastal,coastal disturbance,land-based,ssp245_medium-term,#ECA045FF,0.16644416095488435
seagrass,intertidal-coastal,coastal disturbance,land-based,ssp245_near-term,#ECA045FF,0.16312880206214914
seagrass,intertidal-coastal,coastal disturbance,land-based,ssp585_current,#ECA045FF,0.15810550448574304
seagrass,intertidal-coastal,coastal disturbance,land-based,ssp585_medium-term,#ECA045FF,0.16349133475900027
seagrass,intertidal-coastal,coastal disturbance,land-based,ssp585_near-term,#ECA045FF,0.1617627228069967
seagrass,intertidal-coastal,fisheries biomass loss,fisheries,ssp245_current,#4DB0D3FF,0.11758984980331126
seagrass,intertidal-coastal,fisheries biomass loss,fisheries,ssp245_medium-term,#4DB0D3FF,0.16633169870770614
seagrass,intertidal-coastal,fisheries biomass loss,fisheries,ssp245_near-term,#4DB0D3FF,0.14730352986198364
seagrass,intertidal-coastal,fisheries biomass loss,fisheries,ssp585_current,#4DB0D3FF,0.11854087846030002
seagrass,intertidal-coastal,fisheries biomass loss,fisheries,ssp585_medium-term,#4DB0D3FF,0.17395191656958725
seagrass,intertidal-coastal,fisheries biomass loss,fisheries,ssp585_near-term,#4DB0D3FF,0.15195904113461778
seagrass,intertidal-coastal,light pollution,land-based,ssp245_current,#DFC524FF,0.002655774712172115
seagrass,intertidal-coastal,light pollution,land-based,ssp245_medium-term,#DFC524FF,0.003826766266303318
seagrass,intertidal-coastal,light pollution,land-based,ssp245_near-term,#DFC524FF,0.0031974397655166083
seagrass,intertidal-coastal,light pollution,land-based,ssp585_current,#DFC524FF,0.0026431361246015018
seagrass,intertidal-coastal,light pollution,land-based,ssp585_medium-term,#DFC524FF,0.004323309183016399
seagrass,intertidal-coastal,light pollution,land-based,ssp585_near-term,#DFC524FF,0.0033127224748207757
seagrass,intertidal-coastal,nutrient pollution,land-based,ssp245_current,#ED8660FF,0.033464683777371676
seagrass,intertidal-coastal,nutrient pollution,land-based,ssp245_medium-term,#ED8660FF,0.043590283051142216
seagrass,intertidal-coastal,nutrient pollution,land-based,ssp245_near-term,#ED8660FF,0.04003667506425752
seagrass,intertidal-coastal,nutrient pollution,land-based,ssp585_current,#ED8660FF,0.03353907341923462
seagrass,intertidal-coastal,nutrient pollution,land-based,ssp585_medium-term,#ED8660FF,0.04202118646797675
seagrass,intertidal-coastal,nutrient pollution,land-based,ssp585_near-term,#ED8660FF,0.04037508720607049
seagrass,intertidal-coastal,ocean warming,climate-change-temperature,ssp245_current,#3B060AFF,0.058198059280889725
seagrass,intertidal-coastal,ocean warming,climate-change-temperature,ssp245_medium-term,#3B060AFF,0.26097781984880464
seagrass,intertidal-coastal,ocean warming,climate-change-temperature,ssp245_near-term,#3B060AFF,0.14265705359554057
seagrass,intertidal-coastal,ocean warming,climate-change-temperature,ssp585_current,#3B060AFF,0.06038273570083625
seagrass,intertidal-coastal,ocean warming,climate-change-temperature,ssp585_medium-term,#3B060AFF,0.335494112355181
seagrass,intertidal-coastal,ocean warming,climate-change-temperature,ssp585_near-term,#3B060AFF,0.15375948151095978
seagrass,intertidal-coastal,primary productivity,productivity,ssp245_current,#A1BE79FF,0.001617121515150325
seagrass,intertidal-coastal,primary productivity,productivity,ssp245_medium-term,#A1BE79FF,0.007587866377052883
seagrass,intertidal-coastal,primary productivity,productivity,ssp245_near-term,#A1BE79FF,0.005528299576254329
seagrass,intertidal-coastal,primary productivity,productivity,ssp585_current,#A1BE79FF,0.0015547277273568782
seagrass,intertidal-coastal,primary productivity,productivity,ssp585_medium-term,#A1BE79FF,0.007228656504550865
seagrass,intertidal-coastal,primary productivity,productivity,ssp585_near-term,#A1BE79FF,0.004955027370413646
seagrass,intertidal-coastal,reduced oxygen,climate-change-other,ssp245_current,#E95D93FF,8.574934678010572e-4
seagrass,intertidal-coastal,reduced oxygen,climate-change-other,ssp245_medium-term,#E95D93FF,0.005464504137430127
seagrass,intertidal-coastal,reduced oxygen,climate-change-other,ssp245_near-term,#E95D93FF,0.002637226420252514
seagrass,intertidal-coastal,reduced oxygen,climate-change-other,ssp585_current,#E95D93FF,8.574934678010572e-4
seagrass,intertidal-coastal,reduced oxygen,climate-change-other,ssp585_medium-term,#E95D93FF,0.00695858748012005
seagrass,intertidal-coastal,reduced oxygen,climate-change-other,ssp585_near-term,#E95D93FF,0.002655856418901598
seagrass,intertidal-coastal,sea level rise,climate-change-other,ssp245_current,#9F2C6CFF,0.036525073457684146
seagrass,intertidal-coastal,sea level rise,climate-change-other,ssp245_medium-term,#9F2C6CFF,0.11845338373408155
seagrass,intertidal-coastal,sea level rise,climate-change-other,ssp245_near-term,#9F2C6CFF,0.036525073457684146
seagrass,intertidal-coastal,sea level rise,climate-change-other,ssp585_current,#9F2C6CFF,0.04716152500466625
seagrass,intertidal-coastal,sea level rise,climate-change-other,ssp585_medium-term,#9F2C6CFF,0.1850368716802853
seagrass,intertidal-coastal,sea level rise,climate-change-other,ssp585_near-term,#9F2C6CFF,0.04716152500466625
seamounts,offshore,acidification,climate-change-other,ssp245_current,#C84382FF,0.062119466673804434
seamounts,offshore,acidification,climate-change-other,ssp245_medium-term,#C84382FF,0.11518561401895527
seamounts,offshore,acidification,climate-change-other,ssp245_near-term,#C84382FF,0.08412746800644293
seamounts,offshore,acidification,climate-change-other,ssp585_current,#C84382FF,0.06182792028039647
seamounts,offshore,acidification,climate-change-other,ssp585_medium-term,#C84382FF,0.15399120969644345
seamounts,offshore,acidification,climate-change-other,ssp585_near-term,#C84382FF,0.09049112018469417
seamounts,offshore,air heat index,climate-change-temperature,ssp245_current,#8A0000FF,0
seamounts,offshore,air heat index,climate-change-temperature,ssp245_medium-term,#8A0000FF,0
seamounts,offshore,air heat index,climate-change-temperature,ssp245_near-term,#8A0000FF,0
seamounts,offshore,air heat index,climate-change-temperature,ssp585_current,#8A0000FF,0
seamounts,offshore,air heat index,climate-change-temperature,ssp585_medium-term,#8A0000FF,0
seamounts,offshore,air heat index,climate-change-temperature,ssp585_near-term,#8A0000FF,0
seamounts,offshore,coastal disturbance,land-based,ssp245_current,#ECA045FF,0
seamounts,offshore,coastal disturbance,land-based,ssp245_medium-term,#ECA045FF,0
seamounts,offshore,coastal disturbance,land-based,ssp245_near-term,#ECA045FF,0
seamounts,offshore,coastal disturbance,land-based,ssp585_current,#ECA045FF,0
seamounts,offshore,coastal disturbance,land-based,ssp585_medium-term,#ECA045FF,0
seamounts,offshore,coastal disturbance,land-based,ssp585_near-term,#ECA045FF,0
seamounts,offshore,fisheries biomass loss,fisheries,ssp245_current,#4DB0D3FF,0.06575410090197592
seamounts,offshore,fisheries biomass loss,fisheries,ssp245_medium-term,#4DB0D3FF,0.11010130463137405
seamounts,offshore,fisheries biomass loss,fisheries,ssp245_near-term,#4DB0D3FF,0.08969479299741237
seamounts,offshore,fisheries biomass loss,fisheries,ssp585_current,#4DB0D3FF,0.06672823245911635
seamounts,offshore,fisheries biomass loss,fisheries,ssp585_medium-term,#4DB0D3FF,0.11962413764364187
seamounts,offshore,fisheries biomass loss,fisheries,ssp585_near-term,#4DB0D3FF,0.09519462613711119
seamounts,offshore,light pollution,land-based,ssp245_current,#DFC524FF,0
seamounts,offshore,light pollution,land-based,ssp245_medium-term,#DFC524FF,0
seamounts,offshore,light pollution,land-based,ssp245_near-term,#DFC524FF,0
seamounts,offshore,light pollution,land-based,ssp585_current,#DFC524FF,0
seamounts,offshore,light pollution,land-based,ssp585_medium-term,#DFC524FF,0
seamounts,offshore,light pollution,land-based,ssp585_near-term,#DFC524FF,0
seamounts,offshore,nutrient pollution,land-based,ssp245_current,#ED8660FF,0
seamounts,offshore,nutrient pollution,land-based,ssp245_medium-term,#ED8660FF,0
seamounts,offshore,nutrient pollution,land-based,ssp245_near-term,#ED8660FF,0
seamounts,offshore,nutrient pollution,land-based,ssp585_current,#ED8660FF,0
seamounts,offshore,nutrient pollution,land-based,ssp585_medium-term,#ED8660FF,0
seamounts,offshore,nutrient pollution,land-based,ssp585_near-term,#ED8660FF,0
seamounts,offshore,ocean warming,climate-change-temperature,ssp245_current,#3B060AFF,0.07829266013798693
seamounts,offshore,ocean warming,climate-change-temperature,ssp245_medium-term,#3B060AFF,0.1406267192431333
seamounts,offshore,ocean warming,climate-change-temperature,ssp245_near-term,#3B060AFF,0.09833509202712093
seamounts,offshore,ocean warming,climate-change-temperature,ssp585_current,#3B060AFF,0.07829266013798693
seamounts,offshore,ocean warming,climate-change-temperature,ssp585_medium-term,#3B060AFF,0.14165797889653364
seamounts,offshore,ocean warming,climate-change-temperature,ssp585_near-term,#3B060AFF,0.09856304846253412
seamounts,offshore,primary productivity,productivity,ssp245_current,#A1BE79FF,0.00934481953698097
seamounts,offshore,primary productivity,productivity,ssp245_medium-term,#A1BE79FF,0.03289056337611583
seamounts,offshore,primary productivity,productivity,ssp245_near-term,#A1BE79FF,0.02640865753661289
seamounts,offshore,primary productivity,productivity,ssp585_current,#A1BE79FF,0.009299275000340635
seamounts,offshore,primary productivity,productivity,ssp585_medium-term,#A1BE79FF,0.038402076452201034
seamounts,offshore,primary productivity,productivity,ssp585_near-term,#A1BE79FF,0.02712265504848093
seamounts,offshore,reduced oxygen,climate-change-other,ssp245_current,#E95D93FF,0.010770115737003035
seamounts,offshore,reduced oxygen,climate-change-other,ssp245_medium-term,#E95D93FF,0.01376241124900456
seamounts,offshore,reduced oxygen,climate-change-other,ssp245_near-term,#E95D93FF,0.011697189073011455
seamounts,offshore,reduced oxygen,climate-change-other,ssp585_current,#E95D93FF,0.010770115737003035
seamounts,offshore,reduced oxygen,climate-change-other,ssp585_medium-term,#E95D93FF,0.013244389674674385
seamounts,offshore,reduced oxygen,climate-change-other,ssp585_near-term,#E95D93FF,0.011572575327837082
seamounts,offshore,sea level rise,climate-change-other,ssp245_current,#9F2C6CFF,0
seamounts,offshore,sea level rise,climate-change-other,ssp245_medium-term,#9F2C6CFF,0
seamounts,offshore,sea level rise,climate-change-other,ssp245_near-term,#9F2C6CFF,0
seamounts,offshore,sea level rise,climate-change-other,ssp585_current,#9F2C6CFF,0
seamounts,offshore,sea level rise,climate-change-other,ssp585_medium-term,#9F2C6CFF,0
seamounts,offshore,sea level rise,climate-change-other,ssp585_near-term,#9F2C6CFF,0
soft shelf,offshore,acidification,climate-change-other,ssp245_current,#C84382FF,0.1129462412956123
soft shelf,offshore,acidification,climate-change-other,ssp245_medium-term,#C84382FF,0.18118082905732039
soft shelf,offshore,acidification,climate-change-other,ssp245_near-term,#C84382FF,0.14515967340696065
soft shelf,offshore,acidification,climate-change-other,ssp585_current,#C84382FF,0.1134507605423463
soft shelf,offshore,acidification,climate-change-other,ssp585_medium-term,#C84382FF,0.21511272075499416
soft shelf,offshore,acidification,climate-change-other,ssp585_near-term,#C84382FF,0.1529197402715266
soft shelf,offshore,air heat index,climate-change-temperature,ssp245_current,#8A0000FF,0
soft shelf,offshore,air heat index,climate-change-temperature,ssp245_medium-term,#8A0000FF,0
soft shelf,offshore,air heat index,climate-change-temperature,ssp245_near-term,#8A0000FF,0
soft shelf,offshore,air heat index,climate-change-temperature,ssp585_current,#8A0000FF,0
soft shelf,offshore,air heat index,climate-change-temperature,ssp585_medium-term,#8A0000FF,0
soft shelf,offshore,air heat index,climate-change-temperature,ssp585_near-term,#8A0000FF,0
soft shelf,offshore,coastal disturbance,land-based,ssp245_current,#ECA045FF,0.004709759828327753
soft shelf,offshore,coastal disturbance,land-based,ssp245_medium-term,#ECA045FF,0.004834719263231444
soft shelf,offshore,coastal disturbance,land-based,ssp245_near-term,#ECA045FF,0.00478724411251393
soft shelf,offshore,coastal disturbance,land-based,ssp585_current,#ECA045FF,0.004706486781565906
soft shelf,offshore,coastal disturbance,land-based,ssp585_medium-term,#ECA045FF,0.0048252342657356066
soft shelf,offshore,coastal disturbance,land-based,ssp585_near-term,#ECA045FF,0.004779190494507076
soft shelf,offshore,fisheries biomass loss,fisheries,ssp245_current,#4DB0D3FF,0.21649299617730525
soft shelf,offshore,fisheries biomass loss,fisheries,ssp245_medium-term,#4DB0D3FF,0.27784354468958317
soft shelf,offshore,fisheries biomass loss,fisheries,ssp245_near-term,#4DB0D3FF,0.2532159380364661
soft shelf,offshore,fisheries biomass loss,fisheries,ssp585_current,#4DB0D3FF,0.21787959667723011
soft shelf,offshore,fisheries biomass loss,fisheries,ssp585_medium-term,#4DB0D3FF,0.2928728872247995
soft shelf,offshore,fisheries biomass loss,fisheries,ssp585_near-term,#4DB0D3FF,0.26225968420735163
soft shelf,offshore,light pollution,land-based,ssp245_current,#DFC524FF,0
soft shelf,offshore,light pollution,land-based,ssp245_medium-term,#DFC524FF,0
soft shelf,offshore,light pollution,land-based,ssp245_near-term,#DFC524FF,0
soft shelf,offshore,light pollution,land-based,ssp585_current,#DFC524FF,0
soft shelf,offshore,light pollution,land-based,ssp585_medium-term,#DFC524FF,0
soft shelf,offshore,light pollution,land-based,ssp585_near-term,#DFC524FF,0
soft shelf,offshore,nutrient pollution,land-based,ssp245_current,#ED8660FF,0.0017127253525318702
soft shelf,offshore,nutrient pollution,land-based,ssp245_medium-term,#ED8660FF,0.002072206872995159
soft shelf,offshore,nutrient pollution,land-based,ssp245_near-term,#ED8660FF,0.0019706815420756267
soft shelf,offshore,nutrient pollution,land-based,ssp585_current,#ED8660FF,0.001715246973770574
soft shelf,offshore,nutrient pollution,land-based,ssp585_medium-term,#ED8660FF,0.002024760548480691
soft shelf,offshore,nutrient pollution,land-based,ssp585_near-term,#ED8660FF,0.001974650042020732
soft shelf,offshore,ocean warming,climate-change-temperature,ssp245_current,#3B060AFF,0.04207970186390227
soft shelf,offshore,ocean warming,climate-change-temperature,ssp245_medium-term,#3B060AFF,0.16882419103869226
soft shelf,offshore,ocean warming,climate-change-temperature,ssp245_near-term,#3B060AFF,0.08906617228740292
soft shelf,offshore,ocean warming,climate-change-temperature,ssp585_current,#3B060AFF,0.04207970186390227
soft shelf,offshore,ocean warming,climate-change-temperature,ssp585_medium-term,#3B060AFF,0.20933271538329326
soft shelf,offshore,ocean warming,climate-change-temperature,ssp585_near-term,#3B060AFF,0.09412085156447442
soft shelf,offshore,primary productivity,productivity,ssp245_current,#A1BE79FF,0.001335264526243256
soft shelf,offshore,primary productivity,productivity,ssp245_medium-term,#A1BE79FF,0.010399099338894827
soft shelf,offshore,primary productivity,productivity,ssp245_near-term,#A1BE79FF,0.006774055370388586
soft shelf,offshore,primary productivity,productivity,ssp585_current,#A1BE79FF,0.001309381937081682
soft shelf,offshore,primary productivity,productivity,ssp585_medium-term,#A1BE79FF,0.011208656636159487
soft shelf,offshore,primary productivity,productivity,ssp585_near-term,#A1BE79FF,0.007332351993206148
soft shelf,offshore,reduced oxygen,climate-change-other,ssp245_current,#E95D93FF,0.034047172725282376
soft shelf,offshore,reduced oxygen,climate-change-other,ssp245_medium-term,#E95D93FF,0.04039443977050343
soft shelf,offshore,reduced oxygen,climate-change-other,ssp245_near-term,#E95D93FF,0.036299583858615155
soft shelf,offshore,reduced oxygen,climate-change-other,ssp585_current,#E95D93FF,0.034047172725282376
soft shelf,offshore,reduced oxygen,climate-change-other,ssp585_medium-term,#E95D93FF,0.04368246196025823
soft shelf,offshore,reduced oxygen,climate-change-other,ssp585_near-term,#E95D93FF,0.03650283457284602
soft shelf,offshore,sea level rise,climate-change-other,ssp245_current,#9F2C6CFF,0
soft shelf,offshore,sea level rise,climate-change-other,ssp245_medium-term,#9F2C6CFF,0
soft shelf,offshore,sea level rise,climate-change-other,ssp245_near-term,#9F2C6CFF,0
soft shelf,offshore,sea level rise,climate-change-other,ssp585_current,#9F2C6CFF,0
soft shelf,offshore,sea level rise,climate-change-other,ssp585_medium-term,#9F2C6CFF,0
soft shelf,offshore,sea level rise,climate-change-other,ssp585_near-term,#9F2C6CFF,0
soft slope,offshore,acidification,climate-change-other,ssp245_current,#C84382FF,0.11775428078251385
soft slope,offshore,acidification,climate-change-other,ssp245_medium-term,#C84382FF,0.19752745301994554
soft slope,offshore,acidification,climate-change-other,ssp245_near-term,#C84382FF,0.15385414999733033
soft slope,offshore,acidification,climate-change-other,ssp585_current,#C84382FF,0.11748070107176178
soft slope,offshore,acidification,climate-change-other,ssp585_medium-term,#C84382FF,0.23593441191788309
soft slope,offshore,acidification,climate-change-other,ssp585_near-term,#C84382FF,0.16244139019082693
soft slope,offshore,air heat index,climate-change-temperature,ssp245_current,#8A0000FF,0
soft slope,offshore,air heat index,climate-change-temperature,ssp245_medium-term,#8A0000FF,0
soft slope,offshore,air heat index,climate-change-temperature,ssp245_near-term,#8A0000FF,0
soft slope,offshore,air heat index,climate-change-temperature,ssp585_current,#8A0000FF,0
soft slope,offshore,air heat index,climate-change-temperature,ssp585_medium-term,#8A0000FF,0
soft slope,offshore,air heat index,climate-change-temperature,ssp585_near-term,#8A0000FF,0
soft slope,offshore,coastal disturbance,land-based,ssp245_current,#ECA045FF,0
soft slope,offshore,coastal disturbance,land-based,ssp245_medium-term,#ECA045FF,0
soft slope,offshore,coastal disturbance,land-based,ssp245_near-term,#ECA045FF,0
soft slope,offshore,coastal disturbance,land-based,ssp585_current,#ECA045FF,0
soft slope,offshore,coastal disturbance,land-based,ssp585_medium-term,#ECA045FF,0
soft slope,offshore,coastal disturbance,land-based,ssp585_near-term,#ECA045FF,0
soft slope,offshore,fisheries biomass loss,fisheries,ssp245_current,#4DB0D3FF,0.13463837969982978
soft slope,offshore,fisheries biomass loss,fisheries,ssp245_medium-term,#4DB0D3FF,0.19186914528511695
soft slope,offshore,fisheries biomass loss,fisheries,ssp245_near-term,#4DB0D3FF,0.1673847575686468
soft slope,offshore,fisheries biomass loss,fisheries,ssp585_current,#4DB0D3FF,0.13590514169874118
soft slope,offshore,fisheries biomass loss,fisheries,ssp585_medium-term,#4DB0D3FF,0.20498356392065217
soft slope,offshore,fisheries biomass loss,fisheries,ssp585_near-term,#4DB0D3FF,0.17517178423560645
soft slope,offshore,light pollution,land-based,ssp245_current,#DFC524FF,0
soft slope,offshore,light pollution,land-based,ssp245_medium-term,#DFC524FF,0
soft slope,offshore,light pollution,land-based,ssp245_near-term,#DFC524FF,0
soft slope,offshore,light pollution,land-based,ssp585_current,#DFC524FF,0
soft slope,offshore,light pollution,land-based,ssp585_medium-term,#DFC524FF,0
soft slope,offshore,light pollution,land-based,ssp585_near-term,#DFC524FF,0
soft slope,offshore,nutrient pollution,land-based,ssp245_current,#ED8660FF,4.701730691278711e-4
soft slope,offshore,nutrient pollution,land-based,ssp245_medium-term,#ED8660FF,5.986853810530966e-4
soft slope,offshore,nutrient pollution,land-based,ssp245_near-term,#ED8660FF,5.574813405866453e-4
soft slope,offshore,nutrient pollution,land-based,ssp585_current,#ED8660FF,4.711764508876408e-4
soft slope,offshore,nutrient pollution,land-based,ssp585_medium-term,#ED8660FF,5.875055794990221e-4
soft slope,offshore,nutrient pollution,land-based,ssp585_near-term,#ED8660FF,5.595612378177399e-4
soft slope,offshore,ocean warming,climate-change-temperature,ssp245_current,#3B060AFF,0.05106345833369977
soft slope,offshore,ocean warming,climate-change-temperature,ssp245_medium-term,#3B060AFF,0.16604231250047335
soft slope,offshore,ocean warming,climate-change-temperature,ssp245_near-term,#3B060AFF,0.09175261532102029
soft slope,offshore,ocean warming,climate-change-temperature,ssp585_current,#3B060AFF,0.05106345833369977
soft slope,offshore,ocean warming,climate-change-temperature,ssp585_medium-term,#3B060AFF,0.1831767641644177
soft slope,offshore,ocean warming,climate-change-temperature,ssp585_near-term,#3B060AFF,0.09580176224302463
soft slope,offshore,primary productivity,productivity,ssp245_current,#A1BE79FF,0.003842452377481313
soft slope,offshore,primary productivity,productivity,ssp245_medium-term,#A1BE79FF,0.0199900455793077
soft slope,offshore,primary productivity,productivity,ssp245_near-term,#A1BE79FF,0.0143123603100536
soft slope,offshore,primary productivity,productivity,ssp585_current,#A1BE79FF,0.003814070849562121
soft slope,offshore,primary productivity,productivity,ssp585_medium-term,#A1BE79FF,0.023462046184694614
soft slope,offshore,primary productivity,productivity,ssp585_near-term,#A1BE79FF,0.015268039233427688
soft slope,offshore,reduced oxygen,climate-change-other,ssp245_current,#E95D93FF,0.08330120672134121
soft slope,offshore,reduced oxygen,climate-change-other,ssp245_medium-term,#E95D93FF,0.09340455893131723
soft slope,offshore,reduced oxygen,climate-change-other,ssp245_near-term,#E95D93FF,0.08710835025421503
soft slope,offshore,reduced oxygen,climate-change-other,ssp585_current,#E95D93FF,0.08330120672134121
soft slope,offshore,reduced oxygen,climate-change-other,ssp585_medium-term,#E95D93FF,0.09547390963126857
soft slope,offshore,reduced oxygen,climate-change-other,ssp585_near-term,#E95D93FF,0.08792189114709802
soft slope,offshore,sea level rise,climate-change-other,ssp245_current,#9F2C6CFF,0
soft slope,offshore,sea level rise,climate-change-other,ssp245_medium-term,#9F2C6CFF,0
soft slope,offshore,sea level rise,climate-change-other,ssp245_near-term,#9F2C6CFF,0
soft slope,offshore,sea level rise,climate-change-other,ssp585_current,#9F2C6CFF,0
soft slope,offshore,sea level rise,climate-change-other,ssp585_medium-term,#9F2C6CFF,0
soft slope,offshore,sea level rise,climate-change-other,ssp585_near-term,#9F2C6CFF,0
shallow pelagic,intertidal-coastal,acidification,climate-change-other,ssp245_current,#C84382FF,0.0643572423945331
shallow pelagic,intertidal-coastal,acidification,climate-change-other,ssp245_medium-term,#C84382FF,0.11291454089868493
shallow pelagic,intertidal-coastal,acidification,climate-change-other,ssp245_near-term,#C84382FF,0.08538487070893067
shallow pelagic,intertidal-coastal,acidification,climate-change-other,ssp585_current,#C84382FF,0.06414058187402354
shallow pelagic,intertidal-coastal,acidification,climate-change-other,ssp585_medium-term,#C84382FF,0.14387189802595646
shallow pelagic,intertidal-coastal,acidification,climate-change-other,ssp585_near-term,#C84382FF,0.09102191514337317
shallow pelagic,intertidal-coastal,air heat index,climate-change-temperature,ssp245_current,#8A0000FF,0
shallow pelagic,intertidal-coastal,air heat index,climate-change-temperature,ssp245_medium-term,#8A0000FF,0
shallow pelagic,intertidal-coastal,air heat index,climate-change-temperature,ssp245_near-term,#8A0000FF,0
shallow pelagic,intertidal-coastal,air heat index,climate-change-temperature,ssp585_current,#8A0000FF,0
shallow pelagic,intertidal-coastal,air heat index,climate-change-temperature,ssp585_medium-term,#8A0000FF,0
shallow pelagic,intertidal-coastal,air heat index,climate-change-temperature,ssp585_near-term,#8A0000FF,0
shallow pelagic,intertidal-coastal,coastal disturbance,land-based,ssp245_current,#ECA045FF,4.542222717851653e-4
shallow pelagic,intertidal-coastal,coastal disturbance,land-based,ssp245_medium-term,#ECA045FF,4.654349691308259e-4
shallow pelagic,intertidal-coastal,coastal disturbance,land-based,ssp245_near-term,#ECA045FF,4.6157758770426987e-4
shallow pelagic,intertidal-coastal,coastal disturbance,land-based,ssp585_current,#ECA045FF,4.5320338189030156e-4
shallow pelagic,intertidal-coastal,coastal disturbance,land-based,ssp585_medium-term,#ECA045FF,4.5969865199082654e-4
shallow pelagic,intertidal-coastal,coastal disturbance,land-based,ssp585_near-term,#ECA045FF,4.5864497217629094e-4
shallow pelagic,intertidal-coastal,fisheries biomass loss,fisheries,ssp245_current,#4DB0D3FF,0.10663400848791535
shallow pelagic,intertidal-coastal,fisheries biomass loss,fisheries,ssp245_medium-term,#4DB0D3FF,0.17800089745926928
shallow pelagic,intertidal-coastal,fisheries biomass loss,fisheries,ssp245_near-term,#4DB0D3FF,0.14543942484793101
shallow pelagic,intertidal-coastal,fisheries biomass loss,fisheries,ssp585_current,#4DB0D3FF,0.10755934622547868
shallow pelagic,intertidal-coastal,fisheries biomass loss,fisheries,ssp585_medium-term,#4DB0D3FF,0.18748656017376072
shallow pelagic,intertidal-coastal,fisheries biomass loss,fisheries,ssp585_near-term,#4DB0D3FF,0.15087489274505408
shallow pelagic,intertidal-coastal,light pollution,land-based,ssp245_current,#DFC524FF,5.134345149252297e-6
shallow pelagic,intertidal-coastal,light pollution,land-based,ssp245_medium-term,#DFC524FF,7.045981559351429e-6
shallow pelagic,intertidal-coastal,light pollution,land-based,ssp245_near-term,#DFC524FF,6.007573968895335e-6
shallow pelagic,intertidal-coastal,light pollution,land-based,ssp585_current,#DFC524FF,5.197342768001442e-6
shallow pelagic,intertidal-coastal,light pollution,land-based,ssp585_medium-term,#DFC524FF,8.209883692360412e-6
shallow pelagic,intertidal-coastal,light pollution,land-based,ssp585_near-term,#DFC524FF,6.282383179762861e-6
shallow pelagic,intertidal-coastal,nutrient pollution,land-based,ssp245_current,#ED8660FF,1.4494446654014038e-4
shallow pelagic,intertidal-coastal,nutrient pollution,land-based,ssp245_medium-term,#ED8660FF,1.7539505552735792e-4
shallow pelagic,intertidal-coastal,nutrient pollution,land-based,ssp245_near-term,#ED8660FF,1.6626859106259645e-4
shallow pelagic,intertidal-coastal,nutrient pollution,land-based,ssp585_current,#ED8660FF,1.4517657461960622e-4
shallow pelagic,intertidal-coastal,nutrient pollution,land-based,ssp585_medium-term,#ED8660FF,1.7098667139388654e-4
shallow pelagic,intertidal-coastal,nutrient pollution,land-based,ssp585_near-term,#ED8660FF,1.6667415060405585e-4
shallow pelagic,intertidal-coastal,ocean warming,climate-change-temperature,ssp245_current,#3B060AFF,0.10212500177361336
shallow pelagic,intertidal-coastal,ocean warming,climate-change-temperature,ssp245_medium-term,#3B060AFF,0.3589194364998808
shallow pelagic,intertidal-coastal,ocean warming,climate-change-temperature,ssp245_near-term,#3B060AFF,0.1881421305910808
shallow pelagic,intertidal-coastal,ocean warming,climate-change-temperature,ssp585_current,#3B060AFF,0.09971379967464883
shallow pelagic,intertidal-coastal,ocean warming,climate-change-temperature,ssp585_medium-term,#3B060AFF,0.47497840653167056
shallow pelagic,intertidal-coastal,ocean warming,climate-change-temperature,ssp585_near-term,#3B060AFF,0.21627177606242268
shallow pelagic,intertidal-coastal,primary productivity,productivity,ssp245_current,#A1BE79FF,0.01096889660255316
shallow pelagic,intertidal-coastal,primary productivity,productivity,ssp245_medium-term,#A1BE79FF,0.03738391825839647
shallow pelagic,intertidal-coastal,primary productivity,productivity,ssp245_near-term,#A1BE79FF,0.029673384054129556
shallow pelagic,intertidal-coastal,primary productivity,productivity,ssp585_current,#A1BE79FF,0.010972660637576447
shallow pelagic,intertidal-coastal,primary productivity,productivity,ssp585_medium-term,#A1BE79FF,0.044407362832949986
shallow pelagic,intertidal-coastal,primary productivity,productivity,ssp585_near-term,#A1BE79FF,0.031096138555204794
shallow pelagic,intertidal-coastal,reduced oxygen,climate-change-other,ssp245_current,#E95D93FF,0
shallow pelagic,intertidal-coastal,reduced oxygen,climate-change-other,ssp245_medium-term,#E95D93FF,0
shallow pelagic,intertidal-coastal,reduced oxygen,climate-change-other,ssp245_near-term,#E95D93FF,0
shallow pelagic,intertidal-coastal,reduced oxygen,climate-change-other,ssp585_current,#E95D93FF,0
shallow pelagic,intertidal-coastal,reduced oxygen,climate-change-other,ssp585_medium-term,#E95D93FF,0
shallow pelagic,intertidal-coastal,reduced oxygen,climate-change-other,ssp585_near-term,#E95D93FF,0
shallow pelagic,intertidal-coastal,sea level rise,climate-change-other,ssp245_current,#9F2C6CFF,0
shallow pelagic,intertidal-coastal,sea level rise,climate-change-other,ssp245_medium-term,#9F2C6CFF,0
shallow pelagic,intertidal-coastal,sea level rise,climate-change-other,ssp245_near-term,#9F2C6CFF,0
shallow pelagic,intertidal-coastal,sea level rise,climate-change-other,ssp585_current,#9F2C6CFF,0
shallow pelagic,intertidal-coastal,sea level rise,climate-change-other,ssp585_medium-term,#9F2C6CFF,0
shallow pelagic,intertidal-coastal,sea level rise,climate-change-other,ssp585_near-term,#9F2C6CFF,0
shellfish reef,intertidal-coastal,acidification,climate-change-other,ssp245_current,#C84382FF,0.03182757912911592
shellfish reef,intertidal-coastal,acidification,climate-change-other,ssp245_medium-term,#C84382FF,0.053453062022090374
shellfish reef,intertidal-coastal,acidification,climate-change-other,ssp245_near-term,#C84382FF,0.041340149253855096
shellfish reef,intertidal-coastal,acidification,climate-change-other,ssp585_current,#C84382FF,0.03194294936251324
shellfish reef,intertidal-coastal,acidification,climate-change-other,ssp585_medium-term,#C84382FF,0.06620591150679996
shellfish reef,intertidal-coastal,acidification,climate-change-other,ssp585_near-term,#C84382FF,0.04419841818138908
shellfish reef,intertidal-coastal,air heat index,climate-change-temperature,ssp245_current,#8A0000FF,0
shellfish reef,intertidal-coastal,air heat index,climate-change-temperature,ssp245_medium-term,#8A0000FF,0
shellfish reef,intertidal-coastal,air heat index,climate-change-temperature,ssp245_near-term,#8A0000FF,0
shellfish reef,intertidal-coastal,air heat index,climate-change-temperature,ssp585_current,#8A0000FF,0
shellfish reef,intertidal-coastal,air heat index,climate-change-temperature,ssp585_medium-term,#8A0000FF,0
shellfish reef,intertidal-coastal,air heat index,climate-change-temperature,ssp585_near-term,#8A0000FF,0
shellfish reef,intertidal-coastal,coastal disturbance,land-based,ssp245_current,#ECA045FF,0.047734485150377676
shellfish reef,intertidal-coastal,coastal disturbance,land-based,ssp245_medium-term,#ECA045FF,0.04894071751738852
shellfish reef,intertidal-coastal,coastal disturbance,land-based,ssp245_near-term,#ECA045FF,0.04841074756047205
shellfish reef,intertidal-coastal,coastal disturbance,land-based,ssp585_current,#ECA045FF,0.04783993094701405
shellfish reef,intertidal-coastal,coastal disturbance,land-based,ssp585_medium-term,#ECA045FF,0.04979323301707588
shellfish reef,intertidal-coastal,coastal disturbance,land-based,ssp585_near-term,#ECA045FF,0.04877547697343458
shellfish reef,intertidal-coastal,fisheries biomass loss,fisheries,ssp245_current,#4DB0D3FF,0.22299374833968696
shellfish reef,intertidal-coastal,fisheries biomass loss,fisheries,ssp245_medium-term,#4DB0D3FF,0.26262398805797993
shellfish reef,intertidal-coastal,fisheries biomass loss,fisheries,ssp245_near-term,#4DB0D3FF,0.24904509754128004
shellfish reef,intertidal-coastal,fisheries biomass loss,fisheries,ssp585_current,#4DB0D3FF,0.22426930688322042
shellfish reef,intertidal-coastal,fisheries biomass loss,fisheries,ssp585_medium-term,#4DB0D3FF,0.27474123010191026
shellfish reef,intertidal-coastal,fisheries biomass loss,fisheries,ssp585_near-term,#4DB0D3FF,0.25658329307689476
shellfish reef,intertidal-coastal,light pollution,land-based,ssp245_current,#DFC524FF,0.0012864450934798595
shellfish reef,intertidal-coastal,light pollution,land-based,ssp245_medium-term,#DFC524FF,0.001506396045380551
shellfish reef,intertidal-coastal,light pollution,land-based,ssp245_near-term,#DFC524FF,0.0013772873387252116
shellfish reef,intertidal-coastal,light pollution,land-based,ssp585_current,#DFC524FF,0.0012999962801536126
shellfish reef,intertidal-coastal,light pollution,land-based,ssp585_medium-term,#DFC524FF,0.001679127375623908
shellfish reef,intertidal-coastal,light pollution,land-based,ssp585_near-term,#DFC524FF,0.0014375432739235064
shellfish reef,intertidal-coastal,nutrient pollution,land-based,ssp245_current,#ED8660FF,0.01009155842908027
shellfish reef,intertidal-coastal,nutrient pollution,land-based,ssp245_medium-term,#ED8660FF,0.010231622068749432
shellfish reef,intertidal-coastal,nutrient pollution,land-based,ssp245_near-term,#ED8660FF,0.010355629021342598
shellfish reef,intertidal-coastal,nutrient pollution,land-based,ssp585_current,#ED8660FF,0.010114070996959969
shellfish reef,intertidal-coastal,nutrient pollution,land-based,ssp585_medium-term,#ED8660FF,0.009750082808897012
shellfish reef,intertidal-coastal,nutrient pollution,land-based,ssp585_near-term,#ED8660FF,0.010242183245084985
shellfish reef,intertidal-coastal,ocean warming,climate-change-temperature,ssp245_current,#3B060AFF,0.022220634906019214
shellfish reef,intertidal-coastal,ocean warming,climate-change-temperature,ssp245_medium-term,#3B060AFF,0.08188783998006922
shellfish reef,intertidal-coastal,ocean warming,climate-change-temperature,ssp245_near-term,#3B060AFF,0.049618954405578876
shellfish reef,intertidal-coastal,ocean warming,climate-change-temperature,ssp585_current,#3B060AFF,0.022113203153702386
shellfish reef,intertidal-coastal,ocean warming,climate-change-temperature,ssp585_medium-term,#3B060AFF,0.1124271992700049
shellfish reef,intertidal-coastal,ocean warming,climate-change-temperature,ssp585_near-term,#3B060AFF,0.051859406697725166
shellfish reef,intertidal-coastal,primary productivity,productivity,ssp245_current,#A1BE79FF,0.002208149867215655
shellfish reef,intertidal-coastal,primary productivity,productivity,ssp245_medium-term,#A1BE79FF,0.03228668169943363
shellfish reef,intertidal-coastal,primary productivity,productivity,ssp245_near-term,#A1BE79FF,0.02121531003196419
shellfish reef,intertidal-coastal,primary productivity,productivity,ssp585_current,#A1BE79FF,0.0021928935267206675
shellfish reef,intertidal-coastal,primary productivity,productivity,ssp585_medium-term,#A1BE79FF,0.03396457567646865
shellfish reef,intertidal-coastal,primary productivity,productivity,ssp585_near-term,#A1BE79FF,0.022486593411862276
shellfish reef,intertidal-coastal,reduced oxygen,climate-change-other,ssp245_current,#E95D93FF,0.0029771097482849374
shellfish reef,intertidal-coastal,reduced oxygen,climate-change-other,ssp245_medium-term,#E95D93FF,0.012328431906355323
shellfish reef,intertidal-coastal,reduced oxygen,climate-change-other,ssp245_near-term,#E95D93FF,0.0060797178311755165
shellfish reef,intertidal-coastal,reduced oxygen,climate-change-other,ssp585_current,#E95D93FF,0.0029771097482849374
shellfish reef,intertidal-coastal,reduced oxygen,climate-change-other,ssp585_medium-term,#E95D93FF,0.018949222424810085
shellfish reef,intertidal-coastal,reduced oxygen,climate-change-other,ssp585_near-term,#E95D93FF,0.007711664400071537
shellfish reef,intertidal-coastal,sea level rise,climate-change-other,ssp245_current,#9F2C6CFF,0.008280700281707081
shellfish reef,intertidal-coastal,sea level rise,climate-change-other,ssp245_medium-term,#9F2C6CFF,0.018224459376398685
shellfish reef,intertidal-coastal,sea level rise,climate-change-other,ssp245_near-term,#9F2C6CFF,0.008280700281707081
shellfish reef,intertidal-coastal,sea level rise,climate-change-other,ssp585_current,#9F2C6CFF,0.00953976779489266
shellfish reef,intertidal-coastal,sea level rise,climate-change-other,ssp585_medium-term,#9F2C6CFF,0.02766108228833463
shellfish reef,intertidal-coastal,sea level rise,climate-change-other,ssp585_near-term,#9F2C6CFF,0.00953976779489266
