rgn_id,impact,value,rgn_label,m49_code,iso3c,georgn,geosubrgn,cells,region
1,ssp245_current,411.16684172675014,Cocos Islands,166,CCK,Oceania,Australia and New Zealand,4694,eez
1,ssp245_medium-term,1331.9331174492836,Cocos Islands,166,CCK,Oceania,Australia and New Zealand,4694,eez
1,ssp245_near-term,747.6091770008206,Cocos Islands,166,CCK,Oceania,Australia and New Zealand,4694,eez
1,ssp585_current,565.0796300806105,Cocos Islands,166,CCK,Oceania,Australia and New Zealand,4694,eez
1,ssp585_medium-term,1949.7528177201748,Cocos Islands,166,CCK,Oceania,Australia and New Zealand,4694,eez
1,ssp585_near-term,935.823860116303,Cocos Islands,166,CCK,Oceania,Australia and New Zealand,4694,eez
2,ssp245_current,329.00629605539143,Christmas Island,162,CXR,Oceania,Australia and New Zealand,3298,eez
2,ssp245_medium-term,1027.056039094925,Christmas Island,162,CXR,Oceania,Australia and New Zealand,3298,eez
2,ssp245_near-term,621.2151338532567,Christmas Island,162,CXR,Oceania,Australia and New Zealand,3298,eez
2,ssp585_current,356.1700229011476,Christmas Island,162,CXR,Oceania,Australia and New Zealand,3298,eez
2,ssp585_medium-term,1434.373257637024,Christmas Island,162,CXR,Oceania,Australia and New Zealand,3298,eez
2,ssp585_near-term,699.7036033719778,Christmas Island,162,CXR,Oceania,Australia and New Zealand,3298,eez
3,ssp245_current,863.2583861202002,Norfolk Island,574,NFK,Oceania,Australia and New Zealand,4317,eez
3,ssp245_medium-term,2141.4673866331577,Norfolk Island,574,NFK,Oceania,Australia and New Zealand,4317,eez
3,ssp245_near-term,1279.6505626142025,Norfolk Island,574,NFK,Oceania,Australia and New Zealand,4317,eez
3,ssp585_current,844.8253479376435,Norfolk Island,574,NFK,Oceania,Australia and New Zealand,4317,eez
3,ssp585_medium-term,2808.8182552456856,Norfolk Island,574,NFK,Oceania,Australia and New Zealand,4317,eez
3,ssp585_near-term,1415.066889449954,Norfolk Island,574,NFK,Oceania,Australia and New Zealand,4317,eez
4,ssp245_current,1089.3561992496252,Macquarie Island,NA,NA,Oceania,Australia and New Zealand,4744,eez
4,ssp245_medium-term,2472.8995596170425,Macquarie Island,NA,NA,Oceania,Australia and New Zealand,4744,eez
4,ssp245_near-term,1579.5541753023863,Macquarie Island,NA,NA,Oceania,Australia and New Zealand,4744,eez
4,ssp585_current,1085.8817351907492,Macquarie Island,NA,NA,Oceania,Australia and New Zealand,4744,eez
4,ssp585_medium-term,2627.056890577078,Macquarie Island,NA,NA,Oceania,Australia and New Zealand,4744,eez
4,ssp585_near-term,1633.5032269656658,Macquarie Island,NA,NA,Oceania,Australia and New Zealand,4744,eez
5,ssp245_current,2949.5379884405993,New Caledonia,540,NCL,Oceania,Melanesia,13775,eez
5,ssp245_medium-term,8869.531760755926,New Caledonia,540,NCL,Oceania,Melanesia,13775,eez
5,ssp245_near-term,5691.232173016295,New Caledonia,540,NCL,Oceania,Melanesia,13775,eez
5,ssp585_current,3056.2478899289854,New Caledonia,540,NCL,Oceania,Melanesia,13775,eez
5,ssp585_medium-term,10178.521009491757,New Caledonia,540,NCL,Oceania,Melanesia,13775,eez
5,ssp585_near-term,6244.5152044584975,New Caledonia,540,NCL,Oceania,Melanesia,13775,eez
6,ssp245_current,1421.6309665839653,Vanuatu,548,VUT,Oceania,Melanesia,6310,eez
6,ssp245_medium-term,3861.000890211668,Vanuatu,548,VUT,Oceania,Melanesia,6310,eez
6,ssp245_near-term,2451.4793277706485,Vanuatu,548,VUT,Oceania,Melanesia,6310,eez
6,ssp585_current,1452.2080475884723,Vanuatu,548,VUT,Oceania,Melanesia,6310,eez
6,ssp585_medium-term,4544.110740064178,Vanuatu,548,VUT,Oceania,Melanesia,6310,eez
6,ssp585_near-term,2541.7394608506,Vanuatu,548,VUT,Oceania,Melanesia,6310,eez
7,ssp245_current,2882.168468284537,Solomon Islands,90,SLB,Oceania,Melanesia,16267,eez
7,ssp245_medium-term,12595.26811687043,Solomon Islands,90,SLB,Oceania,Melanesia,16267,eez
7,ssp245_near-term,7729.482495851815,Solomon Islands,90,SLB,Oceania,Melanesia,16267,eez
7,ssp585_current,3175.442202572478,Solomon Islands,90,SLB,Oceania,Melanesia,16267,eez
7,ssp585_medium-term,14457.37728710426,Solomon Islands,90,SLB,Oceania,Melanesia,16267,eez
7,ssp585_near-term,7706.655190919759,Solomon Islands,90,SLB,Oceania,Melanesia,16267,eez
8,ssp245_current,754.3755763545632,Palau,585,PLW,Oceania,Micronesia,6085,eez
8,ssp245_medium-term,2924.975235670805,Palau,585,PLW,Oceania,Micronesia,6085,eez
8,ssp245_near-term,1746.6388847529888,Palau,585,PLW,Oceania,Micronesia,6085,eez
8,ssp585_current,785.6911615468562,Palau,585,PLW,Oceania,Micronesia,6085,eez
8,ssp585_medium-term,3647.8860470056534,Palau,585,PLW,Oceania,Micronesia,6085,eez
8,ssp585_near-term,1984.8147942125797,Palau,585,PLW,Oceania,Micronesia,6085,eez
9,ssp245_current,4981.456184610724,Micronesia,583,FSM,Oceania,Micronesia,30121,eez
9,ssp245_medium-term,22715.506591148674,Micronesia,583,FSM,Oceania,Micronesia,30121,eez
9,ssp245_near-term,13126.648692246526,Micronesia,583,FSM,Oceania,Micronesia,30121,eez
9,ssp585_current,5097.930768629536,Micronesia,583,FSM,Oceania,Micronesia,30121,eez
9,ssp585_medium-term,25731.071299809963,Micronesia,583,FSM,Oceania,Micronesia,30121,eez
9,ssp585_near-term,14225.236713755876,Micronesia,583,FSM,Oceania,Micronesia,30121,eez
10,ssp245_current,642.8889751434326,Nauru,520,NRU,Oceania,Micronesia,3097,eez
10,ssp245_medium-term,2126.592859685421,Nauru,520,NRU,Oceania,Micronesia,3097,eez
10,ssp245_near-term,1392.5199794471264,Nauru,520,NRU,Oceania,Micronesia,3097,eez
10,ssp585_current,657.6509408652782,Nauru,520,NRU,Oceania,Micronesia,3097,eez
10,ssp585_medium-term,2505.05477976799,Nauru,520,NRU,Oceania,Micronesia,3097,eez
10,ssp585_near-term,1486.8391241133213,Nauru,520,NRU,Oceania,Micronesia,3097,eez
11,ssp245_current,2760.9161439314485,Marshall Islands,584,MHL,Oceania,Micronesia,20045,eez
11,ssp245_medium-term,15191.306862175465,Marshall Islands,584,MHL,Oceania,Micronesia,20045,eez
11,ssp245_near-term,8304.388002991676,Marshall Islands,584,MHL,Oceania,Micronesia,20045,eez
11,ssp585_current,2988.6619093865156,Marshall Islands,584,MHL,Oceania,Micronesia,20045,eez
11,ssp585_medium-term,17225.096487283707,Marshall Islands,584,MHL,Oceania,Micronesia,20045,eez
11,ssp585_near-term,9528.45046389103,Marshall Islands,584,MHL,Oceania,Micronesia,20045,eez
12,ssp245_current,696.8041551858187,Wake Island,NA,NA,Oceania,Micronesia,4090,eez
12,ssp245_medium-term,1948.557940095663,Wake Island,NA,NA,Oceania,Micronesia,4090,eez
12,ssp245_near-term,1123.1382718384266,Wake Island,NA,NA,Oceania,Micronesia,4090,eez
12,ssp585_current,724.6586549505591,Wake Island,NA,NA,Oceania,Micronesia,4090,eez
12,ssp585_medium-term,2277.3120201528072,Wake Island,NA,NA,Oceania,Micronesia,4090,eez
12,ssp585_near-term,1250.14238075912,Wake Island,NA,NA,Oceania,Micronesia,4090,eez
13,ssp245_current,1197.6448565125465,Northern Mariana Islands and Guam,580,MNP,Oceania,Micronesia,9761,eez
13,ssp245_medium-term,5939.141241699457,Northern Mariana Islands and Guam,580,MNP,Oceania,Micronesia,9761,eez
13,ssp245_near-term,3221.9856428205967,Northern Mariana Islands and Guam,580,MNP,Oceania,Micronesia,9761,eez
13,ssp585_current,1527.7034635394812,Northern Mariana Islands and Guam,580,MNP,Oceania,Micronesia,9761,eez
13,ssp585_medium-term,6630.752179741859,Northern Mariana Islands and Guam,580,MNP,Oceania,Micronesia,9761,eez
13,ssp585_near-term,3665.2399612665176,Northern Mariana Islands and Guam,580,MNP,Oceania,Micronesia,9761,eez
14,ssp245_current,1183.599633127451,Taiwan,NA,TWN,Asia,Eastern Asia,3494,eez
14,ssp245_medium-term,2172.194222841412,Taiwan,NA,TWN,Asia,Eastern Asia,3494,eez
14,ssp245_near-term,1674.546451676637,Taiwan,NA,TWN,Asia,Eastern Asia,3494,eez
14,ssp585_current,1160.2702410127968,Taiwan,NA,TWN,Asia,Eastern Asia,3494,eez
14,ssp585_medium-term,2540.2258834689856,Taiwan,NA,TWN,Asia,Eastern Asia,3494,eez
14,ssp585_near-term,1771.5257063079625,Taiwan,NA,TWN,Asia,Eastern Asia,3494,eez
15,ssp245_current,6508.248085034778,Philippines,608,PHL,Asia,South-eastern Asia,19146,eez
15,ssp245_medium-term,14074.788462261902,Philippines,608,PHL,Asia,South-eastern Asia,19146,eez
15,ssp245_near-term,10471.550255494425,Philippines,608,PHL,Asia,South-eastern Asia,19146,eez
15,ssp585_current,6416.187396341818,Philippines,608,PHL,Asia,South-eastern Asia,19146,eez
15,ssp585_medium-term,16247.35486393189,Philippines,608,PHL,Asia,South-eastern Asia,19146,eez
15,ssp585_near-term,11043.2850052953,Philippines,608,PHL,Asia,South-eastern Asia,19146,eez
16,ssp245_current,12354.26781487865,Australia,36,AUS,Oceania,Australia and New Zealand,71139,eez
16,ssp245_medium-term,26667.41534222802,Australia,36,AUS,Oceania,Australia and New Zealand,71139,eez
16,ssp245_near-term,17260.649090435938,Australia,36,AUS,Oceania,Australia and New Zealand,71139,eez
16,ssp585_current,11957.193080964338,Australia,36,AUS,Oceania,Australia and New Zealand,71139,eez
16,ssp585_medium-term,33800.870066912845,Australia,36,AUS,Oceania,Australia and New Zealand,71139,eez
16,ssp585_near-term,19386.903346964595,Australia,36,AUS,Oceania,Australia and New Zealand,71139,eez
17,ssp245_current,5116.6431907599035,Papua New Guinea,598,PNG,Oceania,Melanesia,24554,eez
17,ssp245_medium-term,19060.21033895528,Papua New Guinea,598,PNG,Oceania,Melanesia,24554,eez
17,ssp245_near-term,12300.440801408899,Papua New Guinea,598,PNG,Oceania,Melanesia,24554,eez
17,ssp585_current,5105.696605070727,Papua New Guinea,598,PNG,Oceania,Melanesia,24554,eez
17,ssp585_medium-term,21964.013938369462,Papua New Guinea,598,PNG,Oceania,Melanesia,24554,eez
17,ssp585_near-term,13312.697883595014,Papua New Guinea,598,PNG,Oceania,Melanesia,24554,eez
18,ssp245_current,2778.646719065029,Fiji,242,FJI,Oceania,Melanesia,13007,eez
18,ssp245_medium-term,8037.841714975424,Fiji,242,FJI,Oceania,Melanesia,13007,eez
18,ssp245_near-term,5347.2473254040815,Fiji,242,FJI,Oceania,Melanesia,13007,eez
18,ssp585_current,2884.8941502117086,Fiji,242,FJI,Oceania,Melanesia,13007,eez
18,ssp585_medium-term,9170.178018619772,Fiji,242,FJI,Oceania,Melanesia,13007,eez
18,ssp585_near-term,5368.959048397373,Fiji,242,FJI,Oceania,Melanesia,13007,eez
19,ssp245_current,1307.4088159054518,Tuvalu,798,TUV,Oceania,Polynesia,7500,eez
19,ssp245_medium-term,5540.407934695482,Tuvalu,798,TUV,Oceania,Polynesia,7500,eez
19,ssp245_near-term,3437.788268595934,Tuvalu,798,TUV,Oceania,Polynesia,7500,eez
19,ssp585_current,1266.6511635258794,Tuvalu,798,TUV,Oceania,Polynesia,7500,eez
19,ssp585_medium-term,6421.304223865271,Tuvalu,798,TUV,Oceania,Polynesia,7500,eez
19,ssp585_near-term,3210.7813469171524,Tuvalu,798,TUV,Oceania,Polynesia,7500,eez
20,ssp245_current,1790.3415789948776,Republic of Korea,410,KOR,Asia,Eastern Asia,3431,eez
20,ssp245_medium-term,2373.3747855527326,Republic of Korea,410,KOR,Asia,Eastern Asia,3431,eez
20,ssp245_near-term,2094.2364396522753,Republic of Korea,410,KOR,Asia,Eastern Asia,3431,eez
20,ssp585_current,1774.7242907583714,Republic of Korea,410,KOR,Asia,Eastern Asia,3431,eez
20,ssp585_medium-term,2870.1455312701873,Republic of Korea,410,KOR,Asia,Eastern Asia,3431,eez
20,ssp585_near-term,2135.6585735906847,Republic of Korea,410,KOR,Asia,Eastern Asia,3431,eez
21,ssp245_current,639.8210993632674,Democratic People's Republic of Korea,408,PRK,Asia,Eastern Asia,1257,eez
21,ssp245_medium-term,903.7238528989255,Democratic People's Republic of Korea,408,PRK,Asia,Eastern Asia,1257,eez
21,ssp245_near-term,815.9407611079514,Democratic People's Republic of Korea,408,PRK,Asia,Eastern Asia,1257,eez
21,ssp585_current,629.2561788391322,Democratic People's Republic of Korea,408,PRK,Asia,Eastern Asia,1257,eez
21,ssp585_medium-term,1052.4501366391778,Democratic People's Republic of Korea,408,PRK,Asia,Eastern Asia,1257,eez
21,ssp585_near-term,820.420831874013,Democratic People's Republic of Korea,408,PRK,Asia,Eastern Asia,1257,eez
24,ssp245_current,206.78253719490021,Cambodia,116,KHM,Asia,South-eastern Asia,513,eez
24,ssp245_medium-term,337.46707001514733,Cambodia,116,KHM,Asia,South-eastern Asia,513,eez
24,ssp245_near-term,269.3766924981028,Cambodia,116,KHM,Asia,South-eastern Asia,513,eez
24,ssp585_current,206.49048423580825,Cambodia,116,KHM,Asia,South-eastern Asia,513,eez
24,ssp585_medium-term,393.7057601958513,Cambodia,116,KHM,Asia,South-eastern Asia,513,eez
24,ssp585_near-term,272.0930041410029,Cambodia,116,KHM,Asia,South-eastern Asia,513,eez
25,ssp245_current,1619.722955653444,Thailand,764,THA,Asia,South-eastern Asia,3246,eez
25,ssp245_medium-term,2641.812420491129,Thailand,764,THA,Asia,South-eastern Asia,3246,eez
25,ssp245_near-term,2130.6133339433,Thailand,764,THA,Asia,South-eastern Asia,3246,eez
25,ssp585_current,1637.8378901043907,Thailand,764,THA,Asia,South-eastern Asia,3246,eez
25,ssp585_medium-term,3015.198076117784,Thailand,764,THA,Asia,South-eastern Asia,3246,eez
25,ssp585_near-term,2142.051500469446,Thailand,764,THA,Asia,South-eastern Asia,3246,eez
26,ssp245_current,2683.0816786754876,Andaman and Nicobar,NA,NA,Asia,South-Eastern Asia,6702,eez
26,ssp245_medium-term,5408.249979850836,Andaman and Nicobar,NA,NA,Asia,South-Eastern Asia,6702,eez
26,ssp245_near-term,4060.2661272813566,Andaman and Nicobar,NA,NA,Asia,South-Eastern Asia,6702,eez
26,ssp585_current,2754.355165979825,Andaman and Nicobar,NA,NA,Asia,South-Eastern Asia,6702,eez
26,ssp585_medium-term,6191.46199632436,Andaman and Nicobar,NA,NA,Asia,South-Eastern Asia,6702,eez
26,ssp585_near-term,4182.4049132303335,Andaman and Nicobar,NA,NA,Asia,South-Eastern Asia,6702,eez
28,ssp245_current,343.90877099335194,Comoro Islands,NA,NA,Africa,Eastern Africa,1669,eez
28,ssp245_medium-term,1362.8939100205898,Comoro Islands,NA,NA,Africa,Eastern Africa,1669,eez
28,ssp245_near-term,935.6794639080763,Comoro Islands,NA,NA,Africa,Eastern Africa,1669,eez
28,ssp585_current,356.4202971830964,Comoro Islands,NA,NA,Africa,Eastern Africa,1669,eez
28,ssp585_medium-term,1452.7117419540882,Comoro Islands,NA,NA,Africa,Eastern Africa,1669,eez
28,ssp585_near-term,950.6512461677194,Comoro Islands,NA,NA,Africa,Eastern Africa,1669,eez
29,ssp245_current,137.50087824463844,Mayotte,175,MYT,Africa,Eastern Africa,634,eez
29,ssp245_medium-term,503.67778849601746,Mayotte,175,MYT,Africa,Eastern Africa,634,eez
29,ssp245_near-term,347.78184619545937,Mayotte,175,MYT,Africa,Eastern Africa,634,eez
29,ssp585_current,157.4603029191494,Mayotte,175,MYT,Africa,Eastern Africa,634,eez
29,ssp585_medium-term,538.5968041419983,Mayotte,175,MYT,Africa,Eastern Africa,634,eez
29,ssp585_near-term,365.4621786773205,Mayotte,175,MYT,Africa,Eastern Africa,634,eez
30,ssp245_current,82.88169939815998,Glorioso Islands,NA,NA,Africa,Eastern Africa,434,eez
30,ssp245_medium-term,247.95753920078278,Glorioso Islands,NA,NA,Africa,Eastern Africa,434,eez
30,ssp245_near-term,154.0027876496315,Glorioso Islands,NA,NA,Africa,Eastern Africa,434,eez
30,ssp585_current,83.57185180485249,Glorioso Islands,NA,NA,Africa,Eastern Africa,434,eez
30,ssp585_medium-term,273.0445764660835,Glorioso Islands,NA,NA,Africa,Eastern Africa,434,eez
30,ssp585_near-term,161.32829147577286,Glorioso Islands,NA,NA,Africa,Eastern Africa,434,eez
31,ssp245_current,1213.0303569734097,Seychelles,690,SYC,Africa,Eastern Africa,13409,eez
31,ssp245_medium-term,8480.988411426544,Seychelles,690,SYC,Africa,Eastern Africa,13409,eez
31,ssp245_near-term,4091.658341154456,Seychelles,690,SYC,Africa,Eastern Africa,13409,eez
31,ssp585_current,1144.3241607416421,Seychelles,690,SYC,Africa,Eastern Africa,13409,eez
31,ssp585_medium-term,9767.983134239912,Seychelles,690,SYC,Africa,Eastern Africa,13409,eez
31,ssp585_near-term,4389.505038157105,Seychelles,690,SYC,Africa,Eastern Africa,13409,eez
32,ssp245_current,230.10303810238838,Réunion,638,REU,Africa,Eastern Africa,3172,eez
32,ssp245_medium-term,2380.9654345065355,Réunion,638,REU,Africa,Eastern Africa,3172,eez
32,ssp245_near-term,1281.8782566860318,Réunion,638,REU,Africa,Eastern Africa,3172,eez
32,ssp585_current,180.00699284113944,Réunion,638,REU,Africa,Eastern Africa,3172,eez
32,ssp585_medium-term,2662.324698150158,Réunion,638,REU,Africa,Eastern Africa,3172,eez
32,ssp585_near-term,1309.2439319342375,Réunion,638,REU,Africa,Eastern Africa,3172,eez
33,ssp245_current,117.24462194740772,Juan de Nova Island,NA,NA,Africa,Eastern Africa,623,eez
33,ssp245_medium-term,308.21297827363014,Juan de Nova Island,NA,NA,Africa,Eastern Africa,623,eez
33,ssp245_near-term,196.6377621293068,Juan de Nova Island,NA,NA,Africa,Eastern Africa,623,eez
33,ssp585_current,119.97744035720825,Juan de Nova Island,NA,NA,Africa,Eastern Africa,623,eez
33,ssp585_medium-term,354.0759741663933,Juan de Nova Island,NA,NA,Africa,Eastern Africa,623,eez
33,ssp585_near-term,199.2693571150303,Juan de Nova Island,NA,NA,Africa,Eastern Africa,623,eez
34,ssp245_current,197.88090822845697,Bassas da India,NA,NA,Africa,Eastern Africa,1214,eez
34,ssp245_medium-term,537.3685655295849,Bassas da India,NA,NA,Africa,Eastern Africa,1214,eez
34,ssp245_near-term,363.92997229099274,Bassas da India,NA,NA,Africa,Eastern Africa,1214,eez
34,ssp585_current,193.65393538028002,Bassas da India,NA,NA,Africa,Eastern Africa,1214,eez
34,ssp585_medium-term,651.9614261984825,Bassas da India,NA,NA,Africa,Eastern Africa,1214,eez
34,ssp585_near-term,328.20251658558846,Bassas da India,NA,NA,Africa,Eastern Africa,1214,eez
35,ssp245_current,140.87114521861076,Ile Europa,NA,NA,Africa,Eastern Africa,1253,eez
35,ssp245_medium-term,428.0704043507576,Ile Europa,NA,NA,Africa,Eastern Africa,1253,eez
35,ssp245_near-term,283.93298360705376,Ile Europa,NA,NA,Africa,Eastern Africa,1253,eez
35,ssp585_current,143.33314607292414,Ile Europa,NA,NA,Africa,Eastern Africa,1253,eez
35,ssp585_medium-term,571.5022237896919,Ile Europa,NA,NA,Africa,Eastern Africa,1253,eez
35,ssp585_near-term,239.29005278646946,Ile Europa,NA,NA,Africa,Eastern Africa,1253,eez
36,ssp245_current,249.64636437222362,Ile Tromelin,NA,NA,Africa,Eastern Africa,2719,eez
36,ssp245_medium-term,1099.4315417706966,Ile Tromelin,NA,NA,Africa,Eastern Africa,2719,eez
36,ssp245_near-term,575.8043090701103,Ile Tromelin,NA,NA,Africa,Eastern Africa,2719,eez
36,ssp585_current,235.11226757243276,Ile Tromelin,NA,NA,Africa,Eastern Africa,2719,eez
36,ssp585_medium-term,1366.3083738684654,Ile Tromelin,NA,NA,Africa,Eastern Africa,2719,eez
36,ssp585_near-term,630.0099867135286,Ile Tromelin,NA,NA,Africa,Eastern Africa,2719,eez
37,ssp245_current,888.9400954060256,Mauritius,480,MUS,Africa,Eastern Africa,12821,eez
37,ssp245_medium-term,5794.276174589992,Mauritius,480,MUS,Africa,Eastern Africa,12821,eez
37,ssp245_near-term,2689.469604060054,Mauritius,480,MUS,Africa,Eastern Africa,12821,eez
37,ssp585_current,813.5731700193137,Mauritius,480,MUS,Africa,Eastern Africa,12821,eez
37,ssp585_medium-term,7400.427311241627,Mauritius,480,MUS,Africa,Eastern Africa,12821,eez
37,ssp585_near-term,3005.690553896129,Mauritius,480,MUS,Africa,Eastern Africa,12821,eez
38,ssp245_current,943.513030346483,British Indian Ocean Territory,86,IOT,Africa,Eastern Africa,6424,eez
38,ssp245_medium-term,2666.8592065125704,British Indian Ocean Territory,86,IOT,Africa,Eastern Africa,6424,eez
38,ssp245_near-term,1416.9623261541128,British Indian Ocean Territory,86,IOT,Africa,Eastern Africa,6424,eez
38,ssp585_current,931.5276391729712,British Indian Ocean Territory,86,IOT,Africa,Eastern Africa,6424,eez
38,ssp585_medium-term,3356.9400418549776,British Indian Ocean Territory,86,IOT,Africa,Eastern Africa,6424,eez
38,ssp585_near-term,1802.5989642888308,British Indian Ocean Territory,86,IOT,Africa,Eastern Africa,6424,eez
39,ssp245_current,1502.8123689424247,Maldives,462,MDV,Asia,Southern Asia,9223,eez
39,ssp245_medium-term,7367.879446327686,Maldives,462,MDV,Asia,Southern Asia,9223,eez
39,ssp245_near-term,4389.150201797485,Maldives,462,MDV,Asia,Southern Asia,9223,eez
39,ssp585_current,1568.9567456878722,Maldives,462,MDV,Asia,Southern Asia,9223,eez
39,ssp585_medium-term,8034.100163400173,Maldives,462,MDV,Asia,Southern Asia,9223,eez
39,ssp585_near-term,4744.987799704075,Maldives,462,MDV,Asia,Southern Asia,9223,eez
40,ssp245_current,1730.7954027378,Sri Lanka,144,LKA,Asia,Southern Asia,5422,eez
40,ssp245_medium-term,4356.61570755695,Sri Lanka,144,LKA,Asia,Southern Asia,5422,eez
40,ssp245_near-term,3201.0379192342516,Sri Lanka,144,LKA,Asia,Southern Asia,5422,eez
40,ssp585_current,1757.3297199587105,Sri Lanka,144,LKA,Asia,Southern Asia,5422,eez
40,ssp585_medium-term,4928.480370690115,Sri Lanka,144,LKA,Asia,Southern Asia,5422,eez
40,ssp585_near-term,3388.1637081331573,Sri Lanka,144,LKA,Asia,Southern Asia,5422,eez
41,ssp245_current,1393.8865516453516,Mozambique,508,MOZ,Africa,Eastern Africa,5941,eez
41,ssp245_medium-term,4249.9302611788735,Mozambique,508,MOZ,Africa,Eastern Africa,5941,eez
41,ssp245_near-term,3062.4795188633725,Mozambique,508,MOZ,Africa,Eastern Africa,5941,eez
41,ssp585_current,1459.1993329935358,Mozambique,508,MOZ,Africa,Eastern Africa,5941,eez
41,ssp585_medium-term,4749.140128722298,Mozambique,508,MOZ,Africa,Eastern Africa,5941,eez
41,ssp585_near-term,2997.7113489620388,Mozambique,508,MOZ,Africa,Eastern Africa,5941,eez
42,ssp245_current,1811.5703490060405,Madagascar,450,MDG,Africa,Eastern Africa,12348,eez
42,ssp245_medium-term,8529.174029003712,Madagascar,450,MDG,Africa,Eastern Africa,12348,eez
42,ssp245_near-term,5518.593477936694,Madagascar,450,MDG,Africa,Eastern Africa,12348,eez
42,ssp585_current,1898.7840288063744,Madagascar,450,MDG,Africa,Eastern Africa,12348,eez
42,ssp585_medium-term,9704.56988107867,Madagascar,450,MDG,Africa,Eastern Africa,12348,eez
42,ssp585_near-term,5590.50652739557,Madagascar,450,MDG,Africa,Eastern Africa,12348,eez
43,ssp245_current,233.4370248108171,Kenya,404,KEN,Africa,Eastern Africa,1171,eez
43,ssp245_medium-term,977.2550785611384,Kenya,404,KEN,Africa,Eastern Africa,1171,eez
43,ssp245_near-term,643.052668501623,Kenya,404,KEN,Africa,Eastern Africa,1171,eez
43,ssp585_current,237.03309120004997,Kenya,404,KEN,Africa,Eastern Africa,1171,eez
43,ssp585_medium-term,1071.5799385602586,Kenya,404,KEN,Africa,Eastern Africa,1171,eez
43,ssp585_near-term,669.2177728447132,Kenya,404,KEN,Africa,Eastern Africa,1171,eez
44,ssp245_current,1722.6040897890925,Somalia,706,SOM,Africa,Eastern Africa,8039,eez
44,ssp245_medium-term,6171.165913997218,Somalia,706,SOM,Africa,Eastern Africa,8039,eez
44,ssp245_near-term,4637.577453654259,Somalia,706,SOM,Africa,Eastern Africa,8039,eez
44,ssp585_current,1445.7942532179877,Somalia,706,SOM,Africa,Eastern Africa,8039,eez
44,ssp585_medium-term,6968.997261529788,Somalia,706,SOM,Africa,Eastern Africa,8039,eez
44,ssp585_near-term,4759.125386077911,Somalia,706,SOM,Africa,Eastern Africa,8039,eez
45,ssp245_current,463.5398422095459,Eritrea,232,ERI,Africa,Eastern Africa,869,eez
45,ssp245_medium-term,707.5656502607744,Eritrea,232,ERI,Africa,Eastern Africa,869,eez
45,ssp245_near-term,595.2600859529339,Eritrea,232,ERI,Africa,Eastern Africa,869,eez
45,ssp585_current,442.06399159366265,Eritrea,232,ERI,Africa,Eastern Africa,869,eez
45,ssp585_medium-term,774.2439258703962,Eritrea,232,ERI,Africa,Eastern Africa,869,eez
45,ssp585_near-term,596.1111895446666,Eritrea,232,ERI,Africa,Eastern Africa,869,eez
46,ssp245_current,66.55065778642893,Djibouti,262,DJI,Africa,Eastern Africa,90,eez
46,ssp245_medium-term,95.94752939045429,Djibouti,262,DJI,Africa,Eastern Africa,90,eez
46,ssp245_near-term,81.60387241095304,Djibouti,262,DJI,Africa,Eastern Africa,90,eez
46,ssp585_current,62.283519364893436,Djibouti,262,DJI,Africa,Eastern Africa,90,eez
46,ssp585_medium-term,105.62589061260223,Djibouti,262,DJI,Africa,Eastern Africa,90,eez
46,ssp585_near-term,82.85205271840096,Djibouti,262,DJI,Africa,Eastern Africa,90,eez
47,ssp245_current,2296.25042416621,Yemen,887,YEM,Asia,Western Asia,5597,eez
47,ssp245_medium-term,4307.201516342349,Yemen,887,YEM,Asia,Western Asia,5597,eez
47,ssp245_near-term,3530.9766390882432,Yemen,887,YEM,Asia,Western Asia,5597,eez
47,ssp585_current,2068.4162998441607,Yemen,887,YEM,Asia,Western Asia,5597,eez
47,ssp585_medium-term,4882.439394302666,Yemen,887,YEM,Asia,Western Asia,5597,eez
47,ssp585_near-term,3628.187567472458,Yemen,887,YEM,Asia,Western Asia,5597,eez
48,ssp245_current,2235.6062161554582,Oman,512,OMN,Asia,Western Asia,5497,eez
48,ssp245_medium-term,4042.5355976046994,Oman,512,OMN,Asia,Western Asia,5497,eez
48,ssp245_near-term,3136.384012151393,Oman,512,OMN,Asia,Western Asia,5497,eez
48,ssp585_current,2190.783107981668,Oman,512,OMN,Asia,Western Asia,5497,eez
48,ssp585_medium-term,4606.922266368289,Oman,512,OMN,Asia,Western Asia,5497,eez
48,ssp585_near-term,3296.5864365579328,Oman,512,OMN,Asia,Western Asia,5497,eez
49,ssp245_current,470.2160217841156,Sudan,729,SDN,Africa,Northern Africa,707,eez
49,ssp245_medium-term,701.1019581847358,Sudan,729,SDN,Africa,Northern Africa,707,eez
49,ssp245_near-term,609.3399607052561,Sudan,729,SDN,Africa,Northern Africa,707,eez
49,ssp585_current,472.54207046190277,Sudan,729,SDN,Africa,Northern Africa,707,eez
49,ssp585_medium-term,760.060994181782,Sudan,729,SDN,Africa,Northern Africa,707,eez
49,ssp585_near-term,595.6281650613528,Sudan,729,SDN,Africa,Northern Africa,707,eez
50,ssp245_current,1378.8407746700104,Saudi Arabia,682,SAU,Asia,Western Asia,2399,eez
50,ssp245_medium-term,2171.6588841849007,Saudi Arabia,682,SAU,Asia,Western Asia,2399,eez
50,ssp245_near-term,1886.5727043926017,Saudi Arabia,682,SAU,Asia,Western Asia,2399,eez
50,ssp585_current,1401.9482486033812,Saudi Arabia,682,SAU,Asia,Western Asia,2399,eez
50,ssp585_medium-term,2349.5706153698266,Saudi Arabia,682,SAU,Asia,Western Asia,2399,eez
50,ssp585_near-term,1839.096384224249,Saudi Arabia,682,SAU,Asia,Western Asia,2399,eez
51,ssp245_current,14.821615662425756,Kuwait,414,KWT,Asia,Western Asia,144,eez
51,ssp245_medium-term,51.12060160841793,Kuwait,414,KWT,Asia,Western Asia,144,eez
51,ssp245_near-term,21.67630931804888,Kuwait,414,KWT,Asia,Western Asia,144,eez
51,ssp585_current,18.500181877985597,Kuwait,414,KWT,Asia,Western Asia,144,eez
51,ssp585_medium-term,57.91046462766826,Kuwait,414,KWT,Asia,Western Asia,144,eez
51,ssp585_near-term,20.76734956772998,Kuwait,414,KWT,Asia,Western Asia,144,eez
52,ssp245_current,12.768732394091785,Bahrain,48,BHR,Asia,Western Asia,87,eez
52,ssp245_medium-term,36.50758105516434,Bahrain,48,BHR,Asia,Western Asia,87,eez
52,ssp245_near-term,14.892606679350138,Bahrain,48,BHR,Asia,Western Asia,87,eez
52,ssp585_current,13.47032255679369,Bahrain,48,BHR,Asia,Western Asia,87,eez
52,ssp585_medium-term,42.359020352363586,Bahrain,48,BHR,Asia,Western Asia,87,eez
52,ssp585_near-term,14.372527061961591,Bahrain,48,BHR,Asia,Western Asia,87,eez
53,ssp245_current,1050.8875583820045,Pakistan,586,PAK,Asia,Southern Asia,2290,eez
53,ssp245_medium-term,1896.486922249198,Pakistan,586,PAK,Asia,Southern Asia,2290,eez
53,ssp245_near-term,1602.5314343720675,Pakistan,586,PAK,Asia,Southern Asia,2290,eez
53,ssp585_current,1063.994684804231,Pakistan,586,PAK,Asia,Southern Asia,2290,eez
53,ssp585_medium-term,2120.9626262038946,Pakistan,586,PAK,Asia,Southern Asia,2290,eez
53,ssp585_near-term,1642.7637525498867,Pakistan,586,PAK,Asia,Southern Asia,2290,eez
54,ssp245_current,81.77223988622427,United Arab Emirates,784,ARE,Asia,Western Asia,590,eez
54,ssp245_medium-term,344.087369825691,United Arab Emirates,784,ARE,Asia,Western Asia,590,eez
54,ssp245_near-term,228.39605812355876,United Arab Emirates,784,ARE,Asia,Western Asia,590,eez
54,ssp585_current,84.77728884667158,United Arab Emirates,784,ARE,Asia,Western Asia,590,eez
54,ssp585_medium-term,381.24336701631546,United Arab Emirates,784,ARE,Asia,Western Asia,590,eez
54,ssp585_near-term,238.05729373544455,United Arab Emirates,784,ARE,Asia,Western Asia,590,eez
55,ssp245_current,957.4554282482713,Azores,NA,NA,Europe,Southern Europe,9604,eez
55,ssp245_medium-term,4773.400692105293,Azores,NA,NA,Europe,Southern Europe,9604,eez
55,ssp245_near-term,2738.4642473235726,Azores,NA,NA,Europe,Southern Europe,9604,eez
55,ssp585_current,1211.8371606701985,Azores,NA,NA,Europe,Southern Europe,9604,eez
55,ssp585_medium-term,6437.577585577965,Azores,NA,NA,Europe,Southern Europe,9604,eez
55,ssp585_near-term,3002.042347609997,Azores,NA,NA,Europe,Southern Europe,9604,eez
56,ssp245_current,1767.6186044029891,Cape Verde,NA,NA,Africa,Western Africa,8036,eez
56,ssp245_medium-term,4747.311427716166,Cape Verde,NA,NA,Africa,Western Africa,8036,eez
56,ssp245_near-term,3541.4018327835947,Cape Verde,NA,NA,Africa,Western Africa,8036,eez
56,ssp585_current,2013.6298185717314,Cape Verde,NA,NA,Africa,Western Africa,8036,eez
56,ssp585_medium-term,5306.273226372898,Cape Verde,NA,NA,Africa,Western Africa,8036,eez
56,ssp585_near-term,3708.3404385391623,Cape Verde,NA,NA,Africa,Western Africa,8036,eez
57,ssp245_current,888.1738169230521,Madeira,NA,NA,Europe,Southern Europe,4552,eez
57,ssp245_medium-term,2923.0697378888726,Madeira,NA,NA,Europe,Southern Europe,4552,eez
57,ssp245_near-term,1798.6974979192019,Madeira,NA,NA,Europe,Southern Europe,4552,eez
57,ssp585_current,1075.6410782709718,Madeira,NA,NA,Europe,Southern Europe,4552,eez
57,ssp585_medium-term,3630.9968165159225,Madeira,NA,NA,Europe,Southern Europe,4552,eez
57,ssp585_near-term,2052.766707703471,Madeira,NA,NA,Europe,Southern Europe,4552,eez
58,ssp245_current,1038.714018934872,Canary Islands,NA,NA,Europe,Southern Europe,4549,eez
58,ssp245_medium-term,3327.0350308557972,Canary Islands,NA,NA,Europe,Southern Europe,4549,eez
58,ssp245_near-term,2222.314928785898,Canary Islands,NA,NA,Europe,Southern Europe,4549,eez
58,ssp585_current,1261.5071163349785,Canary Islands,NA,NA,Europe,Southern Europe,4549,eez
58,ssp585_medium-term,3718.203827357851,Canary Islands,NA,NA,Europe,Southern Europe,4549,eez
58,ssp585_near-term,2353.1487599015236,Canary Islands,NA,NA,Europe,Southern Europe,4549,eez
59,ssp245_current,18.90749385021627,Belgium,56,BEL,Europe,Western Europe,41,eez
59,ssp245_medium-term,25.129474165849388,Belgium,56,BEL,Europe,Western Europe,41,eez
59,ssp245_near-term,23.76416998775676,Belgium,56,BEL,Europe,Western Europe,41,eez
59,ssp585_current,18.243341415189207,Belgium,56,BEL,Europe,Western Europe,41,eez
59,ssp585_medium-term,27.95927654299885,Belgium,56,BEL,Europe,Western Europe,41,eez
59,ssp585_near-term,24.216404492035508,Belgium,56,BEL,Europe,Western Europe,41,eez
60,ssp245_current,1.3513928651809692,Gibraltar,292,GIB,Europe,Southern Europe,5,eez
60,ssp245_medium-term,2.8854202926158905,Gibraltar,292,GIB,Europe,Southern Europe,5,eez
60,ssp245_near-term,2.0974787771701813,Gibraltar,292,GIB,Europe,Southern Europe,5,eez
60,ssp585_current,1.269826889038086,Gibraltar,292,GIB,Europe,Southern Europe,5,eez
60,ssp585_medium-term,3.3606688380241394,Gibraltar,292,GIB,Europe,Southern Europe,5,eez
60,ssp585_near-term,2.2014932334423065,Gibraltar,292,GIB,Europe,Southern Europe,5,eez
61,ssp245_current,440.49483771668747,Tunisia,788,TUN,Africa,Northern Africa,1076,eez
61,ssp245_medium-term,881.7917514103465,Tunisia,788,TUN,Africa,Northern Africa,1076,eez
61,ssp245_near-term,720.7687541164923,Tunisia,788,TUN,Africa,Northern Africa,1076,eez
61,ssp585_current,463.7671200169716,Tunisia,788,TUN,Africa,Northern Africa,1076,eez
61,ssp585_medium-term,979.131189620588,Tunisia,788,TUN,Africa,Northern Africa,1076,eez
61,ssp585_near-term,736.3826020760462,Tunisia,788,TUN,Africa,Northern Africa,1076,eez
62,ssp245_current,983.9486154494807,Morocco,504,MAR,Africa,Northern Africa,2850,eez
62,ssp245_medium-term,2162.1442409139127,Morocco,504,MAR,Africa,Northern Africa,2850,eez
62,ssp245_near-term,1627.3320712260902,Morocco,504,MAR,Africa,Northern Africa,2850,eez
62,ssp585_current,1126.493153381627,Morocco,504,MAR,Africa,Northern Africa,2850,eez
62,ssp585_medium-term,2412.0988780688494,Morocco,504,MAR,Africa,Northern Africa,2850,eez
62,ssp585_near-term,1679.0521137565374,Morocco,504,MAR,Africa,Northern Africa,2850,eez
63,ssp245_current,991.7853211853653,Western Sahara,732,ESH,Africa,Northern Africa,2567,eez
63,ssp245_medium-term,1641.2450169781223,Western Sahara,732,ESH,Africa,Northern Africa,2567,eez
63,ssp245_near-term,1414.378849009052,Western Sahara,732,ESH,Africa,Northern Africa,2567,eez
63,ssp585_current,1097.588778998237,Western Sahara,732,ESH,Africa,Northern Africa,2567,eez
63,ssp585_medium-term,1839.3228091653436,Western Sahara,732,ESH,Africa,Northern Africa,2567,eez
63,ssp585_near-term,1390.478242549114,Western Sahara,732,ESH,Africa,Northern Africa,2567,eez
64,ssp245_current,608.0587632786483,Mauritania,478,MRT,Africa,Western Africa,1581,eez
64,ssp245_medium-term,1058.3417174629867,Mauritania,478,MRT,Africa,Western Africa,1581,eez
64,ssp245_near-term,882.6602843664587,Mauritania,478,MRT,Africa,Western Africa,1581,eez
64,ssp585_current,630.162810055539,Mauritania,478,MRT,Africa,Western Africa,1581,eez
64,ssp585_medium-term,1221.471068419516,Mauritania,478,MRT,Africa,Western Africa,1581,eez
64,ssp585_near-term,892.4405326899141,Mauritania,478,MRT,Africa,Western Africa,1581,eez
65,ssp245_current,84.40965232998133,Gambia,270,GMB,Africa,Western Africa,232,eez
65,ssp245_medium-term,150.13247795775533,Gambia,270,GMB,Africa,Western Africa,232,eez
65,ssp245_near-term,124.80291239917278,Gambia,270,GMB,Africa,Western Africa,232,eez
65,ssp585_current,84.29187648370862,Gambia,270,GMB,Africa,Western Africa,232,eez
65,ssp585_medium-term,170.56510672718287,Gambia,270,GMB,Africa,Western Africa,232,eez
65,ssp585_near-term,130.66443568095565,Gambia,270,GMB,Africa,Western Africa,232,eez
66,ssp245_current,643.2932221684605,Senegal,686,SEN,Africa,Western Africa,1684,eez
66,ssp245_medium-term,1158.4755618087947,Senegal,686,SEN,Africa,Western Africa,1684,eez
66,ssp245_near-term,941.9550166502595,Senegal,686,SEN,Africa,Western Africa,1684,eez
66,ssp585_current,652.0182193946093,Senegal,686,SEN,Africa,Western Africa,1684,eez
66,ssp585_medium-term,1333.9410958588123,Senegal,686,SEN,Africa,Western Africa,1684,eez
66,ssp585_near-term,992.3210373222828,Senegal,686,SEN,Africa,Western Africa,1684,eez
67,ssp245_current,1327.663942752406,Libya,434,LBY,Africa,Northern Africa,3678,eez
67,ssp245_medium-term,2987.4219917990267,Libya,434,LBY,Africa,Northern Africa,3678,eez
67,ssp245_near-term,2370.6282821036875,Libya,434,LBY,Africa,Northern Africa,3678,eez
67,ssp585_current,1371.4526642840356,Libya,434,LBY,Africa,Northern Africa,3678,eez
67,ssp585_medium-term,3223.3518576286733,Libya,434,LBY,Africa,Northern Africa,3678,eez
67,ssp585_near-term,2411.3505811691284,Libya,434,LBY,Africa,Northern Africa,3678,eez
68,ssp245_current,187.7234294861555,Malta,470,MLT,Europe,Southern Europe,549,eez
68,ssp245_medium-term,388.0721209049225,Malta,470,MLT,Europe,Southern Europe,549,eez
68,ssp245_near-term,316.81588289141655,Malta,470,MLT,Europe,Southern Europe,549,eez
68,ssp585_current,187.5567503273487,Malta,470,MLT,Europe,Southern Europe,549,eez
68,ssp585_medium-term,443.99253821372986,Malta,470,MLT,Europe,Southern Europe,549,eez
68,ssp585_near-term,318.4972885251045,Malta,470,MLT,Europe,Southern Europe,549,eez
69,ssp245_current,121.41988204978406,Latvia,428,LVA,Europe,Northern Europe,312,eez
69,ssp245_medium-term,200.5912031456828,Latvia,428,LVA,Europe,Northern Europe,312,eez
69,ssp245_near-term,171.35293118283153,Latvia,428,LVA,Europe,Northern Europe,312,eez
69,ssp585_current,126.41722724027932,Latvia,428,LVA,Europe,Northern Europe,312,eez
69,ssp585_medium-term,229.09165348485112,Latvia,428,LVA,Europe,Northern Europe,312,eez
69,ssp585_near-term,172.32749046385288,Latvia,428,LVA,Europe,Northern Europe,312,eez
70,ssp245_current,155.60448929667473,Estonia,233,EST,Europe,Northern Europe,422,eez
70,ssp245_medium-term,225.68102518469095,Estonia,233,EST,Europe,Northern Europe,422,eez
70,ssp245_near-term,203.23019978404045,Estonia,233,EST,Europe,Northern Europe,422,eez
70,ssp585_current,158.8724254220724,Estonia,233,EST,Europe,Northern Europe,422,eez
70,ssp585_medium-term,260.2001179754734,Estonia,233,EST,Europe,Northern Europe,422,eez
70,ssp585_near-term,209.72342293709517,Estonia,233,EST,Europe,Northern Europe,422,eez
71,ssp245_current,268.39356749504805,Bulgaria,100,BGR,Europe,Eastern Europe,369,eez
71,ssp245_medium-term,400.23748944699764,Bulgaria,100,BGR,Europe,Eastern Europe,369,eez
71,ssp245_near-term,352.0785955004394,Bulgaria,100,BGR,Europe,Eastern Europe,369,eez
71,ssp585_current,274.2650114707649,Bulgaria,100,BGR,Europe,Eastern Europe,369,eez
71,ssp585_medium-term,422.94220408797264,Bulgaria,100,BGR,Europe,Eastern Europe,369,eez
71,ssp585_near-term,351.7594109363854,Bulgaria,100,BGR,Europe,Eastern Europe,369,eez
72,ssp245_current,156.11476948764175,Romania,642,ROU,Europe,Eastern Europe,313,eez
72,ssp245_medium-term,242.26221020519733,Romania,642,ROU,Europe,Eastern Europe,313,eez
72,ssp245_near-term,215.07156400708482,Romania,642,ROU,Europe,Eastern Europe,313,eez
72,ssp585_current,163.7798754479736,Romania,642,ROU,Europe,Eastern Europe,313,eez
72,ssp585_medium-term,259.17403315007687,Romania,642,ROU,Europe,Eastern Europe,313,eez
72,ssp585_near-term,214.9058665521443,Romania,642,ROU,Europe,Eastern Europe,313,eez
73,ssp245_current,40602.37842618488,Russian Federation,643,RUS,Europe,Eastern Europe,80808,eez
73,ssp245_medium-term,76441.95043766825,Russian Federation,643,RUS,Europe,Eastern Europe,80808,eez
73,ssp245_near-term,63508.45222310419,Russian Federation,643,RUS,Europe,Eastern Europe,80808,eez
73,ssp585_current,43021.99138911348,Russian Federation,643,RUS,Europe,Eastern Europe,80808,eez
73,ssp585_medium-term,82597.17164782854,Russian Federation,643,RUS,Europe,Eastern Europe,80808,eez
73,ssp585_near-term,62461.566367991036,Russian Federation,643,RUS,Europe,Eastern Europe,80808,eez
74,ssp245_current,161.2187687503174,Georgia,268,GEO,Asia,Western Asia,247,eez
74,ssp245_medium-term,265.14778162166476,Georgia,268,GEO,Asia,Western Asia,247,eez
74,ssp245_near-term,221.8861309029162,Georgia,268,GEO,Asia,Western Asia,247,eez
74,ssp585_current,168.67923478968441,Georgia,268,GEO,Asia,Western Asia,247,eez
74,ssp585_medium-term,281.3013185225427,Georgia,268,GEO,Asia,Western Asia,247,eez
74,ssp585_near-term,226.13364365324378,Georgia,268,GEO,Asia,Western Asia,247,eez
75,ssp245_current,746.562261085026,Ukraine,804,UKR,Europe,Eastern Europe,1465,eez
75,ssp245_medium-term,1162.7128164526075,Ukraine,804,UKR,Europe,Eastern Europe,1465,eez
75,ssp245_near-term,1027.1006709858775,Ukraine,804,UKR,Europe,Eastern Europe,1465,eez
75,ssp585_current,785.551692857407,Ukraine,804,UKR,Europe,Eastern Europe,1465,eez
75,ssp585_medium-term,1266.1635978203267,Ukraine,804,UKR,Europe,Eastern Europe,1465,eez
75,ssp585_near-term,1047.454651195556,Ukraine,804,UKR,Europe,Eastern Europe,1465,eez
76,ssp245_current,1779.4234905028716,Turkey,792,TUR,Asia,Western Asia,2830,eez
76,ssp245_medium-term,2786.7481960896403,Turkey,792,TUR,Asia,Western Asia,2830,eez
76,ssp245_near-term,2387.421024043113,Turkey,792,TUR,Asia,Western Asia,2830,eez
76,ssp585_current,1865.8796677812934,Turkey,792,TUR,Asia,Western Asia,2830,eez
76,ssp585_medium-term,2935.0340501423925,Turkey,792,TUR,Asia,Western Asia,2830,eez
76,ssp585_near-term,2411.4835838032886,Turkey,792,TUR,Asia,Western Asia,2830,eez
77,ssp245_current,43.82969321683049,Syria,NA,NA,Asia,Western Asia,108,eez
77,ssp245_medium-term,89.5475917570293,Syria,NA,NA,Asia,Western Asia,108,eez
77,ssp245_near-term,72.0044472552836,Syria,NA,NA,Asia,Western Asia,108,eez
77,ssp585_current,47.34562349319458,Syria,NA,NA,Asia,Western Asia,108,eez
77,ssp585_medium-term,92.17317217588425,Syria,NA,NA,Asia,Western Asia,108,eez
77,ssp585_near-term,70.51415327191353,Syria,NA,NA,Asia,Western Asia,108,eez
78,ssp245_current,70.41769944876432,Lebanon,422,LBN,Asia,Western Asia,205,eez
78,ssp245_medium-term,158.01392129063606,Lebanon,422,LBN,Asia,Western Asia,205,eez
78,ssp245_near-term,127.15359556674957,Lebanon,422,LBN,Asia,Western Asia,205,eez
78,ssp585_current,76.2561561986804,Lebanon,422,LBN,Asia,Western Asia,205,eez
78,ssp585_medium-term,162.15434676408768,Lebanon,422,LBN,Asia,Western Asia,205,eez
78,ssp585_near-term,121.96370777487755,Lebanon,422,LBN,Asia,Western Asia,205,eez
79,ssp245_current,116.86323264241219,Israel,376,ISR,Asia,Western Asia,291,eez
79,ssp245_medium-term,230.19421696662903,Israel,376,ISR,Asia,Western Asia,291,eez
79,ssp245_near-term,174.11647471040487,Israel,376,ISR,Asia,Western Asia,291,eez
79,ssp585_current,118.69913609325886,Israel,376,ISR,Asia,Western Asia,291,eez
79,ssp585_medium-term,236.9540748372674,Israel,376,ISR,Asia,Western Asia,291,eez
79,ssp585_near-term,168.75922637432814,Israel,376,ISR,Asia,Western Asia,291,eez
80,ssp245_current,2402.354811188765,Greece,300,GRC,Europe,Southern Europe,5298,eez
80,ssp245_medium-term,4446.092013059184,Greece,300,GRC,Europe,Southern Europe,5298,eez
80,ssp245_near-term,3469.664553599432,Greece,300,GRC,Europe,Southern Europe,5298,eez
80,ssp585_current,2555.1558621097356,Greece,300,GRC,Europe,Southern Europe,5298,eez
80,ssp585_medium-term,4699.98668923229,Greece,300,GRC,Europe,Southern Europe,5298,eez
80,ssp585_near-term,3524.9403142090887,Greece,300,GRC,Europe,Southern Europe,5298,eez
81,ssp245_current,320.3514733631164,Cyprus,196,CYP,Asia,Western Asia,1013,eez
81,ssp245_medium-term,635.3206299543381,Cyprus,196,CYP,Asia,Western Asia,1013,eez
81,ssp245_near-term,487.12336491420865,Cyprus,196,CYP,Asia,Western Asia,1013,eez
81,ssp585_current,340.66756493225694,Cyprus,196,CYP,Asia,Western Asia,1013,eez
81,ssp585_medium-term,664.3985969312489,Cyprus,196,CYP,Asia,Western Asia,1013,eez
81,ssp585_near-term,457.413746336475,Cyprus,196,CYP,Asia,Western Asia,1013,eez
82,ssp245_current,29.35056703398004,Albania,8,ALB,Europe,Southern Europe,134,eez
82,ssp245_medium-term,71.69850439950824,Albania,8,ALB,Europe,Southern Europe,134,eez
82,ssp245_near-term,51.75630017602816,Albania,8,ALB,Europe,Southern Europe,134,eez
82,ssp585_current,37.29167021252215,Albania,8,ALB,Europe,Southern Europe,134,eez
82,ssp585_medium-term,84.85403628274798,Albania,8,ALB,Europe,Southern Europe,134,eez
82,ssp585_near-term,47.7940630572848,Albania,8,ALB,Europe,Southern Europe,134,eez
84,ssp245_current,443.5905735194683,Algeria,12,DZA,Africa,Northern Africa,1353,eez
84,ssp245_medium-term,1003.7888750359416,Algeria,12,DZA,Africa,Northern Africa,1353,eez
84,ssp245_near-term,789.1962525546551,Algeria,12,DZA,Africa,Northern Africa,1353,eez
84,ssp585_current,484.895487554837,Algeria,12,DZA,Africa,Northern Africa,1353,eez
84,ssp585_medium-term,1124.9040855551139,Algeria,12,DZA,Africa,Northern Africa,1353,eez
84,ssp585_near-term,816.480569803156,Algeria,12,DZA,Africa,Northern Africa,1353,eez
85,ssp245_current,554.5745737925172,Ascension,NA,NA,Europe,Northern Europe,4440,eez
85,ssp245_medium-term,2317.070114970207,Ascension,NA,NA,Europe,Northern Europe,4440,eez
85,ssp245_near-term,1327.0511425733566,Ascension,NA,NA,Europe,Northern Europe,4440,eez
85,ssp585_current,591.4192795082927,Ascension,NA,NA,Europe,Northern Europe,4440,eez
85,ssp585_medium-term,2512.4137243032455,Ascension,NA,NA,Europe,Northern Europe,4440,eez
85,ssp585_near-term,1277.1438892781734,Ascension,NA,NA,Europe,Northern Europe,4440,eez
86,ssp245_current,584.0935410782695,Saint Helena,654,SHN,Africa,Western Africa,4472,eez
86,ssp245_medium-term,2100.7224119007587,Saint Helena,654,SHN,Africa,Western Africa,4472,eez
86,ssp245_near-term,1417.5459271520376,Saint Helena,654,SHN,Africa,Western Africa,4472,eez
86,ssp585_current,604.6552694067359,Saint Helena,654,SHN,Africa,Western Africa,4472,eez
86,ssp585_medium-term,2875.4083836078644,Saint Helena,654,SHN,Africa,Western Africa,4472,eez
86,ssp585_near-term,1366.4447612017393,Saint Helena,654,SHN,Africa,Western Africa,4472,eez
88,ssp245_current,1415.3895631358027,Tristan da Cunha,NA,NA,Europe,Northern Europe,7562,eez
88,ssp245_medium-term,2708.0665765851736,Tristan da Cunha,NA,NA,Europe,Northern Europe,7562,eez
88,ssp245_near-term,1733.9588949382305,Tristan da Cunha,NA,NA,Europe,Northern Europe,7562,eez
88,ssp585_current,1429.107487037778,Tristan da Cunha,NA,NA,Europe,Northern Europe,7562,eez
88,ssp585_medium-term,3643.2736235260963,Tristan da Cunha,NA,NA,Europe,Northern Europe,7562,eez
88,ssp585_near-term,1959.6812085285783,Tristan da Cunha,NA,NA,Europe,Northern Europe,7562,eez
89,ssp245_current,4583.832411868963,South Georgia and the South Sandwich Islands,239,SGS,Latin America and the Caribbean,South America,14490,eez
89,ssp245_medium-term,8529.703699362464,South Georgia and the South Sandwich Islands,239,SGS,Latin America and the Caribbean,South America,14490,eez
89,ssp245_near-term,5159.375162051059,South Georgia and the South Sandwich Islands,239,SGS,Latin America and the Caribbean,South America,14490,eez
89,ssp585_current,4060.867114206776,South Georgia and the South Sandwich Islands,239,SGS,Latin America and the Caribbean,South America,14490,eez
89,ssp585_medium-term,9955.590596407652,South Georgia and the South Sandwich Islands,239,SGS,Latin America and the Caribbean,South America,14490,eez
89,ssp585_near-term,6023.29923474323,South Georgia and the South Sandwich Islands,239,SGS,Latin America and the Caribbean,South America,14490,eez
90,ssp245_current,1182.7009263262153,Prince Edward Islands,NA,NA,Southern Islands,Southern Islands,4736,eez
90,ssp245_medium-term,2421.251492291689,Prince Edward Islands,NA,NA,Southern Islands,Southern Islands,4736,eez
90,ssp245_near-term,1361.3113971799612,Prince Edward Islands,NA,NA,Southern Islands,Southern Islands,4736,eez
90,ssp585_current,943.2321487441659,Prince Edward Islands,NA,NA,Southern Islands,Southern Islands,4736,eez
90,ssp585_medium-term,2784.7079753875732,Prince Edward Islands,NA,NA,Southern Islands,Southern Islands,4736,eez
90,ssp585_near-term,1618.851606234908,Prince Edward Islands,NA,NA,Southern Islands,Southern Islands,4736,eez
91,ssp245_current,1559.5307875573635,Crozet Islands,NA,NA,Southern Islands,Southern Islands,5746,eez
91,ssp245_medium-term,3150.292475581169,Crozet Islands,NA,NA,Southern Islands,Southern Islands,5746,eez
91,ssp245_near-term,1775.036672204733,Crozet Islands,NA,NA,Southern Islands,Southern Islands,5746,eez
91,ssp585_current,1230.394225269556,Crozet Islands,NA,NA,Southern Islands,Southern Islands,5746,eez
91,ssp585_medium-term,3539.171971708536,Crozet Islands,NA,NA,Southern Islands,Southern Islands,5746,eez
91,ssp585_near-term,2140.3617177009583,Crozet Islands,NA,NA,Southern Islands,Southern Islands,5746,eez
92,ssp245_current,683.1568540930748,Amsterdam Island and Saint Paul Island,NA,NA,Southern Islands,Southern Islands,5093,eez
92,ssp245_medium-term,1563.3905864953995,Amsterdam Island and Saint Paul Island,NA,NA,Southern Islands,Southern Islands,5093,eez
92,ssp245_near-term,984.736733213067,Amsterdam Island and Saint Paul Island,NA,NA,Southern Islands,Southern Islands,5093,eez
92,ssp585_current,732.0661511197686,Amsterdam Island and Saint Paul Island,NA,NA,Southern Islands,Southern Islands,5093,eez
92,ssp585_medium-term,2246.7102592885494,Amsterdam Island and Saint Paul Island,NA,NA,Southern Islands,Southern Islands,5093,eez
92,ssp585_near-term,1193.9786975681782,Amsterdam Island and Saint Paul Island,NA,NA,Southern Islands,Southern Islands,5093,eez
93,ssp245_current,1908.581867268309,Kerguelen Islands,NA,NA,Southern Islands,Southern Islands,5727,eez
93,ssp245_medium-term,3950.6306352093816,Kerguelen Islands,NA,NA,Southern Islands,Southern Islands,5727,eez
93,ssp245_near-term,2183.4357012733817,Kerguelen Islands,NA,NA,Southern Islands,Southern Islands,5727,eez
93,ssp585_current,1586.9395370390266,Kerguelen Islands,NA,NA,Southern Islands,Southern Islands,5727,eez
93,ssp585_medium-term,4312.422626040876,Kerguelen Islands,NA,NA,Southern Islands,Southern Islands,5727,eez
93,ssp585_near-term,2728.421871319413,Kerguelen Islands,NA,NA,Southern Islands,Southern Islands,5727,eez
94,ssp245_current,1357.7975513637066,Heard and McDonald Islands,NA,NA,Southern Islands,Southern Islands,4160,eez
94,ssp245_medium-term,3164.0760754942894,Heard and McDonald Islands,NA,NA,Southern Islands,Southern Islands,4160,eez
94,ssp245_near-term,1678.681053236127,Heard and McDonald Islands,NA,NA,Southern Islands,Southern Islands,4160,eez
94,ssp585_current,1146.1184839829803,Heard and McDonald Islands,NA,NA,Southern Islands,Southern Islands,4160,eez
94,ssp585_medium-term,3392.8538588285446,Heard and McDonald Islands,NA,NA,Southern Islands,Southern Islands,4160,eez
94,ssp585_near-term,2033.1350767314434,Heard and McDonald Islands,NA,NA,Southern Islands,Southern Islands,4160,eez
95,ssp245_current,1800.8525116965175,Falkland Islands,238,FLK,Latin America and the Caribbean,South America,5573,eez
95,ssp245_medium-term,2995.073626387166,Falkland Islands,238,FLK,Latin America and the Caribbean,South America,5573,eez
95,ssp245_near-term,1967.530940480996,Falkland Islands,238,FLK,Latin America and the Caribbean,South America,5573,eez
95,ssp585_current,1731.4018999652471,Falkland Islands,238,FLK,Latin America and the Caribbean,South America,5573,eez
95,ssp585_medium-term,3400.243344028946,Falkland Islands,238,FLK,Latin America and the Caribbean,South America,5573,eez
95,ssp585_near-term,2200.680529784877,Falkland Islands,238,FLK,Latin America and the Caribbean,South America,5573,eez
96,ssp245_current,622.5890933203045,Sierra Leone,694,SLE,Africa,Western Africa,1651,eez
96,ssp245_medium-term,1139.006028847769,Sierra Leone,694,SLE,Africa,Western Africa,1651,eez
96,ssp245_near-term,883.9928903924301,Sierra Leone,694,SLE,Africa,Western Africa,1651,eez
96,ssp585_current,602.2586020971648,Sierra Leone,694,SLE,Africa,Western Africa,1651,eez
96,ssp585_medium-term,1188.2656030589715,Sierra Leone,694,SLE,Africa,Western Africa,1651,eez
96,ssp585_near-term,899.7282705008984,Sierra Leone,694,SLE,Africa,Western Africa,1651,eez
97,ssp245_current,823.1422340683639,Liberia,430,LBR,Africa,Western Africa,2506,eez
97,ssp245_medium-term,1816.8838100507855,Liberia,430,LBR,Africa,Western Africa,2506,eez
97,ssp245_near-term,1370.4418641645461,Liberia,430,LBR,Africa,Western Africa,2506,eez
97,ssp585_current,816.4839575402439,Liberia,430,LBR,Africa,Western Africa,2506,eez
97,ssp585_medium-term,1908.9737306199968,Liberia,430,LBR,Africa,Western Africa,2506,eez
97,ssp585_near-term,1385.252527076751,Liberia,430,LBR,Africa,Western Africa,2506,eez
98,ssp245_current,53.264039129018784,Togo,768,TGO,Africa,Western Africa,156,eez
98,ssp245_medium-term,112.80601328611374,Togo,768,TGO,Africa,Western Africa,156,eez
98,ssp245_near-term,85.98853442072868,Togo,768,TGO,Africa,Western Africa,156,eez
98,ssp585_current,53.63195142149925,Togo,768,TGO,Africa,Western Africa,156,eez
98,ssp585_medium-term,117.34880477190018,Togo,768,TGO,Africa,Western Africa,156,eez
98,ssp585_near-term,86.23663160204887,Togo,768,TGO,Africa,Western Africa,156,eez
99,ssp245_current,107.82518324255943,Benin,204,BEN,Africa,Western Africa,310,eez
99,ssp245_medium-term,233.03004640340805,Benin,204,BEN,Africa,Western Africa,310,eez
99,ssp245_near-term,175.913757532835,Benin,204,BEN,Africa,Western Africa,310,eez
99,ssp585_current,109.04934585094452,Benin,204,BEN,Africa,Western Africa,310,eez
99,ssp585_medium-term,242.89379888772964,Benin,204,BEN,Africa,Western Africa,310,eez
99,ssp585_near-term,176.69252359867096,Benin,204,BEN,Africa,Western Africa,310,eez
100,ssp245_current,179.13591618835926,Republique du Congo,NA,NA,Africa,Middle Africa,407,eez
100,ssp245_medium-term,318.02030274271965,Republique du Congo,NA,NA,Africa,Middle Africa,407,eez
100,ssp245_near-term,247.7548071295023,Republique du Congo,NA,NA,Africa,Middle Africa,407,eez
100,ssp585_current,171.2656116336584,Republique du Congo,NA,NA,Africa,Middle Africa,407,eez
100,ssp585_medium-term,384.56303256750107,Republique du Congo,NA,NA,Africa,Middle Africa,407,eez
100,ssp585_near-term,269.00057028234005,Republique du Congo,NA,NA,Africa,Middle Africa,407,eez
101,ssp245_current,2017.263844405301,Namibia,516,NAM,Africa,Southern Africa,5726,eez
101,ssp245_medium-term,4622.301372099668,Namibia,516,NAM,Africa,Southern Africa,5726,eez
101,ssp245_near-term,3179.6286819484085,Namibia,516,NAM,Africa,Southern Africa,5726,eez
101,ssp585_current,2034.7867557369173,Namibia,516,NAM,Africa,Southern Africa,5726,eez
101,ssp585_medium-term,5437.872868537903,Namibia,516,NAM,Africa,Southern Africa,5726,eez
101,ssp585_near-term,3207.6343103833497,Namibia,516,NAM,Africa,Southern Africa,5726,eez
102,ssp245_current,2312.811104368884,South Africa,710,ZAF,Africa,Southern Africa,10864,eez
102,ssp245_medium-term,6179.476337174885,South Africa,710,ZAF,Africa,Southern Africa,10864,eez
102,ssp245_near-term,4210.021975001786,South Africa,710,ZAF,Africa,Southern Africa,10864,eez
102,ssp585_current,2430.167407700559,South Africa,710,ZAF,Africa,Southern Africa,10864,eez
102,ssp585_medium-term,7302.429083820898,South Africa,710,ZAF,Africa,Southern Africa,10864,eez
102,ssp585_near-term,4074.523691342445,South Africa,710,ZAF,Africa,Southern Africa,10864,eez
103,ssp245_current,346.6089485185221,Sao Tome and Principe,678,STP,Africa,Middle Africa,1319,eez
103,ssp245_medium-term,933.5341357886791,Sao Tome and Principe,678,STP,Africa,Middle Africa,1319,eez
103,ssp245_near-term,650.4416696280241,Sao Tome and Principe,678,STP,Africa,Middle Africa,1319,eez
103,ssp585_current,343.97092235274613,Sao Tome and Principe,678,STP,Africa,Middle Africa,1319,eez
103,ssp585_medium-term,1059.5211465973407,Sao Tome and Principe,678,STP,Africa,Middle Africa,1319,eez
103,ssp585_near-term,729.9534653844312,Sao Tome and Principe,678,STP,Africa,Middle Africa,1319,eez
104,ssp245_current,753.5061353631318,Equatorial Guinea,226,GNQ,Africa,Middle Africa,3121,eez
104,ssp245_medium-term,2243.9700872451067,Equatorial Guinea,226,GNQ,Africa,Middle Africa,3121,eez
104,ssp245_near-term,1650.0599296316504,Equatorial Guinea,226,GNQ,Africa,Middle Africa,3121,eez
104,ssp585_current,762.5793707165867,Equatorial Guinea,226,GNQ,Africa,Middle Africa,3121,eez
104,ssp585_medium-term,2610.383982181549,Equatorial Guinea,226,GNQ,Africa,Middle Africa,3121,eez
104,ssp585_near-term,1746.4124834015965,Equatorial Guinea,226,GNQ,Africa,Middle Africa,3121,eez
105,ssp245_current,1550.4117588102818,Bouvet Island,74,BVT,Latin America and the Caribbean,South America,4393,eez
105,ssp245_medium-term,2891.1244989931583,Bouvet Island,74,BVT,Latin America and the Caribbean,South America,4393,eez
105,ssp245_near-term,1750.6023757755756,Bouvet Island,74,BVT,Latin America and the Caribbean,South America,4393,eez
105,ssp585_current,1353.0804530978203,Bouvet Island,74,BVT,Latin America and the Caribbean,South America,4393,eez
105,ssp585_medium-term,3520.109452724457,Bouvet Island,74,BVT,Latin America and the Caribbean,South America,4393,eez
105,ssp585_near-term,2200.918150484562,Bouvet Island,74,BVT,Latin America and the Caribbean,South America,4393,eez
106,ssp245_current,786.7011303436011,Ghana,288,GHA,Africa,Western Africa,2295,eez
106,ssp245_medium-term,1692.1528238616884,Ghana,288,GHA,Africa,Western Africa,2295,eez
106,ssp245_near-term,1245.6200627498329,Ghana,288,GHA,Africa,Western Africa,2295,eez
106,ssp585_current,779.9270553402603,Ghana,288,GHA,Africa,Western Africa,2295,eez
106,ssp585_medium-term,1760.937944892794,Ghana,288,GHA,Africa,Western Africa,2295,eez
106,ssp585_near-term,1270.2190955094993,Ghana,288,GHA,Africa,Western Africa,2295,eez
107,ssp245_current,1296.6544035822153,Clipperton Island,NA,NA,Latin America and the Caribbean,Central America,4343,eez
107,ssp245_medium-term,2552.5037758350372,Clipperton Island,NA,NA,Latin America and the Caribbean,Central America,4343,eez
107,ssp245_near-term,1806.912404358387,Clipperton Island,NA,NA,Latin America and the Caribbean,Central America,4343,eez
107,ssp585_current,1253.7083400934935,Clipperton Island,NA,NA,Latin America and the Caribbean,Central America,4343,eez
107,ssp585_medium-term,2904.3373665213585,Clipperton Island,NA,NA,Latin America and the Caribbean,Central America,4343,eez
107,ssp585_near-term,2086.736655831337,Clipperton Island,NA,NA,Latin America and the Caribbean,Central America,4343,eez
108,ssp245_current,542.5439041405916,Bermuda,60,BMU,Northern America,Northern America,4519,eez
108,ssp245_medium-term,1655.45061647892,Bermuda,60,BMU,Northern America,Northern America,4519,eez
108,ssp245_near-term,1153.7913662195206,Bermuda,60,BMU,Northern America,Northern America,4519,eez
108,ssp585_current,455.88810450583696,Bermuda,60,BMU,Northern America,Northern America,4519,eez
108,ssp585_medium-term,2089.4416022598743,Bermuda,60,BMU,Northern America,Northern America,4519,eez
108,ssp585_near-term,1228.6330677717924,Bermuda,60,BMU,Northern America,Northern America,4519,eez
110,ssp245_current,916.0953596096952,Bahamas,44,BHS,Latin America and the Caribbean,Caribbean,6077,eez
110,ssp245_medium-term,3134.111005488783,Bahamas,44,BHS,Latin America and the Caribbean,Caribbean,6077,eez
110,ssp245_near-term,2084.4528526326176,Bahamas,44,BHS,Latin America and the Caribbean,Caribbean,6077,eez
110,ssp585_current,992.5748055812437,Bahamas,44,BHS,Latin America and the Caribbean,Caribbean,6077,eez
110,ssp585_medium-term,3598.5941510880366,Bahamas,44,BHS,Latin America and the Caribbean,Caribbean,6077,eez
110,ssp585_near-term,2026.5539398763794,Bahamas,44,BHS,Latin America and the Caribbean,Caribbean,6077,eez
111,ssp245_current,178.28406378626823,Turks and Caicos Islands,796,TCA,Latin America and the Caribbean,Caribbean,1552,eez
111,ssp245_medium-term,854.1654320061207,Turks and Caicos Islands,796,TCA,Latin America and the Caribbean,Caribbean,1552,eez
111,ssp245_near-term,576.6509394347668,Turks and Caicos Islands,796,TCA,Latin America and the Caribbean,Caribbean,1552,eez
111,ssp585_current,194.3430032208562,Turks and Caicos Islands,796,TCA,Latin America and the Caribbean,Caribbean,1552,eez
111,ssp585_medium-term,987.0169006884098,Turks and Caicos Islands,796,TCA,Latin America and the Caribbean,Caribbean,1552,eez
111,ssp585_near-term,556.667813166976,Turks and Caicos Islands,796,TCA,Latin America and the Caribbean,Caribbean,1552,eez
112,ssp245_current,925.7046445957385,Cuba,192,CUB,Latin America and the Caribbean,Caribbean,3898,eez
112,ssp245_medium-term,3239.472902740352,Cuba,192,CUB,Latin America and the Caribbean,Caribbean,3898,eez
112,ssp245_near-term,2246.8268861155957,Cuba,192,CUB,Latin America and the Caribbean,Caribbean,3898,eez
112,ssp585_current,970.0855855585542,Cuba,192,CUB,Latin America and the Caribbean,Caribbean,3898,eez
112,ssp585_medium-term,3415.8249614061788,Cuba,192,CUB,Latin America and the Caribbean,Caribbean,3898,eez
112,ssp585_near-term,2275.8390367594548,Cuba,192,CUB,Latin America and the Caribbean,Caribbean,3898,eez
113,ssp245_current,208.9368445724249,Cayman Islands,136,CYM,Latin America and the Caribbean,Caribbean,1196,eez
113,ssp245_medium-term,677.3131892681122,Cayman Islands,136,CYM,Latin America and the Caribbean,Caribbean,1196,eez
113,ssp245_near-term,489.7734372317791,Cayman Islands,136,CYM,Latin America and the Caribbean,Caribbean,1196,eez
113,ssp585_current,214.55267240852118,Cayman Islands,136,CYM,Latin America and the Caribbean,Caribbean,1196,eez
113,ssp585_medium-term,726.2368418574333,Cayman Islands,136,CYM,Latin America and the Caribbean,Caribbean,1196,eez
113,ssp585_near-term,507.0894572734833,Cayman Islands,136,CYM,Latin America and the Caribbean,Caribbean,1196,eez
114,ssp245_current,271.36181434313767,Haiti,332,HTI,Latin America and the Caribbean,Caribbean,1307,eez
114,ssp245_medium-term,1078.1205889000557,Haiti,332,HTI,Latin America and the Caribbean,Caribbean,1307,eez
114,ssp245_near-term,815.4310432326747,Haiti,332,HTI,Latin America and the Caribbean,Caribbean,1307,eez
114,ssp585_current,277.5435424611205,Haiti,332,HTI,Latin America and the Caribbean,Caribbean,1307,eez
114,ssp585_medium-term,1150.317697915947,Haiti,332,HTI,Latin America and the Caribbean,Caribbean,1307,eez
114,ssp585_near-term,825.582226849976,Haiti,332,HTI,Latin America and the Caribbean,Caribbean,1307,eez
115,ssp245_current,542.182851510006,Dominican Republic,214,DOM,Latin America and the Caribbean,Caribbean,2768,eez
115,ssp245_medium-term,1988.9964013495483,Dominican Republic,214,DOM,Latin America and the Caribbean,Caribbean,2768,eez
115,ssp245_near-term,1535.8095743623562,Dominican Republic,214,DOM,Latin America and the Caribbean,Caribbean,2768,eez
115,ssp585_current,587.6808106581448,Dominican Republic,214,DOM,Latin America and the Caribbean,Caribbean,2768,eez
115,ssp585_medium-term,2200.110066406429,Dominican Republic,214,DOM,Latin America and the Caribbean,Caribbean,2768,eez
115,ssp585_near-term,1531.7499748884002,Dominican Republic,214,DOM,Latin America and the Caribbean,Caribbean,2768,eez
116,ssp245_current,364.33386558515485,Puerto Rico and Virgin Islands of the United States,NA,NA,Latin America and the Caribbean,Caribbean,2150,eez
116,ssp245_medium-term,1454.050810311688,Puerto Rico and Virgin Islands of the United States,NA,NA,Latin America and the Caribbean,Caribbean,2150,eez
116,ssp245_near-term,1049.9280695995549,Puerto Rico and Virgin Islands of the United States,NA,NA,Latin America and the Caribbean,Caribbean,2150,eez
116,ssp585_current,427.4988243158441,Puerto Rico and Virgin Islands of the United States,NA,NA,Latin America and the Caribbean,Caribbean,2150,eez
116,ssp585_medium-term,1641.1172968852334,Puerto Rico and Virgin Islands of the United States,NA,NA,Latin America and the Caribbean,Caribbean,2150,eez
116,ssp585_near-term,1066.404227876803,Puerto Rico and Virgin Islands of the United States,NA,NA,Latin America and the Caribbean,Caribbean,2150,eez
117,ssp245_current,64.28164022415876,British Virgin Islands,92,VGB,Latin America and the Caribbean,Caribbean,805,eez
117,ssp245_medium-term,463.7408761680126,British Virgin Islands,92,VGB,Latin America and the Caribbean,Caribbean,805,eez
117,ssp245_near-term,287.4185200929642,British Virgin Islands,92,VGB,Latin America and the Caribbean,Caribbean,805,eez
117,ssp585_current,98.53402931243181,British Virgin Islands,92,VGB,Latin America and the Caribbean,Caribbean,805,eez
117,ssp585_medium-term,537.1473506391048,British Virgin Islands,92,VGB,Latin America and the Caribbean,Caribbean,805,eez
117,ssp585_near-term,308.13165268301964,British Virgin Islands,92,VGB,Latin America and the Caribbean,Caribbean,805,eez
118,ssp245_current,79.44964835047722,Anguilla,660,AIA,Latin America and the Caribbean,Caribbean,924,eez
118,ssp245_medium-term,505.51133397221565,Anguilla,660,AIA,Latin America and the Caribbean,Caribbean,924,eez
118,ssp245_near-term,323.35507345199585,Anguilla,660,AIA,Latin America and the Caribbean,Caribbean,924,eez
118,ssp585_current,112.01625720411539,Anguilla,660,AIA,Latin America and the Caribbean,Caribbean,924,eez
118,ssp585_medium-term,576.7131317853928,Anguilla,660,AIA,Latin America and the Caribbean,Caribbean,924,eez
118,ssp585_near-term,326.84216183423996,Anguilla,660,AIA,Latin America and the Caribbean,Caribbean,924,eez
119,ssp245_current,6.228202652186155,Saint Kitts and Nevis,659,KNA,Latin America and the Caribbean,Caribbean,105,eez
119,ssp245_medium-term,59.070496678352356,Saint Kitts and Nevis,659,KNA,Latin America and the Caribbean,Caribbean,105,eez
119,ssp245_near-term,34.83906927704811,Saint Kitts and Nevis,659,KNA,Latin America and the Caribbean,Caribbean,105,eez
119,ssp585_current,10.135948091745377,Saint Kitts and Nevis,659,KNA,Latin America and the Caribbean,Caribbean,105,eez
119,ssp585_medium-term,73.03586220741272,Saint Kitts and Nevis,659,KNA,Latin America and the Caribbean,Caribbean,105,eez
119,ssp585_near-term,36.253349393606186,Saint Kitts and Nevis,659,KNA,Latin America and the Caribbean,Caribbean,105,eez
120,ssp245_current,71.57265161909163,Antigua and Barbuda,28,ATG,Latin America and the Caribbean,Caribbean,1091,eez
120,ssp245_medium-term,489.86146080493927,Antigua and Barbuda,28,ATG,Latin America and the Caribbean,Caribbean,1091,eez
120,ssp245_near-term,304.7903794720769,Antigua and Barbuda,28,ATG,Latin America and the Caribbean,Caribbean,1091,eez
120,ssp585_current,116.22157934680581,Antigua and Barbuda,28,ATG,Latin America and the Caribbean,Caribbean,1091,eez
120,ssp585_medium-term,619.2198352813721,Antigua and Barbuda,28,ATG,Latin America and the Caribbean,Caribbean,1091,eez
120,ssp585_near-term,304.4916571229696,Antigua and Barbuda,28,ATG,Latin America and the Caribbean,Caribbean,1091,eez
121,ssp245_current,11.849853977560997,Montserrat,500,MSR,Latin America and the Caribbean,Caribbean,80,eez
121,ssp245_medium-term,57.67407786846161,Montserrat,500,MSR,Latin America and the Caribbean,Caribbean,80,eez
121,ssp245_near-term,38.021546602249146,Montserrat,500,MSR,Latin America and the Caribbean,Caribbean,80,eez
121,ssp585_current,14.215088993310928,Montserrat,500,MSR,Latin America and the Caribbean,Caribbean,80,eez
121,ssp585_medium-term,65.16821897029877,Montserrat,500,MSR,Latin America and the Caribbean,Caribbean,80,eez
121,ssp585_near-term,37.516785621643066,Montserrat,500,MSR,Latin America and the Caribbean,Caribbean,80,eez
122,ssp245_current,38.133776364149526,Saint Lucia,662,LCA,Latin America and the Caribbean,Caribbean,162,eez
122,ssp245_medium-term,120.79272277606651,Saint Lucia,662,LCA,Latin America and the Caribbean,Caribbean,162,eez
122,ssp245_near-term,84.58356567798182,Saint Lucia,662,LCA,Latin America and the Caribbean,Caribbean,162,eez
122,ssp585_current,39.75591234234162,Saint Lucia,662,LCA,Latin America and the Caribbean,Caribbean,162,eez
122,ssp585_medium-term,135.84485069382936,Saint Lucia,662,LCA,Latin America and the Caribbean,Caribbean,162,eez
122,ssp585_near-term,85.55130251636729,Saint Lucia,662,LCA,Latin America and the Caribbean,Caribbean,162,eez
123,ssp245_current,30.690513969399035,Dominica,212,DMA,Latin America and the Caribbean,Caribbean,293,eez
123,ssp245_medium-term,184.991602525115,Dominica,212,DMA,Latin America and the Caribbean,Caribbean,293,eez
123,ssp245_near-term,116.44582288339734,Dominica,212,DMA,Latin America and the Caribbean,Caribbean,293,eez
123,ssp585_current,40.25268532242626,Dominica,212,DMA,Latin America and the Caribbean,Caribbean,293,eez
123,ssp585_medium-term,213.74017338454723,Dominica,212,DMA,Latin America and the Caribbean,Caribbean,293,eez
123,ssp585_near-term,116.0051688440144,Dominica,212,DMA,Latin America and the Caribbean,Caribbean,293,eez
124,ssp245_current,131.31573114544153,Barbados,52,BRB,Latin America and the Caribbean,Caribbean,1857,eez
124,ssp245_medium-term,752.7982682287693,Barbados,52,BRB,Latin America and the Caribbean,Caribbean,1857,eez
124,ssp245_near-term,477.5811181329191,Barbados,52,BRB,Latin America and the Caribbean,Caribbean,1857,eez
124,ssp585_current,150.51182781904936,Barbados,52,BRB,Latin America and the Caribbean,Caribbean,1857,eez
124,ssp585_medium-term,982.9775325581431,Barbados,52,BRB,Latin America and the Caribbean,Caribbean,1857,eez
124,ssp585_near-term,499.74112951382995,Barbados,52,BRB,Latin America and the Caribbean,Caribbean,1857,eez
125,ssp245_current,70.45908233523369,Grenada,308,GRD,Latin America and the Caribbean,Caribbean,269,eez
125,ssp245_medium-term,201.60337615013123,Grenada,308,GRD,Latin America and the Caribbean,Caribbean,269,eez
125,ssp245_near-term,142.10759113729,Grenada,308,GRD,Latin America and the Caribbean,Caribbean,269,eez
125,ssp585_current,71.516019359231,Grenada,308,GRD,Latin America and the Caribbean,Caribbean,269,eez
125,ssp585_medium-term,229.46462908387184,Grenada,308,GRD,Latin America and the Caribbean,Caribbean,269,eez
125,ssp585_near-term,147.78729751706123,Grenada,308,GRD,Latin America and the Caribbean,Caribbean,269,eez
126,ssp245_current,181.20282398164272,Trinidad and Tobago,780,TTO,Latin America and the Caribbean,Caribbean,785,eez
126,ssp245_medium-term,562.2910857498646,Trinidad and Tobago,780,TTO,Latin America and the Caribbean,Caribbean,785,eez
126,ssp245_near-term,397.4956545829773,Trinidad and Tobago,780,TTO,Latin America and the Caribbean,Caribbean,785,eez
126,ssp585_current,186.25557789206505,Trinidad and Tobago,780,TTO,Latin America and the Caribbean,Caribbean,785,eez
126,ssp585_medium-term,629.8065758943558,Trinidad and Tobago,780,TTO,Latin America and the Caribbean,Caribbean,785,eez
126,ssp585_near-term,415.6621072739363,Trinidad and Tobago,780,TTO,Latin America and the Caribbean,Caribbean,785,eez
127,ssp245_current,81.87859964370728,Saint Vincent and the Grenadines,670,VCT,Latin America and the Caribbean,Caribbean,369,eez
127,ssp245_medium-term,263.4436477124691,Saint Vincent and the Grenadines,670,VCT,Latin America and the Caribbean,Caribbean,369,eez
127,ssp245_near-term,181.99538639187813,Saint Vincent and the Grenadines,670,VCT,Latin America and the Caribbean,Caribbean,369,eez
127,ssp585_current,81.85003661364317,Saint Vincent and the Grenadines,670,VCT,Latin America and the Caribbean,Caribbean,369,eez
127,ssp585_medium-term,300.5476912856102,Saint Vincent and the Grenadines,670,VCT,Latin America and the Caribbean,Caribbean,369,eez
127,ssp585_near-term,188.93414849042892,Saint Vincent and the Grenadines,670,VCT,Latin America and the Caribbean,Caribbean,369,eez
129,ssp245_current,1211.1339445159538,Panama,591,PAN,Latin America and the Caribbean,Central America,3464,eez
129,ssp245_medium-term,2850.8469521112274,Panama,591,PAN,Latin America and the Caribbean,Central America,3464,eez
129,ssp245_near-term,2190.348414052627,Panama,591,PAN,Latin America and the Caribbean,Central America,3464,eez
129,ssp585_current,1151.10238914832,Panama,591,PAN,Latin America and the Caribbean,Central America,3464,eez
129,ssp585_medium-term,3111.153993318323,Panama,591,PAN,Latin America and the Caribbean,Central America,3464,eez
129,ssp585_near-term,2243.6861352982232,Panama,591,PAN,Latin America and the Caribbean,Central America,3464,eez
130,ssp245_current,1927.7040912276134,Costa Rica,188,CRI,Latin America and the Caribbean,Central America,5823,eez
130,ssp245_medium-term,4570.105372738093,Costa Rica,188,CRI,Latin America and the Caribbean,Central America,5823,eez
130,ssp245_near-term,3164.2260493151844,Costa Rica,188,CRI,Latin America and the Caribbean,Central America,5823,eez
130,ssp585_current,1794.7578558698297,Costa Rica,188,CRI,Latin America and the Caribbean,Central America,5823,eez
130,ssp585_medium-term,5019.5361567772925,Costa Rica,188,CRI,Latin America and the Caribbean,Central America,5823,eez
130,ssp585_near-term,3364.7710989583284,Costa Rica,188,CRI,Latin America and the Caribbean,Central America,5823,eez
131,ssp245_current,736.8796083051711,Nicaragua,558,NIC,Latin America and the Caribbean,Central America,2296,eez
131,ssp245_medium-term,1794.1822838261724,Nicaragua,558,NIC,Latin America and the Caribbean,Central America,2296,eez
131,ssp245_near-term,1415.965052306652,Nicaragua,558,NIC,Latin America and the Caribbean,Central America,2296,eez
131,ssp585_current,666.8019980341196,Nicaragua,558,NIC,Latin America and the Caribbean,Central America,2296,eez
131,ssp585_medium-term,1998.9003559798002,Nicaragua,558,NIC,Latin America and the Caribbean,Central America,2296,eez
131,ssp585_near-term,1429.262926902622,Nicaragua,558,NIC,Latin America and the Caribbean,Central America,2296,eez
132,ssp245_current,2179.1457811584696,Colombia,170,COL,Latin America and the Caribbean,South America,7469,eez
132,ssp245_medium-term,5597.442491877824,Colombia,170,COL,Latin America and the Caribbean,South America,7469,eez
132,ssp245_near-term,4379.147709095851,Colombia,170,COL,Latin America and the Caribbean,South America,7469,eez
132,ssp585_current,2035.413384407293,Colombia,170,COL,Latin America and the Caribbean,South America,7469,eez
132,ssp585_medium-term,6118.233461884782,Colombia,170,COL,Latin America and the Caribbean,South America,7469,eez
132,ssp585_near-term,4379.372256307863,Colombia,170,COL,Latin America and the Caribbean,South America,7469,eez
133,ssp245_current,550.4527162481099,Honduras,340,HND,Latin America and the Caribbean,Central America,2255,eez
133,ssp245_medium-term,1815.1087273173034,Honduras,340,HND,Latin America and the Caribbean,Central America,2255,eez
133,ssp245_near-term,1365.5489145442843,Honduras,340,HND,Latin America and the Caribbean,Central America,2255,eez
133,ssp585_current,492.27196722105145,Honduras,340,HND,Latin America and the Caribbean,Central America,2255,eez
133,ssp585_medium-term,1976.6449808105826,Honduras,340,HND,Latin America and the Caribbean,Central America,2255,eez
133,ssp585_near-term,1396.5844328552485,Honduras,340,HND,Latin America and the Caribbean,Central America,2255,eez
134,ssp245_current,353.73817763477564,El Salvador,222,SLV,Latin America and the Caribbean,Central America,958,eez
134,ssp245_medium-term,804.3428023159504,El Salvador,222,SLV,Latin America and the Caribbean,Central America,958,eez
134,ssp245_near-term,596.9546818882227,El Salvador,222,SLV,Latin America and the Caribbean,Central America,958,eez
134,ssp585_current,346.48968029767275,El Salvador,222,SLV,Latin America and the Caribbean,Central America,958,eez
134,ssp585_medium-term,871.708513200283,El Salvador,222,SLV,Latin America and the Caribbean,Central America,958,eez
134,ssp585_near-term,638.39446182549,El Salvador,222,SLV,Latin America and the Caribbean,Central America,958,eez
135,ssp245_current,11545.500612205826,Mexico,484,MEX,Latin America and the Caribbean,Central America,33495,eez
135,ssp245_medium-term,23113.11867295392,Mexico,484,MEX,Latin America and the Caribbean,Central America,33495,eez
135,ssp245_near-term,17701.22842518054,Mexico,484,MEX,Latin America and the Caribbean,Central America,33495,eez
135,ssp585_current,11337.082938806154,Mexico,484,MEX,Latin America and the Caribbean,Central America,33495,eez
135,ssp585_medium-term,26599.841460598633,Mexico,484,MEX,Latin America and the Caribbean,Central America,33495,eez
135,ssp585_near-term,18599.72944405116,Mexico,484,MEX,Latin America and the Caribbean,Central America,33495,eez
136,ssp245_current,426.4179265014827,Guatemala,320,GTM,Latin America and the Caribbean,Central America,1204,eez
136,ssp245_medium-term,981.8233261555433,Guatemala,320,GTM,Latin America and the Caribbean,Central America,1204,eez
136,ssp245_near-term,741.8930795043707,Guatemala,320,GTM,Latin America and the Caribbean,Central America,1204,eez
136,ssp585_current,416.40042057819664,Guatemala,320,GTM,Latin America and the Caribbean,Central America,1204,eez
136,ssp585_medium-term,1078.9335988163948,Guatemala,320,GTM,Latin America and the Caribbean,Central America,1204,eez
136,ssp585_near-term,797.0262885428965,Guatemala,320,GTM,Latin America and the Caribbean,Central America,1204,eez
137,ssp245_current,2934.147217016667,Ecuador,218,ECU,Latin America and the Caribbean,South America,10926,eez
137,ssp245_medium-term,7352.980216855183,Ecuador,218,ECU,Latin America and the Caribbean,South America,10926,eez
137,ssp245_near-term,5827.210674105212,Ecuador,218,ECU,Latin America and the Caribbean,South America,10926,eez
137,ssp585_current,2770.8032116843387,Ecuador,218,ECU,Latin America and the Caribbean,South America,10926,eez
137,ssp585_medium-term,8165.523591969162,Ecuador,218,ECU,Latin America and the Caribbean,South America,10926,eez
137,ssp585_near-term,6005.0922656375915,Ecuador,218,ECU,Latin America and the Caribbean,South America,10926,eez
138,ssp245_current,3190.720001248643,Peru,604,PER,Latin America and the Caribbean,South America,8521,eez
138,ssp245_medium-term,6449.456884652376,Peru,604,PER,Latin America and the Caribbean,South America,8521,eez
138,ssp245_near-term,4954.574262659065,Peru,604,PER,Latin America and the Caribbean,South America,8521,eez
138,ssp585_current,3044.8772262609564,Peru,604,PER,Latin America and the Caribbean,South America,8521,eez
138,ssp585_medium-term,7243.279922503047,Peru,604,PER,Latin America and the Caribbean,South America,8521,eez
138,ssp585_near-term,5432.689748528879,Peru,604,PER,Latin America and the Caribbean,South America,8521,eez
139,ssp245_current,1289.9894176935777,Venezuela,862,VEN,Latin America and the Caribbean,South America,4976,eez
139,ssp245_medium-term,3317.704809565097,Venezuela,862,VEN,Latin America and the Caribbean,South America,4976,eez
139,ssp245_near-term,2716.5089454464614,Venezuela,862,VEN,Latin America and the Caribbean,South America,4976,eez
139,ssp585_current,1302.8316397219896,Venezuela,862,VEN,Latin America and the Caribbean,South America,4976,eez
139,ssp585_medium-term,3748.549019470811,Venezuela,862,VEN,Latin America and the Caribbean,South America,4976,eez
139,ssp585_near-term,2681.675717957318,Venezuela,862,VEN,Latin America and the Caribbean,South America,4976,eez
140,ssp245_current,145.90500572696328,Guadeloupe and Martinique,NA,NA,Latin America and the Caribbean,Caribbean,1403,eez
140,ssp245_medium-term,848.3169954717159,Guadeloupe and Martinique,NA,NA,Latin America and the Caribbean,Caribbean,1403,eez
140,ssp245_near-term,552.8956030160189,Guadeloupe and Martinique,NA,NA,Latin America and the Caribbean,Caribbean,1403,eez
140,ssp585_current,197.41255728155375,Guadeloupe and Martinique,NA,NA,Latin America and the Caribbean,Caribbean,1403,eez
140,ssp585_medium-term,995.7572469711304,Guadeloupe and Martinique,NA,NA,Latin America and the Caribbean,Caribbean,1403,eez
140,ssp585_near-term,550.8396057412028,Guadeloupe and Martinique,NA,NA,Latin America and the Caribbean,Caribbean,1403,eez
141,ssp245_current,1323.891668498516,Faeroe Islands,NA,NA,Europe,Northern Europe,2685,eez
141,ssp245_medium-term,1798.9390309005976,Faeroe Islands,NA,NA,Europe,Northern Europe,2685,eez
141,ssp245_near-term,1534.8656695187092,Faeroe Islands,NA,NA,Europe,Northern Europe,2685,eez
141,ssp585_current,1415.337323769927,Faeroe Islands,NA,NA,Europe,Northern Europe,2685,eez
141,ssp585_medium-term,2140.292183160782,Faeroe Islands,NA,NA,Europe,Northern Europe,2685,eez
141,ssp585_near-term,1581.6999000161886,Faeroe Islands,NA,NA,Europe,Northern Europe,2685,eez
143,ssp245_current,3124.098143193405,Iceland,352,ISL,Europe,Northern Europe,7747,eez
143,ssp245_medium-term,4422.531548519619,Iceland,352,ISL,Europe,Northern Europe,7747,eez
143,ssp245_near-term,4025.168557161116,Iceland,352,ISL,Europe,Northern Europe,7747,eez
143,ssp585_current,3660.7733356144745,Iceland,352,ISL,Europe,Northern Europe,7747,eez
143,ssp585_medium-term,5264.309625807917,Iceland,352,ISL,Europe,Northern Europe,7747,eez
143,ssp585_near-term,4117.987906001974,Iceland,352,ISL,Europe,Northern Europe,7747,eez
144,ssp245_current,1064.193959608674,Jan Mayen,NA,NA,Europe,Northern Europe,2917,eez
144,ssp245_medium-term,1408.667277276516,Jan Mayen,NA,NA,Europe,Northern Europe,2917,eez
144,ssp245_near-term,918.4762088805437,Jan Mayen,NA,NA,Europe,Northern Europe,2917,eez
144,ssp585_current,1093.3319489955902,Jan Mayen,NA,NA,Europe,Northern Europe,2917,eez
144,ssp585_medium-term,1718.555805414915,Jan Mayen,NA,NA,Europe,Northern Europe,2917,eez
144,ssp585_near-term,1164.3916625082493,Jan Mayen,NA,NA,Europe,Northern Europe,2917,eez
145,ssp245_current,11398.01429498638,Greenland,304,GRL,Northern America,Northern America,24707,eez
145,ssp245_medium-term,16057.777124074637,Greenland,304,GRL,Northern America,Northern America,24707,eez
145,ssp245_near-term,14202.606404860155,Greenland,304,GRL,Northern America,Northern America,24707,eez
145,ssp585_current,11322.125827496406,Greenland,304,GRL,Northern America,Northern America,24707,eez
145,ssp585_medium-term,16976.704607556458,Greenland,304,GRL,Northern America,Northern America,24707,eez
145,ssp585_near-term,13189.933224689797,Greenland,304,GRL,Northern America,Northern America,24707,eez
146,ssp245_current,1117.1578581482172,Pitcairn,612,PCN,Oceania,Polynesia,8391,eez
146,ssp245_medium-term,3460.3829302191734,Pitcairn,612,PCN,Oceania,Polynesia,8391,eez
146,ssp245_near-term,1840.1069637984037,Pitcairn,612,PCN,Oceania,Polynesia,8391,eez
146,ssp585_current,1042.0806499123573,Pitcairn,612,PCN,Oceania,Polynesia,8391,eez
146,ssp585_medium-term,3957.1797209382057,Pitcairn,612,PCN,Oceania,Polynesia,8391,eez
146,ssp585_near-term,1805.784792765975,Pitcairn,612,PCN,Oceania,Polynesia,8391,eez
147,ssp245_current,8470.248683325946,French Polynesia,258,PYF,Oceania,Polynesia,47989,eez
147,ssp245_medium-term,26647.854422412813,French Polynesia,258,PYF,Oceania,Polynesia,47989,eez
147,ssp245_near-term,15191.538373503834,French Polynesia,258,PYF,Oceania,Polynesia,47989,eez
147,ssp585_current,8672.510730467737,French Polynesia,258,PYF,Oceania,Polynesia,47989,eez
147,ssp585_medium-term,29002.281792871654,French Polynesia,258,PYF,Oceania,Polynesia,47989,eez
147,ssp585_near-term,16564.00657518953,French Polynesia,258,PYF,Oceania,Polynesia,47989,eez
148,ssp245_current,3085.3511734232306,Line Group,NA,NA,Oceania,Micronesia,16547,eez
148,ssp245_medium-term,10798.354860961437,Line Group,NA,NA,Oceania,Micronesia,16547,eez
148,ssp245_near-term,6356.407700121403,Line Group,NA,NA,Oceania,Micronesia,16547,eez
148,ssp585_current,3359.9334383681417,Line Group,NA,NA,Oceania,Micronesia,16547,eez
148,ssp585_medium-term,12033.517934888601,Line Group,NA,NA,Oceania,Micronesia,16547,eez
148,ssp585_near-term,7057.051479935646,Line Group,NA,NA,Oceania,Micronesia,16547,eez
149,ssp245_current,522.7479335814714,Jarvis Island,NA,NA,Oceania,Micronesia,3182,eez
149,ssp245_medium-term,1275.0497455596924,Jarvis Island,NA,NA,Oceania,Micronesia,3182,eez
149,ssp245_near-term,781.941249370575,Jarvis Island,NA,NA,Oceania,Micronesia,3182,eez
149,ssp585_current,547.3663099557161,Jarvis Island,NA,NA,Oceania,Micronesia,3182,eez
149,ssp585_medium-term,1561.0670951008797,Jarvis Island,NA,NA,Oceania,Micronesia,3182,eez
149,ssp585_near-term,912.211723819375,Jarvis Island,NA,NA,Oceania,Micronesia,3182,eez
150,ssp245_current,723.264740690589,Palmyra Atoll,NA,NA,Oceania,Micronesia,3536,eez
150,ssp245_medium-term,1779.9798151552677,Palmyra Atoll,NA,NA,Oceania,Micronesia,3536,eez
150,ssp245_near-term,1116.9403112083673,Palmyra Atoll,NA,NA,Oceania,Micronesia,3536,eez
150,ssp585_current,704.1330680176616,Palmyra Atoll,NA,NA,Oceania,Micronesia,3536,eez
150,ssp585_medium-term,2101.9607758522034,Palmyra Atoll,NA,NA,Oceania,Micronesia,3536,eez
150,ssp585_near-term,1333.8858624100685,Palmyra Atoll,NA,NA,Oceania,Micronesia,3536,eez
151,ssp245_current,904.9014550447464,American Samoa,16,ASM,Oceania,Polynesia,4074,eez
151,ssp245_medium-term,2544.0061888694763,American Samoa,16,ASM,Oceania,Polynesia,4074,eez
151,ssp245_near-term,1638.8966433107853,American Samoa,16,ASM,Oceania,Polynesia,4074,eez
151,ssp585_current,855.51108302176,American Samoa,16,ASM,Oceania,Polynesia,4074,eez
151,ssp585_medium-term,2934.6200934648514,American Samoa,16,ASM,Oceania,Polynesia,4074,eez
151,ssp585_near-term,1636.7868778407574,American Samoa,16,ASM,Oceania,Polynesia,4074,eez
152,ssp245_current,304.57264311332256,Samoa,882,WSM,Oceania,Polynesia,1342,eez
152,ssp245_medium-term,901.439587181434,Samoa,882,WSM,Oceania,Polynesia,1342,eez
152,ssp245_near-term,581.6421522209421,Samoa,882,WSM,Oceania,Polynesia,1342,eez
152,ssp585_current,282.91825483646244,Samoa,882,WSM,Oceania,Polynesia,1342,eez
152,ssp585_medium-term,1011.7385321334004,Samoa,882,WSM,Oceania,Polynesia,1342,eez
152,ssp585_near-term,554.4094072375447,Samoa,882,WSM,Oceania,Polynesia,1342,eez
153,ssp245_current,4324.421308130026,Cook Islands,184,COK,Oceania,Polynesia,19713,eez
153,ssp245_medium-term,10058.495725482702,Cook Islands,184,COK,Oceania,Polynesia,19713,eez
153,ssp245_near-term,6718.668740943074,Cook Islands,184,COK,Oceania,Polynesia,19713,eez
153,ssp585_current,4344.509714581072,Cook Islands,184,COK,Oceania,Polynesia,19713,eez
153,ssp585_medium-term,11617.54792457819,Cook Islands,184,COK,Oceania,Polynesia,19713,eez
153,ssp585_near-term,7201.444628983736,Cook Islands,184,COK,Oceania,Polynesia,19713,eez
154,ssp245_current,496.9364166930318,Niue,570,NIU,Oceania,Polynesia,3188,eez
154,ssp245_medium-term,1640.7854871749878,Niue,570,NIU,Oceania,Polynesia,3188,eez
154,ssp245_near-term,986.0459735840559,Niue,570,NIU,Oceania,Polynesia,3188,eez
154,ssp585_current,520.5349196046591,Niue,570,NIU,Oceania,Polynesia,3188,eez
154,ssp585_medium-term,1896.2927960455418,Niue,570,NIU,Oceania,Polynesia,3188,eez
154,ssp585_near-term,1018.809746786952,Niue,570,NIU,Oceania,Polynesia,3188,eez
155,ssp245_current,1100.96009337157,Tonga,776,TON,Oceania,Polynesia,6682,eez
155,ssp245_medium-term,3735.146420389414,Tonga,776,TON,Oceania,Polynesia,6682,eez
155,ssp245_near-term,2350.0708421468735,Tonga,776,TON,Oceania,Polynesia,6682,eez
155,ssp585_current,1243.0219729319215,Tonga,776,TON,Oceania,Polynesia,6682,eez
155,ssp585_medium-term,4329.798485815525,Tonga,776,TON,Oceania,Polynesia,6682,eez
155,ssp585_near-term,2411.607193738222,Tonga,776,TON,Oceania,Polynesia,6682,eez
156,ssp245_current,519.7865033820271,Tokelau,772,TKL,Oceania,Polynesia,3221,eez
156,ssp245_medium-term,2184.9435051083565,Tokelau,772,TKL,Oceania,Polynesia,3221,eez
156,ssp245_near-term,1328.9155933856964,Tokelau,772,TKL,Oceania,Polynesia,3221,eez
156,ssp585_current,571.3659732788801,Tokelau,772,TKL,Oceania,Polynesia,3221,eez
156,ssp585_medium-term,2472.3424194455147,Tokelau,772,TKL,Oceania,Polynesia,3221,eez
156,ssp585_near-term,1284.5007745921612,Tokelau,772,TKL,Oceania,Polynesia,3221,eez
157,ssp245_current,1377.7410447970033,Phoenix Group,NA,NA,Oceania,Micronesia,7477,eez
157,ssp245_medium-term,5009.414376139641,Phoenix Group,NA,NA,Oceania,Micronesia,7477,eez
157,ssp245_near-term,2966.1868974268436,Phoenix Group,NA,NA,Oceania,Micronesia,7477,eez
157,ssp585_current,1337.8847551718354,Phoenix Group,NA,NA,Oceania,Micronesia,7477,eez
157,ssp585_medium-term,5806.090552330017,Phoenix Group,NA,NA,Oceania,Micronesia,7477,eez
157,ssp585_near-term,3087.6444300711155,Phoenix Group,NA,NA,Oceania,Micronesia,7477,eez
158,ssp245_current,565.4710395783186,Howland Island and Baker Island,NA,NA,Oceania,Micronesia,4369,eez
158,ssp245_medium-term,1772.1356200575829,Howland Island and Baker Island,NA,NA,Oceania,Micronesia,4369,eez
158,ssp245_near-term,1025.2556512653828,Howland Island and Baker Island,NA,NA,Oceania,Micronesia,4369,eez
158,ssp585_current,478.3827278241515,Howland Island and Baker Island,NA,NA,Oceania,Micronesia,4369,eez
158,ssp585_medium-term,2221.6396256387234,Howland Island and Baker Island,NA,NA,Oceania,Micronesia,4369,eez
158,ssp585_near-term,1166.0364939421415,Howland Island and Baker Island,NA,NA,Oceania,Micronesia,4369,eez
159,ssp245_current,607.4570372141898,Johnston Atoll,NA,NA,Oceania,Micronesia,4438,eez
159,ssp245_medium-term,2525.245613053441,Johnston Atoll,NA,NA,Oceania,Micronesia,4438,eez
159,ssp245_near-term,1326.226130835712,Johnston Atoll,NA,NA,Oceania,Micronesia,4438,eez
159,ssp585_current,575.3223485387862,Johnston Atoll,NA,NA,Oceania,Micronesia,4438,eez
159,ssp585_medium-term,2916.192073971033,Johnston Atoll,NA,NA,Oceania,Micronesia,4438,eez
159,ssp585_near-term,1637.9660310447216,Johnston Atoll,NA,NA,Oceania,Micronesia,4438,eez
161,ssp245_current,532.1787376254797,Wallis and Futuna,NA,NA,Oceania,Polynesia,2629,eez
161,ssp245_medium-term,1584.6977844536304,Wallis and Futuna,NA,NA,Oceania,Polynesia,2629,eez
161,ssp245_near-term,1027.1823732852936,Wallis and Futuna,NA,NA,Oceania,Polynesia,2629,eez
161,ssp585_current,514.0536256730556,Wallis and Futuna,NA,NA,Oceania,Polynesia,2629,eez
161,ssp585_medium-term,1825.9431851506233,Wallis and Futuna,NA,NA,Oceania,Polynesia,2629,eez
161,ssp585_near-term,1000.262314915657,Wallis and Futuna,NA,NA,Oceania,Polynesia,2629,eez
162,ssp245_current,9030.446285166661,New Zealand,554,NZL,Oceania,Australia and New Zealand,41546,eez
162,ssp245_medium-term,18754.13972052443,New Zealand,554,NZL,Oceania,Australia and New Zealand,41546,eez
162,ssp245_near-term,11312.85165305878,New Zealand,554,NZL,Oceania,Australia and New Zealand,41546,eez
162,ssp585_current,8922.224052038277,New Zealand,554,NZL,Oceania,Australia and New Zealand,41546,eez
162,ssp585_medium-term,24191.975738718407,New Zealand,554,NZL,Oceania,Australia and New Zealand,41546,eez
162,ssp585_near-term,11870.159309312934,New Zealand,554,NZL,Oceania,Australia and New Zealand,41546,eez
163,ssp245_current,39503.95419255807,United States of America,840,USA,Northern America,Northern America,88879,eez
163,ssp245_medium-term,62213.61354149459,United States of America,840,USA,Northern America,Northern America,88879,eez
163,ssp245_near-term,47954.37999181589,United States of America,840,USA,Northern America,Northern America,88879,eez
163,ssp585_current,40382.67328878038,United States of America,840,USA,Northern America,Northern America,88879,eez
163,ssp585_medium-term,71461.05643642461,United States of America,840,USA,Northern America,Northern America,88879,eez
163,ssp585_near-term,49894.28390273964,United States of America,840,USA,Northern America,Northern America,88879,eez
164,ssp245_current,113.65900157392025,Belize,84,BLZ,Latin America and the Caribbean,Central America,390,eez
164,ssp245_medium-term,330.58470791578293,Belize,84,BLZ,Latin America and the Caribbean,Central America,390,eez
164,ssp245_near-term,222.68500636518002,Belize,84,BLZ,Latin America and the Caribbean,Central America,390,eez
164,ssp585_current,103.0824239552021,Belize,84,BLZ,Latin America and the Caribbean,Central America,390,eez
164,ssp585_medium-term,361.5299589037895,Belize,84,BLZ,Latin America and the Caribbean,Central America,390,eez
164,ssp585_near-term,232.92520052194595,Belize,84,BLZ,Latin America and the Caribbean,Central America,390,eez
166,ssp245_current,474.38976312155137,Jamaica,388,JAM,Latin America and the Caribbean,Caribbean,2486,eez
166,ssp245_medium-term,1971.2040619163308,Jamaica,388,JAM,Latin America and the Caribbean,Caribbean,2486,eez
166,ssp245_near-term,1327.9940319780726,Jamaica,388,JAM,Latin America and the Caribbean,Caribbean,2486,eez
166,ssp585_current,445.13107429497177,Jamaica,388,JAM,Latin America and the Caribbean,Caribbean,2486,eez
166,ssp585_medium-term,2129.7619063814636,Jamaica,388,JAM,Latin America and the Caribbean,Caribbean,2486,eez
166,ssp585_near-term,1335.1912710284814,Jamaica,388,JAM,Latin America and the Caribbean,Caribbean,2486,eez
167,ssp245_current,316.3091325554997,Guyana,328,GUY,Latin America and the Caribbean,South America,1412,eez
167,ssp245_medium-term,922.2518473155797,Guyana,328,GUY,Latin America and the Caribbean,South America,1412,eez
167,ssp245_near-term,694.1675380915403,Guyana,328,GUY,Latin America and the Caribbean,South America,1412,eez
167,ssp585_current,329.3243576288223,Guyana,328,GUY,Latin America and the Caribbean,South America,1412,eez
167,ssp585_medium-term,1026.6960426457226,Guyana,328,GUY,Latin America and the Caribbean,South America,1412,eez
167,ssp585_near-term,720.6336650252342,Guyana,328,GUY,Latin America and the Caribbean,South America,1412,eez
168,ssp245_current,363.43664367403835,Suriname,740,SUR,Latin America and the Caribbean,South America,1325,eez
168,ssp245_medium-term,944.7564085312188,Suriname,740,SUR,Latin America and the Caribbean,South America,1325,eez
168,ssp245_near-term,715.1700943559408,Suriname,740,SUR,Latin America and the Caribbean,South America,1325,eez
168,ssp585_current,361.9566953247413,Suriname,740,SUR,Latin America and the Caribbean,South America,1325,eez
168,ssp585_medium-term,1048.3674285449088,Suriname,740,SUR,Latin America and the Caribbean,South America,1325,eez
168,ssp585_near-term,749.6510227285326,Suriname,740,SUR,Latin America and the Caribbean,South America,1325,eez
169,ssp245_current,367.2796672992408,French Guiana,254,GUF,Latin America and the Caribbean,South America,1388,eez
169,ssp245_medium-term,941.8569943904877,French Guiana,254,GUF,Latin America and the Caribbean,South America,1388,eez
169,ssp245_near-term,730.7008010484278,French Guiana,254,GUF,Latin America and the Caribbean,South America,1388,eez
169,ssp585_current,368.129412420094,French Guiana,254,GUF,Latin America and the Caribbean,South America,1388,eez
169,ssp585_medium-term,1062.2836659699678,French Guiana,254,GUF,Latin America and the Caribbean,South America,1388,eez
169,ssp585_near-term,778.8727869465947,French Guiana,254,GUF,Latin America and the Caribbean,South America,1388,eez
171,ssp245_current,10649.14258151874,Brazil,76,BRA,Latin America and the Caribbean,South America,37586,eez
171,ssp245_medium-term,25532.269860617816,Brazil,76,BRA,Latin America and the Caribbean,South America,37586,eez
171,ssp245_near-term,20009.142769199796,Brazil,76,BRA,Latin America and the Caribbean,South America,37586,eez
171,ssp585_current,10684.441928490996,Brazil,76,BRA,Latin America and the Caribbean,South America,37586,eez
171,ssp585_medium-term,28450.350956134498,Brazil,76,BRA,Latin America and the Caribbean,South America,37586,eez
171,ssp585_near-term,20920.005440454,Brazil,76,BRA,Latin America and the Caribbean,South America,37586,eez
172,ssp245_current,4054.088409808697,Argentina,32,ARG,Latin America and the Caribbean,South America,11155,eez
172,ssp245_medium-term,7886.412261333317,Argentina,32,ARG,Latin America and the Caribbean,South America,11155,eez
172,ssp245_near-term,5639.8127722297795,Argentina,32,ARG,Latin America and the Caribbean,South America,11155,eez
172,ssp585_current,3799.7540844476316,Argentina,32,ARG,Latin America and the Caribbean,South America,11155,eez
172,ssp585_medium-term,8693.997470826376,Argentina,32,ARG,Latin America and the Caribbean,South America,11155,eez
172,ssp585_near-term,5928.785323102493,Argentina,32,ARG,Latin America and the Caribbean,South America,11155,eez
173,ssp245_current,395.2856556577608,Uruguay,858,URY,Latin America and the Caribbean,South America,1347,eez
173,ssp245_medium-term,679.7228830619715,Uruguay,858,URY,Latin America and the Caribbean,South America,1347,eez
173,ssp245_near-term,509.1923135428224,Uruguay,858,URY,Latin America and the Caribbean,South America,1347,eez
173,ssp585_current,400.1276864919346,Uruguay,858,URY,Latin America and the Caribbean,South America,1347,eez
173,ssp585_medium-term,768.2941501550376,Uruguay,858,URY,Latin America and the Caribbean,South America,1347,eez
173,ssp585_near-term,533.2742319144309,Uruguay,858,URY,Latin America and the Caribbean,South America,1347,eez
174,ssp245_current,299.435242673615,Finland,246,FIN,Europe,Northern Europe,958,eez
174,ssp245_medium-term,349.47415384673513,Finland,246,FIN,Europe,Northern Europe,958,eez
174,ssp245_near-term,332.7196848199237,Finland,246,FIN,Europe,Northern Europe,958,eez
174,ssp585_current,318.94083511829376,Finland,246,FIN,Europe,Northern Europe,958,eez
174,ssp585_medium-term,401.8396898275241,Finland,246,FIN,Europe,Northern Europe,958,eez
174,ssp585_near-term,348.78857174445875,Finland,246,FIN,Europe,Northern Europe,958,eez
175,ssp245_current,488.0788517803885,Denmark,208,DNK,Europe,Northern Europe,1201,eez
175,ssp245_medium-term,586.046188626904,Denmark,208,DNK,Europe,Northern Europe,1201,eez
175,ssp245_near-term,562.4489020272158,Denmark,208,DNK,Europe,Northern Europe,1201,eez
175,ssp585_current,501.1722101611085,Denmark,208,DNK,Europe,Northern Europe,1201,eez
175,ssp585_medium-term,682.4939230044838,Denmark,208,DNK,Europe,Northern Europe,1201,eez
175,ssp585_near-term,573.6586205298081,Denmark,208,DNK,Europe,Northern Europe,1201,eez
176,ssp245_current,269.18648817623034,Germany,276,DEU,Europe,Western Europe,654,eez
176,ssp245_medium-term,341.76140387309715,Germany,276,DEU,Europe,Western Europe,654,eez
176,ssp245_near-term,332.3281690101139,Germany,276,DEU,Europe,Western Europe,654,eez
176,ssp585_current,270.17361415503547,Germany,276,DEU,Europe,Western Europe,654,eez
176,ssp585_medium-term,396.39548240881413,Germany,276,DEU,Europe,Western Europe,654,eez
176,ssp585_near-term,336.0779921282083,Germany,276,DEU,Europe,Western Europe,654,eez
177,ssp245_current,282.0957639813423,Netherlands,528,NLD,Europe,Western Europe,662,eez
177,ssp245_medium-term,381.8578345775604,Netherlands,528,NLD,Europe,Western Europe,662,eez
177,ssp245_near-term,354.7735355049372,Netherlands,528,NLD,Europe,Western Europe,662,eez
177,ssp585_current,282.60730911791325,Netherlands,528,NLD,Europe,Western Europe,662,eez
177,ssp585_medium-term,442.1776264309883,Netherlands,528,NLD,Europe,Western Europe,662,eez
177,ssp585_near-term,363.2153139859438,Netherlands,528,NLD,Europe,Western Europe,662,eez
178,ssp245_current,142.0454189090524,Poland,616,POL,Europe,Eastern Europe,345,eez
178,ssp245_medium-term,212.419375335332,Poland,616,POL,Europe,Eastern Europe,345,eez
178,ssp245_near-term,188.94070996181108,Poland,616,POL,Europe,Eastern Europe,345,eez
178,ssp585_current,149.52730557811446,Poland,616,POL,Europe,Eastern Europe,345,eez
178,ssp585_medium-term,241.79753605788574,Poland,616,POL,Europe,Eastern Europe,345,eez
178,ssp585_near-term,184.46633290918544,Poland,616,POL,Europe,Eastern Europe,345,eez
179,ssp245_current,1519.3628642926924,France,250,FRA,Europe,Western Europe,3661,eez
179,ssp245_medium-term,2580.5918457843363,France,250,FRA,Europe,Western Europe,3661,eez
179,ssp245_near-term,2113.468197510112,France,250,FRA,Europe,Western Europe,3661,eez
179,ssp585_current,1530.3704590531997,France,250,FRA,Europe,Western Europe,3661,eez
179,ssp585_medium-term,2994.8484747679904,France,250,FRA,Europe,Western Europe,3661,eez
179,ssp585_near-term,2206.5615312061273,France,250,FRA,Europe,Western Europe,3661,eez
180,ssp245_current,3652.4217995081563,United Kingdom,NA,NA,Europe,Northern Europe,7724,eez
180,ssp245_medium-term,5593.505162944552,United Kingdom,NA,NA,Europe,Northern Europe,7724,eez
180,ssp245_near-term,4952.1519633098505,United Kingdom,NA,NA,Europe,Northern Europe,7724,eez
180,ssp585_current,3811.392058488913,United Kingdom,NA,NA,Europe,Northern Europe,7724,eez
180,ssp585_medium-term,6556.030064122751,United Kingdom,NA,NA,Europe,Northern Europe,7724,eez
180,ssp585_near-term,4972.1944416482,United Kingdom,NA,NA,Europe,Northern Europe,7724,eez
181,ssp245_current,1852.7447139550932,Ireland,372,IRL,Europe,Northern Europe,4408,eez
181,ssp245_medium-term,3247.89284110046,Ireland,372,IRL,Europe,Northern Europe,4408,eez
181,ssp245_near-term,2738.112162952544,Ireland,372,IRL,Europe,Northern Europe,4408,eez
181,ssp585_current,1969.4400701178238,Ireland,372,IRL,Europe,Northern Europe,4408,eez
181,ssp585_medium-term,3710.3305490924977,Ireland,372,IRL,Europe,Northern Europe,4408,eez
181,ssp585_near-term,2842.910762257641,Ireland,372,IRL,Europe,Northern Europe,4408,eez
182,ssp245_current,2024.5632428999525,Spain,724,ESP,Europe,Southern Europe,5749,eez
182,ssp245_medium-term,4256.789115948835,Spain,724,ESP,Europe,Southern Europe,5749,eez
182,ssp245_near-term,3153.216433223919,Spain,724,ESP,Europe,Southern Europe,5749,eez
182,ssp585_current,2085.4143526676344,Spain,724,ESP,Europe,Southern Europe,5749,eez
182,ssp585_medium-term,4922.783609883394,Spain,724,ESP,Europe,Southern Europe,5749,eez
182,ssp585_near-term,3327.080150415539,Spain,724,ESP,Europe,Southern Europe,5749,eez
183,ssp245_current,974.6675517475232,Portugal,620,PRT,Europe,Southern Europe,3179,eez
183,ssp245_medium-term,1901.6112034525722,Portugal,620,PRT,Europe,Southern Europe,3179,eez
183,ssp245_near-term,1330.7554687522352,Portugal,620,PRT,Europe,Southern Europe,3179,eez
183,ssp585_current,996.7087986823171,Portugal,620,PRT,Europe,Southern Europe,3179,eez
183,ssp585_medium-term,2264.750291437842,Portugal,620,PRT,Europe,Southern Europe,3179,eez
183,ssp585_near-term,1473.1292038820684,Portugal,620,PRT,Europe,Southern Europe,3179,eez
184,ssp245_current,2292.608083128929,Italy,380,ITA,Europe,Southern Europe,5678,eez
184,ssp245_medium-term,4606.041519579943,Italy,380,ITA,Europe,Southern Europe,5678,eez
184,ssp245_near-term,3666.915278614266,Italy,380,ITA,Europe,Southern Europe,5678,eez
184,ssp585_current,2423.6116009963444,Italy,380,ITA,Europe,Southern Europe,5678,eez
184,ssp585_medium-term,5048.282636724645,Italy,380,ITA,Europe,Southern Europe,5678,eez
184,ssp585_near-term,3709.761890337104,Italy,380,ITA,Europe,Southern Europe,5678,eez
185,ssp245_current,0.22202898561954498,Monaco,492,MCO,Europe,Western Europe,2,eez
185,ssp245_medium-term,0.7080428898334503,Monaco,492,MCO,Europe,Western Europe,2,eez
185,ssp245_near-term,0.5045124441385269,Monaco,492,MCO,Europe,Western Europe,2,eez
185,ssp585_current,0.24235715717077255,Monaco,492,MCO,Europe,Western Europe,2,eez
185,ssp585_medium-term,0.91431725025177,Monaco,492,MCO,Europe,Western Europe,2,eez
185,ssp585_near-term,0.5049757063388824,Monaco,492,MCO,Europe,Western Europe,2,eez
186,ssp245_current,39.756783386692405,Montenegro,499,MNE,Europe,Southern Europe,83,eez
186,ssp245_medium-term,79.64441250264645,Montenegro,499,MNE,Europe,Southern Europe,83,eez
186,ssp245_near-term,63.60559718310833,Montenegro,499,MNE,Europe,Southern Europe,83,eez
186,ssp585_current,44.88470445200801,Montenegro,499,MNE,Europe,Southern Europe,83,eez
186,ssp585_medium-term,87.52265118807554,Montenegro,499,MNE,Europe,Southern Europe,83,eez
186,ssp585_near-term,60.59530092403293,Montenegro,499,MNE,Europe,Southern Europe,83,eez
187,ssp245_current,291.7750870306045,Croatia,191,HRV,Europe,Southern Europe,636,eez
187,ssp245_medium-term,516.0299817584455,Croatia,191,HRV,Europe,Southern Europe,636,eez
187,ssp245_near-term,430.38611967489123,Croatia,191,HRV,Europe,Southern Europe,636,eez
187,ssp585_current,304.0552702322602,Croatia,191,HRV,Europe,Southern Europe,636,eez
187,ssp585_medium-term,568.9437818340957,Croatia,191,HRV,Europe,Southern Europe,636,eez
187,ssp585_near-term,414.0260765682906,Croatia,191,HRV,Europe,Southern Europe,636,eez
188,ssp245_current,0.9839267507195473,Slovenia,705,SVN,Europe,Southern Europe,4,eez
188,ssp245_medium-term,1.5679866299033165,Slovenia,705,SVN,Europe,Southern Europe,4,eez
188,ssp245_near-term,1.328302089124918,Slovenia,705,SVN,Europe,Southern Europe,4,eez
188,ssp585_current,1.0097161196172237,Slovenia,705,SVN,Europe,Southern Europe,4,eez
188,ssp585_medium-term,1.8115868717432022,Slovenia,705,SVN,Europe,Southern Europe,4,eez
188,ssp585_near-term,1.2873396649956703,Slovenia,705,SVN,Europe,Southern Europe,4,eez
189,ssp245_current,27.952632874250412,Lithuania,440,LTU,Europe,Northern Europe,68,eez
189,ssp245_medium-term,43.94466432929039,Lithuania,440,LTU,Europe,Northern Europe,68,eez
189,ssp245_near-term,38.35745260119438,Lithuania,440,LTU,Europe,Northern Europe,68,eez
189,ssp585_current,30.276795268058777,Lithuania,440,LTU,Europe,Northern Europe,68,eez
189,ssp585_medium-term,50.64385440945625,Lithuania,440,LTU,Europe,Northern Europe,68,eez
189,ssp585_near-term,39.15270638465881,Lithuania,440,LTU,Europe,Northern Europe,68,eez
190,ssp245_current,46.8027226535487,Qatar,634,QAT,Asia,Western Asia,345,eez
190,ssp245_medium-term,180.18613526667468,Qatar,634,QAT,Asia,Western Asia,345,eez
190,ssp245_near-term,117.42688936681952,Qatar,634,QAT,Asia,Western Asia,345,eez
190,ssp585_current,44.9202463227557,Qatar,634,QAT,Asia,Western Asia,345,eez
190,ssp585_medium-term,203.38837257795967,Qatar,634,QAT,Asia,Western Asia,345,eez
190,ssp585_near-term,118.1149578752229,Qatar,634,QAT,Asia,Western Asia,345,eez
191,ssp245_current,711.1545037524775,Iran,364,IRN,Asia,Southern Asia,1763,eez
191,ssp245_medium-term,1306.2452140417881,Iran,364,IRN,Asia,Southern Asia,1763,eez
191,ssp245_near-term,1089.2521914802492,Iran,364,IRN,Asia,Southern Asia,1763,eez
191,ssp585_current,735.7824695694726,Iran,364,IRN,Asia,Southern Asia,1763,eez
191,ssp585_medium-term,1464.146136061754,Iran,364,IRN,Asia,Southern Asia,1763,eez
191,ssp585_near-term,1096.8296161207836,Iran,364,IRN,Asia,Southern Asia,1763,eez
192,ssp245_current,2.116874910891056,Iraq,368,IRQ,Asia,Western Asia,10,eez
192,ssp245_medium-term,3.629647232592106,Iraq,368,IRQ,Asia,Western Asia,10,eez
192,ssp245_near-term,2.508227199316025,Iraq,368,IRQ,Asia,Western Asia,10,eez
192,ssp585_current,2.3791220262646675,Iraq,368,IRQ,Asia,Western Asia,10,eez
192,ssp585_medium-term,4.3176379799842834,Iraq,368,IRQ,Asia,Western Asia,10,eez
192,ssp585_near-term,2.4361479580402374,Iraq,368,IRQ,Asia,Western Asia,10,eez
193,ssp245_current,480.74319896893576,Guinea Bissau,624,GNB,Africa,Western Africa,1138,eez
193,ssp245_medium-term,782.2468120735139,Guinea Bissau,624,GNB,Africa,Western Africa,1138,eez
193,ssp245_near-term,619.7541904831305,Guinea Bissau,624,GNB,Africa,Western Africa,1138,eez
193,ssp585_current,477.73315509594977,Guinea Bissau,624,GNB,Africa,Western Africa,1138,eez
193,ssp585_medium-term,881.3787088226527,Guinea Bissau,624,GNB,Africa,Western Africa,1138,eez
193,ssp585_near-term,658.1292759254575,Guinea Bissau,624,GNB,Africa,Western Africa,1138,eez
194,ssp245_current,518.3771168417297,Guinea,324,GIN,Africa,Western Africa,1145,eez
194,ssp245_medium-term,774.4736895281821,Guinea,324,GIN,Africa,Western Africa,1145,eez
194,ssp245_near-term,618.5279959915206,Guinea,324,GIN,Africa,Western Africa,1145,eez
194,ssp585_current,514.0382414595224,Guinea,324,GIN,Africa,Western Africa,1145,eez
194,ssp585_medium-term,814.231587799266,Guinea,324,GIN,Africa,Western Africa,1145,eez
194,ssp585_near-term,642.1430020881817,Guinea,324,GIN,Africa,Western Africa,1145,eez
195,ssp245_current,616.0022237766534,Ivory Coast,NA,NA,Africa,Western Africa,1807,eez
195,ssp245_medium-term,1297.5426998846233,Ivory Coast,NA,NA,Africa,Western Africa,1807,eez
195,ssp245_near-term,964.2906730119139,Ivory Coast,NA,NA,Africa,Western Africa,1807,eez
195,ssp585_current,611.6528101991862,Ivory Coast,NA,NA,Africa,Western Africa,1807,eez
195,ssp585_medium-term,1342.3910577446222,Ivory Coast,NA,NA,Africa,Western Africa,1807,eez
195,ssp585_near-term,968.1274607181549,Ivory Coast,NA,NA,Africa,Western Africa,1807,eez
196,ssp245_current,756.229462582618,Nigeria,566,NGA,Africa,Western Africa,1935,eez
196,ssp245_medium-term,1585.9422944374382,Nigeria,566,NGA,Africa,Western Africa,1935,eez
196,ssp245_near-term,1185.2398393452168,Nigeria,566,NGA,Africa,Western Africa,1935,eez
196,ssp585_current,756.9760552141815,Nigeria,566,NGA,Africa,Western Africa,1935,eez
196,ssp585_medium-term,1653.9553120397031,Nigeria,566,NGA,Africa,Western Africa,1935,eez
196,ssp585_near-term,1225.3340845573694,Nigeria,566,NGA,Africa,Western Africa,1935,eez
197,ssp245_current,43.11222920101136,Cameroon,120,CMR,Africa,Middle Africa,186,eez
197,ssp245_medium-term,94.32761617936194,Cameroon,120,CMR,Africa,Middle Africa,186,eez
197,ssp245_near-term,58.99599568732083,Cameroon,120,CMR,Africa,Middle Africa,186,eez
197,ssp585_current,44.35799818020314,Cameroon,120,CMR,Africa,Middle Africa,186,eez
197,ssp585_medium-term,103.87808032333851,Cameroon,120,CMR,Africa,Middle Africa,186,eez
197,ssp585_near-term,66.51836013048887,Cameroon,120,CMR,Africa,Middle Africa,186,eez
198,ssp245_current,726.7431134004146,Gabon,266,GAB,Africa,Middle Africa,2040,eez
198,ssp245_medium-term,1452.8477780576795,Gabon,266,GAB,Africa,Middle Africa,2040,eez
198,ssp245_near-term,1097.9985685180873,Gabon,266,GAB,Africa,Middle Africa,2040,eez
198,ssp585_current,710.2421250138432,Gabon,266,GAB,Africa,Middle Africa,2040,eez
198,ssp585_medium-term,1734.3639029301703,Gabon,266,GAB,Africa,Middle Africa,2040,eez
198,ssp585_near-term,1199.9901195839047,Gabon,266,GAB,Africa,Middle Africa,2040,eez
199,ssp245_current,57.84592764824629,Democratic Republic of the Congo,180,COD,Africa,Middle Africa,143,eez
199,ssp245_medium-term,109.07694891095161,Democratic Republic of the Congo,180,COD,Africa,Middle Africa,143,eez
199,ssp245_near-term,86.8811749741435,Democratic Republic of the Congo,180,COD,Africa,Middle Africa,143,eez
199,ssp585_current,56.154735401272774,Democratic Republic of the Congo,180,COD,Africa,Middle Africa,143,eez
199,ssp585_medium-term,129.2325030863285,Democratic Republic of the Congo,180,COD,Africa,Middle Africa,143,eez
199,ssp585_near-term,93.02236365526915,Democratic Republic of the Congo,180,COD,Africa,Middle Africa,143,eez
200,ssp245_current,1495.5977350091562,Angola,24,AGO,Africa,Middle Africa,5019,eez
200,ssp245_medium-term,3836.394444236532,Angola,24,AGO,Africa,Middle Africa,5019,eez
200,ssp245_near-term,2918.0812108404934,Angola,24,AGO,Africa,Middle Africa,5019,eez
200,ssp585_current,1550.855302164331,Angola,24,AGO,Africa,Middle Africa,5019,eez
200,ssp585_medium-term,4590.736984606832,Angola,24,AGO,Africa,Middle Africa,5019,eez
200,ssp585_near-term,3052.708819249645,Angola,24,AGO,Africa,Middle Africa,5019,eez
202,ssp245_current,441.5088201742619,United Republic of Tanzania,834,TZA,Africa,Eastern Africa,2514,eez
202,ssp245_medium-term,2083.263373022899,United Republic of Tanzania,834,TZA,Africa,Eastern Africa,2514,eez
202,ssp245_near-term,1323.2857910245657,United Republic of Tanzania,834,TZA,Africa,Eastern Africa,2514,eez
202,ssp585_current,476.8741952078417,United Republic of Tanzania,834,TZA,Africa,Eastern Africa,2514,eez
202,ssp585_medium-term,2221.771591702476,United Republic of Tanzania,834,TZA,Africa,Eastern Africa,2514,eez
202,ssp585_near-term,1388.2339190253988,United Republic of Tanzania,834,TZA,Africa,Eastern Africa,2514,eez
203,ssp245_current,7380.39407520229,India,356,IND,Asia,Southern Asia,16838,eez
203,ssp245_medium-term,13724.572085429914,India,356,IND,Asia,Southern Asia,16838,eez
203,ssp245_near-term,10760.737720834091,India,356,IND,Asia,Southern Asia,16838,eez
203,ssp585_current,7331.605515375268,India,356,IND,Asia,Southern Asia,16838,eez
203,ssp585_medium-term,15350.201785392128,India,356,IND,Asia,Southern Asia,16838,eez
203,ssp585_near-term,11180.835235764273,India,356,IND,Asia,Southern Asia,16838,eez
204,ssp245_current,490.589531134814,Bangladesh,50,BGD,Asia,Southern Asia,1000,eez
204,ssp245_medium-term,786.9258779715747,Bangladesh,50,BGD,Asia,Southern Asia,1000,eez
204,ssp245_near-term,645.0332036176696,Bangladesh,50,BGD,Asia,Southern Asia,1000,eez
204,ssp585_current,520.4154421752319,Bangladesh,50,BGD,Asia,Southern Asia,1000,eez
204,ssp585_medium-term,868.7956949388608,Bangladesh,50,BGD,Asia,Southern Asia,1000,eez
204,ssp585_near-term,640.143886199221,Bangladesh,50,BGD,Asia,Southern Asia,1000,eez
205,ssp245_current,2514.9401478080545,Myanmar,104,MMR,Asia,South-eastern Asia,5443,eez
205,ssp245_medium-term,4258.780859708786,Myanmar,104,MMR,Asia,South-eastern Asia,5443,eez
205,ssp245_near-term,3310.3136354689486,Myanmar,104,MMR,Asia,South-eastern Asia,5443,eez
205,ssp585_current,2601.962362141465,Myanmar,104,MMR,Asia,South-eastern Asia,5443,eez
205,ssp585_medium-term,4869.574347849004,Myanmar,104,MMR,Asia,South-eastern Asia,5443,eez
205,ssp585_near-term,3305.8183591417037,Myanmar,104,MMR,Asia,South-eastern Asia,5443,eez
206,ssp245_current,2010.2713128109463,Malaysia,458,MYS,Asia,South-eastern Asia,4787,eez
206,ssp245_medium-term,3592.7931243171915,Malaysia,458,MYS,Asia,South-eastern Asia,4787,eez
206,ssp245_near-term,2938.9938314035535,Malaysia,458,MYS,Asia,South-eastern Asia,4787,eez
206,ssp585_current,2012.408139697276,Malaysia,458,MYS,Asia,South-eastern Asia,4787,eez
206,ssp585_medium-term,4081.9198621418327,Malaysia,458,MYS,Asia,South-eastern Asia,4787,eez
206,ssp585_near-term,3006.0952189732343,Malaysia,458,MYS,Asia,South-eastern Asia,4787,eez
207,ssp245_current,2727.662236490287,Vietnam,704,VNM,Asia,South-eastern Asia,6716,eez
207,ssp245_medium-term,4452.5810752359685,Vietnam,704,VNM,Asia,South-eastern Asia,6716,eez
207,ssp245_near-term,3693.7972920236643,Vietnam,704,VNM,Asia,South-eastern Asia,6716,eez
207,ssp585_current,2654.471224454348,Vietnam,704,VNM,Asia,South-eastern Asia,6716,eez
207,ssp585_medium-term,5178.823526725639,Vietnam,704,VNM,Asia,South-eastern Asia,6716,eez
207,ssp585_near-term,3812.080829130253,Vietnam,704,VNM,Asia,South-eastern Asia,6716,eez
208,ssp245_current,8.199452012777328,Singapore,702,SGP,Asia,South-eastern Asia,15,eez
208,ssp245_medium-term,11.760210558772087,Singapore,702,SGP,Asia,South-eastern Asia,15,eez
208,ssp245_near-term,9.089986339211464,Singapore,702,SGP,Asia,South-eastern Asia,15,eez
208,ssp585_current,8.176220938563347,Singapore,702,SGP,Asia,South-eastern Asia,15,eez
208,ssp585_medium-term,14.257911756634712,Singapore,702,SGP,Asia,South-eastern Asia,15,eez
208,ssp585_near-term,9.124036118388176,Singapore,702,SGP,Asia,South-eastern Asia,15,eez
209,ssp245_current,5411.276094980538,China,156,CHN,Asia,Eastern Asia,9507,eez
209,ssp245_medium-term,7008.803025976755,China,156,CHN,Asia,Eastern Asia,9507,eez
209,ssp245_near-term,5970.542774115223,China,156,CHN,Asia,Eastern Asia,9507,eez
209,ssp585_current,5237.834016110282,China,156,CHN,Asia,Eastern Asia,9507,eez
209,ssp585_medium-term,8130.44787827041,China,156,CHN,Asia,Eastern Asia,9507,eez
209,ssp585_near-term,6277.485370447859,China,156,CHN,Asia,Eastern Asia,9507,eez
210,ssp245_current,14275.397194009041,Japan,392,JPN,Asia,Eastern Asia,41095,eez
210,ssp245_medium-term,22311.023934615543,Japan,392,JPN,Asia,Eastern Asia,41095,eez
210,ssp245_near-term,18904.536923132604,Japan,392,JPN,Asia,Eastern Asia,41095,eez
210,ssp585_current,14201.23469668621,Japan,392,JPN,Asia,Eastern Asia,41095,eez
210,ssp585_medium-term,26166.28334293631,Japan,392,JPN,Asia,Eastern Asia,41095,eez
210,ssp585_near-term,20278.21675681614,Japan,392,JPN,Asia,Eastern Asia,41095,eez
212,ssp245_current,1585.3456112742424,Kiribati,296,KIR,Oceania,Micronesia,10564,eez
212,ssp245_medium-term,7361.65164399147,Kiribati,296,KIR,Oceania,Micronesia,10564,eez
212,ssp245_near-term,4462.863757461309,Kiribati,296,KIR,Oceania,Micronesia,10564,eez
212,ssp585_current,1532.9634404927492,Kiribati,296,KIR,Oceania,Micronesia,10564,eez
212,ssp585_medium-term,8300.470401406288,Kiribati,296,KIR,Oceania,Micronesia,10564,eez
212,ssp585_near-term,4782.810193628073,Kiribati,296,KIR,Oceania,Micronesia,10564,eez
213,ssp245_current,105087.73700428783,Antarctica,10,ATA,Antarctica,Antarctica,322943,eez
213,ssp245_medium-term,208498.46200665052,Antarctica,10,ATA,Antarctica,Antarctica,322943,eez
213,ssp245_near-term,137908.38010639366,Antarctica,10,ATA,Antarctica,Antarctica,322943,eez
213,ssp585_current,100707.82563428802,Antarctica,10,ATA,Antarctica,Antarctica,322943,eez
213,ssp585_medium-term,235602.36968483427,Antarctica,10,ATA,Antarctica,Antarctica,322943,eez
213,ssp585_near-term,152558.6312381975,Antarctica,10,ATA,Antarctica,Antarctica,322943,eez
214,ssp245_current,1063.2748282568064,Egypt,818,EGY,Africa,Northern Africa,2537,eez
214,ssp245_medium-term,1967.8291728489567,Egypt,818,EGY,Africa,Northern Africa,2537,eez
214,ssp245_near-term,1635.379902390996,Egypt,818,EGY,Africa,Northern Africa,2537,eez
214,ssp585_current,1101.5469131225254,Egypt,818,EGY,Africa,Northern Africa,2537,eez
214,ssp585_medium-term,2077.6643563634716,Egypt,818,EGY,Africa,Northern Africa,2537,eez
214,ssp585_near-term,1560.272671961924,Egypt,818,EGY,Africa,Northern Africa,2537,eez
215,ssp245_current,0.07285865629091859,Jordan,400,JOR,Asia,Western Asia,3,eez
215,ssp245_medium-term,0.11704279575496912,Jordan,400,JOR,Asia,Western Asia,3,eez
215,ssp245_near-term,0.07824820885434747,Jordan,400,JOR,Asia,Western Asia,3,eez
215,ssp585_current,0.08421625941991806,Jordan,400,JOR,Asia,Western Asia,3,eez
215,ssp585_medium-term,0.13697384297847748,Jordan,400,JOR,Asia,Western Asia,3,eez
215,ssp585_near-term,0.07661913661286235,Jordan,400,JOR,Asia,Western Asia,3,eez
216,ssp245_current,16903.561590599944,Indonesia,360,IDN,Asia,South-eastern Asia,62033,eez
216,ssp245_medium-term,43080.14160140976,Indonesia,360,IDN,Asia,South-eastern Asia,62033,eez
216,ssp245_near-term,31319.734718962107,Indonesia,360,IDN,Asia,South-eastern Asia,62033,eez
216,ssp585_current,16954.349257347814,Indonesia,360,IDN,Asia,South-eastern Asia,62033,eez
216,ssp585_medium-term,49449.84055215237,Indonesia,360,IDN,Asia,South-eastern Asia,62033,eez
216,ssp585_near-term,33162.48108317226,Indonesia,360,IDN,Asia,South-eastern Asia,62033,eez
218,ssp245_current,31524.010472911585,Canada,124,CAN,Northern America,Northern America,64226,eez
218,ssp245_medium-term,46442.59104806709,Canada,124,CAN,Northern America,Northern America,64226,eez
218,ssp245_near-term,38496.11418787687,Canada,124,CAN,Northern America,Northern America,64226,eez
218,ssp585_current,29153.86119648954,Canada,124,CAN,Northern America,Northern America,64226,eez
218,ssp585_medium-term,48595.71977913752,Canada,124,CAN,Northern America,Northern America,64226,eez
218,ssp585_near-term,34298.83131332381,Canada,124,CAN,Northern America,Northern America,64226,eez
219,ssp245_current,58.65664455294609,Saint Pierre and Miquelon,666,SPM,Northern America,Northern America,124,eez
219,ssp245_medium-term,91.89084249734879,Saint Pierre and Miquelon,666,SPM,Northern America,Northern America,124,eez
219,ssp245_near-term,75.70576587319374,Saint Pierre and Miquelon,666,SPM,Northern America,Northern America,124,eez
219,ssp585_current,58.636038452386856,Saint Pierre and Miquelon,666,SPM,Northern America,Northern America,124,eez
219,ssp585_medium-term,112.92892682552338,Saint Pierre and Miquelon,666,SPM,Northern America,Northern America,124,eez
219,ssp585_near-term,75.19482523202896,Saint Pierre and Miquelon,666,SPM,Northern America,Northern America,124,eez
220,ssp245_current,0.9963086359202862,Sint Maarten,534,SXM,Latin America and the Caribbean,Caribbean,6,eez
220,ssp245_medium-term,2.586269736289978,Sint Maarten,534,SXM,Latin America and the Caribbean,Caribbean,6,eez
220,ssp245_near-term,1.881267175078392,Sint Maarten,534,SXM,Latin America and the Caribbean,Caribbean,6,eez
220,ssp585_current,1.2064302191138268,Sint Maarten,534,SXM,Latin America and the Caribbean,Caribbean,6,eez
220,ssp585_medium-term,3.256676584482193,Sint Maarten,534,SXM,Latin America and the Caribbean,Caribbean,6,eez
220,ssp585_near-term,1.8867665529251099,Sint Maarten,534,SXM,Latin America and the Caribbean,Caribbean,6,eez
221,ssp245_current,5.920429788529873,Northern Saint-Martin,NA,NA,Latin America and the Caribbean,Caribbean,53,eez
221,ssp245_medium-term,20.408083111047745,Northern Saint-Martin,NA,NA,Latin America and the Caribbean,Caribbean,53,eez
221,ssp245_near-term,14.330009132623672,Northern Saint-Martin,NA,NA,Latin America and the Caribbean,Caribbean,53,eez
221,ssp585_current,7.778190471231937,Northern Saint-Martin,NA,NA,Latin America and the Caribbean,Caribbean,53,eez
221,ssp585_medium-term,25.88218194246292,Northern Saint-Martin,NA,NA,Latin America and the Caribbean,Caribbean,53,eez
221,ssp585_near-term,14.0058254301548,Northern Saint-Martin,NA,NA,Latin America and the Caribbean,Caribbean,53,eez
222,ssp245_current,641.5554590034299,Sweden,752,SWE,Europe,Northern Europe,1808,eez
222,ssp245_medium-term,790.2769652224379,Sweden,752,SWE,Europe,Northern Europe,1808,eez
222,ssp245_near-term,735.4004895266844,Sweden,752,SWE,Europe,Northern Europe,1808,eez
222,ssp585_current,680.8901873194845,Sweden,752,SWE,Europe,Northern Europe,1808,eez
222,ssp585_medium-term,928.5651589491172,Sweden,752,SWE,Europe,Northern Europe,1808,eez
222,ssp585_near-term,744.5207116511883,Sweden,752,SWE,Europe,Northern Europe,1808,eez
223,ssp245_current,8238.34835611761,Norway,578,NOR,Europe,Northern Europe,18325,eez
223,ssp245_medium-term,12563.450315036695,Norway,578,NOR,Europe,Northern Europe,18325,eez
223,ssp245_near-term,11180.794031781144,Norway,578,NOR,Europe,Northern Europe,18325,eez
223,ssp585_current,9500.090384100797,Norway,578,NOR,Europe,Northern Europe,18325,eez
223,ssp585_medium-term,15115.369370825356,Norway,578,NOR,Europe,Northern Europe,18325,eez
223,ssp585_near-term,11435.846030711895,Norway,578,NOR,Europe,Northern Europe,18325,eez
224,ssp245_current,12863.074612592114,Chile,152,CHL,Latin America and the Caribbean,South America,37960,eez
224,ssp245_medium-term,21133.969710998936,Chile,152,CHL,Latin America and the Caribbean,South America,37960,eez
224,ssp245_near-term,16397.655106616323,Chile,152,CHL,Latin America and the Caribbean,South America,37960,eez
224,ssp585_current,12976.740826882073,Chile,152,CHL,Latin America and the Caribbean,South America,37960,eez
224,ssp585_medium-term,24628.913351477706,Chile,152,CHL,Latin America and the Caribbean,South America,37960,eez
224,ssp585_near-term,17856.21140244603,Chile,152,CHL,Latin America and the Caribbean,South America,37960,eez
227,ssp245_current,5.501128515228629,Jersey,832,JEY,Europe,Northern Europe,31,eez
227,ssp245_medium-term,12.50497980415821,Jersey,832,JEY,Europe,Northern Europe,31,eez
227,ssp245_near-term,9.71764911711216,Jersey,832,JEY,Europe,Northern Europe,31,eez
227,ssp585_current,4.980910738930106,Jersey,832,JEY,Europe,Northern Europe,31,eez
227,ssp585_medium-term,14.88916327059269,Jersey,832,JEY,Europe,Northern Europe,31,eez
227,ssp585_near-term,9.98808690905571,Jersey,832,JEY,Europe,Northern Europe,31,eez
228,ssp245_current,47.88123321533203,Guernsey,831,GGY,Europe,Northern Europe,87,eez
228,ssp245_medium-term,71.83142450451851,Guernsey,831,GGY,Europe,Northern Europe,87,eez
228,ssp245_near-term,64.85876947641373,Guernsey,831,GGY,Europe,Northern Europe,87,eez
228,ssp585_current,44.88170209527016,Guernsey,831,GGY,Europe,Northern Europe,87,eez
228,ssp585_medium-term,82.43649315834045,Guernsey,831,GGY,Europe,Northern Europe,87,eez
228,ssp585_near-term,66.19328075647354,Guernsey,831,GGY,Europe,Northern Europe,87,eez
231,ssp245_current,40.82997163478285,East Timor,NA,NA,Asia,South-Eastern Asia,431,eez
231,ssp245_medium-term,265.45689184148796,East Timor,NA,NA,Asia,South-Eastern Asia,431,eez
231,ssp245_near-term,167.9387372265337,East Timor,NA,NA,Asia,South-Eastern Asia,431,eez
231,ssp585_current,40.0751757483813,East Timor,NA,NA,Asia,South-Eastern Asia,431,eez
231,ssp585_medium-term,311.1653185710311,East Timor,NA,NA,Asia,South-Eastern Asia,431,eez
231,ssp585_near-term,189.63045794819482,East Timor,NA,NA,Asia,South-Eastern Asia,431,eez
232,ssp245_current,0.03590792044997215,Bosnia and Herzegovina,70,BIH,Europe,Southern Europe,3,eez
232,ssp245_medium-term,0.06677422672510147,Bosnia and Herzegovina,70,BIH,Europe,Southern Europe,3,eez
232,ssp245_near-term,0.04720255732536316,Bosnia and Herzegovina,70,BIH,Europe,Southern Europe,3,eez
232,ssp585_current,0.039370689541101456,Bosnia and Herzegovina,70,BIH,Europe,Southern Europe,3,eez
232,ssp585_medium-term,0.08511675894260406,Bosnia and Herzegovina,70,BIH,Europe,Southern Europe,3,eez
232,ssp585_near-term,0.045081328600645065,Bosnia and Herzegovina,70,BIH,Europe,Southern Europe,3,eez
237,ssp245_current,2.7794580906629562,Oecussi Ambeno,NA,NA,Asia,South-Eastern Asia,24,eez
237,ssp245_medium-term,7.367905259132385,Oecussi Ambeno,NA,NA,Asia,South-Eastern Asia,24,eez
237,ssp245_near-term,3.7557046562433243,Oecussi Ambeno,NA,NA,Asia,South-Eastern Asia,24,eez
237,ssp585_current,2.583425462245941,Oecussi Ambeno,NA,NA,Asia,South-Eastern Asia,24,eez
237,ssp585_medium-term,10.395907163619995,Oecussi Ambeno,NA,NA,Asia,South-Eastern Asia,24,eez
237,ssp585_near-term,5.0913311541080475,Oecussi Ambeno,NA,NA,Asia,South-Eastern Asia,24,eez
244,ssp245_current,72.64179062843323,Curaçao,531,CUW,Latin America and the Caribbean,Caribbean,310,eez
244,ssp245_medium-term,210.824005484581,Curaçao,531,CUW,Latin America and the Caribbean,Caribbean,310,eez
244,ssp245_near-term,155.03375554084778,Curaçao,531,CUW,Latin America and the Caribbean,Caribbean,310,eez
244,ssp585_current,68.52077043056488,Curaçao,531,CUW,Latin America and the Caribbean,Caribbean,310,eez
244,ssp585_medium-term,239.18769711256027,Curaçao,531,CUW,Latin America and the Caribbean,Caribbean,310,eez
244,ssp585_near-term,150.76864024996758,Curaçao,531,CUW,Latin America and the Caribbean,Caribbean,310,eez
245,ssp245_current,29.019425436854362,Bonaire,NA,NA,Latin America and the Caribbean,Caribbean,138,eez
245,ssp245_medium-term,101.0935332775116,Bonaire,NA,NA,Latin America and the Caribbean,Caribbean,138,eez
245,ssp245_near-term,69.17851930856705,Bonaire,NA,NA,Latin America and the Caribbean,Caribbean,138,eez
245,ssp585_current,26.512656152248383,Bonaire,NA,NA,Latin America and the Caribbean,Caribbean,138,eez
245,ssp585_medium-term,113.87879067659378,Bonaire,NA,NA,Latin America and the Caribbean,Caribbean,138,eez
245,ssp585_near-term,67.41268450021744,Bonaire,NA,NA,Latin America and the Caribbean,Caribbean,138,eez
247,ssp245_current,120.40200713276863,Brunei,NA,NA,Asia,South-Eastern Asia,269,eez
247,ssp245_medium-term,217.49077516794205,Brunei,NA,NA,Asia,South-Eastern Asia,269,eez
247,ssp245_near-term,179.78696289658546,Brunei,NA,NA,Asia,South-Eastern Asia,269,eez
247,ssp585_current,123.09209814667702,Brunei,NA,NA,Asia,South-Eastern Asia,269,eez
247,ssp585_medium-term,246.21034681797028,Brunei,NA,NA,Asia,South-Eastern Asia,269,eez
247,ssp585_near-term,182.42821204662323,Brunei,NA,NA,Asia,South-Eastern Asia,269,eez
248,ssp245_current,15.030006289482117,Saba,NA,NA,Latin America and the Caribbean,Caribbean,96,eez
248,ssp245_medium-term,69.76398348808289,Saba,NA,NA,Latin America and the Caribbean,Caribbean,96,eez
248,ssp245_near-term,47.855387926101685,Saba,NA,NA,Latin America and the Caribbean,Caribbean,96,eez
248,ssp585_current,18.350263074040413,Saba,NA,NA,Latin America and the Caribbean,Caribbean,96,eez
248,ssp585_medium-term,79.91979789733887,Saba,NA,NA,Latin America and the Caribbean,Caribbean,96,eez
248,ssp585_near-term,49.081044644117355,Saba,NA,NA,Latin America and the Caribbean,Caribbean,96,eez
249,ssp245_current,1.5871617943048477,Sint Eustatius,NA,NA,Latin America and the Caribbean,Caribbean,25,eez
249,ssp245_medium-term,7.852353662252426,Sint Eustatius,NA,NA,Latin America and the Caribbean,Caribbean,25,eez
249,ssp245_near-term,5.189245253801346,Sint Eustatius,NA,NA,Latin America and the Caribbean,Caribbean,25,eez
249,ssp585_current,2.51292235404253,Sint Eustatius,NA,NA,Latin America and the Caribbean,Caribbean,25,eez
249,ssp585_medium-term,10.513725221157074,Sint Eustatius,NA,NA,Latin America and the Caribbean,Caribbean,25,eez
249,ssp585_near-term,5.193068370223045,Sint Eustatius,NA,NA,Latin America and the Caribbean,Caribbean,25,eez
250,ssp245_current,49.86019268631935,Aruba,533,ABW,Latin America and the Caribbean,Caribbean,256,eez
250,ssp245_medium-term,163.00428104400635,Aruba,533,ABW,Latin America and the Caribbean,Caribbean,256,eez
250,ssp245_near-term,120.012187987566,Aruba,533,ABW,Latin America and the Caribbean,Caribbean,256,eez
250,ssp585_current,46.238903850317,Aruba,533,ABW,Latin America and the Caribbean,Caribbean,256,eez
250,ssp585_medium-term,187.26688665151596,Aruba,533,ABW,Latin America and the Caribbean,Caribbean,256,eez
250,ssp585_near-term,115.89847365021706,Aruba,533,ABW,Latin America and the Caribbean,Caribbean,256,eez
260,ssp245_current,16049.642724618316,Arctic Sea,NA,NA,Arctic Sea,Arctic Sea,25663,eez
260,ssp245_medium-term,24758.091809771955,Arctic Sea,NA,NA,Arctic Sea,Arctic Sea,25663,eez
260,ssp245_near-term,20717.681995496154,Arctic Sea,NA,NA,Arctic Sea,Arctic Sea,25663,eez
260,ssp585_current,12610.057359546423,Arctic Sea,NA,NA,Arctic Sea,Arctic Sea,25663,eez
260,ssp585_medium-term,21939.008925892413,Arctic Sea,NA,NA,Arctic Sea,Arctic Sea,25663,eez
260,ssp585_near-term,16313.398280508816,Arctic Sea,NA,NA,Arctic Sea,Arctic Sea,25663,eez
261,ssp245_current,4329.501656979322,Atlantic Northwest,NA,NA,Atlantic Ocean,Atlantic Northwest,26461,eez
261,ssp245_medium-term,9669.419269964099,Atlantic Northwest,NA,NA,Atlantic Ocean,Atlantic Northwest,26461,eez
261,ssp245_near-term,7231.172596566379,Atlantic Northwest,NA,NA,Atlantic Ocean,Atlantic Northwest,26461,eez
261,ssp585_current,4466.245647884905,Atlantic Northwest,NA,NA,Atlantic Ocean,Atlantic Northwest,26461,eez
261,ssp585_medium-term,12238.353728055954,Atlantic Northwest,NA,NA,Atlantic Ocean,Atlantic Northwest,26461,eez
261,ssp585_near-term,7344.895303830504,Atlantic Northwest,NA,NA,Atlantic Ocean,Atlantic Northwest,26461,eez
262,ssp245_current,11845.758277643472,Atlantic Northeast,NA,NA,Atlantic Ocean,Atlantic Northeast,53351,eez
262,ssp245_medium-term,25898.696415007114,Atlantic Northeast,NA,NA,Atlantic Ocean,Atlantic Northeast,53351,eez
262,ssp245_near-term,18213.052464932203,Atlantic Northeast,NA,NA,Atlantic Ocean,Atlantic Northeast,53351,eez
262,ssp585_current,12222.042666852474,Atlantic Northeast,NA,NA,Atlantic Ocean,Atlantic Northeast,53351,eez
262,ssp585_medium-term,30423.652127474546,Atlantic Northeast,NA,NA,Atlantic Ocean,Atlantic Northeast,53351,eez
262,ssp585_near-term,19143.678684607148,Atlantic Northeast,NA,NA,Atlantic Ocean,Atlantic Northeast,53351,eez
263,ssp245_current,9720.70760872215,Atlantic Western Central,NA,NA,Atlantic Ocean,Atlantic Western Central,73617,eez
263,ssp245_medium-term,31433.397063225508,Atlantic Western Central,NA,NA,Atlantic Ocean,Atlantic Western Central,73617,eez
263,ssp245_near-term,21817.598050549626,Atlantic Western Central,NA,NA,Atlantic Ocean,Atlantic Western Central,73617,eez
263,ssp585_current,9904.143390752375,Atlantic Western Central,NA,NA,Atlantic Ocean,Atlantic Western Central,73617,eez
263,ssp585_medium-term,37610.11325389147,Atlantic Western Central,NA,NA,Atlantic Ocean,Atlantic Western Central,73617,eez
263,ssp585_near-term,21583.030747130513,Atlantic Western Central,NA,NA,Atlantic Ocean,Atlantic Western Central,73617,eez
264,ssp245_current,17318.561739705503,Atlantic Eastern Central,NA,NA,Atlantic Ocean,Atlantic Eastern Central,91176,eez
264,ssp245_medium-term,42966.860714673996,Atlantic Eastern Central,NA,NA,Atlantic Ocean,Atlantic Eastern Central,91176,eez
264,ssp245_near-term,29571.010646671057,Atlantic Eastern Central,NA,NA,Atlantic Ocean,Atlantic Eastern Central,91176,eez
264,ssp585_current,17459.32161001116,Atlantic Eastern Central,NA,NA,Atlantic Ocean,Atlantic Eastern Central,91176,eez
264,ssp585_medium-term,53579.088141828775,Atlantic Eastern Central,NA,NA,Atlantic Ocean,Atlantic Eastern Central,91176,eez
264,ssp585_near-term,33076.71465186775,Atlantic Eastern Central,NA,NA,Atlantic Ocean,Atlantic Eastern Central,91176,eez
266,ssp245_current,18226.34666961059,Atlantic Southwest,NA,NA,Atlantic Ocean,Atlantic Southwest,123693,eez
266,ssp245_medium-term,49347.09049606323,Atlantic Southwest,NA,NA,Atlantic Ocean,Atlantic Southwest,123693,eez
266,ssp245_near-term,30729.139012008905,Atlantic Southwest,NA,NA,Atlantic Ocean,Atlantic Southwest,123693,eez
266,ssp585_current,17706.070404756814,Atlantic Southwest,NA,NA,Atlantic Ocean,Atlantic Southwest,123693,eez
266,ssp585_medium-term,59648.96847644448,Atlantic Southwest,NA,NA,Atlantic Ocean,Atlantic Southwest,123693,eez
266,ssp585_near-term,33332.274990938604,Atlantic Southwest,NA,NA,Atlantic Ocean,Atlantic Southwest,123693,eez
267,ssp245_current,21166.014316998422,Atlantic Southeast,NA,NA,Atlantic Ocean,Atlantic Southeast,149921,eez
267,ssp245_medium-term,59878.981914654374,Atlantic Southeast,NA,NA,Atlantic Ocean,Atlantic Southeast,149921,eez
267,ssp245_near-term,36132.618603914976,Atlantic Southeast,NA,NA,Atlantic Ocean,Atlantic Southeast,149921,eez
267,ssp585_current,20699.5607910119,Atlantic Southeast,NA,NA,Atlantic Ocean,Atlantic Southeast,149921,eez
267,ssp585_medium-term,77126.09726731479,Atlantic Southeast,NA,NA,Atlantic Ocean,Atlantic Southeast,149921,eez
267,ssp585_near-term,38075.58183615655,Atlantic Southeast,NA,NA,Atlantic Ocean,Atlantic Southeast,149921,eez
269,ssp245_current,24360.7665329203,Indian Ocean Western,NA,NA,Indian Ocean,Indian Ocean Western,170954,eez
269,ssp245_medium-term,70799.91673204303,Indian Ocean Western,NA,NA,Indian Ocean,Indian Ocean Western,170954,eez
269,ssp245_near-term,42567.336497321725,Indian Ocean Western,NA,NA,Indian Ocean,Indian Ocean Western,170954,eez
269,ssp585_current,22332.538268618286,Indian Ocean Western,NA,NA,Indian Ocean,Indian Ocean Western,170954,eez
269,ssp585_medium-term,88242.52038922906,Indian Ocean Western,NA,NA,Indian Ocean,Indian Ocean Western,170954,eez
269,ssp585_near-term,45407.66605371237,Indian Ocean Western,NA,NA,Indian Ocean,Indian Ocean Western,170954,eez
270,ssp245_current,39813.430953551084,Indian Ocean Eastern,NA,NA,Indian Ocean,Indian Ocean Eastern,222600,eez
270,ssp245_medium-term,96730.4474697262,Indian Ocean Eastern,NA,NA,Indian Ocean,Indian Ocean Eastern,222600,eez
270,ssp245_near-term,60988.1135879457,Indian Ocean Eastern,NA,NA,Indian Ocean,Indian Ocean Eastern,222600,eez
270,ssp585_current,39987.19509094581,Indian Ocean Eastern,NA,NA,Indian Ocean,Indian Ocean Eastern,222600,eez
270,ssp585_medium-term,125292.47372671962,Indian Ocean Eastern,NA,NA,Indian Ocean,Indian Ocean Eastern,222600,eez
270,ssp585_near-term,67158.47586081177,Indian Ocean Eastern,NA,NA,Indian Ocean,Indian Ocean Eastern,222600,eez
272,ssp245_current,19999.833659749478,Pacific Northwest,NA,NA,Pacific Ocean,Pacific Northwest,103397,eez
272,ssp245_medium-term,48219.54611938819,Pacific Northwest,NA,NA,Pacific Ocean,Pacific Northwest,103397,eez
272,ssp245_near-term,33121.56419791095,Pacific Northwest,NA,NA,Pacific Ocean,Pacific Northwest,103397,eez
272,ssp585_current,19016.633463075384,Pacific Northwest,NA,NA,Pacific Ocean,Pacific Northwest,103397,eez
272,ssp585_medium-term,59821.4432885088,Pacific Northwest,NA,NA,Pacific Ocean,Pacific Northwest,103397,eez
272,ssp585_near-term,35523.383359937,Pacific Northwest,NA,NA,Pacific Ocean,Pacific Northwest,103397,eez
273,ssp245_current,13071.81810516119,Pacific Northeast,NA,NA,Pacific Ocean,Pacific Northeast,45829,eez
273,ssp245_medium-term,23551.285899549723,Pacific Northeast,NA,NA,Pacific Ocean,Pacific Northeast,45829,eez
273,ssp245_near-term,17540.56055879593,Pacific Northeast,NA,NA,Pacific Ocean,Pacific Northeast,45829,eez
273,ssp585_current,13466.34325531125,Pacific Northeast,NA,NA,Pacific Ocean,Pacific Northeast,45829,eez
273,ssp585_medium-term,29470.63459303975,Pacific Northeast,NA,NA,Pacific Ocean,Pacific Northeast,45829,eez
273,ssp585_near-term,15950.157048299909,Pacific Northeast,NA,NA,Pacific Ocean,Pacific Northeast,45829,eez
274,ssp245_current,8956.03597869724,Pacific Western Central,NA,NA,Pacific Ocean,Pacific Western Central,63694,eez
274,ssp245_medium-term,33083.29026391357,Pacific Western Central,NA,NA,Pacific Ocean,Pacific Western Central,63694,eez
274,ssp245_near-term,18788.56208719313,Pacific Western Central,NA,NA,Pacific Ocean,Pacific Western Central,63694,eez
274,ssp585_current,8962.580187559128,Pacific Western Central,NA,NA,Pacific Ocean,Pacific Western Central,63694,eez
274,ssp585_medium-term,39324.10470791161,Pacific Western Central,NA,NA,Pacific Ocean,Pacific Western Central,63694,eez
274,ssp585_near-term,21198.313184067607,Pacific Western Central,NA,NA,Pacific Ocean,Pacific Western Central,63694,eez
275,ssp245_current,51180.27790950239,Pacific Eastern Central,NA,NA,Pacific Ocean,Pacific Eastern Central,305962,eez
275,ssp245_medium-term,138422.5432702005,Pacific Eastern Central,NA,NA,Pacific Ocean,Pacific Eastern Central,305962,eez
275,ssp245_near-term,86149.52310165763,Pacific Eastern Central,NA,NA,Pacific Ocean,Pacific Eastern Central,305962,eez
275,ssp585_current,50184.0381190218,Pacific Eastern Central,NA,NA,Pacific Ocean,Pacific Eastern Central,305962,eez
275,ssp585_medium-term,171888.49906125665,Pacific Eastern Central,NA,NA,Pacific Ocean,Pacific Eastern Central,305962,eez
275,ssp585_near-term,97879.82018235326,Pacific Eastern Central,NA,NA,Pacific Ocean,Pacific Eastern Central,305962,eez
276,ssp245_current,46277.684339500964,Pacific Southwest,NA,NA,Pacific Ocean,Pacific Southwest,203531,eez
276,ssp245_medium-term,101587.2573799491,Pacific Southwest,NA,NA,Pacific Ocean,Pacific Southwest,203531,eez
276,ssp245_near-term,69991.31763215363,Pacific Southwest,NA,NA,Pacific Ocean,Pacific Southwest,203531,eez
276,ssp585_current,49001.4962714687,Pacific Southwest,NA,NA,Pacific Ocean,Pacific Southwest,203531,eez
276,ssp585_medium-term,122922.13226668537,Pacific Southwest,NA,NA,Pacific Ocean,Pacific Southwest,203531,eez
276,ssp585_near-term,71791.07907313108,Pacific Southwest,NA,NA,Pacific Ocean,Pacific Southwest,203531,eez
277,ssp245_current,48827.87343534082,Pacific Southeast,NA,NA,Pacific Ocean,Pacific Southeast,248207,eez
277,ssp245_medium-term,114245.39038473368,Pacific Southeast,NA,NA,Pacific Ocean,Pacific Southeast,248207,eez
277,ssp245_near-term,73404.6912560463,Pacific Southeast,NA,NA,Pacific Ocean,Pacific Southeast,248207,eez
277,ssp585_current,49690.06035506725,Pacific Southeast,NA,NA,Pacific Ocean,Pacific Southeast,248207,eez
277,ssp585_medium-term,136413.86491119862,Pacific Southeast,NA,NA,Pacific Ocean,Pacific Southeast,248207,eez
277,ssp585_near-term,85111.14072281122,Pacific Southeast,NA,NA,Pacific Ocean,Pacific Southeast,248207,eez
