rgn_id,impact,value,rgn_label,m49_code,iso3c,georgn,geosubrgn,cells,region
1,ssp245_current,1.302984595298767,Cocos Islands,166,CCK,Oceania,Australia and New Zealand,15,coast
1,ssp245_medium-term,4.375135689973831,Cocos Islands,166,CCK,Oceania,Australia and New Zealand,15,coast
1,ssp245_near-term,2.2804079726338387,Cocos Islands,166,CCK,Oceania,Australia and New Zealand,15,coast
1,ssp585_current,1.8992516845464706,Cocos Islands,166,CCK,Oceania,Australia and New Zealand,15,coast
1,ssp585_medium-term,6.573926568031311,Cocos Islands,166,CCK,Oceania,Australia and New Zealand,15,coast
1,ssp585_near-term,3.0699492692947388,Cocos Islands,166,CCK,Oceania,Australia and New Zealand,15,coast
2,ssp245_current,2.4624298065900803,Christmas Island,162,CXR,Oceania,Australia and New Zealand,22,coast
2,ssp245_medium-term,6.409880608320236,Christmas Island,162,CXR,Oceania,Australia and New Zealand,22,coast
2,ssp245_near-term,3.755330741405487,Christmas Island,162,CXR,Oceania,Australia and New Zealand,22,coast
2,ssp585_current,2.5937836542725563,Christmas Island,162,CXR,Oceania,Australia and New Zealand,22,coast
2,ssp585_medium-term,9.338159263134003,Christmas Island,162,CXR,Oceania,Australia and New Zealand,22,coast
2,ssp585_near-term,4.472803547978401,Christmas Island,162,CXR,Oceania,Australia and New Zealand,22,coast
3,ssp245_current,4.858148381114006,Norfolk Island,574,NFK,Oceania,Australia and New Zealand,15,coast
3,ssp245_medium-term,8.919353902339935,Norfolk Island,574,NFK,Oceania,Australia and New Zealand,15,coast
3,ssp245_near-term,6.114552974700928,Norfolk Island,574,NFK,Oceania,Australia and New Zealand,15,coast
3,ssp585_current,4.823601871728897,Norfolk Island,574,NFK,Oceania,Australia and New Zealand,15,coast
3,ssp585_medium-term,11.259903252124786,Norfolk Island,574,NFK,Oceania,Australia and New Zealand,15,coast
3,ssp585_near-term,6.718266785144806,Norfolk Island,574,NFK,Oceania,Australia and New Zealand,15,coast
4,ssp245_current,7.604927763342857,Macquarie Island,NA,NA,Oceania,Australia and New Zealand,33,coast
4,ssp245_medium-term,15.94074034690857,Macquarie Island,NA,NA,Oceania,Australia and New Zealand,33,coast
4,ssp245_near-term,10.244235306978226,Macquarie Island,NA,NA,Oceania,Australia and New Zealand,33,coast
4,ssp585_current,7.6244697868824005,Macquarie Island,NA,NA,Oceania,Australia and New Zealand,33,coast
4,ssp585_medium-term,17.288409292697906,Macquarie Island,NA,NA,Oceania,Australia and New Zealand,33,coast
4,ssp585_near-term,10.74637547135353,Macquarie Island,NA,NA,Oceania,Australia and New Zealand,33,coast
5,ssp245_current,70.79614164074883,New Caledonia,540,NCL,Oceania,Melanesia,369,coast
5,ssp245_medium-term,240.262824062258,New Caledonia,540,NCL,Oceania,Melanesia,369,coast
5,ssp245_near-term,147.81711935065687,New Caledonia,540,NCL,Oceania,Melanesia,369,coast
5,ssp585_current,78.46038309531286,New Caledonia,540,NCL,Oceania,Melanesia,369,coast
5,ssp585_medium-term,279.83462299592793,New Caledonia,540,NCL,Oceania,Melanesia,369,coast
5,ssp585_near-term,164.8125186553225,New Caledonia,540,NCL,Oceania,Melanesia,369,coast
6,ssp245_current,103.03003344940953,Vanuatu,548,VUT,Oceania,Melanesia,546,coast
6,ssp245_medium-term,335.28323950013146,Vanuatu,548,VUT,Oceania,Melanesia,546,coast
6,ssp245_near-term,199.64795390027575,Vanuatu,548,VUT,Oceania,Melanesia,546,coast
6,ssp585_current,107.13573189557064,Vanuatu,548,VUT,Oceania,Melanesia,546,coast
6,ssp585_medium-term,399.0298965559341,Vanuatu,548,VUT,Oceania,Melanesia,546,coast
6,ssp585_near-term,207.62960257614031,Vanuatu,548,VUT,Oceania,Melanesia,546,coast
7,ssp245_current,152.4217562630074,Solomon Islands,90,SLB,Oceania,Melanesia,1029,coast
7,ssp245_medium-term,776.7206342010759,Solomon Islands,90,SLB,Oceania,Melanesia,1029,coast
7,ssp245_near-term,455.3965129032731,Solomon Islands,90,SLB,Oceania,Melanesia,1029,coast
7,ssp585_current,184.0892941027414,Solomon Islands,90,SLB,Oceania,Melanesia,1029,coast
7,ssp585_medium-term,895.0624770666473,Solomon Islands,90,SLB,Oceania,Melanesia,1029,coast
7,ssp585_near-term,461.1051361311693,Solomon Islands,90,SLB,Oceania,Melanesia,1029,coast
8,ssp245_current,9.84111263602972,Palau,585,PLW,Oceania,Micronesia,94,coast
8,ssp245_medium-term,44.38092103600502,Palau,585,PLW,Oceania,Micronesia,94,coast
8,ssp245_near-term,24.90529190003872,Palau,585,PLW,Oceania,Micronesia,94,coast
8,ssp585_current,11.546935185790062,Palau,585,PLW,Oceania,Micronesia,94,coast
8,ssp585_medium-term,59.185211539268494,Palau,585,PLW,Oceania,Micronesia,94,coast
8,ssp585_near-term,28.93519303202629,Palau,585,PLW,Oceania,Micronesia,94,coast
9,ssp245_current,44.05672362446785,Micronesia,583,FSM,Oceania,Micronesia,198,coast
9,ssp245_medium-term,167.80459371954203,Micronesia,583,FSM,Oceania,Micronesia,198,coast
9,ssp245_near-term,99.82866489514709,Micronesia,583,FSM,Oceania,Micronesia,198,coast
9,ssp585_current,44.381848176941276,Micronesia,583,FSM,Oceania,Micronesia,198,coast
9,ssp585_medium-term,193.01281513646245,Micronesia,583,FSM,Oceania,Micronesia,198,coast
9,ssp585_near-term,105.95746831968427,Micronesia,583,FSM,Oceania,Micronesia,198,coast
10,ssp245_current,2.099317416548729,Nauru,520,NRU,Oceania,Micronesia,9,coast
10,ssp245_medium-term,6.13493549823761,Nauru,520,NRU,Oceania,Micronesia,9,coast
10,ssp245_near-term,4.204129219055176,Nauru,520,NRU,Oceania,Micronesia,9,coast
10,ssp585_current,2.0896094888448715,Nauru,520,NRU,Oceania,Micronesia,9,coast
10,ssp585_medium-term,7.206776857376099,Nauru,520,NRU,Oceania,Micronesia,9,coast
10,ssp585_near-term,4.4021061062812805,Nauru,520,NRU,Oceania,Micronesia,9,coast
11,ssp245_current,54.92148517817259,Marshall Islands,584,MHL,Oceania,Micronesia,346,coast
11,ssp245_medium-term,279.01088190078735,Marshall Islands,584,MHL,Oceania,Micronesia,346,coast
11,ssp245_near-term,157.01009160280228,Marshall Islands,584,MHL,Oceania,Micronesia,346,coast
11,ssp585_current,64.97245856374502,Marshall Islands,584,MHL,Oceania,Micronesia,346,coast
11,ssp585_medium-term,323.05493384599686,Marshall Islands,584,MHL,Oceania,Micronesia,346,coast
11,ssp585_near-term,180.3438656926155,Marshall Islands,584,MHL,Oceania,Micronesia,346,coast
12,ssp245_current,1.6148709207773209,Wake Island,NA,NA,Oceania,Micronesia,9,coast
12,ssp245_medium-term,3.9910351932048798,Wake Island,NA,NA,Oceania,Micronesia,9,coast
12,ssp245_near-term,2.3217700868844986,Wake Island,NA,NA,Oceania,Micronesia,9,coast
12,ssp585_current,1.5835137516260147,Wake Island,NA,NA,Oceania,Micronesia,9,coast
12,ssp585_medium-term,4.742869555950165,Wake Island,NA,NA,Oceania,Micronesia,9,coast
12,ssp585_near-term,2.5492930710315704,Wake Island,NA,NA,Oceania,Micronesia,9,coast
13,ssp245_current,30.204557701945305,Northern Mariana Islands and Guam,580,MNP,Oceania,Micronesia,187,coast
13,ssp245_medium-term,129.98609817028046,Northern Mariana Islands and Guam,580,MNP,Oceania,Micronesia,187,coast
13,ssp245_near-term,71.72129845619202,Northern Mariana Islands and Guam,580,MNP,Oceania,Micronesia,187,coast
13,ssp585_current,36.78288681805134,Northern Mariana Islands and Guam,580,MNP,Oceania,Micronesia,187,coast
13,ssp585_medium-term,146.1034373641014,Northern Mariana Islands and Guam,580,MNP,Oceania,Micronesia,187,coast
13,ssp585_near-term,80.1344683766365,Northern Mariana Islands and Guam,580,MNP,Oceania,Micronesia,187,coast
14,ssp245_current,127.1638753414154,Taiwan,NA,TWN,Asia,Eastern Asia,322,coast
14,ssp245_medium-term,222.36409840360284,Taiwan,NA,TWN,Asia,Eastern Asia,322,coast
14,ssp245_near-term,168.2938627190888,Taiwan,NA,TWN,Asia,Eastern Asia,322,coast
14,ssp585_current,122.26704969070852,Taiwan,NA,TWN,Asia,Eastern Asia,322,coast
14,ssp585_medium-term,257.26392786204815,Taiwan,NA,TWN,Asia,Eastern Asia,322,coast
14,ssp585_near-term,177.02614028938115,Taiwan,NA,TWN,Asia,Eastern Asia,322,coast
15,ssp245_current,1647.2088667729404,Philippines,608,PHL,Asia,South-eastern Asia,3780,coast
15,ssp245_medium-term,3254.7479553625453,Philippines,608,PHL,Asia,South-eastern Asia,3780,coast
15,ssp245_near-term,2448.1170380285475,Philippines,608,PHL,Asia,South-eastern Asia,3780,coast
15,ssp585_current,1661.8751711937366,Philippines,608,PHL,Asia,South-eastern Asia,3780,coast
15,ssp585_medium-term,3737.5597690842114,Philippines,608,PHL,Asia,South-eastern Asia,3780,coast
15,ssp585_near-term,2547.4452608764404,Philippines,608,PHL,Asia,South-eastern Asia,3780,coast
16,ssp245_current,935.0907067771041,Australia,36,AUS,Oceania,Australia and New Zealand,6804,coast
16,ssp245_medium-term,2161.654146709945,Australia,36,AUS,Oceania,Australia and New Zealand,6804,coast
16,ssp245_near-term,1256.0125087170163,Australia,36,AUS,Oceania,Australia and New Zealand,6804,coast
16,ssp585_current,947.8392585616821,Australia,36,AUS,Oceania,Australia and New Zealand,6804,coast
16,ssp585_medium-term,2831.885186487809,Australia,36,AUS,Oceania,Australia and New Zealand,6804,coast
16,ssp585_near-term,1449.2956439270347,Australia,36,AUS,Oceania,Australia and New Zealand,6804,coast
17,ssp245_current,484.1350127493206,Papua New Guinea,598,PNG,Oceania,Melanesia,2473,coast
17,ssp245_medium-term,1728.0090952864848,Papua New Guinea,598,PNG,Oceania,Melanesia,2473,coast
17,ssp245_near-term,1103.4929560095188,Papua New Guinea,598,PNG,Oceania,Melanesia,2473,coast
17,ssp585_current,475.2303782545496,Papua New Guinea,598,PNG,Oceania,Melanesia,2473,coast
17,ssp585_medium-term,2011.872792901704,Papua New Guinea,598,PNG,Oceania,Melanesia,2473,coast
17,ssp585_near-term,1164.8294815311674,Papua New Guinea,598,PNG,Oceania,Melanesia,2473,coast
18,ssp245_current,109.80599848227575,Fiji,242,FJI,Oceania,Melanesia,580,coast
18,ssp245_medium-term,365.07527966517955,Fiji,242,FJI,Oceania,Melanesia,580,coast
18,ssp245_near-term,235.7500192844309,Fiji,242,FJI,Oceania,Melanesia,580,coast
18,ssp585_current,128.78043365036137,Fiji,242,FJI,Oceania,Melanesia,580,coast
18,ssp585_medium-term,421.07002337044105,Fiji,242,FJI,Oceania,Melanesia,580,coast
18,ssp585_near-term,235.64074594480917,Fiji,242,FJI,Oceania,Melanesia,580,coast
19,ssp245_current,6.296297006309032,Tuvalu,798,TUV,Oceania,Polynesia,51,coast
19,ssp245_medium-term,33.797009110450745,Tuvalu,798,TUV,Oceania,Polynesia,51,coast
19,ssp245_near-term,20.326472878456116,Tuvalu,798,TUV,Oceania,Polynesia,51,coast
19,ssp585_current,6.133543856441975,Tuvalu,798,TUV,Oceania,Polynesia,51,coast
19,ssp585_medium-term,40.60059571266174,Tuvalu,798,TUV,Oceania,Polynesia,51,coast
19,ssp585_near-term,18.54347985982895,Tuvalu,798,TUV,Oceania,Polynesia,51,coast
20,ssp245_current,387.9882105635479,Republic of Korea,410,KOR,Asia,Eastern Asia,763,coast
20,ssp245_medium-term,473.70109678339213,Republic of Korea,410,KOR,Asia,Eastern Asia,763,coast
20,ssp245_near-term,420.20712036592886,Republic of Korea,410,KOR,Asia,Eastern Asia,763,coast
20,ssp585_current,391.7061738371849,Republic of Korea,410,KOR,Asia,Eastern Asia,763,coast
20,ssp585_medium-term,574.7221930357628,Republic of Korea,410,KOR,Asia,Eastern Asia,763,coast
20,ssp585_near-term,430.4822375108488,Republic of Korea,410,KOR,Asia,Eastern Asia,763,coast
21,ssp245_current,176.56099148839712,Democratic People's Republic of Korea,408,PRK,Asia,Eastern Asia,340,coast
21,ssp245_medium-term,233.47143861278892,Democratic People's Republic of Korea,408,PRK,Asia,Eastern Asia,340,coast
21,ssp245_near-term,208.02870054915547,Democratic People's Republic of Korea,408,PRK,Asia,Eastern Asia,340,coast
21,ssp585_current,176.47413818351924,Democratic People's Republic of Korea,408,PRK,Asia,Eastern Asia,340,coast
21,ssp585_medium-term,272.1653965488076,Democratic People's Republic of Korea,408,PRK,Asia,Eastern Asia,340,coast
21,ssp585_near-term,214.58788169920444,Democratic People's Republic of Korea,408,PRK,Asia,Eastern Asia,340,coast
24,ssp245_current,36.66744065564126,Cambodia,116,KHM,Asia,South-eastern Asia,100,coast
24,ssp245_medium-term,59.520023168995976,Cambodia,116,KHM,Asia,South-eastern Asia,100,coast
24,ssp245_near-term,46.16758948005736,Cambodia,116,KHM,Asia,South-eastern Asia,100,coast
24,ssp585_current,37.29925352148712,Cambodia,116,KHM,Asia,South-eastern Asia,100,coast
24,ssp585_medium-term,69.76107294857502,Cambodia,116,KHM,Asia,South-eastern Asia,100,coast
24,ssp585_near-term,47.11567482724786,Cambodia,116,KHM,Asia,South-eastern Asia,100,coast
25,ssp245_current,332.3922243807465,Thailand,764,THA,Asia,South-eastern Asia,723,coast
25,ssp245_medium-term,534.1012234129012,Thailand,764,THA,Asia,South-eastern Asia,723,coast
25,ssp245_near-term,422.62039071600884,Thailand,764,THA,Asia,South-eastern Asia,723,coast
25,ssp585_current,335.0850704172626,Thailand,764,THA,Asia,South-eastern Asia,723,coast
25,ssp585_medium-term,609.495220143348,Thailand,764,THA,Asia,South-eastern Asia,723,coast
25,ssp585_near-term,422.0153441429138,Thailand,764,THA,Asia,South-eastern Asia,723,coast
26,ssp245_current,176.79293684847653,Andaman and Nicobar,NA,NA,Asia,South-Eastern Asia,381,coast
26,ssp245_medium-term,359.38378041703254,Andaman and Nicobar,NA,NA,Asia,South-Eastern Asia,381,coast
26,ssp245_near-term,260.86118524568155,Andaman and Nicobar,NA,NA,Asia,South-Eastern Asia,381,coast
26,ssp585_current,180.78423964139074,Andaman and Nicobar,NA,NA,Asia,South-Eastern Asia,381,coast
26,ssp585_medium-term,417.48385418206453,Andaman and Nicobar,NA,NA,Asia,South-Eastern Asia,381,coast
26,ssp585_near-term,267.6906062797643,Andaman and Nicobar,NA,NA,Asia,South-Eastern Asia,381,coast
28,ssp245_current,25.103807598352432,Comoro Islands,NA,NA,Africa,Eastern Africa,103,coast
28,ssp245_medium-term,92.31014201045036,Comoro Islands,NA,NA,Africa,Eastern Africa,103,coast
28,ssp245_near-term,63.810030326247215,Comoro Islands,NA,NA,Africa,Eastern Africa,103,coast
28,ssp585_current,26.302146591246128,Comoro Islands,NA,NA,Africa,Eastern Africa,103,coast
28,ssp585_medium-term,98.46158668398857,Comoro Islands,NA,NA,Africa,Eastern Africa,103,coast
28,ssp585_near-term,65.65758249908686,Comoro Islands,NA,NA,Africa,Eastern Africa,103,coast
29,ssp245_current,10.387065961956978,Mayotte,175,MYT,Africa,Eastern Africa,34,coast
29,ssp245_medium-term,31.074680864810944,Mayotte,175,MYT,Africa,Eastern Africa,34,coast
29,ssp245_near-term,21.827337086200714,Mayotte,175,MYT,Africa,Eastern Africa,34,coast
29,ssp585_current,11.348285526037216,Mayotte,175,MYT,Africa,Eastern Africa,34,coast
29,ssp585_medium-term,33.77898281812668,Mayotte,175,MYT,Africa,Eastern Africa,34,coast
29,ssp585_near-term,22.898639619350433,Mayotte,175,MYT,Africa,Eastern Africa,34,coast
30,ssp245_current,1.4784940034151077,Glorioso Islands,NA,NA,Africa,Eastern Africa,9,coast
30,ssp245_medium-term,4.791875660419464,Glorioso Islands,NA,NA,Africa,Eastern Africa,9,coast
30,ssp245_near-term,2.897223114967346,Glorioso Islands,NA,NA,Africa,Eastern Africa,9,coast
30,ssp585_current,1.4693397283554077,Glorioso Islands,NA,NA,Africa,Eastern Africa,9,coast
30,ssp585_medium-term,5.339195609092712,Glorioso Islands,NA,NA,Africa,Eastern Africa,9,coast
30,ssp585_near-term,2.952537328004837,Glorioso Islands,NA,NA,Africa,Eastern Africa,9,coast
31,ssp245_current,12.129851344972849,Seychelles,690,SYC,Africa,Eastern Africa,131,coast
31,ssp245_medium-term,84.6354692876339,Seychelles,690,SYC,Africa,Eastern Africa,131,coast
31,ssp245_near-term,39.81288608908653,Seychelles,690,SYC,Africa,Eastern Africa,131,coast
31,ssp585_current,10.994905247353017,Seychelles,690,SYC,Africa,Eastern Africa,131,coast
31,ssp585_medium-term,99.17520081996918,Seychelles,690,SYC,Africa,Eastern Africa,131,coast
31,ssp585_near-term,42.254779145121574,Seychelles,690,SYC,Africa,Eastern Africa,131,coast
32,ssp245_current,7.065131857991219,Réunion,638,REU,Africa,Eastern Africa,50,coast
32,ssp245_medium-term,39.217055812478065,Réunion,638,REU,Africa,Eastern Africa,50,coast
32,ssp245_near-term,23.034043975174427,Réunion,638,REU,Africa,Eastern Africa,50,coast
32,ssp585_current,6.471821911633015,Réunion,638,REU,Africa,Eastern Africa,50,coast
32,ssp585_medium-term,43.389632999897,Réunion,638,REU,Africa,Eastern Africa,50,coast
32,ssp585_near-term,23.204514637589455,Réunion,638,REU,Africa,Eastern Africa,50,coast
33,ssp245_current,1.6335645765066147,Juan de Nova Island,NA,NA,Africa,Eastern Africa,9,coast
33,ssp245_medium-term,4.307088255882263,Juan de Nova Island,NA,NA,Africa,Eastern Africa,9,coast
33,ssp245_near-term,2.714742362499237,Juan de Nova Island,NA,NA,Africa,Eastern Africa,9,coast
33,ssp585_current,1.6235011219978333,Juan de Nova Island,NA,NA,Africa,Eastern Africa,9,coast
33,ssp585_medium-term,5.040302276611328,Juan de Nova Island,NA,NA,Africa,Eastern Africa,9,coast
33,ssp585_near-term,2.635074704885483,Juan de Nova Island,NA,NA,Africa,Eastern Africa,9,coast
35,ssp245_current,1.6594284921884537,Ile Europa,NA,NA,Africa,Eastern Africa,12,coast
35,ssp245_medium-term,4.436786085367203,Ile Europa,NA,NA,Africa,Eastern Africa,12,coast
35,ssp245_near-term,2.9798684269189835,Ile Europa,NA,NA,Africa,Eastern Africa,12,coast
35,ssp585_current,1.5803174376487732,Ile Europa,NA,NA,Africa,Eastern Africa,12,coast
35,ssp585_medium-term,5.915862709283829,Ile Europa,NA,NA,Africa,Eastern Africa,12,coast
35,ssp585_near-term,2.6006347686052322,Ile Europa,NA,NA,Africa,Eastern Africa,12,coast
37,ssp245_current,12.458307527005672,Mauritius,480,MUS,Africa,Eastern Africa,79,coast
37,ssp245_medium-term,44.06719446182251,Mauritius,480,MUS,Africa,Eastern Africa,79,coast
37,ssp245_near-term,24.382107958197594,Mauritius,480,MUS,Africa,Eastern Africa,79,coast
37,ssp585_current,11.301805350929499,Mauritius,480,MUS,Africa,Eastern Africa,79,coast
37,ssp585_medium-term,53.80501079559326,Mauritius,480,MUS,Africa,Eastern Africa,79,coast
37,ssp585_near-term,26.413991831243038,Mauritius,480,MUS,Africa,Eastern Africa,79,coast
38,ssp245_current,5.696848100051284,British Indian Ocean Territory,86,IOT,Africa,Eastern Africa,51,coast
38,ssp245_medium-term,18.51235957443714,British Indian Ocean Territory,86,IOT,Africa,Eastern Africa,51,coast
38,ssp245_near-term,8.719393476843834,British Indian Ocean Territory,86,IOT,Africa,Eastern Africa,51,coast
38,ssp585_current,5.929309895262122,British Indian Ocean Territory,86,IOT,Africa,Eastern Africa,51,coast
38,ssp585_medium-term,24.678456142544746,British Indian Ocean Territory,86,IOT,Africa,Eastern Africa,51,coast
38,ssp585_near-term,11.709837041795254,British Indian Ocean Territory,86,IOT,Africa,Eastern Africa,51,coast
39,ssp245_current,82.43878278136253,Maldives,462,MDV,Asia,Southern Asia,337,coast
39,ssp245_medium-term,326.7503306865692,Maldives,462,MDV,Asia,Southern Asia,337,coast
39,ssp245_near-term,205.7217610180378,Maldives,462,MDV,Asia,Southern Asia,337,coast
39,ssp585_current,85.49493588134646,Maldives,462,MDV,Asia,Southern Asia,337,coast
39,ssp585_medium-term,364.04786843061447,Maldives,462,MDV,Asia,Southern Asia,337,coast
39,ssp585_near-term,215.59643575549126,Maldives,462,MDV,Asia,Southern Asia,337,coast
40,ssp245_current,153.2695759558119,Sri Lanka,144,LKA,Asia,Southern Asia,349,coast
40,ssp245_medium-term,316.95479963277467,Sri Lanka,144,LKA,Asia,Southern Asia,349,coast
40,ssp245_near-term,237.4012691786047,Sri Lanka,144,LKA,Asia,Southern Asia,349,coast
40,ssp585_current,157.13339333038311,Sri Lanka,144,LKA,Asia,Southern Asia,349,coast
40,ssp585_medium-term,363.5692924754694,Sri Lanka,144,LKA,Asia,Southern Asia,349,coast
40,ssp585_near-term,248.55649123853073,Sri Lanka,144,LKA,Asia,Southern Asia,349,coast
41,ssp245_current,207.4237095832359,Mozambique,508,MOZ,Africa,Eastern Africa,700,coast
41,ssp245_medium-term,518.5589243909344,Mozambique,508,MOZ,Africa,Eastern Africa,700,coast
41,ssp245_near-term,376.7874946920201,Mozambique,508,MOZ,Africa,Eastern Africa,700,coast
41,ssp585_current,214.67276568344096,Mozambique,508,MOZ,Africa,Eastern Africa,700,coast
41,ssp585_medium-term,574.3260432387469,Mozambique,508,MOZ,Africa,Eastern Africa,700,coast
41,ssp585_near-term,374.0709776096046,Mozambique,508,MOZ,Africa,Eastern Africa,700,coast
42,ssp245_current,225.62388210563222,Madagascar,450,MDG,Africa,Eastern Africa,1131,coast
42,ssp245_medium-term,815.6592652014224,Madagascar,450,MDG,Africa,Eastern Africa,1131,coast
42,ssp245_near-term,540.2378455570433,Madagascar,450,MDG,Africa,Eastern Africa,1131,coast
42,ssp585_current,236.78940268664155,Madagascar,450,MDG,Africa,Eastern Africa,1131,coast
42,ssp585_medium-term,923.429604795645,Madagascar,450,MDG,Africa,Eastern Africa,1131,coast
42,ssp585_near-term,547.1343940213555,Madagascar,450,MDG,Africa,Eastern Africa,1131,coast
43,ssp245_current,34.75449481746182,Kenya,404,KEN,Africa,Eastern Africa,137,coast
43,ssp245_medium-term,117.08488888246939,Kenya,404,KEN,Africa,Eastern Africa,137,coast
43,ssp245_near-term,78.81310333777219,Kenya,404,KEN,Africa,Eastern Africa,137,coast
43,ssp585_current,36.05869143968448,Kenya,404,KEN,Africa,Eastern Africa,137,coast
43,ssp585_medium-term,128.5360279972665,Kenya,404,KEN,Africa,Eastern Africa,137,coast
43,ssp585_near-term,81.21322816936299,Kenya,404,KEN,Africa,Eastern Africa,137,coast
44,ssp245_current,239.35997572541237,Somalia,706,SOM,Africa,Eastern Africa,756,coast
44,ssp245_medium-term,662.7795321624726,Somalia,706,SOM,Africa,Eastern Africa,756,coast
44,ssp245_near-term,514.090255510062,Somalia,706,SOM,Africa,Eastern Africa,756,coast
44,ssp585_current,218.7076506568119,Somalia,706,SOM,Africa,Eastern Africa,756,coast
44,ssp585_medium-term,742.2915078457445,Somalia,706,SOM,Africa,Eastern Africa,756,coast
44,ssp585_near-term,524.2061671502888,Somalia,706,SOM,Africa,Eastern Africa,756,coast
45,ssp245_current,138.20535205933265,Eritrea,232,ERI,Africa,Eastern Africa,307,coast
45,ssp245_medium-term,215.84854230913334,Eritrea,232,ERI,Africa,Eastern Africa,307,coast
45,ssp245_near-term,175.964227092918,Eritrea,232,ERI,Africa,Eastern Africa,307,coast
45,ssp585_current,133.13360099727288,Eritrea,232,ERI,Africa,Eastern Africa,307,coast
45,ssp585_medium-term,242.2386293420568,Eritrea,232,ERI,Africa,Eastern Africa,307,coast
45,ssp585_near-term,178.59285500692204,Eritrea,232,ERI,Africa,Eastern Africa,307,coast
46,ssp245_current,40.196555115282536,Djibouti,262,DJI,Africa,Eastern Africa,59,coast
46,ssp245_medium-term,59.921095207333565,Djibouti,262,DJI,Africa,Eastern Africa,59,coast
46,ssp245_near-term,49.897523276507854,Djibouti,262,DJI,Africa,Eastern Africa,59,coast
46,ssp585_current,37.775873221457005,Djibouti,262,DJI,Africa,Eastern Africa,59,coast
46,ssp585_medium-term,66.7329488992691,Djibouti,262,DJI,Africa,Eastern Africa,59,coast
46,ssp585_near-term,50.83396199345589,Djibouti,262,DJI,Africa,Eastern Africa,59,coast
47,ssp245_current,299.3993704067543,Yemen,887,YEM,Asia,Western Asia,578,coast
47,ssp245_medium-term,512.5264344336465,Yemen,887,YEM,Asia,Western Asia,578,coast
47,ssp245_near-term,422.54564541205764,Yemen,887,YEM,Asia,Western Asia,578,coast
47,ssp585_current,282.32417328096926,Yemen,887,YEM,Asia,Western Asia,578,coast
47,ssp585_medium-term,570.4086297824979,Yemen,887,YEM,Asia,Western Asia,578,coast
47,ssp585_near-term,431.63416534662247,Yemen,887,YEM,Asia,Western Asia,578,coast
48,ssp245_current,236.4597895075567,Oman,512,OMN,Asia,Western Asia,489,coast
48,ssp245_medium-term,385.97046719212085,Oman,512,OMN,Asia,Western Asia,489,coast
48,ssp245_near-term,315.49542634550016,Oman,512,OMN,Asia,Western Asia,489,coast
48,ssp585_current,240.2711792445043,Oman,512,OMN,Asia,Western Asia,489,coast
48,ssp585_medium-term,434.45450050057843,Oman,512,OMN,Asia,Western Asia,489,coast
48,ssp585_near-term,326.0915541233262,Oman,512,OMN,Asia,Western Asia,489,coast
49,ssp245_current,63.94413519697264,Sudan,729,SDN,Africa,Northern Africa,148,coast
49,ssp245_medium-term,109.56905746390112,Sudan,729,SDN,Africa,Northern Africa,148,coast
49,ssp245_near-term,87.99479610822164,Sudan,729,SDN,Africa,Northern Africa,148,coast
49,ssp585_current,66.0514383749105,Sudan,729,SDN,Africa,Northern Africa,148,coast
49,ssp585_medium-term,123.69071808829904,Sudan,729,SDN,Africa,Northern Africa,148,coast
49,ssp585_near-term,86.76272406685166,Sudan,729,SDN,Africa,Northern Africa,148,coast
50,ssp245_current,308.03036732948385,Saudi Arabia,682,SAU,Asia,Western Asia,756,coast
50,ssp245_medium-term,545.0605175071396,Saudi Arabia,682,SAU,Asia,Western Asia,756,coast
50,ssp245_near-term,456.11513950221706,Saudi Arabia,682,SAU,Asia,Western Asia,756,coast
50,ssp585_current,318.16472295764834,Saudi Arabia,682,SAU,Asia,Western Asia,756,coast
50,ssp585_medium-term,607.2097930498421,Saudi Arabia,682,SAU,Asia,Western Asia,756,coast
50,ssp585_near-term,447.74863850767724,Saudi Arabia,682,SAU,Asia,Western Asia,756,coast
51,ssp245_current,12.82392640132457,Kuwait,414,KWT,Asia,Western Asia,72,coast
51,ssp245_medium-term,32.09129239525646,Kuwait,414,KWT,Asia,Western Asia,72,coast
51,ssp245_near-term,16.680029672337696,Kuwait,414,KWT,Asia,Western Asia,72,coast
51,ssp585_current,14.975113967433572,Kuwait,414,KWT,Asia,Western Asia,72,coast
51,ssp585_medium-term,36.91079184226692,Kuwait,414,KWT,Asia,Western Asia,72,coast
51,ssp585_near-term,16.890768530312926,Kuwait,414,KWT,Asia,Western Asia,72,coast
52,ssp245_current,12.114021521992981,Bahrain,48,BHR,Asia,Western Asia,44,coast
52,ssp245_medium-term,24.412771567702293,Bahrain,48,BHR,Asia,Western Asia,44,coast
52,ssp245_near-term,13.064397284761071,Bahrain,48,BHR,Asia,Western Asia,44,coast
52,ssp585_current,12.480032104067504,Bahrain,48,BHR,Asia,Western Asia,44,coast
52,ssp585_medium-term,28.817546486854553,Bahrain,48,BHR,Asia,Western Asia,44,coast
52,ssp585_near-term,13.155349861830473,Bahrain,48,BHR,Asia,Western Asia,44,coast
53,ssp245_current,77.77805374190211,Pakistan,586,PAK,Asia,Southern Asia,228,coast
53,ssp245_medium-term,149.42155335843563,Pakistan,586,PAK,Asia,Southern Asia,228,coast
53,ssp245_near-term,125.27283655107021,Pakistan,586,PAK,Asia,Southern Asia,228,coast
53,ssp585_current,78.54759081080556,Pakistan,586,PAK,Asia,Southern Asia,228,coast
53,ssp585_medium-term,168.55428998172283,Pakistan,586,PAK,Asia,Southern Asia,228,coast
53,ssp585_near-term,124.15919044613838,Pakistan,586,PAK,Asia,Southern Asia,228,coast
54,ssp245_current,46.42050761729479,United Arab Emirates,784,ARE,Asia,Western Asia,260,coast
54,ssp245_medium-term,154.56802194938064,United Arab Emirates,784,ARE,Asia,Western Asia,260,coast
54,ssp245_near-term,105.18078630790114,United Arab Emirates,784,ARE,Asia,Western Asia,260,coast
54,ssp585_current,48.41408773884177,United Arab Emirates,784,ARE,Asia,Western Asia,260,coast
54,ssp585_medium-term,177.29881703853607,United Arab Emirates,784,ARE,Asia,Western Asia,260,coast
54,ssp585_near-term,109.3999716565013,United Arab Emirates,784,ARE,Asia,Western Asia,260,coast
55,ssp245_current,17.639688972383738,Azores,NA,NA,Europe,Southern Europe,191,coast
55,ssp245_medium-term,103.90392705798149,Azores,NA,NA,Europe,Southern Europe,191,coast
55,ssp245_near-term,56.25107077509165,Azores,NA,NA,Europe,Southern Europe,191,coast
55,ssp585_current,26.99273196235299,Azores,NA,NA,Europe,Southern Europe,191,coast
55,ssp585_medium-term,139.58204358816147,Azores,NA,NA,Europe,Southern Europe,191,coast
55,ssp585_near-term,63.60303249955177,Azores,NA,NA,Europe,Southern Europe,191,coast
56,ssp245_current,83.02723958715796,Cape Verde,NA,NA,Africa,Western Africa,236,coast
56,ssp245_medium-term,180.42528000846505,Cape Verde,NA,NA,Africa,Western Africa,236,coast
56,ssp245_near-term,139.85987659730017,Cape Verde,NA,NA,Africa,Western Africa,236,coast
56,ssp585_current,91.45779090933502,Cape Verde,NA,NA,Africa,Western Africa,236,coast
56,ssp585_medium-term,194.51575624197721,Cape Verde,NA,NA,Africa,Western Africa,236,coast
56,ssp585_near-term,146.60209232009947,Cape Verde,NA,NA,Africa,Western Africa,236,coast
57,ssp245_current,13.366527128964663,Madeira,NA,NA,Europe,Southern Europe,76,coast
57,ssp245_medium-term,46.980104364454746,Madeira,NA,NA,Europe,Southern Europe,76,coast
57,ssp245_near-term,28.410502418875694,Madeira,NA,NA,Europe,Southern Europe,76,coast
57,ssp585_current,15.963119320571423,Madeira,NA,NA,Europe,Southern Europe,76,coast
57,ssp585_medium-term,58.60012865066528,Madeira,NA,NA,Europe,Southern Europe,76,coast
57,ssp585_near-term,33.16523213684559,Madeira,NA,NA,Europe,Southern Europe,76,coast
58,ssp245_current,80.04807228734717,Canary Islands,NA,NA,Europe,Southern Europe,290,coast
58,ssp245_medium-term,236.03658278193325,Canary Islands,NA,NA,Europe,Southern Europe,290,coast
58,ssp245_near-term,158.87323983106762,Canary Islands,NA,NA,Europe,Southern Europe,290,coast
58,ssp585_current,97.75599405402318,Canary Islands,NA,NA,Europe,Southern Europe,290,coast
58,ssp585_medium-term,258.28052756842226,Canary Islands,NA,NA,Europe,Southern Europe,290,coast
58,ssp585_near-term,163.02799916267395,Canary Islands,NA,NA,Europe,Southern Europe,290,coast
59,ssp245_current,8.872367074713111,Belgium,56,BEL,Europe,Western Europe,19,coast
59,ssp245_medium-term,10.91006627958268,Belgium,56,BEL,Europe,Western Europe,19,coast
59,ssp245_near-term,10.317243423778564,Belgium,56,BEL,Europe,Western Europe,19,coast
59,ssp585_current,8.79678752925247,Belgium,56,BEL,Europe,Western Europe,19,coast
59,ssp585_medium-term,12.011818752624094,Belgium,56,BEL,Europe,Western Europe,19,coast
59,ssp585_near-term,10.571436071768403,Belgium,56,BEL,Europe,Western Europe,19,coast
60,ssp245_current,0.9605294913053513,Gibraltar,292,GIB,Europe,Southern Europe,3,coast
60,ssp245_medium-term,1.8801643252372742,Gibraltar,292,GIB,Europe,Southern Europe,3,coast
60,ssp245_near-term,1.4068946242332458,Gibraltar,292,GIB,Europe,Southern Europe,3,coast
60,ssp585_current,0.9178543835878372,Gibraltar,292,GIB,Europe,Southern Europe,3,coast
60,ssp585_medium-term,2.1863659620285034,Gibraltar,292,GIB,Europe,Southern Europe,3,coast
60,ssp585_near-term,1.4794431030750275,Gibraltar,292,GIB,Europe,Southern Europe,3,coast
61,ssp245_current,130.81524880276993,Tunisia,788,TUN,Africa,Northern Africa,285,coast
61,ssp245_medium-term,225.58954080520198,Tunisia,788,TUN,Africa,Northern Africa,285,coast
61,ssp245_near-term,188.05353593011387,Tunisia,788,TUN,Africa,Northern Africa,285,coast
61,ssp585_current,137.269680155674,Tunisia,788,TUN,Africa,Northern Africa,285,coast
61,ssp585_medium-term,250.09655038127676,Tunisia,788,TUN,Africa,Northern Africa,285,coast
61,ssp585_near-term,191.3800848228857,Tunisia,788,TUN,Africa,Northern Africa,285,coast
62,ssp245_current,166.46032831352204,Morocco,504,MAR,Africa,Northern Africa,422,coast
62,ssp245_medium-term,305.5044088046998,Morocco,504,MAR,Africa,Northern Africa,422,coast
62,ssp245_near-term,244.59822304174304,Morocco,504,MAR,Africa,Northern Africa,422,coast
62,ssp585_current,175.6924564423971,Morocco,504,MAR,Africa,Northern Africa,422,coast
62,ssp585_medium-term,334.9208946060389,Morocco,504,MAR,Africa,Northern Africa,422,coast
62,ssp585_near-term,246.17616184055805,Morocco,504,MAR,Africa,Northern Africa,422,coast
63,ssp245_current,94.92460502125323,Western Sahara,732,ESH,Africa,Northern Africa,247,coast
63,ssp245_medium-term,145.29060398135334,Western Sahara,732,ESH,Africa,Northern Africa,247,coast
63,ssp245_near-term,124.18797312118113,Western Sahara,732,ESH,Africa,Northern Africa,247,coast
63,ssp585_current,102.31313430843875,Western Sahara,732,ESH,Africa,Northern Africa,247,coast
63,ssp585_medium-term,159.52498719654977,Western Sahara,732,ESH,Africa,Northern Africa,247,coast
63,ssp585_near-term,123.57215097825974,Western Sahara,732,ESH,Africa,Northern Africa,247,coast
64,ssp245_current,68.85801569931209,Mauritania,478,MRT,Africa,Western Africa,169,coast
64,ssp245_medium-term,105.44605408236384,Mauritania,478,MRT,Africa,Western Africa,169,coast
64,ssp245_near-term,89.236023273319,Mauritania,478,MRT,Africa,Western Africa,169,coast
64,ssp585_current,70.56906130723655,Mauritania,478,MRT,Africa,Western Africa,169,coast
64,ssp585_medium-term,119.28364280611277,Mauritania,478,MRT,Africa,Western Africa,169,coast
64,ssp585_near-term,90.81134999357164,Mauritania,478,MRT,Africa,Western Africa,169,coast
65,ssp245_current,9.875304378569126,Gambia,270,GMB,Africa,Western Africa,45,coast
65,ssp245_medium-term,14.73794313147664,Gambia,270,GMB,Africa,Western Africa,45,coast
65,ssp245_near-term,12.670937284827232,Gambia,270,GMB,Africa,Western Africa,45,coast
65,ssp585_current,9.829231727868319,Gambia,270,GMB,Africa,Western Africa,45,coast
65,ssp585_medium-term,15.954635001718998,Gambia,270,GMB,Africa,Western Africa,45,coast
65,ssp585_near-term,12.981853421777487,Gambia,270,GMB,Africa,Western Africa,45,coast
66,ssp245_current,69.66246233321726,Senegal,686,SEN,Africa,Western Africa,167,coast
66,ssp245_medium-term,104.72286708280444,Senegal,686,SEN,Africa,Western Africa,167,coast
66,ssp245_near-term,89.60266274958849,Senegal,686,SEN,Africa,Western Africa,167,coast
66,ssp585_current,70.23754338733852,Senegal,686,SEN,Africa,Western Africa,167,coast
66,ssp585_medium-term,113.81984999775887,Senegal,686,SEN,Africa,Western Africa,167,coast
66,ssp585_near-term,90.26357781887054,Senegal,686,SEN,Africa,Western Africa,167,coast
67,ssp245_current,163.5689701270312,Libya,434,LBY,Africa,Northern Africa,414,coast
67,ssp245_medium-term,328.1953198052943,Libya,434,LBY,Africa,Northern Africa,414,coast
67,ssp245_near-term,264.51083797588944,Libya,434,LBY,Africa,Northern Africa,414,coast
67,ssp585_current,167.00691669993103,Libya,434,LBY,Africa,Northern Africa,414,coast
67,ssp585_medium-term,352.5555966757238,Libya,434,LBY,Africa,Northern Africa,414,coast
67,ssp585_near-term,267.8461984694004,Libya,434,LBY,Africa,Northern Africa,414,coast
68,ssp245_current,13.691269338130951,Malta,470,MLT,Europe,Southern Europe,30,coast
68,ssp245_medium-term,24.864441633224487,Malta,470,MLT,Europe,Southern Europe,30,coast
68,ssp245_near-term,21.431586384773254,Malta,470,MLT,Europe,Southern Europe,30,coast
68,ssp585_current,13.818867415189743,Malta,470,MLT,Europe,Southern Europe,30,coast
68,ssp585_medium-term,28.37506902217865,Malta,470,MLT,Europe,Southern Europe,30,coast
68,ssp585_near-term,21.620259881019592,Malta,470,MLT,Europe,Southern Europe,30,coast
69,ssp245_current,40.50832833908498,Latvia,428,LVA,Europe,Northern Europe,115,coast
69,ssp245_medium-term,65.35834413021803,Latvia,428,LVA,Europe,Northern Europe,115,coast
69,ssp245_near-term,54.78677512332797,Latvia,428,LVA,Europe,Northern Europe,115,coast
69,ssp585_current,41.666695239022374,Latvia,428,LVA,Europe,Northern Europe,115,coast
69,ssp585_medium-term,72.96872450783849,Latvia,428,LVA,Europe,Northern Europe,115,coast
69,ssp585_near-term,54.58277328312397,Latvia,428,LVA,Europe,Northern Europe,115,coast
70,ssp245_current,88.82524618506432,Estonia,233,EST,Europe,Northern Europe,247,coast
70,ssp245_medium-term,122.31135825067759,Estonia,233,EST,Europe,Northern Europe,247,coast
70,ssp245_near-term,111.89354315400124,Estonia,233,EST,Europe,Northern Europe,247,coast
70,ssp585_current,89.74864856898785,Estonia,233,EST,Europe,Northern Europe,247,coast
70,ssp585_medium-term,139.39074298739433,Estonia,233,EST,Europe,Northern Europe,247,coast
70,ssp585_near-term,114.61790096014738,Estonia,233,EST,Europe,Northern Europe,247,coast
71,ssp245_current,32.931280605494976,Bulgaria,100,BGR,Europe,Eastern Europe,65,coast
71,ssp245_medium-term,50.18681673705578,Bulgaria,100,BGR,Europe,Eastern Europe,65,coast
71,ssp245_near-term,44.864274960011244,Bulgaria,100,BGR,Europe,Eastern Europe,65,coast
71,ssp585_current,33.44123248383403,Bulgaria,100,BGR,Europe,Eastern Europe,65,coast
71,ssp585_medium-term,54.73657867312431,Bulgaria,100,BGR,Europe,Eastern Europe,65,coast
71,ssp585_near-term,44.350628692656755,Bulgaria,100,BGR,Europe,Eastern Europe,65,coast
72,ssp245_current,21.443937777541578,Romania,642,ROU,Europe,Eastern Europe,58,coast
72,ssp245_medium-term,31.164886847138405,Romania,642,ROU,Europe,Eastern Europe,58,coast
72,ssp245_near-term,28.088696617167443,Romania,642,ROU,Europe,Eastern Europe,58,coast
72,ssp585_current,22.328429957851768,Romania,642,ROU,Europe,Eastern Europe,58,coast
72,ssp585_medium-term,34.32657866179943,Romania,642,ROU,Europe,Eastern Europe,58,coast
72,ssp585_near-term,28.13267048075795,Romania,642,ROU,Europe,Eastern Europe,58,coast
73,ssp245_current,5581.684899154119,Russian Federation,643,RUS,Europe,Eastern Europe,14367,coast
73,ssp245_medium-term,10556.526987200137,Russian Federation,643,RUS,Europe,Eastern Europe,14367,coast
73,ssp245_near-term,8735.069076844258,Russian Federation,643,RUS,Europe,Eastern Europe,14367,coast
73,ssp585_current,5955.481275292113,Russian Federation,643,RUS,Europe,Eastern Europe,14367,coast
73,ssp585_medium-term,11581.553333467338,Russian Federation,643,RUS,Europe,Eastern Europe,14367,coast
73,ssp585_near-term,8681.274316726951,Russian Federation,643,RUS,Europe,Eastern Europe,14367,coast
74,ssp245_current,42.712146882899106,Georgia,268,GEO,Asia,Western Asia,78,coast
74,ssp245_medium-term,69.42018372938037,Georgia,268,GEO,Asia,Western Asia,78,coast
74,ssp245_near-term,60.588959846645594,Georgia,268,GEO,Asia,Western Asia,78,coast
74,ssp585_current,44.57300137169659,Georgia,268,GEO,Asia,Western Asia,78,coast
74,ssp585_medium-term,74.90208857879043,Georgia,268,GEO,Asia,Western Asia,78,coast
74,ssp585_near-term,61.63569250330329,Georgia,268,GEO,Asia,Western Asia,78,coast
75,ssp245_current,168.01173577737063,Ukraine,804,UKR,Europe,Eastern Europe,443,coast
75,ssp245_medium-term,262.43136588297784,Ukraine,804,UKR,Europe,Eastern Europe,443,coast
75,ssp245_near-term,235.20519160479307,Ukraine,804,UKR,Europe,Eastern Europe,443,coast
75,ssp585_current,175.842698588036,Ukraine,804,UKR,Europe,Eastern Europe,443,coast
75,ssp585_medium-term,298.60996404103935,Ukraine,804,UKR,Europe,Eastern Europe,443,coast
75,ssp585_near-term,238.03537790849805,Ukraine,804,UKR,Europe,Eastern Europe,443,coast
76,ssp245_current,508.90268195513636,Turkey,792,TUR,Asia,Western Asia,947,coast
76,ssp245_medium-term,816.0918609146029,Turkey,792,TUR,Asia,Western Asia,947,coast
76,ssp245_near-term,701.0991958267987,Turkey,792,TUR,Asia,Western Asia,947,coast
76,ssp585_current,533.3963318392634,Turkey,792,TUR,Asia,Western Asia,947,coast
76,ssp585_medium-term,867.2108159419149,Turkey,792,TUR,Asia,Western Asia,947,coast
76,ssp585_near-term,703.237019742839,Turkey,792,TUR,Asia,Western Asia,947,coast
77,ssp245_current,15.779264885932207,Syria,NA,NA,Asia,Western Asia,40,coast
77,ssp245_medium-term,30.805673968046904,Syria,NA,NA,Asia,Western Asia,40,coast
77,ssp245_near-term,24.787742886692286,Syria,NA,NA,Asia,Western Asia,40,coast
77,ssp585_current,17.016854166984558,Syria,NA,NA,Asia,Western Asia,40,coast
77,ssp585_medium-term,32.299686789512634,Syria,NA,NA,Asia,Western Asia,40,coast
77,ssp585_near-term,24.44844737648964,Syria,NA,NA,Asia,Western Asia,40,coast
78,ssp245_current,18.520342133939266,Lebanon,422,LBN,Asia,Western Asia,44,coast
78,ssp245_medium-term,34.40474691987038,Lebanon,422,LBN,Asia,Western Asia,44,coast
78,ssp245_near-term,28.381130039691925,Lebanon,422,LBN,Asia,Western Asia,44,coast
78,ssp585_current,19.707560889422894,Lebanon,422,LBN,Asia,Western Asia,44,coast
78,ssp585_medium-term,35.88621300458908,Lebanon,422,LBN,Asia,Western Asia,44,coast
78,ssp585_near-term,27.79127499461174,Lebanon,422,LBN,Asia,Western Asia,44,coast
79,ssp245_current,25.591974139213562,Israel,376,ISR,Asia,Western Asia,49,coast
79,ssp245_medium-term,39.09507900476456,Israel,376,ISR,Asia,Western Asia,49,coast
79,ssp245_near-term,31.99146082252264,Israel,376,ISR,Asia,Western Asia,49,coast
79,ssp585_current,26.217822030186653,Israel,376,ISR,Asia,Western Asia,49,coast
79,ssp585_medium-term,40.74469790607691,Israel,376,ISR,Asia,Western Asia,49,coast
79,ssp585_near-term,31.54216044396162,Israel,376,ISR,Asia,Western Asia,49,coast
80,ssp245_current,927.9498273404315,Greece,300,GRC,Europe,Southern Europe,1745,coast
80,ssp245_medium-term,1568.4074784498662,Greece,300,GRC,Europe,Southern Europe,1745,coast
80,ssp245_near-term,1248.9980058241636,Greece,300,GRC,Europe,Southern Europe,1745,coast
80,ssp585_current,981.6130459178239,Greece,300,GRC,Europe,Southern Europe,1745,coast
80,ssp585_medium-term,1666.4318770989776,Greece,300,GRC,Europe,Southern Europe,1745,coast
80,ssp585_near-term,1273.7684403117746,Greece,300,GRC,Europe,Southern Europe,1745,coast
81,ssp245_current,48.44976623542607,Cyprus,196,CYP,Asia,Western Asia,138,coast
81,ssp245_medium-term,89.82076838612556,Cyprus,196,CYP,Asia,Western Asia,138,coast
81,ssp245_near-term,69.60482754185796,Cyprus,196,CYP,Asia,Western Asia,138,coast
81,ssp585_current,52.46931741014123,Cyprus,196,CYP,Asia,Western Asia,138,coast
81,ssp585_medium-term,97.12719665840268,Cyprus,196,CYP,Asia,Western Asia,138,coast
81,ssp585_near-term,67.04582954384387,Cyprus,196,CYP,Asia,Western Asia,138,coast
82,ssp245_current,19.637664201203734,Albania,8,ALB,Europe,Southern Europe,73,coast
82,ssp245_medium-term,37.267373096197844,Albania,8,ALB,Europe,Southern Europe,73,coast
82,ssp245_near-term,28.605221132282168,Albania,8,ALB,Europe,Southern Europe,73,coast
82,ssp585_current,23.32697190530598,Albania,8,ALB,Europe,Southern Europe,73,coast
82,ssp585_medium-term,43.93434740230441,Albania,8,ALB,Europe,Southern Europe,73,coast
82,ssp585_near-term,27.06457284046337,Albania,8,ALB,Europe,Southern Europe,73,coast
84,ssp245_current,101.09688779711723,Algeria,12,DZA,Africa,Northern Africa,266,coast
84,ssp245_medium-term,208.78428154438734,Algeria,12,DZA,Africa,Northern Africa,266,coast
84,ssp245_near-term,168.75168052315712,Algeria,12,DZA,Africa,Northern Africa,266,coast
84,ssp585_current,108.32151908474043,Algeria,12,DZA,Africa,Northern Africa,266,coast
84,ssp585_medium-term,228.28084484580904,Algeria,12,DZA,Africa,Northern Africa,266,coast
84,ssp585_near-term,169.63842933718115,Algeria,12,DZA,Africa,Northern Africa,266,coast
85,ssp245_current,2.4008757919073105,Ascension,NA,NA,Europe,Northern Europe,16,coast
85,ssp245_medium-term,9.301661491394043,Ascension,NA,NA,Europe,Northern Europe,16,coast
85,ssp245_near-term,5.13350972533226,Ascension,NA,NA,Europe,Northern Europe,16,coast
85,ssp585_current,2.486808568239212,Ascension,NA,NA,Europe,Northern Europe,16,coast
85,ssp585_medium-term,9.947287499904633,Ascension,NA,NA,Europe,Northern Europe,16,coast
85,ssp585_near-term,4.870002299547195,Ascension,NA,NA,Europe,Northern Europe,16,coast
86,ssp245_current,2.25810506939888,Saint Helena,654,SHN,Africa,Western Africa,16,coast
86,ssp245_medium-term,7.642024666070938,Saint Helena,654,SHN,Africa,Western Africa,16,coast
86,ssp245_near-term,4.8567842692136765,Saint Helena,654,SHN,Africa,Western Africa,16,coast
86,ssp585_current,2.25631795078516,Saint Helena,654,SHN,Africa,Western Africa,16,coast
86,ssp585_medium-term,10.630106300115585,Saint Helena,654,SHN,Africa,Western Africa,16,coast
86,ssp585_near-term,4.524923667311668,Saint Helena,654,SHN,Africa,Western Africa,16,coast
88,ssp245_current,7.293727740645409,Tristan da Cunha,NA,NA,Europe,Northern Europe,31,coast
88,ssp245_medium-term,12.981119245290756,Tristan da Cunha,NA,NA,Europe,Northern Europe,31,coast
88,ssp245_near-term,8.809242725372314,Tristan da Cunha,NA,NA,Europe,Northern Europe,31,coast
88,ssp585_current,7.258581593632698,Tristan da Cunha,NA,NA,Europe,Northern Europe,31,coast
88,ssp585_medium-term,16.996050387620926,Tristan da Cunha,NA,NA,Europe,Northern Europe,31,coast
88,ssp585_near-term,9.858168601989746,Tristan da Cunha,NA,NA,Europe,Northern Europe,31,coast
89,ssp245_current,75.73314533988014,South Georgia and the South Sandwich Islands,239,SGS,Latin America and the Caribbean,South America,264,coast
89,ssp245_medium-term,122.20518298167735,South Georgia and the South Sandwich Islands,239,SGS,Latin America and the Caribbean,South America,264,coast
89,ssp245_near-term,76.12666007969528,South Georgia and the South Sandwich Islands,239,SGS,Latin America and the Caribbean,South America,264,coast
89,ssp585_current,64.39530741237104,South Georgia and the South Sandwich Islands,239,SGS,Latin America and the Caribbean,South America,264,coast
89,ssp585_medium-term,149.23078054189682,South Georgia and the South Sandwich Islands,239,SGS,Latin America and the Caribbean,South America,264,coast
89,ssp585_near-term,93.48730796109885,South Georgia and the South Sandwich Islands,239,SGS,Latin America and the Caribbean,South America,264,coast
90,ssp245_current,8.087034590542316,Prince Edward Islands,NA,NA,Southern Islands,Southern Islands,37,coast
90,ssp245_medium-term,16.828136414289474,Prince Edward Islands,NA,NA,Southern Islands,Southern Islands,37,coast
90,ssp245_near-term,9.50184616446495,Prince Edward Islands,NA,NA,Southern Islands,Southern Islands,37,coast
90,ssp585_current,6.574855484068394,Prince Edward Islands,NA,NA,Southern Islands,Southern Islands,37,coast
90,ssp585_medium-term,20.326498091220856,Prince Edward Islands,NA,NA,Southern Islands,Southern Islands,37,coast
90,ssp585_near-term,11.55208845436573,Prince Edward Islands,NA,NA,Southern Islands,Southern Islands,37,coast
91,ssp245_current,7.461084306240082,Crozet Islands,NA,NA,Southern Islands,Southern Islands,28,coast
91,ssp245_medium-term,16.427982419729233,Crozet Islands,NA,NA,Southern Islands,Southern Islands,28,coast
91,ssp245_near-term,8.820177853107452,Crozet Islands,NA,NA,Southern Islands,Southern Islands,28,coast
91,ssp585_current,5.607890114188194,Crozet Islands,NA,NA,Southern Islands,Southern Islands,28,coast
91,ssp585_medium-term,18.567209601402283,Crozet Islands,NA,NA,Southern Islands,Southern Islands,28,coast
91,ssp585_near-term,10.854192167520523,Crozet Islands,NA,NA,Southern Islands,Southern Islands,28,coast
92,ssp245_current,2.6363179311156273,Amsterdam Island and Saint Paul Island,NA,NA,Southern Islands,Southern Islands,24,coast
92,ssp245_medium-term,6.918362379074097,Amsterdam Island and Saint Paul Island,NA,NA,Southern Islands,Southern Islands,24,coast
92,ssp245_near-term,4.343524917960167,Amsterdam Island and Saint Paul Island,NA,NA,Southern Islands,Southern Islands,24,coast
92,ssp585_current,3.066477492451668,Amsterdam Island and Saint Paul Island,NA,NA,Southern Islands,Southern Islands,24,coast
92,ssp585_medium-term,9.72942852973938,Amsterdam Island and Saint Paul Island,NA,NA,Southern Islands,Southern Islands,24,coast
92,ssp585_near-term,5.177594557404518,Amsterdam Island and Saint Paul Island,NA,NA,Southern Islands,Southern Islands,24,coast
93,ssp245_current,48.379371574148536,Kerguelen Islands,NA,NA,Southern Islands,Southern Islands,184,coast
93,ssp245_medium-term,109.27799309045076,Kerguelen Islands,NA,NA,Southern Islands,Southern Islands,184,coast
93,ssp245_near-term,55.331638149917126,Kerguelen Islands,NA,NA,Southern Islands,Southern Islands,184,coast
93,ssp585_current,43.56195220910013,Kerguelen Islands,NA,NA,Southern Islands,Southern Islands,184,coast
93,ssp585_medium-term,124.38284783810377,Kerguelen Islands,NA,NA,Southern Islands,Southern Islands,184,coast
93,ssp585_near-term,70.14677135646343,Kerguelen Islands,NA,NA,Southern Islands,Southern Islands,184,coast
94,ssp245_current,6.8686960488557816,Heard and McDonald Islands,NA,NA,Southern Islands,Southern Islands,24,coast
94,ssp245_medium-term,17.598970890045166,Heard and McDonald Islands,NA,NA,Southern Islands,Southern Islands,24,coast
94,ssp245_near-term,8.880145639181137,Heard and McDonald Islands,NA,NA,Southern Islands,Southern Islands,24,coast
94,ssp585_current,5.808555357158184,Heard and McDonald Islands,NA,NA,Southern Islands,Southern Islands,24,coast
94,ssp585_medium-term,19.06593531370163,Heard and McDonald Islands,NA,NA,Southern Islands,Southern Islands,24,coast
94,ssp585_near-term,10.722450137138367,Heard and McDonald Islands,NA,NA,Southern Islands,Southern Islands,24,coast
95,ssp245_current,71.79727490991354,Falkland Islands,238,FLK,Latin America and the Caribbean,South America,331,coast
95,ssp245_medium-term,108.08776387874968,Falkland Islands,238,FLK,Latin America and the Caribbean,South America,331,coast
95,ssp245_near-term,72.95140702323988,Falkland Islands,238,FLK,Latin America and the Caribbean,South America,331,coast
95,ssp585_current,68.8193237350788,Falkland Islands,238,FLK,Latin America and the Caribbean,South America,331,coast
95,ssp585_medium-term,134.53762801503763,Falkland Islands,238,FLK,Latin America and the Caribbean,South America,331,coast
95,ssp585_near-term,80.7474626568146,Falkland Islands,238,FLK,Latin America and the Caribbean,South America,331,coast
96,ssp245_current,61.15543010109104,Sierra Leone,694,SLE,Africa,Western Africa,126,coast
96,ssp245_medium-term,95.8688552249223,Sierra Leone,694,SLE,Africa,Western Africa,126,coast
96,ssp245_near-term,76.00204474199563,Sierra Leone,694,SLE,Africa,Western Africa,126,coast
96,ssp585_current,60.702320441138,Sierra Leone,694,SLE,Africa,Western Africa,126,coast
96,ssp585_medium-term,99.99646624270827,Sierra Leone,694,SLE,Africa,Western Africa,126,coast
96,ssp585_near-term,75.30647134780884,Sierra Leone,694,SLE,Africa,Western Africa,126,coast
97,ssp245_current,75.16041591390967,Liberia,430,LBR,Africa,Western Africa,140,coast
97,ssp245_medium-term,124.62278378754854,Liberia,430,LBR,Africa,Western Africa,140,coast
97,ssp245_near-term,99.65617850609124,Liberia,430,LBR,Africa,Western Africa,140,coast
97,ssp585_current,73.8569843582809,Liberia,430,LBR,Africa,Western Africa,140,coast
97,ssp585_medium-term,127.30986290797591,Liberia,430,LBR,Africa,Western Africa,140,coast
97,ssp585_near-term,98.97740237787366,Liberia,430,LBR,Africa,Western Africa,140,coast
98,ssp245_current,7.640794277191162,Togo,768,TGO,Africa,Western Africa,10,coast
98,ssp245_medium-term,13.86516559123993,Togo,768,TGO,Africa,Western Africa,10,coast
98,ssp245_near-term,10.910406172275543,Togo,768,TGO,Africa,Western Africa,10,coast
98,ssp585_current,7.728381335735321,Togo,768,TGO,Africa,Western Africa,10,coast
98,ssp585_medium-term,14.43026351928711,Togo,768,TGO,Africa,Western Africa,10,coast
98,ssp585_near-term,11.048277914524078,Togo,768,TGO,Africa,Western Africa,10,coast
99,ssp245_current,20.66009783744812,Benin,204,BEN,Africa,Western Africa,24,coast
99,ssp245_medium-term,39.995973110198975,Benin,204,BEN,Africa,Western Africa,24,coast
99,ssp245_near-term,29.91444891691208,Benin,204,BEN,Africa,Western Africa,24,coast
99,ssp585_current,20.97137451171875,Benin,204,BEN,Africa,Western Africa,24,coast
99,ssp585_medium-term,41.272292613983154,Benin,204,BEN,Africa,Western Africa,24,coast
99,ssp585_near-term,30.342069149017334,Benin,204,BEN,Africa,Western Africa,24,coast
100,ssp245_current,27.461832270026207,Republique du Congo,NA,NA,Africa,Middle Africa,43,coast
100,ssp245_medium-term,41.13997194170952,Republique du Congo,NA,NA,Africa,Middle Africa,43,coast
100,ssp245_near-term,33.42545033991337,Republique du Congo,NA,NA,Africa,Middle Africa,43,coast
100,ssp585_current,27.010067984461784,Republique du Congo,NA,NA,Africa,Middle Africa,43,coast
100,ssp585_medium-term,47.9844514131546,Republique du Congo,NA,NA,Africa,Middle Africa,43,coast
100,ssp585_near-term,35.911008939146996,Republique du Congo,NA,NA,Africa,Middle Africa,43,coast
101,ssp245_current,115.14908887911588,Namibia,516,NAM,Africa,Southern Africa,359,coast
101,ssp245_medium-term,246.95012806728482,Namibia,516,NAM,Africa,Southern Africa,359,coast
101,ssp245_near-term,170.86768733523786,Namibia,516,NAM,Africa,Southern Africa,359,coast
101,ssp585_current,117.65352378413081,Namibia,516,NAM,Africa,Southern Africa,359,coast
101,ssp585_medium-term,289.4276502728462,Namibia,516,NAM,Africa,Southern Africa,359,coast
101,ssp585_near-term,175.34226476028562,Namibia,516,NAM,Africa,Southern Africa,359,coast
102,ssp245_current,210.95195584418252,South Africa,710,ZAF,Africa,Southern Africa,689,coast
102,ssp245_medium-term,445.1908044619486,South Africa,710,ZAF,Africa,Southern Africa,689,coast
102,ssp245_near-term,323.6158925355412,South Africa,710,ZAF,Africa,Southern Africa,689,coast
102,ssp585_current,219.4919894428458,South Africa,710,ZAF,Africa,Southern Africa,689,coast
102,ssp585_medium-term,514.1079399553128,South Africa,710,ZAF,Africa,Southern Africa,689,coast
102,ssp585_near-term,316.6421245869715,South Africa,710,ZAF,Africa,Southern Africa,689,coast
103,ssp245_current,20.154012967832386,Sao Tome and Principe,678,STP,Africa,Middle Africa,54,coast
103,ssp245_medium-term,45.40183183550835,Sao Tome and Principe,678,STP,Africa,Middle Africa,54,coast
103,ssp245_near-term,33.10631896555424,Sao Tome and Principe,678,STP,Africa,Middle Africa,54,coast
103,ssp585_current,20.621863739565015,Sao Tome and Principe,678,STP,Africa,Middle Africa,54,coast
103,ssp585_medium-term,50.93519050069153,Sao Tome and Principe,678,STP,Africa,Middle Africa,54,coast
103,ssp585_near-term,36.82101027388126,Sao Tome and Principe,678,STP,Africa,Middle Africa,54,coast
104,ssp245_current,47.526388201862574,Equatorial Guinea,226,GNQ,Africa,Middle Africa,131,coast
104,ssp245_medium-term,112.44753758609295,Equatorial Guinea,226,GNQ,Africa,Middle Africa,131,coast
104,ssp245_near-term,81.57488902658224,Equatorial Guinea,226,GNQ,Africa,Middle Africa,131,coast
104,ssp585_current,48.220440754666924,Equatorial Guinea,226,GNQ,Africa,Middle Africa,131,coast
104,ssp585_medium-term,122.0677986741066,Equatorial Guinea,226,GNQ,Africa,Middle Africa,131,coast
104,ssp585_near-term,88.43524975329638,Equatorial Guinea,226,GNQ,Africa,Middle Africa,131,coast
105,ssp245_current,4.540059506893158,Bouvet Island,74,BVT,Latin America and the Caribbean,South America,16,coast
105,ssp245_medium-term,8.01731887459755,Bouvet Island,74,BVT,Latin America and the Caribbean,South America,16,coast
105,ssp245_near-term,5.17184442281723,Bouvet Island,74,BVT,Latin America and the Caribbean,South America,16,coast
105,ssp585_current,3.905463382601738,Bouvet Island,74,BVT,Latin America and the Caribbean,South America,16,coast
105,ssp585_medium-term,10.33294028043747,Bouvet Island,74,BVT,Latin America and the Caribbean,South America,16,coast
105,ssp585_near-term,6.469787240028381,Bouvet Island,74,BVT,Latin America and the Caribbean,South America,16,coast
106,ssp245_current,73.34406731836498,Ghana,288,GHA,Africa,Western Africa,122,coast
106,ssp245_medium-term,125.83624201640487,Ghana,288,GHA,Africa,Western Africa,122,coast
106,ssp245_near-term,95.9766796939075,Ghana,288,GHA,Africa,Western Africa,122,coast
106,ssp585_current,73.7065940015018,Ghana,288,GHA,Africa,Western Africa,122,coast
106,ssp585_medium-term,139.3167318738997,Ghana,288,GHA,Africa,Western Africa,122,coast
106,ssp585_near-term,97.99860725924373,Ghana,288,GHA,Africa,Western Africa,122,coast
107,ssp245_current,4.314261972904205,Clipperton Island,NA,NA,Latin America and the Caribbean,Central America,12,coast
107,ssp245_medium-term,7.651769816875458,Clipperton Island,NA,NA,Latin America and the Caribbean,Central America,12,coast
107,ssp245_near-term,5.695367068052292,Clipperton Island,NA,NA,Latin America and the Caribbean,Central America,12,coast
107,ssp585_current,4.185583621263504,Clipperton Island,NA,NA,Latin America and the Caribbean,Central America,12,coast
107,ssp585_medium-term,8.567109286785126,Clipperton Island,NA,NA,Latin America and the Caribbean,Central America,12,coast
107,ssp585_near-term,6.454509824514389,Clipperton Island,NA,NA,Latin America and the Caribbean,Central America,12,coast
108,ssp245_current,2.7495689764618874,Bermuda,60,BMU,Northern America,Northern America,25,coast
108,ssp245_medium-term,7.823733597993851,Bermuda,60,BMU,Northern America,Northern America,25,coast
108,ssp245_near-term,5.521961033344269,Bermuda,60,BMU,Northern America,Northern America,25,coast
108,ssp585_current,2.6719253435730934,Bermuda,60,BMU,Northern America,Northern America,25,coast
108,ssp585_medium-term,10.43292060494423,Bermuda,60,BMU,Northern America,Northern America,25,coast
108,ssp585_near-term,6.799784719944,Bermuda,60,BMU,Northern America,Northern America,25,coast
110,ssp245_current,158.1781591635663,Bahamas,44,BHS,Latin America and the Caribbean,Caribbean,900,coast
110,ssp245_medium-term,503.22269145026803,Bahamas,44,BHS,Latin America and the Caribbean,Caribbean,900,coast
110,ssp245_near-term,327.1154920568224,Bahamas,44,BHS,Latin America and the Caribbean,Caribbean,900,coast
110,ssp585_current,177.25653850403614,Bahamas,44,BHS,Latin America and the Caribbean,Caribbean,900,coast
110,ssp585_medium-term,583.9304308677092,Bahamas,44,BHS,Latin America and the Caribbean,Caribbean,900,coast
110,ssp585_near-term,325.59763566893525,Bahamas,44,BHS,Latin America and the Caribbean,Caribbean,900,coast
111,ssp245_current,13.268577754497528,Turks and Caicos Islands,796,TCA,Latin America and the Caribbean,Caribbean,95,coast
111,ssp245_medium-term,58.00263658165932,Turks and Caicos Islands,796,TCA,Latin America and the Caribbean,Caribbean,95,coast
111,ssp245_near-term,36.99397951364517,Turks and Caicos Islands,796,TCA,Latin America and the Caribbean,Caribbean,95,coast
111,ssp585_current,15.218172520399094,Turks and Caicos Islands,796,TCA,Latin America and the Caribbean,Caribbean,95,coast
111,ssp585_medium-term,69.50082167983055,Turks and Caicos Islands,796,TCA,Latin America and the Caribbean,Caribbean,95,coast
111,ssp585_near-term,36.994148567318916,Turks and Caicos Islands,796,TCA,Latin America and the Caribbean,Caribbean,95,coast
112,ssp245_current,240.59216295694932,Cuba,192,CUB,Latin America and the Caribbean,Caribbean,1006,coast
112,ssp245_medium-term,829.2544714165851,Cuba,192,CUB,Latin America and the Caribbean,Caribbean,1006,coast
112,ssp245_near-term,539.0070298891515,Cuba,192,CUB,Latin America and the Caribbean,Caribbean,1006,coast
112,ssp585_current,252.05008111312054,Cuba,192,CUB,Latin America and the Caribbean,Caribbean,1006,coast
112,ssp585_medium-term,891.8369577350095,Cuba,192,CUB,Latin America and the Caribbean,Caribbean,1006,coast
112,ssp585_near-term,558.4799980488606,Cuba,192,CUB,Latin America and the Caribbean,Caribbean,1006,coast
113,ssp245_current,9.2069101780653,Cayman Islands,136,CYM,Latin America and the Caribbean,Caribbean,45,coast
113,ssp245_medium-term,27.342236757278442,Cayman Islands,136,CYM,Latin America and the Caribbean,Caribbean,45,coast
113,ssp245_near-term,19.418299734592438,Cayman Islands,136,CYM,Latin America and the Caribbean,Caribbean,45,coast
113,ssp585_current,10.06535455584526,Cayman Islands,136,CYM,Latin America and the Caribbean,Caribbean,45,coast
113,ssp585_medium-term,29.51736867427826,Cayman Islands,136,CYM,Latin America and the Caribbean,Caribbean,45,coast
113,ssp585_near-term,20.194871962070465,Cayman Islands,136,CYM,Latin America and the Caribbean,Caribbean,45,coast
114,ssp245_current,89.5326895348262,Haiti,332,HTI,Latin America and the Caribbean,Caribbean,287,coast
114,ssp245_medium-term,271.9271156801842,Haiti,332,HTI,Latin America and the Caribbean,Caribbean,287,coast
114,ssp245_near-term,203.90184190392029,Haiti,332,HTI,Latin America and the Caribbean,Caribbean,287,coast
114,ssp585_current,90.98056946846191,Haiti,332,HTI,Latin America and the Caribbean,Caribbean,287,coast
114,ssp585_medium-term,286.34384599677287,Haiti,332,HTI,Latin America and the Caribbean,Caribbean,287,coast
114,ssp585_near-term,207.03220204252284,Haiti,332,HTI,Latin America and the Caribbean,Caribbean,287,coast
115,ssp245_current,74.75578534777742,Dominican Republic,214,DOM,Latin America and the Caribbean,Caribbean,260,coast
115,ssp245_medium-term,216.63958732271567,Dominican Republic,214,DOM,Latin America and the Caribbean,Caribbean,260,coast
115,ssp245_near-term,167.0240659979172,Dominican Republic,214,DOM,Latin America and the Caribbean,Caribbean,260,coast
115,ssp585_current,78.18543331127148,Dominican Republic,214,DOM,Latin America and the Caribbean,Caribbean,260,coast
115,ssp585_medium-term,239.54982774704695,Dominican Republic,214,DOM,Latin America and the Caribbean,Caribbean,260,coast
115,ssp585_near-term,166.9828388808528,Dominican Republic,214,DOM,Latin America and the Caribbean,Caribbean,260,coast
116,ssp245_current,55.865866115665995,Puerto Rico and Virgin Islands of the United States,NA,NA,Latin America and the Caribbean,Caribbean,184,coast
116,ssp245_medium-term,153.00458077038638,Puerto Rico and Virgin Islands of the United States,NA,NA,Latin America and the Caribbean,Caribbean,184,coast
116,ssp245_near-term,113.09477425424848,Puerto Rico and Virgin Islands of the United States,NA,NA,Latin America and the Caribbean,Caribbean,184,coast
116,ssp585_current,62.02034234511666,Puerto Rico and Virgin Islands of the United States,NA,NA,Latin America and the Caribbean,Caribbean,184,coast
116,ssp585_medium-term,170.08826584694907,Puerto Rico and Virgin Islands of the United States,NA,NA,Latin America and the Caribbean,Caribbean,184,coast
116,ssp585_near-term,115.25659354939125,Puerto Rico and Virgin Islands of the United States,NA,NA,Latin America and the Caribbean,Caribbean,184,coast
117,ssp245_current,6.013491205871105,British Virgin Islands,92,VGB,Latin America and the Caribbean,Caribbean,40,coast
117,ssp245_medium-term,26.137436419725418,British Virgin Islands,92,VGB,Latin America and the Caribbean,Caribbean,40,coast
117,ssp245_near-term,16.359689354896545,British Virgin Islands,92,VGB,Latin America and the Caribbean,Caribbean,40,coast
117,ssp585_current,7.653911076486111,British Virgin Islands,92,VGB,Latin America and the Caribbean,Caribbean,40,coast
117,ssp585_medium-term,31.426559418439865,British Virgin Islands,92,VGB,Latin America and the Caribbean,Caribbean,40,coast
117,ssp585_near-term,17.442489355802536,British Virgin Islands,92,VGB,Latin America and the Caribbean,Caribbean,40,coast
118,ssp245_current,3.698177255690098,Anguilla,660,AIA,Latin America and the Caribbean,Caribbean,28,coast
118,ssp245_medium-term,17.133022278547287,Anguilla,660,AIA,Latin America and the Caribbean,Caribbean,28,coast
118,ssp245_near-term,10.777046412229538,Anguilla,660,AIA,Latin America and the Caribbean,Caribbean,28,coast
118,ssp585_current,4.413926027715206,Anguilla,660,AIA,Latin America and the Caribbean,Caribbean,28,coast
118,ssp585_medium-term,19.938879907131195,Anguilla,660,AIA,Latin America and the Caribbean,Caribbean,28,coast
118,ssp585_near-term,11.032288938760757,Anguilla,660,AIA,Latin America and the Caribbean,Caribbean,28,coast
119,ssp245_current,1.6642365269362926,Saint Kitts and Nevis,659,KNA,Latin America and the Caribbean,Caribbean,27,coast
119,ssp245_medium-term,14.802866518497467,Saint Kitts and Nevis,659,KNA,Latin America and the Caribbean,Caribbean,27,coast
119,ssp245_near-term,8.962475299835205,Saint Kitts and Nevis,659,KNA,Latin America and the Caribbean,Caribbean,27,coast
119,ssp585_current,2.694987416267395,Saint Kitts and Nevis,659,KNA,Latin America and the Caribbean,Caribbean,27,coast
119,ssp585_medium-term,18.671245336532593,Saint Kitts and Nevis,659,KNA,Latin America and the Caribbean,Caribbean,27,coast
119,ssp585_near-term,9.33202776312828,Saint Kitts and Nevis,659,KNA,Latin America and the Caribbean,Caribbean,27,coast
120,ssp245_current,2.461339483037591,Antigua and Barbuda,28,ATG,Latin America and the Caribbean,Caribbean,47,coast
120,ssp245_medium-term,20.96198445558548,Antigua and Barbuda,28,ATG,Latin America and the Caribbean,Caribbean,47,coast
120,ssp245_near-term,11.506487153470516,Antigua and Barbuda,28,ATG,Latin America and the Caribbean,Caribbean,47,coast
120,ssp585_current,4.341368529945612,Antigua and Barbuda,28,ATG,Latin America and the Caribbean,Caribbean,47,coast
120,ssp585_medium-term,27.36408621072769,Antigua and Barbuda,28,ATG,Latin America and the Caribbean,Caribbean,47,coast
120,ssp585_near-term,11.893216490745544,Antigua and Barbuda,28,ATG,Latin America and the Caribbean,Caribbean,47,coast
121,ssp245_current,2.435341626405716,Montserrat,500,MSR,Latin America and the Caribbean,Caribbean,15,coast
121,ssp245_medium-term,10.48098236322403,Montserrat,500,MSR,Latin America and the Caribbean,Caribbean,15,coast
121,ssp245_near-term,7.226276129484177,Montserrat,500,MSR,Latin America and the Caribbean,Caribbean,15,coast
121,ssp585_current,2.92935274541378,Montserrat,500,MSR,Latin America and the Caribbean,Caribbean,15,coast
121,ssp585_medium-term,11.955929160118103,Montserrat,500,MSR,Latin America and the Caribbean,Caribbean,15,coast
121,ssp585_near-term,7.059978544712067,Montserrat,500,MSR,Latin America and the Caribbean,Caribbean,15,coast
122,ssp245_current,8.199073401512578,Saint Lucia,662,LCA,Latin America and the Caribbean,Caribbean,35,coast
122,ssp245_medium-term,26.46527261985466,Saint Lucia,662,LCA,Latin America and the Caribbean,Caribbean,35,coast
122,ssp245_near-term,18.148999657016248,Saint Lucia,662,LCA,Latin America and the Caribbean,Caribbean,35,coast
122,ssp585_current,8.672208124073222,Saint Lucia,662,LCA,Latin America and the Caribbean,Caribbean,35,coast
122,ssp585_medium-term,29.852718983776867,Saint Lucia,662,LCA,Latin America and the Caribbean,Caribbean,35,coast
122,ssp585_near-term,18.27502849092707,Saint Lucia,662,LCA,Latin America and the Caribbean,Caribbean,35,coast
123,ssp245_current,2.4353672871366143,Dominica,212,DMA,Latin America and the Caribbean,Caribbean,35,coast
123,ssp245_medium-term,22.135850355029106,Dominica,212,DMA,Latin America and the Caribbean,Caribbean,35,coast
123,ssp245_near-term,12.794755686074495,Dominica,212,DMA,Latin America and the Caribbean,Caribbean,35,coast
123,ssp585_current,3.1153164049610496,Dominica,212,DMA,Latin America and the Caribbean,Caribbean,35,coast
123,ssp585_medium-term,25.901289090514183,Dominica,212,DMA,Latin America and the Caribbean,Caribbean,35,coast
123,ssp585_near-term,12.853519726544619,Dominica,212,DMA,Latin America and the Caribbean,Caribbean,35,coast
124,ssp245_current,4.400644384324551,Barbados,52,BRB,Latin America and the Caribbean,Caribbean,31,coast
124,ssp245_medium-term,14.834854423999786,Barbados,52,BRB,Latin America and the Caribbean,Caribbean,31,coast
124,ssp245_near-term,9.984816279262304,Barbados,52,BRB,Latin America and the Caribbean,Caribbean,31,coast
124,ssp585_current,4.5461098700761795,Barbados,52,BRB,Latin America and the Caribbean,Caribbean,31,coast
124,ssp585_medium-term,18.642221353948116,Barbados,52,BRB,Latin America and the Caribbean,Caribbean,31,coast
124,ssp585_near-term,10.332000490278006,Barbados,52,BRB,Latin America and the Caribbean,Caribbean,31,coast
125,ssp245_current,9.868759721517563,Grenada,308,GRD,Latin America and the Caribbean,Caribbean,36,coast
125,ssp245_medium-term,27.862223744392395,Grenada,308,GRD,Latin America and the Caribbean,Caribbean,36,coast
125,ssp245_near-term,19.540048226714134,Grenada,308,GRD,Latin America and the Caribbean,Caribbean,36,coast
125,ssp585_current,9.921036213636398,Grenada,308,GRD,Latin America and the Caribbean,Caribbean,36,coast
125,ssp585_medium-term,31.591611236333847,Grenada,308,GRD,Latin America and the Caribbean,Caribbean,36,coast
125,ssp585_near-term,20.19071689248085,Grenada,308,GRD,Latin America and the Caribbean,Caribbean,36,coast
126,ssp245_current,37.09017810225487,Trinidad and Tobago,780,TTO,Latin America and the Caribbean,Caribbean,117,coast
126,ssp245_medium-term,86.38369330763817,Trinidad and Tobago,780,TTO,Latin America and the Caribbean,Caribbean,117,coast
126,ssp245_near-term,64.99630954861641,Trinidad and Tobago,780,TTO,Latin America and the Caribbean,Caribbean,117,coast
126,ssp585_current,38.9661879837513,Trinidad and Tobago,780,TTO,Latin America and the Caribbean,Caribbean,117,coast
126,ssp585_medium-term,97.79519313573837,Trinidad and Tobago,780,TTO,Latin America and the Caribbean,Caribbean,117,coast
126,ssp585_near-term,66.8742683082819,Trinidad and Tobago,780,TTO,Latin America and the Caribbean,Caribbean,117,coast
127,ssp245_current,9.960044547915459,Saint Vincent and the Grenadines,670,VCT,Latin America and the Caribbean,Caribbean,52,coast
127,ssp245_medium-term,36.30456182360649,Saint Vincent and the Grenadines,670,VCT,Latin America and the Caribbean,Caribbean,52,coast
127,ssp245_near-term,23.986311078071594,Saint Vincent and the Grenadines,670,VCT,Latin America and the Caribbean,Caribbean,52,coast
127,ssp585_current,10.23546064645052,Saint Vincent and the Grenadines,670,VCT,Latin America and the Caribbean,Caribbean,52,coast
127,ssp585_medium-term,41.990575551986694,Saint Vincent and the Grenadines,670,VCT,Latin America and the Caribbean,Caribbean,52,coast
127,ssp585_near-term,25.032665848731995,Saint Vincent and the Grenadines,670,VCT,Latin America and the Caribbean,Caribbean,52,coast
129,ssp245_current,201.67486030317377,Panama,591,PAN,Latin America and the Caribbean,Central America,561,coast
129,ssp245_medium-term,453.1187254495453,Panama,591,PAN,Latin America and the Caribbean,Central America,561,coast
129,ssp245_near-term,345.80902274360415,Panama,591,PAN,Latin America and the Caribbean,Central America,561,coast
129,ssp585_current,193.45388730510604,Panama,591,PAN,Latin America and the Caribbean,Central America,561,coast
129,ssp585_medium-term,505.44189609074965,Panama,591,PAN,Latin America and the Caribbean,Central America,561,coast
129,ssp585_near-term,354.7361796858022,Panama,591,PAN,Latin America and the Caribbean,Central America,561,coast
130,ssp245_current,101.42010240908712,Costa Rica,188,CRI,Latin America and the Caribbean,Central America,256,coast
130,ssp245_medium-term,214.03369076177478,Costa Rica,188,CRI,Latin America and the Caribbean,Central America,256,coast
130,ssp245_near-term,156.40491292998195,Costa Rica,188,CRI,Latin America and the Caribbean,Central America,256,coast
130,ssp585_current,98.21376544982195,Costa Rica,188,CRI,Latin America and the Caribbean,Central America,256,coast
130,ssp585_medium-term,239.3403525389731,Costa Rica,188,CRI,Latin America and the Caribbean,Central America,256,coast
130,ssp585_near-term,160.6957250405103,Costa Rica,188,CRI,Latin America and the Caribbean,Central America,256,coast
131,ssp245_current,100.39681396074593,Nicaragua,558,NIC,Latin America and the Caribbean,Central America,284,coast
131,ssp245_medium-term,222.37631345540285,Nicaragua,558,NIC,Latin America and the Caribbean,Central America,284,coast
131,ssp245_near-term,174.17669981718063,Nicaragua,558,NIC,Latin America and the Caribbean,Central America,284,coast
131,ssp585_current,93.28345653414726,Nicaragua,558,NIC,Latin America and the Caribbean,Central America,284,coast
131,ssp585_medium-term,273.3782138079405,Nicaragua,558,NIC,Latin America and the Caribbean,Central America,284,coast
131,ssp585_near-term,176.84413596615195,Nicaragua,558,NIC,Latin America and the Caribbean,Central America,284,coast
132,ssp245_current,226.56380465533584,Colombia,170,COL,Latin America and the Caribbean,South America,610,coast
132,ssp245_medium-term,490.8042347319424,Colombia,170,COL,Latin America and the Caribbean,South America,610,coast
132,ssp245_near-term,387.08189302124083,Colombia,170,COL,Latin America and the Caribbean,South America,610,coast
132,ssp585_current,217.6322852219455,Colombia,170,COL,Latin America and the Caribbean,South America,610,coast
132,ssp585_medium-term,539.3232016246766,Colombia,170,COL,Latin America and the Caribbean,South America,610,coast
132,ssp585_near-term,385.4796670069918,Colombia,170,COL,Latin America and the Caribbean,South America,610,coast
133,ssp245_current,78.89580713398755,Honduras,340,HND,Latin America and the Caribbean,Central America,264,coast
133,ssp245_medium-term,208.10135273262858,Honduras,340,HND,Latin America and the Caribbean,Central America,264,coast
133,ssp245_near-term,155.49137844890356,Honduras,340,HND,Latin America and the Caribbean,Central America,264,coast
133,ssp585_current,72.49585952237248,Honduras,340,HND,Latin America and the Caribbean,Central America,264,coast
133,ssp585_medium-term,237.5654240474105,Honduras,340,HND,Latin America and the Caribbean,Central America,264,coast
133,ssp585_near-term,161.8337952941656,Honduras,340,HND,Latin America and the Caribbean,Central America,264,coast
134,ssp245_current,31.115420185029507,El Salvador,222,SLV,Latin America and the Caribbean,Central America,64,coast
134,ssp245_medium-term,57.50633016228676,El Salvador,222,SLV,Latin America and the Caribbean,Central America,64,coast
134,ssp245_near-term,45.065530732274055,El Salvador,222,SLV,Latin America and the Caribbean,Central America,64,coast
134,ssp585_current,31.381058804690838,El Salvador,222,SLV,Latin America and the Caribbean,Central America,64,coast
134,ssp585_medium-term,61.95627427101135,El Salvador,222,SLV,Latin America and the Caribbean,Central America,64,coast
134,ssp585_near-term,46.99117274582386,El Salvador,222,SLV,Latin America and the Caribbean,Central America,64,coast
135,ssp245_current,1225.0444412892684,Mexico,484,MEX,Latin America and the Caribbean,Central America,2733,coast
135,ssp245_medium-term,2125.4710802603513,Mexico,484,MEX,Latin America and the Caribbean,Central America,2733,coast
135,ssp245_near-term,1683.550749098882,Mexico,484,MEX,Latin America and the Caribbean,Central America,2733,coast
135,ssp585_current,1205.5912782261148,Mexico,484,MEX,Latin America and the Caribbean,Central America,2733,coast
135,ssp585_medium-term,2339.5250633787364,Mexico,484,MEX,Latin America and the Caribbean,Central America,2733,coast
135,ssp585_near-term,1736.4546866361052,Mexico,484,MEX,Latin America and the Caribbean,Central America,2733,coast
136,ssp245_current,37.5200553946197,Guatemala,320,GTM,Latin America and the Caribbean,Central America,77,coast
136,ssp245_medium-term,66.98469351232052,Guatemala,320,GTM,Latin America and the Caribbean,Central America,77,coast
136,ssp245_near-term,54.22032208740711,Guatemala,320,GTM,Latin America and the Caribbean,Central America,77,coast
136,ssp585_current,37.895232351496816,Guatemala,320,GTM,Latin America and the Caribbean,Central America,77,coast
136,ssp585_medium-term,71.93328094482422,Guatemala,320,GTM,Latin America and the Caribbean,Central America,77,coast
136,ssp585_near-term,56.70143488422036,Guatemala,320,GTM,Latin America and the Caribbean,Central America,77,coast
137,ssp245_current,177.15008885785937,Ecuador,218,ECU,Latin America and the Caribbean,South America,573,coast
137,ssp245_medium-term,397.9284071866423,Ecuador,218,ECU,Latin America and the Caribbean,South America,573,coast
137,ssp245_near-term,322.1900793593377,Ecuador,218,ECU,Latin America and the Caribbean,South America,573,coast
137,ssp585_current,172.37513340543956,Ecuador,218,ECU,Latin America and the Caribbean,South America,573,coast
137,ssp585_medium-term,443.3499756194651,Ecuador,218,ECU,Latin America and the Caribbean,South America,573,coast
137,ssp585_near-term,323.94867325015366,Ecuador,218,ECU,Latin America and the Caribbean,South America,573,coast
138,ssp245_current,339.23998901061714,Peru,604,PER,Latin America and the Caribbean,South America,650,coast
138,ssp245_medium-term,553.1664626002312,Peru,604,PER,Latin America and the Caribbean,South America,650,coast
138,ssp245_near-term,466.56220852863044,Peru,604,PER,Latin America and the Caribbean,South America,650,coast
138,ssp585_current,330.5259760445915,Peru,604,PER,Latin America and the Caribbean,South America,650,coast
138,ssp585_medium-term,605.5760085163638,Peru,604,PER,Latin America and the Caribbean,South America,650,coast
138,ssp585_near-term,482.85821596113965,Peru,604,PER,Latin America and the Caribbean,South America,650,coast
139,ssp245_current,252.28542252536863,Venezuela,862,VEN,Latin America and the Caribbean,South America,867,coast
139,ssp245_medium-term,554.5501465387642,Venezuela,862,VEN,Latin America and the Caribbean,South America,867,coast
139,ssp245_near-term,448.3798546306789,Venezuela,862,VEN,Latin America and the Caribbean,South America,867,coast
139,ssp585_current,255.84832873940468,Venezuela,862,VEN,Latin America and the Caribbean,South America,867,coast
139,ssp585_medium-term,620.7848841100931,Venezuela,862,VEN,Latin America and the Caribbean,South America,867,coast
139,ssp585_near-term,443.83163053542376,Venezuela,862,VEN,Latin America and the Caribbean,South America,867,coast
140,ssp245_current,24.377473048865795,Guadeloupe and Martinique,NA,NA,Latin America and the Caribbean,Caribbean,133,coast
140,ssp245_medium-term,96.1749509871006,Guadeloupe and Martinique,NA,NA,Latin America and the Caribbean,Caribbean,133,coast
140,ssp245_near-term,64.44567795097828,Guadeloupe and Martinique,NA,NA,Latin America and the Caribbean,Caribbean,133,coast
140,ssp585_current,27.27898510545492,Guadeloupe and Martinique,NA,NA,Latin America and the Caribbean,Caribbean,133,coast
140,ssp585_medium-term,110.72443741559982,Guadeloupe and Martinique,NA,NA,Latin America and the Caribbean,Caribbean,133,coast
140,ssp585_near-term,64.94984041899443,Guadeloupe and Martinique,NA,NA,Latin America and the Caribbean,Caribbean,133,coast
141,ssp245_current,35.87757560610771,Faeroe Islands,NA,NA,Europe,Northern Europe,88,coast
141,ssp245_medium-term,46.56233210861683,Faeroe Islands,NA,NA,Europe,Northern Europe,88,coast
141,ssp245_near-term,42.13382077217102,Faeroe Islands,NA,NA,Europe,Northern Europe,88,coast
141,ssp585_current,36.19085042178631,Faeroe Islands,NA,NA,Europe,Northern Europe,88,coast
141,ssp585_medium-term,54.97146487236023,Faeroe Islands,NA,NA,Europe,Northern Europe,88,coast
141,ssp585_near-term,42.1297395080328,Faeroe Islands,NA,NA,Europe,Northern Europe,88,coast
143,ssp245_current,180.71953000454232,Iceland,352,ISL,Europe,Northern Europe,674,coast
143,ssp245_medium-term,240.93699782062322,Iceland,352,ISL,Europe,Northern Europe,674,coast
143,ssp245_near-term,226.48764845135156,Iceland,352,ISL,Europe,Northern Europe,674,coast
143,ssp585_current,204.59174088505097,Iceland,352,ISL,Europe,Northern Europe,674,coast
143,ssp585_medium-term,289.54782918444835,Iceland,352,ISL,Europe,Northern Europe,674,coast
143,ssp585_near-term,230.32512327330187,Iceland,352,ISL,Europe,Northern Europe,674,coast
144,ssp245_current,9.148499727249146,Jan Mayen,NA,NA,Europe,Northern Europe,41,coast
144,ssp245_medium-term,17.8824662566185,Jan Mayen,NA,NA,Europe,Northern Europe,41,coast
144,ssp245_near-term,11.542300939559937,Jan Mayen,NA,NA,Europe,Northern Europe,41,coast
144,ssp585_current,9.265880689024925,Jan Mayen,NA,NA,Europe,Northern Europe,41,coast
144,ssp585_medium-term,21.525069922208786,Jan Mayen,NA,NA,Europe,Northern Europe,41,coast
144,ssp585_near-term,15.244048744440079,Jan Mayen,NA,NA,Europe,Northern Europe,41,coast
145,ssp245_current,1756.839364831103,Greenland,304,GRL,Northern America,Northern America,4840,coast
145,ssp245_medium-term,2427.821953964769,Greenland,304,GRL,Northern America,Northern America,4840,coast
145,ssp245_near-term,2191.1024485869566,Greenland,304,GRL,Northern America,Northern America,4840,coast
145,ssp585_current,1719.7974458537064,Greenland,304,GRL,Northern America,Northern America,4840,coast
145,ssp585_medium-term,2503.603930587764,Greenland,304,GRL,Northern America,Northern America,4840,coast
145,ssp585_near-term,2002.0172061888734,Greenland,304,GRL,Northern America,Northern America,4840,coast
146,ssp245_current,3.7233268842101097,Pitcairn,612,PCN,Oceania,Polynesia,36,coast
146,ssp245_medium-term,13.042487472295761,Pitcairn,612,PCN,Oceania,Polynesia,36,coast
146,ssp245_near-term,5.932802528142929,Pitcairn,612,PCN,Oceania,Polynesia,36,coast
146,ssp585_current,3.234183020889759,Pitcairn,612,PCN,Oceania,Polynesia,36,coast
146,ssp585_medium-term,15.144846260547638,Pitcairn,612,PCN,Oceania,Polynesia,36,coast
146,ssp585_near-term,5.8326216340065,Pitcairn,612,PCN,Oceania,Polynesia,36,coast
147,ssp245_current,141.9564497321844,French Polynesia,258,PYF,Oceania,Polynesia,1027,coast
147,ssp245_medium-term,588.9492509886622,French Polynesia,258,PYF,Oceania,Polynesia,1027,coast
147,ssp245_near-term,307.1001718081534,French Polynesia,258,PYF,Oceania,Polynesia,1027,coast
147,ssp585_current,143.98503397032619,French Polynesia,258,PYF,Oceania,Polynesia,1027,coast
147,ssp585_medium-term,644.8370909318328,French Polynesia,258,PYF,Oceania,Polynesia,1027,coast
147,ssp585_near-term,339.7088549658656,French Polynesia,258,PYF,Oceania,Polynesia,1027,coast
148,ssp245_current,22.62995982915163,Line Group,NA,NA,Oceania,Micronesia,121,coast
148,ssp245_medium-term,78.54100641608238,Line Group,NA,NA,Oceania,Micronesia,121,coast
148,ssp245_near-term,47.328046053647995,Line Group,NA,NA,Oceania,Micronesia,121,coast
148,ssp585_current,24.458599753677845,Line Group,NA,NA,Oceania,Micronesia,121,coast
148,ssp585_medium-term,89.35791504383087,Line Group,NA,NA,Oceania,Micronesia,121,coast
148,ssp585_near-term,51.91044694185257,Line Group,NA,NA,Oceania,Micronesia,121,coast
149,ssp245_current,1.9661213755607605,Jarvis Island,NA,NA,Oceania,Micronesia,9,coast
149,ssp245_medium-term,3.775636225938797,Jarvis Island,NA,NA,Oceania,Micronesia,9,coast
149,ssp245_near-term,2.4777621775865555,Jarvis Island,NA,NA,Oceania,Micronesia,9,coast
149,ssp585_current,2.066778287291527,Jarvis Island,NA,NA,Oceania,Micronesia,9,coast
149,ssp585_medium-term,4.5289972722530365,Jarvis Island,NA,NA,Oceania,Micronesia,9,coast
149,ssp585_near-term,2.917852222919464,Jarvis Island,NA,NA,Oceania,Micronesia,9,coast
150,ssp245_current,3.1432966589927673,Palmyra Atoll,NA,NA,Oceania,Micronesia,18,coast
150,ssp245_medium-term,8.053037524223328,Palmyra Atoll,NA,NA,Oceania,Micronesia,18,coast
150,ssp245_near-term,4.937049522995949,Palmyra Atoll,NA,NA,Oceania,Micronesia,18,coast
150,ssp585_current,3.055197075009346,Palmyra Atoll,NA,NA,Oceania,Micronesia,18,coast
150,ssp585_medium-term,9.460870951414108,Palmyra Atoll,NA,NA,Oceania,Micronesia,18,coast
150,ssp585_near-term,5.6832380294799805,Palmyra Atoll,NA,NA,Oceania,Micronesia,18,coast
151,ssp245_current,11.126255095005035,American Samoa,16,ASM,Oceania,Polynesia,53,coast
151,ssp245_medium-term,30.05999132990837,American Samoa,16,ASM,Oceania,Polynesia,53,coast
151,ssp245_near-term,19.52194231748581,American Samoa,16,ASM,Oceania,Polynesia,53,coast
151,ssp585_current,9.928367540240288,American Samoa,16,ASM,Oceania,Polynesia,53,coast
151,ssp585_medium-term,35.73738968372345,American Samoa,16,ASM,Oceania,Polynesia,53,coast
151,ssp585_near-term,19.248836547136307,American Samoa,16,ASM,Oceania,Polynesia,53,coast
152,ssp245_current,27.081590590067208,Samoa,882,WSM,Oceania,Polynesia,101,coast
152,ssp245_medium-term,65.91112667880952,Samoa,882,WSM,Oceania,Polynesia,101,coast
152,ssp245_near-term,44.29972589109093,Samoa,882,WSM,Oceania,Polynesia,101,coast
152,ssp585_current,25.403908683918417,Samoa,882,WSM,Oceania,Polynesia,101,coast
152,ssp585_medium-term,73.84378773719072,Samoa,882,WSM,Oceania,Polynesia,101,coast
152,ssp585_near-term,42.331300208345056,Samoa,882,WSM,Oceania,Polynesia,101,coast
153,ssp245_current,21.250062704086304,Cook Islands,184,COK,Oceania,Polynesia,129,coast
153,ssp245_medium-term,51.52677720785141,Cook Islands,184,COK,Oceania,Polynesia,129,coast
153,ssp245_near-term,33.01115845143795,Cook Islands,184,COK,Oceania,Polynesia,129,coast
153,ssp585_current,21.703480415046215,Cook Islands,184,COK,Oceania,Polynesia,129,coast
153,ssp585_medium-term,61.87823477387428,Cook Islands,184,COK,Oceania,Polynesia,129,coast
153,ssp585_near-term,37.47603318095207,Cook Islands,184,COK,Oceania,Polynesia,129,coast
154,ssp245_current,3.5640926510095596,Niue,570,NIU,Oceania,Polynesia,24,coast
154,ssp245_medium-term,11.668997585773468,Niue,570,NIU,Oceania,Polynesia,24,coast
154,ssp245_near-term,7.130035862326622,Niue,570,NIU,Oceania,Polynesia,24,coast
154,ssp585_current,3.8615418672561646,Niue,570,NIU,Oceania,Polynesia,24,coast
154,ssp585_medium-term,13.521094411611557,Niue,570,NIU,Oceania,Polynesia,24,coast
154,ssp585_near-term,7.403268471360207,Niue,570,NIU,Oceania,Polynesia,24,coast
155,ssp245_current,25.789314322173595,Tonga,776,TON,Oceania,Polynesia,151,coast
155,ssp245_medium-term,88.98651763796806,Tonga,776,TON,Oceania,Polynesia,151,coast
155,ssp245_near-term,55.98730108141899,Tonga,776,TON,Oceania,Polynesia,151,coast
155,ssp585_current,30.9527036100626,Tonga,776,TON,Oceania,Polynesia,151,coast
155,ssp585_medium-term,102.31718575954437,Tonga,776,TON,Oceania,Polynesia,151,coast
155,ssp585_near-term,56.75111410021782,Tonga,776,TON,Oceania,Polynesia,151,coast
156,ssp245_current,3.6933760195970535,Tokelau,772,TKL,Oceania,Polynesia,24,coast
156,ssp245_medium-term,15.673726558685303,Tokelau,772,TKL,Oceania,Polynesia,24,coast
156,ssp245_near-term,9.989111989736557,Tokelau,772,TKL,Oceania,Polynesia,24,coast
156,ssp585_current,4.287047266960144,Tokelau,772,TKL,Oceania,Polynesia,24,coast
156,ssp585_medium-term,17.949899554252625,Tokelau,772,TKL,Oceania,Polynesia,24,coast
156,ssp585_near-term,9.57654857635498,Tokelau,772,TKL,Oceania,Polynesia,24,coast
157,ssp245_current,11.608593635261059,Phoenix Group,NA,NA,Oceania,Micronesia,63,coast
157,ssp245_medium-term,41.42671114206314,Phoenix Group,NA,NA,Oceania,Micronesia,63,coast
157,ssp245_near-term,24.670150816440582,Phoenix Group,NA,NA,Oceania,Micronesia,63,coast
157,ssp585_current,11.245254471898079,Phoenix Group,NA,NA,Oceania,Micronesia,63,coast
157,ssp585_medium-term,48.8415384888649,Phoenix Group,NA,NA,Oceania,Micronesia,63,coast
157,ssp585_near-term,25.899784862995148,Phoenix Group,NA,NA,Oceania,Micronesia,63,coast
159,ssp245_current,1.8909362368285656,Johnston Atoll,NA,NA,Oceania,Micronesia,12,coast
159,ssp245_medium-term,6.53576748073101,Johnston Atoll,NA,NA,Oceania,Micronesia,12,coast
159,ssp245_near-term,3.622668467462063,Johnston Atoll,NA,NA,Oceania,Micronesia,12,coast
159,ssp585_current,1.8652947135269642,Johnston Atoll,NA,NA,Oceania,Micronesia,12,coast
159,ssp585_medium-term,7.592834562063217,Johnston Atoll,NA,NA,Oceania,Micronesia,12,coast
159,ssp585_near-term,4.556980177760124,Johnston Atoll,NA,NA,Oceania,Micronesia,12,coast
161,ssp245_current,7.3287428468465805,Wallis and Futuna,NA,NA,Oceania,Polynesia,39,coast
161,ssp245_medium-term,22.026544988155365,Wallis and Futuna,NA,NA,Oceania,Polynesia,39,coast
161,ssp245_near-term,13.774953931570053,Wallis and Futuna,NA,NA,Oceania,Polynesia,39,coast
161,ssp585_current,7.346705943346024,Wallis and Futuna,NA,NA,Oceania,Polynesia,39,coast
161,ssp585_medium-term,25.94066059589386,Wallis and Futuna,NA,NA,Oceania,Polynesia,39,coast
161,ssp585_near-term,13.734537601470947,Wallis and Futuna,NA,NA,Oceania,Polynesia,39,coast
162,ssp245_current,442.17313911940437,New Zealand,554,NZL,Oceania,Australia and New Zealand,2173,coast
162,ssp245_medium-term,829.3450879051816,New Zealand,554,NZL,Oceania,Australia and New Zealand,2173,coast
162,ssp245_near-term,493.6568394515198,New Zealand,554,NZL,Oceania,Australia and New Zealand,2173,coast
162,ssp585_current,424.36756138526835,New Zealand,554,NZL,Oceania,Australia and New Zealand,2173,coast
162,ssp585_medium-term,1087.6690596595872,New Zealand,554,NZL,Oceania,Australia and New Zealand,2173,coast
162,ssp585_near-term,517.7076697091106,New Zealand,554,NZL,Oceania,Australia and New Zealand,2173,coast
163,ssp245_current,4360.64119258686,United States of America,840,USA,Northern America,Northern America,9973,coast
163,ssp245_medium-term,6429.516628097277,United States of America,840,USA,Northern America,Northern America,9973,coast
163,ssp245_near-term,5065.839348287787,United States of America,840,USA,Northern America,Northern America,9973,coast
163,ssp585_current,4533.110445472528,United States of America,840,USA,Northern America,Northern America,9973,coast
163,ssp585_medium-term,7270.490492810961,United States of America,840,USA,Northern America,Northern America,9973,coast
163,ssp585_near-term,5288.074935739394,United States of America,840,USA,Northern America,Northern America,9973,coast
164,ssp245_current,61.021990701556206,Belize,84,BLZ,Latin America and the Caribbean,Central America,159,coast
164,ssp245_medium-term,163.67975282669067,Belize,84,BLZ,Latin America and the Caribbean,Central America,159,coast
164,ssp245_near-term,109.69402499496937,Belize,84,BLZ,Latin America and the Caribbean,Central America,159,coast
164,ssp585_current,57.90605755150318,Belize,84,BLZ,Latin America and the Caribbean,Central America,159,coast
164,ssp585_medium-term,179.00262570381165,Belize,84,BLZ,Latin America and the Caribbean,Central America,159,coast
164,ssp585_near-term,114.75971013307571,Belize,84,BLZ,Latin America and the Caribbean,Central America,159,coast
166,ssp245_current,38.1536947535933,Jamaica,388,JAM,Latin America and the Caribbean,Caribbean,134,coast
166,ssp245_medium-term,114.4217221646104,Jamaica,388,JAM,Latin America and the Caribbean,Caribbean,134,coast
166,ssp245_near-term,78.14665309828706,Jamaica,388,JAM,Latin America and the Caribbean,Caribbean,134,coast
166,ssp585_current,39.67187454603845,Jamaica,388,JAM,Latin America and the Caribbean,Caribbean,134,coast
166,ssp585_medium-term,120.94725769362412,Jamaica,388,JAM,Latin America and the Caribbean,Caribbean,134,coast
166,ssp585_near-term,80.25977601762861,Jamaica,388,JAM,Latin America and the Caribbean,Caribbean,134,coast
167,ssp245_current,35.08446676470339,Guyana,328,GUY,Latin America and the Caribbean,South America,136,coast
167,ssp245_medium-term,77.87293987348676,Guyana,328,GUY,Latin America and the Caribbean,South America,136,coast
167,ssp245_near-term,60.49930922687054,Guyana,328,GUY,Latin America and the Caribbean,South America,136,coast
167,ssp585_current,36.82975094020367,Guyana,328,GUY,Latin America and the Caribbean,South America,136,coast
167,ssp585_medium-term,88.98709135130048,Guyana,328,GUY,Latin America and the Caribbean,South America,136,coast
167,ssp585_near-term,62.464409440755844,Guyana,328,GUY,Latin America and the Caribbean,South America,136,coast
168,ssp245_current,24.662529244087636,Suriname,740,SUR,Latin America and the Caribbean,South America,89,coast
168,ssp245_medium-term,55.615035969763994,Suriname,740,SUR,Latin America and the Caribbean,South America,89,coast
168,ssp245_near-term,42.55311398208141,Suriname,740,SUR,Latin America and the Caribbean,South America,89,coast
168,ssp585_current,25.625987879000604,Suriname,740,SUR,Latin America and the Caribbean,South America,89,coast
168,ssp585_medium-term,65.09966981783509,Suriname,740,SUR,Latin America and the Caribbean,South America,89,coast
168,ssp585_near-term,44.750124361366034,Suriname,740,SUR,Latin America and the Caribbean,South America,89,coast
169,ssp245_current,26.090744491666555,French Guiana,254,GUF,Latin America and the Caribbean,South America,95,coast
169,ssp245_medium-term,67.8399658203125,French Guiana,254,GUF,Latin America and the Caribbean,South America,95,coast
169,ssp245_near-term,49.97394800558686,French Guiana,254,GUF,Latin America and the Caribbean,South America,95,coast
169,ssp585_current,27.07678633183241,French Guiana,254,GUF,Latin America and the Caribbean,South America,95,coast
169,ssp585_medium-term,77.8096149712801,French Guiana,254,GUF,Latin America and the Caribbean,South America,95,coast
169,ssp585_near-term,54.28690657764673,French Guiana,254,GUF,Latin America and the Caribbean,South America,95,coast
171,ssp245_current,844.1326876468956,Brazil,76,BRA,Latin America and the Caribbean,South America,2546,coast
171,ssp245_medium-term,1569.6199070438743,Brazil,76,BRA,Latin America and the Caribbean,South America,2546,coast
171,ssp245_near-term,1245.0917274029925,Brazil,76,BRA,Latin America and the Caribbean,South America,2546,coast
171,ssp585_current,863.2406093850732,Brazil,76,BRA,Latin America and the Caribbean,South America,2546,coast
171,ssp585_medium-term,1771.2663049325347,Brazil,76,BRA,Latin America and the Caribbean,South America,2546,coast
171,ssp585_near-term,1289.035025025718,Brazil,76,BRA,Latin America and the Caribbean,South America,2546,coast
172,ssp245_current,343.2068876300473,Argentina,32,ARG,Latin America and the Caribbean,South America,1172,coast
172,ssp245_medium-term,628.863445635885,Argentina,32,ARG,Latin America and the Caribbean,South America,1172,coast
172,ssp245_near-term,465.3121206914075,Argentina,32,ARG,Latin America and the Caribbean,South America,1172,coast
172,ssp585_current,322.9643504417036,Argentina,32,ARG,Latin America and the Caribbean,South America,1172,coast
172,ssp585_medium-term,695.3947326545604,Argentina,32,ARG,Latin America and the Caribbean,South America,1172,coast
172,ssp585_near-term,479.869873334188,Argentina,32,ARG,Latin America and the Caribbean,South America,1172,coast
173,ssp245_current,45.9933254821226,Uruguay,858,URY,Latin America and the Caribbean,South America,157,coast
173,ssp245_medium-term,66.41629903158173,Uruguay,858,URY,Latin America and the Caribbean,South America,157,coast
173,ssp245_near-term,54.05627363012172,Uruguay,858,URY,Latin America and the Caribbean,South America,157,coast
173,ssp585_current,46.38635881873779,Uruguay,858,URY,Latin America and the Caribbean,South America,157,coast
173,ssp585_medium-term,73.4846818856895,Uruguay,858,URY,Latin America and the Caribbean,South America,157,coast
173,ssp585_near-term,55.365866247564554,Uruguay,858,URY,Latin America and the Caribbean,South America,157,coast
174,ssp245_current,162.78703843639232,Finland,246,FIN,Europe,Northern Europe,549,coast
174,ssp245_medium-term,179.42386072897352,Finland,246,FIN,Europe,Northern Europe,549,coast
174,ssp245_near-term,174.12860907171853,Finland,246,FIN,Europe,Northern Europe,549,coast
174,ssp585_current,170.11832424998283,Finland,246,FIN,Europe,Northern Europe,549,coast
174,ssp585_medium-term,201.39617977198213,Finland,246,FIN,Europe,Northern Europe,549,coast
174,ssp585_near-term,181.41947928001173,Finland,246,FIN,Europe,Northern Europe,549,coast
175,ssp245_current,208.90083964774385,Denmark,208,DNK,Europe,Northern Europe,538,coast
175,ssp245_medium-term,228.0406045061536,Denmark,208,DNK,Europe,Northern Europe,538,coast
175,ssp245_near-term,221.25116373738274,Denmark,208,DNK,Europe,Northern Europe,538,coast
175,ssp585_current,213.55039051594213,Denmark,208,DNK,Europe,Northern Europe,538,coast
175,ssp585_medium-term,264.00022545061074,Denmark,208,DNK,Europe,Northern Europe,538,coast
175,ssp585_near-term,225.52454715315253,Denmark,208,DNK,Europe,Northern Europe,538,coast
176,ssp245_current,127.45369478547946,Germany,276,DEU,Europe,Western Europe,298,coast
176,ssp245_medium-term,146.63695128215477,Germany,276,DEU,Europe,Western Europe,298,coast
176,ssp245_near-term,143.233855209779,Germany,276,DEU,Europe,Western Europe,298,coast
176,ssp585_current,127.67856289027259,Germany,276,DEU,Europe,Western Europe,298,coast
176,ssp585_medium-term,166.38820778112859,Germany,276,DEU,Europe,Western Europe,298,coast
176,ssp585_near-term,143.4585424233228,Germany,276,DEU,Europe,Western Europe,298,coast
177,ssp245_current,75.71621817350388,Netherlands,528,NLD,Europe,Western Europe,138,coast
177,ssp245_medium-term,90.33599030971527,Netherlands,528,NLD,Europe,Western Europe,138,coast
177,ssp245_near-term,84.6981120556593,Netherlands,528,NLD,Europe,Western Europe,138,coast
177,ssp585_current,76.11579556763172,Netherlands,528,NLD,Europe,Western Europe,138,coast
177,ssp585_medium-term,101.51404550671577,Netherlands,528,NLD,Europe,Western Europe,138,coast
177,ssp585_near-term,87.03765805065632,Netherlands,528,NLD,Europe,Western Europe,138,coast
178,ssp245_current,52.315737596014515,Poland,616,POL,Europe,Eastern Europe,113,coast
178,ssp245_medium-term,70.3820669404231,Poland,616,POL,Europe,Eastern Europe,113,coast
178,ssp245_near-term,63.456593645969406,Poland,616,POL,Europe,Eastern Europe,113,coast
178,ssp585_current,53.874784325482324,Poland,616,POL,Europe,Eastern Europe,113,coast
178,ssp585_medium-term,78.61799399321899,Poland,616,POL,Europe,Eastern Europe,113,coast
178,ssp585_near-term,62.81757300766185,Poland,616,POL,Europe,Eastern Europe,113,coast
179,ssp245_current,319.418443269562,France,250,FRA,Europe,Western Europe,752,coast
179,ssp245_medium-term,480.54247099533677,France,250,FRA,Europe,Western Europe,752,coast
179,ssp245_near-term,415.4204526399262,France,250,FRA,Europe,Western Europe,752,coast
179,ssp585_current,319.11215961305425,France,250,FRA,Europe,Western Europe,752,coast
179,ssp585_medium-term,560.4354912312701,France,250,FRA,Europe,Western Europe,752,coast
179,ssp585_near-term,429.0129575631581,France,250,FRA,Europe,Western Europe,752,coast
180,ssp245_current,719.902473923983,United Kingdom,NA,NA,Europe,Northern Europe,1660,coast
180,ssp245_medium-term,1068.4965255758725,United Kingdom,NA,NA,Europe,Northern Europe,1660,coast
180,ssp245_near-term,962.2659392817877,United Kingdom,NA,NA,Europe,Northern Europe,1660,coast
180,ssp585_current,721.6999787064269,United Kingdom,NA,NA,Europe,Northern Europe,1660,coast
180,ssp585_medium-term,1236.3099780846387,United Kingdom,NA,NA,Europe,Northern Europe,1660,coast
180,ssp585_near-term,956.9248459059745,United Kingdom,NA,NA,Europe,Northern Europe,1660,coast
181,ssp245_current,172.95547714130953,Ireland,372,IRL,Europe,Northern Europe,411,coast
181,ssp245_medium-term,265.2434269783553,Ireland,372,IRL,Europe,Northern Europe,411,coast
181,ssp245_near-term,229.7950643945951,Ireland,372,IRL,Europe,Northern Europe,411,coast
181,ssp585_current,177.79841926228255,Ireland,372,IRL,Europe,Northern Europe,411,coast
181,ssp585_medium-term,303.1996211721562,Ireland,372,IRL,Europe,Northern Europe,411,coast
181,ssp585_near-term,235.42812658078037,Ireland,372,IRL,Europe,Northern Europe,411,coast
182,ssp245_current,303.43185980874114,Spain,724,ESP,Europe,Southern Europe,788,coast
182,ssp245_medium-term,536.9355728460941,Spain,724,ESP,Europe,Southern Europe,788,coast
182,ssp245_near-term,412.98832711263094,Spain,724,ESP,Europe,Southern Europe,788,coast
182,ssp585_current,308.3535706225084,Spain,724,ESP,Europe,Southern Europe,788,coast
182,ssp585_medium-term,614.4676491781138,Spain,724,ESP,Europe,Southern Europe,788,coast
182,ssp585_near-term,429.7461662789574,Spain,724,ESP,Europe,Southern Europe,788,coast
183,ssp245_current,79.33423731382936,Portugal,620,PRT,Europe,Southern Europe,202,coast
183,ssp245_medium-term,113.28020774386823,Portugal,620,PRT,Europe,Southern Europe,202,coast
183,ssp245_near-term,89.51702002808452,Portugal,620,PRT,Europe,Southern Europe,202,coast
183,ssp585_current,76.69300173781812,Portugal,620,PRT,Europe,Southern Europe,202,coast
183,ssp585_medium-term,133.58397898171097,Portugal,620,PRT,Europe,Southern Europe,202,coast
183,ssp585_near-term,95.77851765975356,Portugal,620,PRT,Europe,Southern Europe,202,coast
184,ssp245_current,634.4624960869551,Italy,380,ITA,Europe,Southern Europe,1368,coast
184,ssp245_medium-term,1137.5607956326567,Italy,380,ITA,Europe,Southern Europe,1368,coast
184,ssp245_near-term,938.4856160588097,Italy,380,ITA,Europe,Southern Europe,1368,coast
184,ssp585_current,665.7186292422703,Italy,380,ITA,Europe,Southern Europe,1368,coast
184,ssp585_medium-term,1261.5782681333367,Italy,380,ITA,Europe,Southern Europe,1368,coast
184,ssp585_near-term,939.7032153459731,Italy,380,ITA,Europe,Southern Europe,1368,coast
186,ssp245_current,12.859065463766456,Montenegro,499,MNE,Europe,Southern Europe,29,coast
186,ssp245_medium-term,23.207149907946587,Montenegro,499,MNE,Europe,Southern Europe,29,coast
186,ssp245_near-term,18.900206491351128,Montenegro,499,MNE,Europe,Southern Europe,29,coast
186,ssp585_current,14.312317680567503,Montenegro,499,MNE,Europe,Southern Europe,29,coast
186,ssp585_medium-term,25.943882696330547,Montenegro,499,MNE,Europe,Southern Europe,29,coast
186,ssp585_near-term,18.21408111974597,Montenegro,499,MNE,Europe,Southern Europe,29,coast
187,ssp245_current,138.89034956879914,Croatia,191,HRV,Europe,Southern Europe,322,coast
187,ssp245_medium-term,235.1000105701387,Croatia,191,HRV,Europe,Southern Europe,322,coast
187,ssp245_near-term,196.7294928841293,Croatia,191,HRV,Europe,Southern Europe,322,coast
187,ssp585_current,144.4005952551961,Croatia,191,HRV,Europe,Southern Europe,322,coast
187,ssp585_medium-term,263.18479396030307,Croatia,191,HRV,Europe,Southern Europe,322,coast
187,ssp585_near-term,190.41356460563838,Croatia,191,HRV,Europe,Southern Europe,322,coast
188,ssp245_current,0.9839267507195473,Slovenia,705,SVN,Europe,Southern Europe,4,coast
188,ssp245_medium-term,1.5679866299033165,Slovenia,705,SVN,Europe,Southern Europe,4,coast
188,ssp245_near-term,1.328302089124918,Slovenia,705,SVN,Europe,Southern Europe,4,coast
188,ssp585_current,1.0097161196172237,Slovenia,705,SVN,Europe,Southern Europe,4,coast
188,ssp585_medium-term,1.8115868717432022,Slovenia,705,SVN,Europe,Southern Europe,4,coast
188,ssp585_near-term,1.2873396649956703,Slovenia,705,SVN,Europe,Southern Europe,4,coast
189,ssp245_current,14.000170081853867,Lithuania,440,LTU,Europe,Northern Europe,25,coast
189,ssp245_medium-term,19.12605783343315,Lithuania,440,LTU,Europe,Northern Europe,25,coast
189,ssp245_near-term,16.777924090623856,Lithuania,440,LTU,Europe,Northern Europe,25,coast
189,ssp585_current,14.517509639263153,Lithuania,440,LTU,Europe,Northern Europe,25,coast
189,ssp585_medium-term,21.331784635782242,Lithuania,440,LTU,Europe,Northern Europe,25,coast
189,ssp585_near-term,16.95273470878601,Lithuania,440,LTU,Europe,Northern Europe,25,coast
190,ssp245_current,17.843093952338677,Qatar,634,QAT,Asia,Western Asia,93,coast
190,ssp245_medium-term,48.71376795019023,Qatar,634,QAT,Asia,Western Asia,93,coast
190,ssp245_near-term,32.69735184998717,Qatar,634,QAT,Asia,Western Asia,93,coast
190,ssp585_current,18.032915049348958,Qatar,634,QAT,Asia,Western Asia,93,coast
190,ssp585_medium-term,56.968290217453614,Qatar,634,QAT,Asia,Western Asia,93,coast
190,ssp585_near-term,33.26138994714711,Qatar,634,QAT,Asia,Western Asia,93,coast
191,ssp245_current,176.93856622744352,Iran,364,IRN,Asia,Southern Asia,547,coast
191,ssp245_medium-term,338.9325426784344,Iran,364,IRN,Asia,Southern Asia,547,coast
191,ssp245_near-term,277.9208348058164,Iran,364,IRN,Asia,Southern Asia,547,coast
191,ssp585_current,184.6557909238618,Iran,364,IRN,Asia,Southern Asia,547,coast
191,ssp585_medium-term,386.1045831008814,Iran,364,IRN,Asia,Southern Asia,547,coast
191,ssp585_near-term,279.5225457462948,Iran,364,IRN,Asia,Southern Asia,547,coast
192,ssp245_current,1.9874477460980415,Iraq,368,IRQ,Asia,Western Asia,9,coast
192,ssp245_medium-term,3.2793442085385323,Iraq,368,IRQ,Asia,Western Asia,9,coast
192,ssp245_near-term,2.2930962592363358,Iraq,368,IRQ,Asia,Western Asia,9,coast
192,ssp585_current,2.2125996723771095,Iraq,368,IRQ,Asia,Western Asia,9,coast
192,ssp585_medium-term,3.9000851809978485,Iraq,368,IRQ,Asia,Western Asia,9,coast
192,ssp585_near-term,2.246919497847557,Iraq,368,IRQ,Asia,Western Asia,9,coast
193,ssp245_current,74.76278556184843,Guinea Bissau,624,GNB,Africa,Western Africa,195,coast
193,ssp245_medium-term,130.9287927430123,Guinea Bissau,624,GNB,Africa,Western Africa,195,coast
193,ssp245_near-term,92.27005259040743,Guinea Bissau,624,GNB,Africa,Western Africa,195,coast
193,ssp585_current,75.8148429337889,Guinea Bissau,624,GNB,Africa,Western Africa,195,coast
193,ssp585_medium-term,155.09464798681438,Guinea Bissau,624,GNB,Africa,Western Africa,195,coast
193,ssp585_near-term,93.5442620292306,Guinea Bissau,624,GNB,Africa,Western Africa,195,coast
194,ssp245_current,51.135166180785745,Guinea,324,GIN,Africa,Western Africa,105,coast
194,ssp245_medium-term,81.21260518021882,Guinea,324,GIN,Africa,Western Africa,105,coast
194,ssp245_near-term,61.25931935291737,Guinea,324,GIN,Africa,Western Africa,105,coast
194,ssp585_current,52.06605081120506,Guinea,324,GIN,Africa,Western Africa,105,coast
194,ssp585_medium-term,90.04924097843468,Guinea,324,GIN,Africa,Western Africa,105,coast
194,ssp585_near-term,61.80043902527541,Guinea,324,GIN,Africa,Western Africa,105,coast
195,ssp245_current,66.51101406104863,Ivory Coast,NA,NA,Africa,Western Africa,141,coast
195,ssp245_medium-term,104.95683009549975,Ivory Coast,NA,NA,Africa,Western Africa,141,coast
195,ssp245_near-term,85.0578637663275,Ivory Coast,NA,NA,Africa,Western Africa,141,coast
195,ssp585_current,66.65270064584911,Ivory Coast,NA,NA,Africa,Western Africa,141,coast
195,ssp585_medium-term,108.01766474545002,Ivory Coast,NA,NA,Africa,Western Africa,141,coast
195,ssp585_near-term,85.03282809257507,Ivory Coast,NA,NA,Africa,Western Africa,141,coast
196,ssp245_current,109.5711910314858,Nigeria,566,NGA,Africa,Western Africa,255,coast
196,ssp245_medium-term,226.35949041321874,Nigeria,566,NGA,Africa,Western Africa,255,coast
196,ssp245_near-term,155.2443745136261,Nigeria,566,NGA,Africa,Western Africa,255,coast
196,ssp585_current,111.44693831540644,Nigeria,566,NGA,Africa,Western Africa,255,coast
196,ssp585_medium-term,246.7108558677137,Nigeria,566,NGA,Africa,Western Africa,255,coast
196,ssp585_near-term,159.3946258891374,Nigeria,566,NGA,Africa,Western Africa,255,coast
197,ssp245_current,24.397814949043095,Cameroon,120,CMR,Africa,Middle Africa,106,coast
197,ssp245_medium-term,52.43467100895941,Cameroon,120,CMR,Africa,Middle Africa,106,coast
197,ssp245_near-term,33.30140909738839,Cameroon,120,CMR,Africa,Middle Africa,106,coast
197,ssp585_current,25.516284161247313,Cameroon,120,CMR,Africa,Middle Africa,106,coast
197,ssp585_medium-term,57.91830026358366,Cameroon,120,CMR,Africa,Middle Africa,106,coast
197,ssp585_near-term,37.20344176143408,Cameroon,120,CMR,Africa,Middle Africa,106,coast
198,ssp245_current,86.06966273672879,Gabon,266,GAB,Africa,Middle Africa,259,coast
198,ssp245_medium-term,161.3470039125532,Gabon,266,GAB,Africa,Middle Africa,259,coast
198,ssp245_near-term,119.45333887450397,Gabon,266,GAB,Africa,Middle Africa,259,coast
198,ssp585_current,88.17449026741087,Gabon,266,GAB,Africa,Middle Africa,259,coast
198,ssp585_medium-term,190.69608933106065,Gabon,266,GAB,Africa,Middle Africa,259,coast
198,ssp585_near-term,134.5225262120366,Gabon,266,GAB,Africa,Middle Africa,259,coast
199,ssp245_current,7.529514588415623,Democratic Republic of the Congo,180,COD,Africa,Middle Africa,18,coast
199,ssp245_medium-term,11.23376938700676,Democratic Republic of the Congo,180,COD,Africa,Middle Africa,18,coast
199,ssp245_near-term,9.537840060889721,Democratic Republic of the Congo,180,COD,Africa,Middle Africa,18,coast
199,ssp585_current,7.626694485545158,Democratic Republic of the Congo,180,COD,Africa,Middle Africa,18,coast
199,ssp585_medium-term,12.502173036336899,Democratic Republic of the Congo,180,COD,Africa,Middle Africa,18,coast
199,ssp585_near-term,10.040302865207195,Democratic Republic of the Congo,180,COD,Africa,Middle Africa,18,coast
200,ssp245_current,193.73961692210287,Angola,24,AGO,Africa,Middle Africa,399,coast
200,ssp245_medium-term,367.7157650683075,Angola,24,AGO,Africa,Middle Africa,399,coast
200,ssp245_near-term,292.21858029440045,Angola,24,AGO,Africa,Middle Africa,399,coast
200,ssp585_current,200.43600913323462,Angola,24,AGO,Africa,Middle Africa,399,coast
200,ssp585_medium-term,417.45985889062285,Angola,24,AGO,Africa,Middle Africa,399,coast
200,ssp585_near-term,305.6676776204258,Angola,24,AGO,Africa,Middle Africa,399,coast
202,ssp245_current,101.05699512921274,United Republic of Tanzania,834,TZA,Africa,Eastern Africa,347,coast
202,ssp245_medium-term,331.61253995262086,United Republic of Tanzania,834,TZA,Africa,Eastern Africa,347,coast
202,ssp245_near-term,221.96870313584805,United Republic of Tanzania,834,TZA,Africa,Eastern Africa,347,coast
202,ssp585_current,107.09343731123954,United Republic of Tanzania,834,TZA,Africa,Eastern Africa,347,coast
202,ssp585_medium-term,355.2223790679127,United Republic of Tanzania,834,TZA,Africa,Eastern Africa,347,coast
202,ssp585_near-term,229.40881165955216,United Republic of Tanzania,834,TZA,Africa,Eastern Africa,347,coast
203,ssp245_current,832.278972374741,India,356,IND,Asia,Southern Asia,1614,coast
203,ssp245_medium-term,1385.0531363682821,India,356,IND,Asia,Southern Asia,1614,coast
203,ssp245_near-term,1148.272252606228,India,356,IND,Asia,Southern Asia,1614,coast
203,ssp585_current,834.3164109583013,India,356,IND,Asia,Southern Asia,1614,coast
203,ssp585_medium-term,1521.378246462904,India,356,IND,Asia,Southern Asia,1614,coast
203,ssp585_near-term,1173.2844274239615,India,356,IND,Asia,Southern Asia,1614,coast
204,ssp245_current,119.23826790973544,Bangladesh,50,BGD,Asia,Southern Asia,306,coast
204,ssp245_medium-term,182.35978741757572,Bangladesh,50,BGD,Asia,Southern Asia,306,coast
204,ssp245_near-term,152.9771509328857,Bangladesh,50,BGD,Asia,Southern Asia,306,coast
204,ssp585_current,123.27203384693712,Bangladesh,50,BGD,Asia,Southern Asia,306,coast
204,ssp585_medium-term,198.64223941322416,Bangladesh,50,BGD,Asia,Southern Asia,306,coast
204,ssp585_near-term,151.53575389645994,Bangladesh,50,BGD,Asia,Southern Asia,306,coast
205,ssp245_current,357.96605317876674,Myanmar,104,MMR,Asia,South-eastern Asia,1010,coast
205,ssp245_medium-term,645.620948433876,Myanmar,104,MMR,Asia,South-eastern Asia,1010,coast
205,ssp245_near-term,484.1122018103488,Myanmar,104,MMR,Asia,South-eastern Asia,1010,coast
205,ssp585_current,365.92231738672126,Myanmar,104,MMR,Asia,South-eastern Asia,1010,coast
205,ssp585_medium-term,744.4330412996933,Myanmar,104,MMR,Asia,South-eastern Asia,1010,coast
205,ssp585_near-term,481.8125150850974,Myanmar,104,MMR,Asia,South-eastern Asia,1010,coast
206,ssp245_current,434.11892286734655,Malaysia,458,MYS,Asia,South-eastern Asia,1043,coast
206,ssp245_medium-term,732.4671901753172,Malaysia,458,MYS,Asia,South-eastern Asia,1043,coast
206,ssp245_near-term,592.1137618497014,Malaysia,458,MYS,Asia,South-eastern Asia,1043,coast
206,ssp585_current,430.629765487276,Malaysia,458,MYS,Asia,South-eastern Asia,1043,coast
206,ssp585_medium-term,833.8634645249695,Malaysia,458,MYS,Asia,South-eastern Asia,1043,coast
206,ssp585_near-term,601.448967890814,Malaysia,458,MYS,Asia,South-eastern Asia,1043,coast
207,ssp245_current,407.3011230910197,Vietnam,704,VNM,Asia,South-eastern Asia,885,coast
207,ssp245_medium-term,606.7083988038357,Vietnam,704,VNM,Asia,South-eastern Asia,885,coast
207,ssp245_near-term,507.67150968289934,Vietnam,704,VNM,Asia,South-eastern Asia,885,coast
207,ssp585_current,400.9056260260986,Vietnam,704,VNM,Asia,South-eastern Asia,885,coast
207,ssp585_medium-term,675.1699701105244,Vietnam,704,VNM,Asia,South-eastern Asia,885,coast
207,ssp585_near-term,513.1818789409008,Vietnam,704,VNM,Asia,South-eastern Asia,885,coast
208,ssp245_current,8.199452012777328,Singapore,702,SGP,Asia,South-eastern Asia,15,coast
208,ssp245_medium-term,11.760210558772087,Singapore,702,SGP,Asia,South-eastern Asia,15,coast
208,ssp245_near-term,9.089986339211464,Singapore,702,SGP,Asia,South-eastern Asia,15,coast
208,ssp585_current,8.176220938563347,Singapore,702,SGP,Asia,South-eastern Asia,15,coast
208,ssp585_medium-term,14.257911756634712,Singapore,702,SGP,Asia,South-eastern Asia,15,coast
208,ssp585_near-term,9.124036118388176,Singapore,702,SGP,Asia,South-eastern Asia,15,coast
209,ssp245_current,1589.7214795723557,China,156,CHN,Asia,Eastern Asia,2376,coast
209,ssp245_medium-term,1947.9231251338497,China,156,CHN,Asia,Eastern Asia,2376,coast
209,ssp245_near-term,1702.1242224615999,China,156,CHN,Asia,Eastern Asia,2376,coast
209,ssp585_current,1560.6082249539904,China,156,CHN,Asia,Eastern Asia,2376,coast
209,ssp585_medium-term,2181.9332047393546,China,156,CHN,Asia,Eastern Asia,2376,coast
209,ssp585_near-term,1757.6708987560123,China,156,CHN,Asia,Eastern Asia,2376,coast
210,ssp245_current,1445.2432084342,Japan,392,JPN,Asia,Eastern Asia,3332,coast
210,ssp245_medium-term,2028.2603700885084,Japan,392,JPN,Asia,Eastern Asia,3332,coast
210,ssp245_near-term,1733.740926436847,Japan,392,JPN,Asia,Eastern Asia,3332,coast
210,ssp585_current,1430.8871241956367,Japan,392,JPN,Asia,Eastern Asia,3332,coast
210,ssp585_medium-term,2398.123666354688,Japan,392,JPN,Asia,Eastern Asia,3332,coast
210,ssp585_near-term,1802.9618911995785,Japan,392,JPN,Asia,Eastern Asia,3332,coast
212,ssp245_current,30.92307959496975,Kiribati,296,KIR,Oceania,Micronesia,242,coast
212,ssp245_medium-term,165.98081123828888,Kiribati,296,KIR,Oceania,Micronesia,242,coast
212,ssp245_near-term,97.72557255625725,Kiribati,296,KIR,Oceania,Micronesia,242,coast
212,ssp585_current,29.913626790046692,Kiribati,296,KIR,Oceania,Micronesia,242,coast
212,ssp585_medium-term,187.8349843621254,Kiribati,296,KIR,Oceania,Micronesia,242,coast
212,ssp585_near-term,108.15244975686073,Kiribati,296,KIR,Oceania,Micronesia,242,coast
213,ssp245_current,2469.11870062683,Antarctica,10,ATA,Antarctica,Antarctica,14502,coast
213,ssp245_medium-term,4716.820136233815,Antarctica,10,ATA,Antarctica,Antarctica,14502,coast
213,ssp245_near-term,3489.8736041745287,Antarctica,10,ATA,Antarctica,Antarctica,14502,coast
213,ssp585_current,2320.1618860737653,Antarctica,10,ATA,Antarctica,Antarctica,14502,coast
213,ssp585_medium-term,5258.674298455706,Antarctica,10,ATA,Antarctica,Antarctica,14502,coast
213,ssp585_near-term,3486.267106492596,Antarctica,10,ATA,Antarctica,Antarctica,14502,coast
214,ssp245_current,246.3944887535181,Egypt,818,EGY,Africa,Northern Africa,620,coast
214,ssp245_medium-term,432.0237672023941,Egypt,818,EGY,Africa,Northern Africa,620,coast
214,ssp245_near-term,363.55673479870893,Egypt,818,EGY,Africa,Northern Africa,620,coast
214,ssp585_current,259.99530372559093,Egypt,818,EGY,Africa,Northern Africa,620,coast
214,ssp585_medium-term,473.1281965500675,Egypt,818,EGY,Africa,Northern Africa,620,coast
214,ssp585_near-term,354.59311985387467,Egypt,818,EGY,Africa,Northern Africa,620,coast
215,ssp245_current,0.07285865629091859,Jordan,400,JOR,Asia,Western Asia,3,coast
215,ssp245_medium-term,0.11704279575496912,Jordan,400,JOR,Asia,Western Asia,3,coast
215,ssp245_near-term,0.07824820885434747,Jordan,400,JOR,Asia,Western Asia,3,coast
215,ssp585_current,0.08421625941991806,Jordan,400,JOR,Asia,Western Asia,3,coast
215,ssp585_medium-term,0.13697384297847748,Jordan,400,JOR,Asia,Western Asia,3,coast
215,ssp585_near-term,0.07661913661286235,Jordan,400,JOR,Asia,Western Asia,3,coast
216,ssp245_current,3248.4851717829006,Indonesia,360,IDN,Asia,South-eastern Asia,11134,coast
216,ssp245_medium-term,7693.3118363283575,Indonesia,360,IDN,Asia,South-eastern Asia,11134,coast
216,ssp245_near-term,5568.739980919752,Indonesia,360,IDN,Asia,South-eastern Asia,11134,coast
216,ssp585_current,3260.418784795038,Indonesia,360,IDN,Asia,South-eastern Asia,11134,coast
216,ssp585_medium-term,8826.071031929227,Indonesia,360,IDN,Asia,South-eastern Asia,11134,coast
216,ssp585_near-term,5812.449820387061,Indonesia,360,IDN,Asia,South-eastern Asia,11134,coast
218,ssp245_current,8061.407762590039,Canada,124,CAN,Northern America,Northern America,20216,coast
218,ssp245_medium-term,11607.851998751634,Canada,124,CAN,Northern America,Northern America,20216,coast
218,ssp245_near-term,9728.402402053762,Canada,124,CAN,Northern America,Northern America,20216,coast
218,ssp585_current,7520.012145818677,Canada,124,CAN,Northern America,Northern America,20216,coast
218,ssp585_medium-term,11785.887675959617,Canada,124,CAN,Northern America,Northern America,20216,coast
218,ssp585_near-term,8623.705460887984,Canada,124,CAN,Northern America,Northern America,20216,coast
219,ssp245_current,16.219379156827927,Saint Pierre and Miquelon,666,SPM,Northern America,Northern America,31,coast
219,ssp245_medium-term,25.92091429233551,Saint Pierre and Miquelon,666,SPM,Northern America,Northern America,31,coast
219,ssp245_near-term,20.771979182958603,Saint Pierre and Miquelon,666,SPM,Northern America,Northern America,31,coast
219,ssp585_current,16.652075201272964,Saint Pierre and Miquelon,666,SPM,Northern America,Northern America,31,coast
219,ssp585_medium-term,31.02253234386444,Saint Pierre and Miquelon,666,SPM,Northern America,Northern America,31,coast
219,ssp585_near-term,20.97529309988022,Saint Pierre and Miquelon,666,SPM,Northern America,Northern America,31,coast
220,ssp245_current,0.8752808421850204,Sint Maarten,534,SXM,Latin America and the Caribbean,Caribbean,4,coast
220,ssp245_medium-term,1.9910077154636383,Sint Maarten,534,SXM,Latin America and the Caribbean,Caribbean,4,coast
220,ssp245_near-term,1.4812496155500412,Sint Maarten,534,SXM,Latin America and the Caribbean,Caribbean,4,coast
220,ssp585_current,1.0106161162257195,Sint Maarten,534,SXM,Latin America and the Caribbean,Caribbean,4,coast
220,ssp585_medium-term,2.4540520310401917,Sint Maarten,534,SXM,Latin America and the Caribbean,Caribbean,4,coast
220,ssp585_near-term,1.4856459647417068,Sint Maarten,534,SXM,Latin America and the Caribbean,Caribbean,4,coast
221,ssp245_current,3.4250253066420555,Northern Saint-Martin,NA,NA,Latin America and the Caribbean,Caribbean,19,coast
221,ssp245_medium-term,8.606026858091354,Northern Saint-Martin,NA,NA,Latin America and the Caribbean,Caribbean,19,coast
221,ssp245_near-term,6.254375785589218,Northern Saint-Martin,NA,NA,Latin America and the Caribbean,Caribbean,19,coast
221,ssp585_current,4.041493363678455,Northern Saint-Martin,NA,NA,Latin America and the Caribbean,Caribbean,19,coast
221,ssp585_medium-term,10.754447758197784,Northern Saint-Martin,NA,NA,Latin America and the Caribbean,Caribbean,19,coast
221,ssp585_near-term,6.232287019491196,Northern Saint-Martin,NA,NA,Latin America and the Caribbean,Caribbean,19,coast
222,ssp245_current,267.28200043318793,Sweden,752,SWE,Europe,Northern Europe,842,coast
222,ssp245_medium-term,304.742447487195,Sweden,752,SWE,Europe,Northern Europe,842,coast
222,ssp245_near-term,289.9989118751837,Sweden,752,SWE,Europe,Northern Europe,842,coast
222,ssp585_current,279.6301684641512,Sweden,752,SWE,Europe,Northern Europe,842,coast
222,ssp585_medium-term,352.19707776687574,Sweden,752,SWE,Europe,Northern Europe,842,coast
222,ssp585_near-term,296.7857470718445,Sweden,752,SWE,Europe,Northern Europe,842,coast
223,ssp245_current,878.923684467678,Norway,578,NOR,Europe,Northern Europe,2726,coast
223,ssp245_medium-term,1311.1068255387945,Norway,578,NOR,Europe,Northern Europe,2726,coast
223,ssp245_near-term,1214.2580228568986,Norway,578,NOR,Europe,Northern Europe,2726,coast
223,ssp585_current,1018.5296821643133,Norway,578,NOR,Europe,Northern Europe,2726,coast
223,ssp585_medium-term,1530.663077004021,Norway,578,NOR,Europe,Northern Europe,2726,coast
223,ssp585_near-term,1245.1300903556403,Norway,578,NOR,Europe,Northern Europe,2726,coast
224,ssp245_current,921.2241560115945,Chile,152,CHL,Latin America and the Caribbean,South America,3467,coast
224,ssp245_medium-term,1420.2216263345908,Chile,152,CHL,Latin America and the Caribbean,South America,3467,coast
224,ssp245_near-term,1123.033080306952,Chile,152,CHL,Latin America and the Caribbean,South America,3467,coast
224,ssp585_current,901.04326953704,Chile,152,CHL,Latin America and the Caribbean,South America,3467,coast
224,ssp585_medium-term,1624.0860458329553,Chile,152,CHL,Latin America and the Caribbean,South America,3467,coast
224,ssp585_near-term,1233.7610942870378,Chile,152,CHL,Latin America and the Caribbean,South America,3467,coast
227,ssp245_current,4.08826369792223,Jersey,832,JEY,Europe,Northern Europe,16,coast
227,ssp245_medium-term,7.520426243543625,Jersey,832,JEY,Europe,Northern Europe,16,coast
227,ssp245_near-term,6.080581977963448,Jersey,832,JEY,Europe,Northern Europe,16,coast
227,ssp585_current,3.942946821451187,Jersey,832,JEY,Europe,Northern Europe,16,coast
227,ssp585_medium-term,8.68065869808197,Jersey,832,JEY,Europe,Northern Europe,16,coast
227,ssp585_near-term,6.20667727291584,Jersey,832,JEY,Europe,Northern Europe,16,coast
228,ssp245_current,14.438174545764923,Guernsey,831,GGY,Europe,Northern Europe,26,coast
228,ssp245_medium-term,20.539493441581726,Guernsey,831,GGY,Europe,Northern Europe,26,coast
228,ssp245_near-term,18.743227779865265,Guernsey,831,GGY,Europe,Northern Europe,26,coast
228,ssp585_current,13.656071096658707,Guernsey,831,GGY,Europe,Northern Europe,26,coast
228,ssp585_medium-term,23.423312842845917,Guernsey,831,GGY,Europe,Northern Europe,26,coast
228,ssp585_near-term,19.083068370819092,Guernsey,831,GGY,Europe,Northern Europe,26,coast
231,ssp245_current,17.36956822220236,East Timor,NA,NA,Asia,South-Eastern Asia,156,coast
231,ssp245_medium-term,90.1787667341996,East Timor,NA,NA,Asia,South-Eastern Asia,156,coast
231,ssp245_near-term,56.1468400786398,East Timor,NA,NA,Asia,South-Eastern Asia,156,coast
231,ssp585_current,17.256843433890026,East Timor,NA,NA,Asia,South-Eastern Asia,156,coast
231,ssp585_medium-term,105.03814544528723,East Timor,NA,NA,Asia,South-Eastern Asia,156,coast
231,ssp585_near-term,63.09548033331521,East Timor,NA,NA,Asia,South-Eastern Asia,156,coast
232,ssp245_current,0.03590792044997215,Bosnia and Herzegovina,70,BIH,Europe,Southern Europe,3,coast
232,ssp245_medium-term,0.06677422672510147,Bosnia and Herzegovina,70,BIH,Europe,Southern Europe,3,coast
232,ssp245_near-term,0.04720255732536316,Bosnia and Herzegovina,70,BIH,Europe,Southern Europe,3,coast
232,ssp585_current,0.039370689541101456,Bosnia and Herzegovina,70,BIH,Europe,Southern Europe,3,coast
232,ssp585_medium-term,0.08511675894260406,Bosnia and Herzegovina,70,BIH,Europe,Southern Europe,3,coast
232,ssp585_near-term,0.045081328600645065,Bosnia and Herzegovina,70,BIH,Europe,Southern Europe,3,coast
237,ssp245_current,1.5493260100483894,Oecussi Ambeno,NA,NA,Asia,South-Eastern Asia,11,coast
237,ssp245_medium-term,3.8674704134464264,Oecussi Ambeno,NA,NA,Asia,South-Eastern Asia,11,coast
237,ssp245_near-term,2.0467720329761505,Oecussi Ambeno,NA,NA,Asia,South-Eastern Asia,11,coast
237,ssp585_current,1.469957523047924,Oecussi Ambeno,NA,NA,Asia,South-Eastern Asia,11,coast
237,ssp585_medium-term,5.2680646777153015,Oecussi Ambeno,NA,NA,Asia,South-Eastern Asia,11,coast
237,ssp585_near-term,2.6453593224287033,Oecussi Ambeno,NA,NA,Asia,South-Eastern Asia,11,coast
244,ssp245_current,11.607409715652466,Curaçao,531,CUW,Latin America and the Caribbean,Caribbean,38,coast
244,ssp245_medium-term,30.054442584514618,Curaçao,531,CUW,Latin America and the Caribbean,Caribbean,38,coast
244,ssp245_near-term,21.404736399650574,Curaçao,531,CUW,Latin America and the Caribbean,Caribbean,38,coast
244,ssp585_current,11.141286373138428,Curaçao,531,CUW,Latin America and the Caribbean,Caribbean,38,coast
244,ssp585_medium-term,33.73836022615433,Curaçao,531,CUW,Latin America and the Caribbean,Caribbean,38,coast
244,ssp585_near-term,20.889994025230408,Curaçao,531,CUW,Latin America and the Caribbean,Caribbean,38,coast
245,ssp245_current,6.78194472193718,Bonaire,NA,NA,Latin America and the Caribbean,Caribbean,27,coast
245,ssp245_medium-term,21.67640793323517,Bonaire,NA,NA,Latin America and the Caribbean,Caribbean,27,coast
245,ssp245_near-term,14.804838985204697,Bonaire,NA,NA,Latin America and the Caribbean,Caribbean,27,coast
245,ssp585_current,6.37840148806572,Bonaire,NA,NA,Latin America and the Caribbean,Caribbean,27,coast
245,ssp585_medium-term,24.37153285741806,Bonaire,NA,NA,Latin America and the Caribbean,Caribbean,27,coast
245,ssp585_near-term,14.47317385673523,Bonaire,NA,NA,Latin America and the Caribbean,Caribbean,27,coast
247,ssp245_current,18.426522314548492,Brunei,NA,NA,Asia,South-Eastern Asia,34,coast
247,ssp245_medium-term,32.16762399673462,Brunei,NA,NA,Asia,South-Eastern Asia,34,coast
247,ssp245_near-term,25.863830476999283,Brunei,NA,NA,Asia,South-Eastern Asia,34,coast
247,ssp585_current,18.542421102523804,Brunei,NA,NA,Asia,South-Eastern Asia,34,coast
247,ssp585_medium-term,36.927145421504974,Brunei,NA,NA,Asia,South-Eastern Asia,34,coast
247,ssp585_near-term,26.20572340488434,Brunei,NA,NA,Asia,South-Eastern Asia,34,coast
248,ssp245_current,1.1909232586622238,Saba,NA,NA,Latin America and the Caribbean,Caribbean,8,coast
248,ssp245_medium-term,5.5831111669540405,Saba,NA,NA,Latin America and the Caribbean,Caribbean,8,coast
248,ssp245_near-term,3.8477830588817596,Saba,NA,NA,Latin America and the Caribbean,Caribbean,8,coast
248,ssp585_current,1.4934319704771042,Saba,NA,NA,Latin America and the Caribbean,Caribbean,8,coast
248,ssp585_medium-term,6.459201514720917,Saba,NA,NA,Latin America and the Caribbean,Caribbean,8,coast
248,ssp585_near-term,3.9339683949947357,Saba,NA,NA,Latin America and the Caribbean,Caribbean,8,coast
249,ssp245_current,0.580697663128376,Sint Eustatius,NA,NA,Latin America and the Caribbean,Caribbean,9,coast
249,ssp245_medium-term,2.8191908597946167,Sint Eustatius,NA,NA,Latin America and the Caribbean,Caribbean,9,coast
249,ssp245_near-term,1.8799696117639542,Sint Eustatius,NA,NA,Latin America and the Caribbean,Caribbean,9,coast
249,ssp585_current,0.9164759442210197,Sint Eustatius,NA,NA,Latin America and the Caribbean,Caribbean,9,coast
249,ssp585_medium-term,3.8094651103019714,Sint Eustatius,NA,NA,Latin America and the Caribbean,Caribbean,9,coast
249,ssp585_near-term,1.8709245473146439,Sint Eustatius,NA,NA,Latin America and the Caribbean,Caribbean,9,coast
250,ssp245_current,6.941669076681137,Aruba,533,ABW,Latin America and the Caribbean,Caribbean,22,coast
250,ssp245_medium-term,17.649609327316284,Aruba,533,ABW,Latin America and the Caribbean,Caribbean,22,coast
250,ssp245_near-term,12.809076339006424,Aruba,533,ABW,Latin America and the Caribbean,Caribbean,22,coast
250,ssp585_current,6.705422669649124,Aruba,533,ABW,Latin America and the Caribbean,Caribbean,22,coast
250,ssp585_medium-term,19.994982957839966,Aruba,533,ABW,Latin America and the Caribbean,Caribbean,22,coast
250,ssp585_near-term,12.472206234931946,Aruba,533,ABW,Latin America and the Caribbean,Caribbean,22,coast
264,ssp245_current,2.0757886320352554,Atlantic Eastern Central,NA,NA,Atlantic Ocean,Atlantic Eastern Central,12,coast
264,ssp245_medium-term,5.864976644515991,Atlantic Eastern Central,NA,NA,Atlantic Ocean,Atlantic Eastern Central,12,coast
264,ssp245_near-term,3.821300655603409,Atlantic Eastern Central,NA,NA,Atlantic Ocean,Atlantic Eastern Central,12,coast
264,ssp585_current,2.3391800075769424,Atlantic Eastern Central,NA,NA,Atlantic Ocean,Atlantic Eastern Central,12,coast
264,ssp585_medium-term,7.424578249454498,Atlantic Eastern Central,NA,NA,Atlantic Ocean,Atlantic Eastern Central,12,coast
264,ssp585_near-term,4.691784352064133,Atlantic Eastern Central,NA,NA,Atlantic Ocean,Atlantic Eastern Central,12,coast
