region,scenario,time_frame,pressure,average_impact
Antarctica,ssp245,current,acidification,0.044357743111983046
Antarctica,ssp245,medium-term,acidification,0.07926708163171034
Antarctica,ssp585,current,acidification,0.044265455996588314
Antarctica,ssp585,medium-term,acidification,0.09082549111746352
Antarctica,ssp245,current,air heat index,0
Antarctica,ssp245,medium-term,air heat index,0
Antarctica,ssp585,current,air heat index,0
Antarctica,ssp585,medium-term,air heat index,0
Antarctica,ssp245,current,coastal disturbance,0
Antarctica,ssp245,medium-term,coastal disturbance,0
Antarctica,ssp585,current,coastal disturbance,0
Antarctica,ssp585,medium-term,coastal disturbance,0
Antarctica,ssp245,current,fisheries biomass loss,0.05501799002996107
Antarctica,ssp245,medium-term,fisheries biomass loss,0.10048872393126723
Antarctica,ssp585,current,fisheries biomass loss,0.05524562069684407
Antarctica,ssp585,medium-term,fisheries biomass loss,0.1027509106523685
Antarctica,ssp245,current,light pollution,0
Antarctica,ssp245,medium-term,light pollution,0
Antarctica,ssp585,current,light pollution,0
Antarctica,ssp585,medium-term,light pollution,0
Antarctica,ssp245,current,nutrient pollution,0
Antarctica,ssp245,medium-term,nutrient pollution,0
Antarctica,ssp585,current,nutrient pollution,0
Antarctica,ssp585,medium-term,nutrient pollution,0
Antarctica,ssp245,current,ocean warming,0.06683633332710485
Antarctica,ssp245,medium-term,ocean warming,0.13758177490906012
Antarctica,ssp585,current,ocean warming,0.05555545083096372
Antarctica,ssp585,medium-term,ocean warming,0.1505797245369889
Antarctica,ssp245,current,primary productivity,0.0027361401431973066
Antarctica,ssp245,medium-term,primary productivity,4.461766135294002e-6
Antarctica,ssp585,current,primary productivity,0.0027074988784557513
Antarctica,ssp585,medium-term,primary productivity,0
Antarctica,ssp245,current,reduced oxygen,0.0010108292502305535
Antarctica,ssp245,medium-term,reduced oxygen,8.085043156380255e-4
Antarctica,ssp585,current,reduced oxygen,0.0010108292502305535
Antarctica,ssp585,medium-term,reduced oxygen,7.981136833128533e-4
Antarctica,ssp245,current,sea level rise,3.0152838263644945e-4
Antarctica,ssp245,medium-term,sea level rise,0.007102531325878688
Antarctica,ssp585,current,sea level rise,0.0012042411941844433
Antarctica,ssp585,medium-term,sea level rise,0.017662936796337098
Atlantic Eastern Central,ssp245,current,acidification,0
Atlantic Eastern Central,ssp245,medium-term,acidification,0
Atlantic Eastern Central,ssp585,current,acidification,0
Atlantic Eastern Central,ssp585,medium-term,acidification,0
Atlantic Eastern Central,ssp245,current,air heat index,0
Atlantic Eastern Central,ssp245,medium-term,air heat index,0
Atlantic Eastern Central,ssp585,current,air heat index,0
Atlantic Eastern Central,ssp585,medium-term,air heat index,0
Atlantic Eastern Central,ssp245,current,coastal disturbance,0
Atlantic Eastern Central,ssp245,medium-term,coastal disturbance,0
Atlantic Eastern Central,ssp585,current,coastal disturbance,0
Atlantic Eastern Central,ssp585,medium-term,coastal disturbance,0
Atlantic Eastern Central,ssp245,current,fisheries biomass loss,0.09475001227110624
Atlantic Eastern Central,ssp245,medium-term,fisheries biomass loss,0.09754542354494333
Atlantic Eastern Central,ssp585,current,fisheries biomass loss,0.09476120863109827
Atlantic Eastern Central,ssp585,medium-term,fisheries biomass loss,0.13350546266883612
Atlantic Eastern Central,ssp245,current,light pollution,0
Atlantic Eastern Central,ssp245,medium-term,light pollution,0
Atlantic Eastern Central,ssp585,current,light pollution,0
Atlantic Eastern Central,ssp585,medium-term,light pollution,0
Atlantic Eastern Central,ssp245,current,nutrient pollution,0
Atlantic Eastern Central,ssp245,medium-term,nutrient pollution,0
Atlantic Eastern Central,ssp585,current,nutrient pollution,0
Atlantic Eastern Central,ssp585,medium-term,nutrient pollution,0
Atlantic Eastern Central,ssp245,current,ocean warming,0.038144664055532
Atlantic Eastern Central,ssp245,medium-term,ocean warming,0.2747260047278057
Atlantic Eastern Central,ssp585,current,ocean warming,0.05908483436845321
Atlantic Eastern Central,ssp585,medium-term,ocean warming,0.3299918576764564
Atlantic Eastern Central,ssp245,current,primary productivity,0.0321424484718591
Atlantic Eastern Central,ssp245,medium-term,primary productivity,0.106116841857632
Atlantic Eastern Central,ssp585,current,primary productivity,0.03314036984617511
Atlantic Eastern Central,ssp585,medium-term,primary productivity,0.1462957098459204
Atlantic Eastern Central,ssp245,current,reduced oxygen,0.007945255259983242
Atlantic Eastern Central,ssp245,medium-term,reduced oxygen,0.010359795259622237
Atlantic Eastern Central,ssp585,current,reduced oxygen,0.007945255259983242
Atlantic Eastern Central,ssp585,medium-term,reduced oxygen,0.008921821873324612
Atlantic Eastern Central,ssp245,current,sea level rise,0
Atlantic Eastern Central,ssp245,medium-term,sea level rise,0
Atlantic Eastern Central,ssp585,current,sea level rise,0
Atlantic Eastern Central,ssp585,medium-term,sea level rise,0
Cocos Islands,ssp245,current,acidification,0
Cocos Islands,ssp245,medium-term,acidification,0
Cocos Islands,ssp585,current,acidification,0
Cocos Islands,ssp585,medium-term,acidification,0
Cocos Islands,ssp245,current,air heat index,0
Cocos Islands,ssp245,medium-term,air heat index,1.1920135981805895e-5
Cocos Islands,ssp585,current,air heat index,0
Cocos Islands,ssp585,medium-term,air heat index,2.9809938181036335e-4
Cocos Islands,ssp245,current,coastal disturbance,0.0025197936400521304
Cocos Islands,ssp245,medium-term,coastal disturbance,0.0025197936400521304
Cocos Islands,ssp585,current,coastal disturbance,0.0025197936400521304
Cocos Islands,ssp585,medium-term,coastal disturbance,0.0025197936400521304
Cocos Islands,ssp245,current,fisheries biomass loss,0.029047851710978036
Cocos Islands,ssp245,medium-term,fisheries biomass loss,0.02861812003611703
Cocos Islands,ssp585,current,fisheries biomass loss,0.029371452175473673
Cocos Islands,ssp585,medium-term,fisheries biomass loss,0.028517986490381494
Cocos Islands,ssp245,current,light pollution,0
Cocos Islands,ssp245,medium-term,light pollution,0
Cocos Islands,ssp585,current,light pollution,0
Cocos Islands,ssp585,medium-term,light pollution,0
Cocos Islands,ssp245,current,nutrient pollution,0
Cocos Islands,ssp245,medium-term,nutrient pollution,0
Cocos Islands,ssp585,current,nutrient pollution,0
Cocos Islands,ssp585,medium-term,nutrient pollution,0
Cocos Islands,ssp245,current,ocean warming,0.04348241174957366
Cocos Islands,ssp245,medium-term,ocean warming,0.23520942702695416
Cocos Islands,ssp585,current,ocean warming,0.08093305996735581
Cocos Islands,ssp585,medium-term,ocean warming,0.3696029130621658
Cocos Islands,ssp245,current,primary productivity,0.002010102276407602
Cocos Islands,ssp245,medium-term,primary productivity,0
Cocos Islands,ssp585,current,primary productivity,0.002116396291849771
Cocos Islands,ssp585,medium-term,primary productivity,0
Cocos Islands,ssp245,current,reduced oxygen,0.006805171488201722
Cocos Islands,ssp245,medium-term,reduced oxygen,0.011119093359047837
Cocos Islands,ssp585,current,reduced oxygen,0.006805171488201722
Cocos Islands,ssp585,medium-term,reduced oxygen,0.014425739185359509
Cocos Islands,ssp245,current,sea level rise,0.0030003080804211373
Cocos Islands,ssp245,medium-term,sea level rise,0.014197357355927425
Cocos Islands,ssp585,current,sea level rise,0.004870907081446298
Cocos Islands,ssp585,medium-term,sea level rise,0.022897237337504824
Christmas Island,ssp245,current,acidification,0
Christmas Island,ssp245,medium-term,acidification,0
Christmas Island,ssp585,current,acidification,0
Christmas Island,ssp585,medium-term,acidification,4.563099594440628e-5
Christmas Island,ssp245,current,air heat index,0
Christmas Island,ssp245,medium-term,air heat index,2.691834663644168e-4
Christmas Island,ssp585,current,air heat index,0
Christmas Island,ssp585,medium-term,air heat index,0.0014971989069387987
Christmas Island,ssp245,current,coastal disturbance,0.012372207118460208
Christmas Island,ssp245,medium-term,coastal disturbance,0.012372207118460208
Christmas Island,ssp585,current,coastal disturbance,0.012372207118460208
Christmas Island,ssp585,medium-term,coastal disturbance,0.012372207118460208
Christmas Island,ssp245,current,fisheries biomass loss,0
Christmas Island,ssp245,medium-term,fisheries biomass loss,0
Christmas Island,ssp585,current,fisheries biomass loss,0
Christmas Island,ssp585,medium-term,fisheries biomass loss,0
Christmas Island,ssp245,current,light pollution,0
Christmas Island,ssp245,medium-term,light pollution,0
Christmas Island,ssp585,current,light pollution,0
Christmas Island,ssp585,medium-term,light pollution,0
Christmas Island,ssp245,current,nutrient pollution,0
Christmas Island,ssp245,medium-term,nutrient pollution,0
Christmas Island,ssp585,current,nutrient pollution,0
Christmas Island,ssp585,medium-term,nutrient pollution,0
Christmas Island,ssp245,current,ocean warming,0.07900131810310995
Christmas Island,ssp245,medium-term,ocean warming,0.22922141007901783
Christmas Island,ssp585,current,ocean warming,0.0821464348833119
Christmas Island,ssp585,medium-term,ocean warming,0.3483965305481847
Christmas Island,ssp245,current,primary productivity,0
Christmas Island,ssp245,medium-term,primary productivity,0
Christmas Island,ssp585,current,primary productivity,0
Christmas Island,ssp585,medium-term,primary productivity,0
Christmas Island,ssp245,current,reduced oxygen,0.020442497603632794
Christmas Island,ssp245,medium-term,reduced oxygen,0.03260388031531585
Christmas Island,ssp585,current,reduced oxygen,0.020442497603632794
Christmas Island,ssp585,medium-term,reduced oxygen,0.03381012435165138
Christmas Island,ssp245,current,sea level rise,1.1260532902859019e-4
Christmas Island,ssp245,medium-term,sea level rise,0.01689153002305168
Christmas Island,ssp585,current,sea level rise,0.00293811694808193
Christmas Island,ssp585,medium-term,sea level rise,0.028340085653656966
Norfolk Island,ssp245,current,acidification,0
Norfolk Island,ssp245,medium-term,acidification,0.002945824627598388
Norfolk Island,ssp585,current,acidification,0
Norfolk Island,ssp585,medium-term,acidification,0.019712644095549573
Norfolk Island,ssp245,current,air heat index,0
Norfolk Island,ssp245,medium-term,air heat index,0
Norfolk Island,ssp585,current,air heat index,0
Norfolk Island,ssp585,medium-term,air heat index,0
Norfolk Island,ssp245,current,coastal disturbance,0.020087589247365638
Norfolk Island,ssp245,medium-term,coastal disturbance,0.020087589247365638
Norfolk Island,ssp585,current,coastal disturbance,0.020087589247365638
Norfolk Island,ssp585,medium-term,coastal disturbance,0.020087589247365638
Norfolk Island,ssp245,current,fisheries biomass loss,0.0881842281645125
Norfolk Island,ssp245,medium-term,fisheries biomass loss,0.08845152041612891
Norfolk Island,ssp585,current,fisheries biomass loss,0.08828914568730398
Norfolk Island,ssp585,medium-term,fisheries biomass loss,0.08846210267656715
Norfolk Island,ssp245,current,light pollution,0
Norfolk Island,ssp245,medium-term,light pollution,0
Norfolk Island,ssp585,current,light pollution,0
Norfolk Island,ssp585,medium-term,light pollution,0
Norfolk Island,ssp245,current,nutrient pollution,0
Norfolk Island,ssp245,medium-term,nutrient pollution,0
Norfolk Island,ssp585,current,nutrient pollution,0
Norfolk Island,ssp585,medium-term,nutrient pollution,0
Norfolk Island,ssp245,current,ocean warming,0.19146272216676152
Norfolk Island,ssp245,medium-term,ocean warming,0.4004499751948363
Norfolk Island,ssp585,current,ocean warming,0.18598555221785015
Norfolk Island,ssp585,medium-term,ocean warming,0.4950806954487537
Norfolk Island,ssp245,current,primary productivity,0.019016217477474128
Norfolk Island,ssp245,medium-term,primary productivity,0.05483606956161869
Norfolk Island,ssp585,current,primary productivity,0.018194884122688867
Norfolk Island,ssp585,medium-term,primary productivity,0.0834846552471087
Norfolk Island,ssp245,current,reduced oxygen,0.004201139700796828
Norfolk Island,ssp245,medium-term,reduced oxygen,0.008714693609363165
Norfolk Island,ssp585,current,reduced oxygen,0.004201139700796828
Norfolk Island,ssp585,medium-term,reduced oxygen,0.009947485576988884
Norfolk Island,ssp245,current,sea level rise,9.246635844950399e-4
Norfolk Island,ssp245,medium-term,sea level rise,0.019137931413327654
Norfolk Island,ssp585,current,sea level rise,0.004815145139582453
Norfolk Island,ssp585,medium-term,sea level rise,0.03388505432133873
Macquarie Island,ssp245,current,acidification,0.12574883828843172
Macquarie Island,ssp245,medium-term,acidification,0.19535247840692385
Macquarie Island,ssp585,current,acidification,0.1259235684640523
Macquarie Island,ssp585,medium-term,acidification,0.23255371323290147
Macquarie Island,ssp245,current,air heat index,0
Macquarie Island,ssp245,medium-term,air heat index,0
Macquarie Island,ssp585,current,air heat index,0
Macquarie Island,ssp585,medium-term,air heat index,0
Macquarie Island,ssp245,current,coastal disturbance,0
Macquarie Island,ssp245,medium-term,coastal disturbance,0
Macquarie Island,ssp585,current,coastal disturbance,0
Macquarie Island,ssp585,medium-term,coastal disturbance,0
Macquarie Island,ssp245,current,fisheries biomass loss,0.04030142250606635
Macquarie Island,ssp245,medium-term,fisheries biomass loss,0.06912856294851129
Macquarie Island,ssp585,current,fisheries biomass loss,0.04177194722301052
Macquarie Island,ssp585,medium-term,fisheries biomass loss,0.06709636651309363
Macquarie Island,ssp245,current,light pollution,0
Macquarie Island,ssp245,medium-term,light pollution,0
Macquarie Island,ssp585,current,light pollution,0
Macquarie Island,ssp585,medium-term,light pollution,0
Macquarie Island,ssp245,current,nutrient pollution,0
Macquarie Island,ssp245,medium-term,nutrient pollution,0
Macquarie Island,ssp585,current,nutrient pollution,0
Macquarie Island,ssp585,medium-term,nutrient pollution,0
Macquarie Island,ssp245,current,ocean warming,0.042873250755733214
Macquarie Island,ssp245,medium-term,ocean warming,0.18868409541072184
Macquarie Island,ssp585,current,ocean warming,0.04086383069294574
Macquarie Island,ssp585,medium-term,ocean warming,0.19940848560950006
Macquarie Island,ssp245,current,primary productivity,0.0199226969176159
Macquarie Island,ssp245,medium-term,primary productivity,0.017932186310369587
Macquarie Island,ssp585,current,primary productivity,0.019255699186032867
Macquarie Island,ssp585,medium-term,primary productivity,0.00686213407521846
Macquarie Island,ssp245,current,reduced oxygen,2.989894836532521e-4
Macquarie Island,ssp245,medium-term,reduced oxygen,6.264911074302522e-4
Macquarie Island,ssp585,current,reduced oxygen,2.989894836532521e-4
Macquarie Island,ssp585,medium-term,reduced oxygen,7.409657484681068e-4
Macquarie Island,ssp245,current,sea level rise,0.001307158080938582
Macquarie Island,ssp245,medium-term,sea level rise,0.011328927810995303
Macquarie Island,ssp585,current,sea level rise,0.002930502183241487
Macquarie Island,ssp585,medium-term,sea level rise,0.017229519567494703
Australia,ssp245,current,acidification,0.0034691499248574228
Australia,ssp245,medium-term,acidification,0.011083380543628757
Australia,ssp585,current,acidification,0.0038085247755276492
Australia,ssp585,medium-term,acidification,0.019384929125756126
Australia,ssp245,current,air heat index,0.0018055237947838597
Australia,ssp245,medium-term,air heat index,0.027552691211589892
Australia,ssp585,current,air heat index,0.001488110547216751
Australia,ssp585,medium-term,air heat index,0.031051881796008124
Australia,ssp245,current,coastal disturbance,0.015428677867202532
Australia,ssp245,medium-term,coastal disturbance,0.01576110432220073
Australia,ssp585,current,coastal disturbance,0.015542777006798568
Australia,ssp585,medium-term,coastal disturbance,0.017112065513210328
Australia,ssp245,current,fisheries biomass loss,0.08033659103678911
Australia,ssp245,medium-term,fisheries biomass loss,0.08145130327665774
Australia,ssp585,current,fisheries biomass loss,0.08037199430775435
Australia,ssp585,medium-term,fisheries biomass loss,0.08177134135140386
Australia,ssp245,current,light pollution,8.062341161081683e-4
Australia,ssp245,medium-term,light pollution,0.0011575137573920057
Australia,ssp585,current,light pollution,7.985461046608748e-4
Australia,ssp585,medium-term,light pollution,0.0013819278025507889
Australia,ssp245,current,nutrient pollution,0.004343993686350037
Australia,ssp245,medium-term,nutrient pollution,0.004817665470998354
Australia,ssp585,current,nutrient pollution,0.004278147585153423
Australia,ssp585,medium-term,nutrient pollution,0.004563351536891867
Australia,ssp245,current,ocean warming,0.026040482596961814
Australia,ssp245,medium-term,ocean warming,0.1131252291840658
Australia,ssp585,current,ocean warming,0.02162675910705995
Australia,ssp585,medium-term,ocean warming,0.1565574472908182
Australia,ssp245,current,primary productivity,0.0023307197333257003
Australia,ssp245,medium-term,primary productivity,0.00876093629554936
Australia,ssp585,current,primary productivity,0.002278142648535472
Australia,ssp585,medium-term,primary productivity,0.010051484734816585
Australia,ssp245,current,reduced oxygen,0.0014564111931167684
Australia,ssp245,medium-term,reduced oxygen,0.005651891107277199
Australia,ssp585,current,reduced oxygen,0.0014564111931167684
Australia,ssp585,medium-term,reduced oxygen,0.007551927429863706
Australia,ssp245,current,sea level rise,0.0014147125205148528
Australia,ssp245,medium-term,sea level rise,0.048341716330279574
Australia,ssp585,current,sea level rise,0.007656768251132005
Australia,ssp585,medium-term,sea level rise,0.08678251849658052
New Zealand,ssp245,current,acidification,0.03414289231102225
New Zealand,ssp245,medium-term,acidification,0.06336060214455418
New Zealand,ssp585,current,acidification,0.03321513392773209
New Zealand,ssp585,medium-term,acidification,0.07979489359720213
New Zealand,ssp245,current,air heat index,0
New Zealand,ssp245,medium-term,air heat index,0
New Zealand,ssp585,current,air heat index,0
New Zealand,ssp585,medium-term,air heat index,0
New Zealand,ssp245,current,coastal disturbance,0.02040307035749069
New Zealand,ssp245,medium-term,coastal disturbance,0.01985750442332651
New Zealand,ssp585,current,coastal disturbance,0.02052979611439966
New Zealand,ssp585,medium-term,coastal disturbance,0.021270455989292385
New Zealand,ssp245,current,fisheries biomass loss,0.06903130674769642
New Zealand,ssp245,medium-term,fisheries biomass loss,0.06915965384988447
New Zealand,ssp585,current,fisheries biomass loss,0.06907442018295955
New Zealand,ssp585,medium-term,fisheries biomass loss,0.06916550333284621
New Zealand,ssp245,current,light pollution,6.90242815997808e-4
New Zealand,ssp245,medium-term,light pollution,0.0015541534090703596
New Zealand,ssp585,current,light pollution,7.288241638745324e-4
New Zealand,ssp585,medium-term,light pollution,0.0018091458957499686
New Zealand,ssp245,current,nutrient pollution,0.006099401443333958
New Zealand,ssp245,medium-term,nutrient pollution,0.0072083366763645
New Zealand,ssp585,current,nutrient pollution,0.006069422057178521
New Zealand,ssp585,medium-term,nutrient pollution,0.007182433260670966
New Zealand,ssp245,current,ocean warming,0.05009078983546617
New Zealand,ssp245,medium-term,ocean warming,0.14622775139182184
New Zealand,ssp585,current,ocean warming,0.03651488512058875
New Zealand,ssp585,medium-term,ocean warming,0.2110501605898063
New Zealand,ssp245,current,primary productivity,0.007734900446642414
New Zealand,ssp245,medium-term,primary productivity,0.027326981320757754
New Zealand,ssp585,current,primary productivity,0.007348109245137111
New Zealand,ssp585,medium-term,primary productivity,0.02891713932764842
New Zealand,ssp245,current,reduced oxygen,0.0023307151284174933
New Zealand,ssp245,medium-term,reduced oxygen,0.006191110384610222
New Zealand,ssp585,current,reduced oxygen,0.0023307151284174933
New Zealand,ssp585,medium-term,reduced oxygen,0.007365603542139186
New Zealand,ssp245,current,sea level rise,0.012961788656401702
New Zealand,ssp245,medium-term,sea level rise,0.04077294355836833
New Zealand,ssp585,current,sea level rise,0.01947979471502893
New Zealand,ssp585,medium-term,sea level rise,0.07398265827100502
Bahamas,ssp245,current,acidification,0
Bahamas,ssp245,medium-term,acidification,0
Bahamas,ssp585,current,acidification,0
Bahamas,ssp585,medium-term,acidification,0
Bahamas,ssp245,current,air heat index,8.874827136385951e-5
Bahamas,ssp245,medium-term,air heat index,0.012620179626715576
Bahamas,ssp585,current,air heat index,1.1099749674006174e-4
Bahamas,ssp585,medium-term,air heat index,0.023775430848537428
Bahamas,ssp245,current,coastal disturbance,0.021252757299570185
Bahamas,ssp245,medium-term,coastal disturbance,0.023159879627169932
Bahamas,ssp585,current,coastal disturbance,0.02121823122478866
Bahamas,ssp585,medium-term,coastal disturbance,0.023262642303401436
Bahamas,ssp245,current,fisheries biomass loss,0.08122973486709978
Bahamas,ssp245,medium-term,fisheries biomass loss,0.17818553305947313
Bahamas,ssp585,current,fisheries biomass loss,0.08163011659515582
Bahamas,ssp585,medium-term,fisheries biomass loss,0.20008845729151895
Bahamas,ssp245,current,light pollution,5.476107598385877e-4
Bahamas,ssp245,medium-term,light pollution,4.619304340627018e-4
Bahamas,ssp585,current,light pollution,5.523827843555611e-4
Bahamas,ssp585,medium-term,light pollution,4.422685191725071e-4
Bahamas,ssp245,current,nutrient pollution,1.817772295660549e-5
Bahamas,ssp245,medium-term,nutrient pollution,2.9454946530503078e-5
Bahamas,ssp585,current,nutrient pollution,1.8383828655076753e-5
Bahamas,ssp585,medium-term,nutrient pollution,2.6545949874631866e-5
Bahamas,ssp245,current,ocean warming,0.04915178481278897
Bahamas,ssp245,medium-term,ocean warming,0.25725106524691
Bahamas,ssp585,current,ocean warming,0.0670162131154623
Bahamas,ssp585,medium-term,ocean warming,0.2947406844709096
Bahamas,ssp245,current,primary productivity,0
Bahamas,ssp245,medium-term,primary productivity,0.030496966412834656
Bahamas,ssp585,current,primary productivity,0
Bahamas,ssp585,medium-term,primary productivity,0.02909410825889351
Bahamas,ssp245,current,reduced oxygen,0.0031741049414144257
Bahamas,ssp245,medium-term,reduced oxygen,0.008548366866191245
Bahamas,ssp585,current,reduced oxygen,0.0031741049414144257
Bahamas,ssp585,medium-term,reduced oxygen,0.009762245650444786
Bahamas,ssp245,current,sea level rise,0.020290590947010464
Bahamas,ssp245,medium-term,sea level rise,0.0483829499704815
Bahamas,ssp585,current,sea level rise,0.023231280167496555
Bahamas,ssp585,medium-term,sea level rise,0.06761920676324129
Turks and Caicos Islands,ssp245,current,acidification,0
Turks and Caicos Islands,ssp245,medium-term,acidification,0
Turks and Caicos Islands,ssp585,current,acidification,0
Turks and Caicos Islands,ssp585,medium-term,acidification,0
Turks and Caicos Islands,ssp245,current,air heat index,0
Turks and Caicos Islands,ssp245,medium-term,air heat index,0.0037711539382335583
Turks and Caicos Islands,ssp585,current,air heat index,0
Turks and Caicos Islands,ssp585,medium-term,air heat index,0.04169432301699233
Turks and Caicos Islands,ssp245,current,coastal disturbance,0.023277187435991012
Turks and Caicos Islands,ssp245,medium-term,coastal disturbance,0.023277187435991012
Turks and Caicos Islands,ssp585,current,coastal disturbance,0.023277187435991012
Turks and Caicos Islands,ssp585,medium-term,coastal disturbance,0.023277187435991012
Turks and Caicos Islands,ssp245,current,fisheries biomass loss,0.040184531168473
Turks and Caicos Islands,ssp245,medium-term,fisheries biomass loss,0.19007646044100462
Turks and Caicos Islands,ssp585,current,fisheries biomass loss,0.0399141301268269
Turks and Caicos Islands,ssp585,medium-term,fisheries biomass loss,0.2102191303234002
Turks and Caicos Islands,ssp245,current,light pollution,7.766745877329637e-5
Turks and Caicos Islands,ssp245,medium-term,light pollution,1.9023634453524688e-5
Turks and Caicos Islands,ssp585,current,light pollution,7.766745877329637e-5
Turks and Caicos Islands,ssp585,medium-term,light pollution,2.0378486522914512e-4
Turks and Caicos Islands,ssp245,current,nutrient pollution,3.5100979236937197e-5
Turks and Caicos Islands,ssp245,medium-term,nutrient pollution,4.814141050152087e-5
Turks and Caicos Islands,ssp585,current,nutrient pollution,3.510097915360739e-5
Turks and Caicos Islands,ssp585,medium-term,nutrient pollution,3.0846385942549325e-5
Turks and Caicos Islands,ssp245,current,ocean warming,0.06062611365184574
Turks and Caicos Islands,ssp245,medium-term,ocean warming,0.34058214804375125
Turks and Caicos Islands,ssp585,current,ocean warming,0.0785011703547896
Turks and Caicos Islands,ssp585,medium-term,ocean warming,0.3886366379827163
Turks and Caicos Islands,ssp245,current,primary productivity,8.482329974196077e-5
Turks and Caicos Islands,ssp245,medium-term,primary productivity,0.0033837735606111526
Turks and Caicos Islands,ssp585,current,primary productivity,2.102664547909555e-4
Turks and Caicos Islands,ssp585,medium-term,primary productivity,0.003537108144024913
Turks and Caicos Islands,ssp245,current,reduced oxygen,0.004209981135396135
Turks and Caicos Islands,ssp245,medium-term,reduced oxygen,0.009210620280117309
Turks and Caicos Islands,ssp585,current,reduced oxygen,0.004209981135396135
Turks and Caicos Islands,ssp585,medium-term,reduced oxygen,0.011084390985395562
Turks and Caicos Islands,ssp245,current,sea level rise,0.01117383453774413
Turks and Caicos Islands,ssp245,medium-term,sea level rise,0.04018556007711021
Turks and Caicos Islands,ssp585,current,sea level rise,0.013965785933894375
Turks and Caicos Islands,ssp585,medium-term,sea level rise,0.05290418911608867
Cuba,ssp245,current,acidification,0
Cuba,ssp245,medium-term,acidification,0
Cuba,ssp585,current,acidification,0
Cuba,ssp585,medium-term,acidification,0
Cuba,ssp245,current,air heat index,8.208837228907239e-4
Cuba,ssp245,medium-term,air heat index,0.07472390718851261
Cuba,ssp585,current,air heat index,0.0010220696672398261
Cuba,ssp585,medium-term,air heat index,0.08510775932573267
Cuba,ssp245,current,coastal disturbance,0.03376938350792071
Cuba,ssp245,medium-term,coastal disturbance,0.023922060184918263
Cuba,ssp585,current,coastal disturbance,0.03250301894728006
Cuba,ssp585,medium-term,coastal disturbance,0.017213201644760458
Cuba,ssp245,current,fisheries biomass loss,0.09085769169332508
Cuba,ssp245,medium-term,fisheries biomass loss,0.33247570030982954
Cuba,ssp585,current,fisheries biomass loss,0.09122584023283903
Cuba,ssp585,medium-term,fisheries biomass loss,0.3322866162844054
Cuba,ssp245,current,light pollution,3.9630708400256037e-4
Cuba,ssp245,medium-term,light pollution,5.154894795376892e-4
Cuba,ssp585,current,light pollution,4.332777475628864e-4
Cuba,ssp585,medium-term,light pollution,4.6272149731492565e-4
Cuba,ssp245,current,nutrient pollution,0.009865331075335796
Cuba,ssp245,medium-term,nutrient pollution,0.011492228598999317
Cuba,ssp585,current,nutrient pollution,0.009978650541861365
Cuba,ssp585,medium-term,nutrient pollution,0.010861881782434515
Cuba,ssp245,current,ocean warming,0.07536832772323182
Cuba,ssp245,medium-term,ocean warming,0.29423393058488556
Cuba,ssp585,current,ocean warming,0.08331062487195595
Cuba,ssp585,medium-term,ocean warming,0.3279239625460156
Cuba,ssp245,current,primary productivity,1.2890133351314817e-4
Cuba,ssp245,medium-term,primary productivity,0.010955550680137694
Cuba,ssp585,current,primary productivity,3.4289481974069863e-5
Cuba,ssp585,medium-term,primary productivity,0.007754692698247773
Cuba,ssp245,current,reduced oxygen,0.002005606328464902
Cuba,ssp245,medium-term,reduced oxygen,0.006250467194923902
Cuba,ssp585,current,reduced oxygen,0.002005606328464902
Cuba,ssp585,medium-term,reduced oxygen,0.007878230392248088
Cuba,ssp245,current,sea level rise,0.025944787881319258
Cuba,ssp245,medium-term,sea level rise,0.06973928421180071
Cuba,ssp585,current,sea level rise,0.0300334225780219
Cuba,ssp585,medium-term,sea level rise,0.09702878383454457
Cayman Islands,ssp245,current,acidification,0
Cayman Islands,ssp245,medium-term,acidification,0
Cayman Islands,ssp585,current,acidification,0
Cayman Islands,ssp585,medium-term,acidification,0
Cayman Islands,ssp245,current,air heat index,2.4227583562605977e-4
Cayman Islands,ssp245,medium-term,air heat index,0.009416174707520339
Cayman Islands,ssp585,current,air heat index,2.88146783956714e-4
Cayman Islands,ssp585,medium-term,air heat index,0.013736621650039322
Cayman Islands,ssp245,current,coastal disturbance,0.034594107773672375
Cayman Islands,ssp245,medium-term,coastal disturbance,0.034594107773672375
Cayman Islands,ssp585,current,coastal disturbance,0.034594107773672375
Cayman Islands,ssp585,medium-term,coastal disturbance,0.034594107773672375
Cayman Islands,ssp245,current,fisheries biomass loss,0.04856646273757279
Cayman Islands,ssp245,medium-term,fisheries biomass loss,0.07189015377314516
Cayman Islands,ssp585,current,fisheries biomass loss,0.048371552354567235
Cayman Islands,ssp585,medium-term,fisheries biomass loss,0.07992886731654936
Cayman Islands,ssp245,current,light pollution,0.0019482307582317532
Cayman Islands,ssp245,medium-term,light pollution,0.002632023804795203
Cayman Islands,ssp585,current,light pollution,0.0019482307582317532
Cayman Islands,ssp585,medium-term,light pollution,0.0025395619353124244
Cayman Islands,ssp245,current,nutrient pollution,0
Cayman Islands,ssp245,medium-term,nutrient pollution,0
Cayman Islands,ssp585,current,nutrient pollution,0
Cayman Islands,ssp585,medium-term,nutrient pollution,0
Cayman Islands,ssp245,current,ocean warming,0.1077790949273751
Cayman Islands,ssp245,medium-term,ocean warming,0.44827830877297353
Cayman Islands,ssp585,current,ocean warming,0.12555314529438166
Cayman Islands,ssp585,medium-term,ocean warming,0.48484078025988614
Cayman Islands,ssp245,current,primary productivity,0
Cayman Islands,ssp245,medium-term,primary productivity,0.012398791361839457
Cayman Islands,ssp585,current,primary productivity,4.433920512846178e-9
Cayman Islands,ssp585,medium-term,primary productivity,0.0023574890268101786
Cayman Islands,ssp245,current,reduced oxygen,0.0041241674499240665
Cayman Islands,ssp245,medium-term,reduced oxygen,0.007296775899142931
Cayman Islands,ssp585,current,reduced oxygen,0.0041241674499240665
Cayman Islands,ssp585,medium-term,reduced oxygen,0.008598436283702741
Cayman Islands,ssp245,current,sea level rise,0.0073436644961475395
Cayman Islands,ssp245,medium-term,sea level rise,0.02109892604542741
Cayman Islands,ssp585,current,sea level rise,0.008795190390244694
Cayman Islands,ssp585,medium-term,sea level rise,0.029345669072224863
Haiti,ssp245,current,acidification,0
Haiti,ssp245,medium-term,acidification,0
Haiti,ssp585,current,acidification,0
Haiti,ssp585,medium-term,acidification,0
Haiti,ssp245,current,air heat index,7.686588253334163e-5
Haiti,ssp245,medium-term,air heat index,0.005671664261323938
Haiti,ssp585,current,air heat index,1.1004688280564961e-4
Haiti,ssp585,medium-term,air heat index,0.020376069784385092
Haiti,ssp245,current,coastal disturbance,0.09283204695014348
Haiti,ssp245,medium-term,coastal disturbance,0.09408673489174156
Haiti,ssp585,current,coastal disturbance,0.09121670650281455
Haiti,ssp585,medium-term,coastal disturbance,0.082306615378328285
Haiti,ssp245,current,fisheries biomass loss,0.07409252994169034
Haiti,ssp245,medium-term,fisheries biomass loss,0.351175193419925
Haiti,ssp585,current,fisheries biomass loss,0.07428182225216741
Haiti,ssp585,medium-term,fisheries biomass loss,0.35108835213409595
Haiti,ssp245,current,light pollution,6.284018807504195e-4
Haiti,ssp245,medium-term,light pollution,0.0053199526637716585
Haiti,ssp585,current,light pollution,4.8321736998813874e-4
Haiti,ssp585,medium-term,light pollution,0.006194775939151463
Haiti,ssp245,current,nutrient pollution,0.012159452285307511
Haiti,ssp245,medium-term,nutrient pollution,0.015919209167045135
Haiti,ssp585,current,nutrient pollution,0.012190972840073718
Haiti,ssp585,medium-term,nutrient pollution,0.01616252886059678
Haiti,ssp245,current,ocean warming,0.11664040601495
Haiti,ssp245,medium-term,ocean warming,0.40017854736611663
Haiti,ssp585,current,ocean warming,0.12024456018646178
Haiti,ssp585,medium-term,ocean warming,0.4349985382120524
Haiti,ssp245,current,primary productivity,9.83480066520186e-6
Haiti,ssp245,medium-term,primary productivity,0.02610630480021998
Haiti,ssp585,current,primary productivity,1.6154867686144477e-5
Haiti,ssp585,medium-term,primary productivity,0.022940193595793034
Haiti,ssp245,current,reduced oxygen,0.0034320703306334977
Haiti,ssp245,medium-term,reduced oxygen,0.007789594365651745
Haiti,ssp585,current,reduced oxygen,0.0034320703306334977
Haiti,ssp585,medium-term,reduced oxygen,0.008968603943103295
Haiti,ssp245,current,sea level rise,0.012088983237179758
Haiti,ssp245,medium-term,sea level rise,0.04123403969356094
Haiti,ssp585,current,sea level rise,0.015029915859270718
Haiti,ssp585,medium-term,sea level rise,0.0546780729602263
Dominican Republic,ssp245,current,acidification,0
Dominican Republic,ssp245,medium-term,acidification,0
Dominican Republic,ssp585,current,acidification,0
Dominican Republic,ssp585,medium-term,acidification,0
Dominican Republic,ssp245,current,air heat index,4.7475928608629535e-5
Dominican Republic,ssp245,medium-term,air heat index,0.0033772565754483924
Dominican Republic,ssp585,current,air heat index,5.559296798579154e-5
Dominican Republic,ssp585,medium-term,air heat index,0.011940756445087922
Dominican Republic,ssp245,current,coastal disturbance,0.06215104163120268
Dominican Republic,ssp245,medium-term,coastal disturbance,0.062358564205657364
Dominican Republic,ssp585,current,coastal disturbance,0.0613544404488852
Dominican Republic,ssp585,medium-term,coastal disturbance,0.055501139215863526
Dominican Republic,ssp245,current,fisheries biomass loss,0.11860392917168121
Dominican Republic,ssp245,medium-term,fisheries biomass loss,0.3492549871902716
Dominican Republic,ssp585,current,fisheries biomass loss,0.1190816690927022
Dominican Republic,ssp585,medium-term,fisheries biomass loss,0.34894810371826257
Dominican Republic,ssp245,current,light pollution,0.002904987350865877
Dominican Republic,ssp245,medium-term,light pollution,0.0047852106703011
Dominican Republic,ssp585,current,light pollution,0.002940750284429109
Dominican Republic,ssp585,medium-term,light pollution,0.00491328139250282
Dominican Republic,ssp245,current,nutrient pollution,0.02463314511041079
Dominican Republic,ssp245,medium-term,nutrient pollution,0.0267588908260916
Dominican Republic,ssp585,current,nutrient pollution,0.02457768409924011
Dominican Republic,ssp585,medium-term,nutrient pollution,0.028583043081891503
Dominican Republic,ssp245,current,ocean warming,0.06516054042718819
Dominican Republic,ssp245,medium-term,ocean warming,0.33225612611467326
Dominican Republic,ssp585,current,ocean warming,0.07544092648808706
Dominican Republic,ssp585,medium-term,ocean warming,0.39935310115556955
Dominican Republic,ssp245,current,primary productivity,8.117919030300848e-4
Dominican Republic,ssp245,medium-term,primary productivity,0.0028249913537399113
Dominican Republic,ssp585,current,primary productivity,0.0013391867805216094
Dominican Republic,ssp585,medium-term,primary productivity,0.003570950073028188
Dominican Republic,ssp245,current,reduced oxygen,0.0057540145413457885
Dominican Republic,ssp245,medium-term,reduced oxygen,0.010560033817926768
Dominican Republic,ssp585,current,reduced oxygen,0.0057540145413457885
Dominican Republic,ssp585,medium-term,reduced oxygen,0.012223929452990818
Dominican Republic,ssp245,current,sea level rise,0.007455323782974469
Dominican Republic,ssp245,medium-term,sea level rise,0.04105312462040904
Dominican Republic,ssp585,current,sea level rise,0.010168939307046598
Dominican Republic,ssp585,medium-term,sea level rise,0.05631118689914449
Puerto Rico and Virgin Islands of the United States,ssp245,current,acidification,0
Puerto Rico and Virgin Islands of the United States,ssp245,medium-term,acidification,0
Puerto Rico and Virgin Islands of the United States,ssp585,current,acidification,0
Puerto Rico and Virgin Islands of the United States,ssp585,medium-term,acidification,0
Puerto Rico and Virgin Islands of the United States,ssp245,current,air heat index,0
Puerto Rico and Virgin Islands of the United States,ssp245,medium-term,air heat index,0.0015879463703640795
Puerto Rico and Virgin Islands of the United States,ssp585,current,air heat index,0
Puerto Rico and Virgin Islands of the United States,ssp585,medium-term,air heat index,0.013854753328458806
Puerto Rico and Virgin Islands of the United States,ssp245,current,coastal disturbance,0.09899071546014465
Puerto Rico and Virgin Islands of the United States,ssp245,medium-term,coastal disturbance,0.0980066367096076
Puerto Rico and Virgin Islands of the United States,ssp585,current,coastal disturbance,0.09853539445987435
Puerto Rico and Virgin Islands of the United States,ssp585,medium-term,coastal disturbance,0.09420303283078585
Puerto Rico and Virgin Islands of the United States,ssp245,current,fisheries biomass loss,0.09670986154062279
Puerto Rico and Virgin Islands of the United States,ssp245,medium-term,fisheries biomass loss,0.33506351618519187
Puerto Rico and Virgin Islands of the United States,ssp585,current,fisheries biomass loss,0.09728248450471216
Puerto Rico and Virgin Islands of the United States,ssp585,medium-term,fisheries biomass loss,0.3375550673288513
Puerto Rico and Virgin Islands of the United States,ssp245,current,light pollution,0.007245837991455989
Puerto Rico and Virgin Islands of the United States,ssp245,medium-term,light pollution,0.0068114672368536685
Puerto Rico and Virgin Islands of the United States,ssp585,current,light pollution,0.007251677254415605
Puerto Rico and Virgin Islands of the United States,ssp585,medium-term,light pollution,0.006706030126432107
Puerto Rico and Virgin Islands of the United States,ssp245,current,nutrient pollution,0.013341637337502243
Puerto Rico and Virgin Islands of the United States,ssp245,medium-term,nutrient pollution,0.01016267653918177
Puerto Rico and Virgin Islands of the United States,ssp585,current,nutrient pollution,0.013366813135719812
Puerto Rico and Virgin Islands of the United States,ssp585,medium-term,nutrient pollution,0.004636077168797517
Puerto Rico and Virgin Islands of the United States,ssp245,current,ocean warming,0.07466240863299312
Puerto Rico and Virgin Islands of the United States,ssp245,medium-term,ocean warming,0.3238205194481808
Puerto Rico and Virgin Islands of the United States,ssp585,current,ocean warming,0.10524045773943567
Puerto Rico and Virgin Islands of the United States,ssp585,medium-term,ocean warming,0.388798159526034
Puerto Rico and Virgin Islands of the United States,ssp245,current,primary productivity,0
Puerto Rico and Virgin Islands of the United States,ssp245,medium-term,primary productivity,0.0013075168112138386
Puerto Rico and Virgin Islands of the United States,ssp585,current,primary productivity,2.769748987691906e-6
Puerto Rico and Virgin Islands of the United States,ssp585,medium-term,primary productivity,0.004385084334541559
Puerto Rico and Virgin Islands of the United States,ssp245,current,reduced oxygen,0.004137868718679533
Puerto Rico and Virgin Islands of the United States,ssp245,medium-term,reduced oxygen,0.009082098715728525
Puerto Rico and Virgin Islands of the United States,ssp585,current,reduced oxygen,0.004137868718679533
Puerto Rico and Virgin Islands of the United States,ssp585,medium-term,reduced oxygen,0.010272429641862918
Puerto Rico and Virgin Islands of the United States,ssp245,current,sea level rise,0.00853050794640971
Puerto Rico and Virgin Islands of the United States,ssp245,medium-term,sea level rise,0.04570425555721158
Puerto Rico and Virgin Islands of the United States,ssp585,current,sea level rise,0.0112496125459628
Puerto Rico and Virgin Islands of the United States,ssp585,medium-term,sea level rise,0.063982117309459
British Virgin Islands,ssp245,current,acidification,0
British Virgin Islands,ssp245,medium-term,acidification,0
British Virgin Islands,ssp585,current,acidification,0
British Virgin Islands,ssp585,medium-term,acidification,0
British Virgin Islands,ssp245,current,air heat index,0
British Virgin Islands,ssp245,medium-term,air heat index,0.0012948394221893975
British Virgin Islands,ssp585,current,air heat index,0
British Virgin Islands,ssp585,medium-term,air heat index,0.004443614711635746
British Virgin Islands,ssp245,current,coastal disturbance,0.058504130611436264
British Virgin Islands,ssp245,medium-term,coastal disturbance,0.058403851611547
British Virgin Islands,ssp585,current,coastal disturbance,0.058479441044801204
British Virgin Islands,ssp585,medium-term,coastal disturbance,0.058137931044802825
British Virgin Islands,ssp245,current,fisheries biomass loss,0.022446912156078726
British Virgin Islands,ssp245,medium-term,fisheries biomass loss,0.2504073802720086
British Virgin Islands,ssp585,current,fisheries biomass loss,0.022232480642537664
British Virgin Islands,ssp585,medium-term,fisheries biomass loss,0.2719755647238344
British Virgin Islands,ssp245,current,light pollution,5.292934665703792e-4
British Virgin Islands,ssp245,medium-term,light pollution,8.92869557537778e-4
British Virgin Islands,ssp585,current,light pollution,5.292934665703792e-4
British Virgin Islands,ssp585,medium-term,light pollution,7.020524230028963e-4
British Virgin Islands,ssp245,current,nutrient pollution,3.257702432465925e-10
British Virgin Islands,ssp245,medium-term,nutrient pollution,1.6121828073922815e-10
British Virgin Islands,ssp585,current,nutrient pollution,3.257702432465925e-10
British Virgin Islands,ssp585,medium-term,nutrient pollution,1.6121828073922815e-10
British Virgin Islands,ssp245,current,ocean warming,0.05960875990667773
British Virgin Islands,ssp245,medium-term,ocean warming,0.2920548361973488
British Virgin Islands,ssp585,current,ocean warming,0.09831446448642964
British Virgin Islands,ssp585,medium-term,ocean warming,0.38075324182937037
British Virgin Islands,ssp245,current,primary productivity,0
British Virgin Islands,ssp245,medium-term,primary productivity,0
British Virgin Islands,ssp585,current,primary productivity,0
British Virgin Islands,ssp585,medium-term,primary productivity,0
British Virgin Islands,ssp245,current,reduced oxygen,0.002972827620861551
British Virgin Islands,ssp245,medium-term,reduced oxygen,0.007943435666322784
British Virgin Islands,ssp585,current,reduced oxygen,0.002972827620861551
British Virgin Islands,ssp585,medium-term,reduced oxygen,0.00939146290231747
British Virgin Islands,ssp245,current,sea level rise,0.006275355621392009
British Virgin Islands,ssp245,medium-term,sea level rise,0.042438692160430946
British Virgin Islands,ssp585,current,sea level rise,0.008819271408356142
British Virgin Islands,ssp585,medium-term,sea level rise,0.06026011951908004
Anguilla,ssp245,current,acidification,0
Anguilla,ssp245,medium-term,acidification,0
Anguilla,ssp585,current,acidification,0
Anguilla,ssp585,medium-term,acidification,0
Anguilla,ssp245,current,air heat index,0
Anguilla,ssp245,medium-term,air heat index,5.857916122684914e-4
Anguilla,ssp585,current,air heat index,0
Anguilla,ssp585,medium-term,air heat index,0.0022455450452980585
Anguilla,ssp245,current,coastal disturbance,0.04671117685055443
Anguilla,ssp245,medium-term,coastal disturbance,0.04671117685055443
Anguilla,ssp585,current,coastal disturbance,0.04671117685055443
Anguilla,ssp585,medium-term,coastal disturbance,0.04671117685055443
Anguilla,ssp245,current,fisheries biomass loss,0.010258964972471012
Anguilla,ssp245,medium-term,fisheries biomass loss,0.22780798383714032
Anguilla,ssp585,current,fisheries biomass loss,0.010597669470826075
Anguilla,ssp585,medium-term,fisheries biomass loss,0.23701765019463242
Anguilla,ssp245,current,light pollution,4.914618059826472e-4
Anguilla,ssp245,medium-term,light pollution,0
Anguilla,ssp585,current,light pollution,4.914618059826472e-4
Anguilla,ssp585,medium-term,light pollution,0
Anguilla,ssp245,current,nutrient pollution,2.1317610730605834e-5
Anguilla,ssp245,medium-term,nutrient pollution,3.298409192899397e-5
Anguilla,ssp585,current,nutrient pollution,2.1317610730605834e-5
Anguilla,ssp585,medium-term,nutrient pollution,2.3730652095250398e-5
Anguilla,ssp245,current,ocean warming,0.07019536605028925
Anguilla,ssp245,medium-term,ocean warming,0.30784957584546646
Anguilla,ssp585,current,ocean warming,0.0953624318457774
Anguilla,ssp585,medium-term,ocean warming,0.38538345499962035
Anguilla,ssp245,current,primary productivity,0
Anguilla,ssp245,medium-term,primary productivity,0
Anguilla,ssp585,current,primary productivity,0
Anguilla,ssp585,medium-term,primary productivity,0
Anguilla,ssp245,current,reduced oxygen,0.004395622616747069
Anguilla,ssp245,medium-term,reduced oxygen,0.009904116351102792
Anguilla,ssp585,current,reduced oxygen,0.004395622616747069
Anguilla,ssp585,medium-term,reduced oxygen,0.011691278648048151
Anguilla,ssp245,current,sea level rise,3.847920067658249e-6
Anguilla,ssp245,medium-term,sea level rise,0.019002023329189148
Anguilla,ssp585,current,sea level rise,6.053617458487002e-5
Anguilla,ssp585,medium-term,sea level rise,0.029030018144112546
Saint Kitts and Nevis,ssp245,current,acidification,0
Saint Kitts and Nevis,ssp245,medium-term,acidification,0
Saint Kitts and Nevis,ssp585,current,acidification,0
Saint Kitts and Nevis,ssp585,medium-term,acidification,0
Saint Kitts and Nevis,ssp245,current,air heat index,0
Saint Kitts and Nevis,ssp245,medium-term,air heat index,4.911984778354285e-4
Saint Kitts and Nevis,ssp585,current,air heat index,0
Saint Kitts and Nevis,ssp585,medium-term,air heat index,0.0023826693607218287
Saint Kitts and Nevis,ssp245,current,coastal disturbance,0
Saint Kitts and Nevis,ssp245,medium-term,coastal disturbance,0
Saint Kitts and Nevis,ssp585,current,coastal disturbance,0
Saint Kitts and Nevis,ssp585,medium-term,coastal disturbance,0
Saint Kitts and Nevis,ssp245,current,fisheries biomass loss,0
Saint Kitts and Nevis,ssp245,medium-term,fisheries biomass loss,0.23140657302401788
Saint Kitts and Nevis,ssp585,current,fisheries biomass loss,0
Saint Kitts and Nevis,ssp585,medium-term,fisheries biomass loss,0.26011424922574033
Saint Kitts and Nevis,ssp245,current,light pollution,0.001361845858843513
Saint Kitts and Nevis,ssp245,medium-term,light pollution,0.0017112476710247349
Saint Kitts and Nevis,ssp585,current,light pollution,0.001361845858843513
Saint Kitts and Nevis,ssp585,medium-term,light pollution,0.0015927634074749347
Saint Kitts and Nevis,ssp245,current,nutrient pollution,6.493151428733347e-5
Saint Kitts and Nevis,ssp245,medium-term,nutrient pollution,7.452275848056715e-5
Saint Kitts and Nevis,ssp585,current,nutrient pollution,6.493151411890852e-5
Saint Kitts and Nevis,ssp585,medium-term,nutrient pollution,6.572428389798282e-5
Saint Kitts and Nevis,ssp245,current,ocean warming,0.05373094923157219
Saint Kitts and Nevis,ssp245,medium-term,ocean warming,0.2878559562942487
Saint Kitts and Nevis,ssp585,current,ocean warming,0.09190454355471216
Saint Kitts and Nevis,ssp585,medium-term,ocean warming,0.38860088567968076
Saint Kitts and Nevis,ssp245,current,primary productivity,0
Saint Kitts and Nevis,ssp245,medium-term,primary productivity,0
Saint Kitts and Nevis,ssp585,current,primary productivity,2.3658109046048387e-6
Saint Kitts and Nevis,ssp585,medium-term,primary productivity,0
Saint Kitts and Nevis,ssp245,current,reduced oxygen,0.006480662755401916
Saint Kitts and Nevis,ssp245,medium-term,reduced oxygen,0.014965509555631125
Saint Kitts and Nevis,ssp585,current,reduced oxygen,0.006480662755401916
Saint Kitts and Nevis,ssp585,medium-term,reduced oxygen,0.01814373856645775
Saint Kitts and Nevis,ssp245,current,sea level rise,0
Saint Kitts and Nevis,ssp245,medium-term,sea level rise,0.011749304163795724
Saint Kitts and Nevis,ssp585,current,sea level rise,0
Saint Kitts and Nevis,ssp585,medium-term,sea level rise,0.02062756939213378
Antigua and Barbuda,ssp245,current,acidification,0
Antigua and Barbuda,ssp245,medium-term,acidification,0
Antigua and Barbuda,ssp585,current,acidification,0
Antigua and Barbuda,ssp585,medium-term,acidification,0
Antigua and Barbuda,ssp245,current,air heat index,0
Antigua and Barbuda,ssp245,medium-term,air heat index,5.658249750961251e-4
Antigua and Barbuda,ssp585,current,air heat index,0
Antigua and Barbuda,ssp585,medium-term,air heat index,0.002658744037963767
Antigua and Barbuda,ssp245,current,coastal disturbance,4.2106620496773e-4
Antigua and Barbuda,ssp245,medium-term,coastal disturbance,4.2106620496773e-4
Antigua and Barbuda,ssp585,current,coastal disturbance,4.2106620496773e-4
Antigua and Barbuda,ssp585,medium-term,coastal disturbance,4.2106620496773e-4
Antigua and Barbuda,ssp245,current,fisheries biomass loss,0
Antigua and Barbuda,ssp245,medium-term,fisheries biomass loss,0.16218261745590543
Antigua and Barbuda,ssp585,current,fisheries biomass loss,0
Antigua and Barbuda,ssp585,medium-term,fisheries biomass loss,0.20018058673288558
Antigua and Barbuda,ssp245,current,light pollution,0.0037724338499754866
Antigua and Barbuda,ssp245,medium-term,light pollution,0.0027867206795719464
Antigua and Barbuda,ssp585,current,light pollution,0.0037724338499754866
Antigua and Barbuda,ssp585,medium-term,light pollution,0.0038827433869455677
Antigua and Barbuda,ssp245,current,nutrient pollution,5.799647787631976e-5
Antigua and Barbuda,ssp245,medium-term,nutrient pollution,5.381731682148956e-5
Antigua and Barbuda,ssp585,current,nutrient pollution,5.799647841330874e-5
Antigua and Barbuda,ssp585,medium-term,nutrient pollution,8.445384957341837e-5
Antigua and Barbuda,ssp245,current,ocean warming,0.042184381724895345
Antigua and Barbuda,ssp245,medium-term,ocean warming,0.25143621650019976
Antigua and Barbuda,ssp585,current,ocean warming,0.08207297220480464
Antigua and Barbuda,ssp585,medium-term,ocean warming,0.3302055733818711
Antigua and Barbuda,ssp245,current,primary productivity,0
Antigua and Barbuda,ssp245,medium-term,primary productivity,0
Antigua and Barbuda,ssp585,current,primary productivity,1.1202776986191672e-4
Antigua and Barbuda,ssp585,medium-term,primary productivity,0
Antigua and Barbuda,ssp245,current,reduced oxygen,0.005933046836026791
Antigua and Barbuda,ssp245,medium-term,reduced oxygen,0.012502789815950197
Antigua and Barbuda,ssp585,current,reduced oxygen,0.005933046836026791
Antigua and Barbuda,ssp585,medium-term,reduced oxygen,0.01545688702503383
Antigua and Barbuda,ssp245,current,sea level rise,0
Antigua and Barbuda,ssp245,medium-term,sea level rise,0.016050614557629007
Antigua and Barbuda,ssp585,current,sea level rise,0
Antigua and Barbuda,ssp585,medium-term,sea level rise,0.029324540656315103
Montserrat,ssp245,current,acidification,0
Montserrat,ssp245,medium-term,acidification,0
Montserrat,ssp585,current,acidification,0
Montserrat,ssp585,medium-term,acidification,0
Montserrat,ssp245,current,air heat index,0
Montserrat,ssp245,medium-term,air heat index,4.1251047805417133e-4
Montserrat,ssp585,current,air heat index,0
Montserrat,ssp585,medium-term,air heat index,0.001985510570618013
Montserrat,ssp245,current,coastal disturbance,0.02564085579308233
Montserrat,ssp245,medium-term,coastal disturbance,0.02564085579308233
Montserrat,ssp585,current,coastal disturbance,0.02564085579308233
Montserrat,ssp585,medium-term,coastal disturbance,0.02564085579308233
Montserrat,ssp245,current,fisheries biomass loss,0.08228886257177995
Montserrat,ssp245,medium-term,fisheries biomass loss,0.367240430705715
Montserrat,ssp585,current,fisheries biomass loss,0.08315388841801905
Montserrat,ssp585,medium-term,fisheries biomass loss,0.3682694530609297
Montserrat,ssp245,current,light pollution,0
Montserrat,ssp245,medium-term,light pollution,0
Montserrat,ssp585,current,light pollution,0
Montserrat,ssp585,medium-term,light pollution,0
Montserrat,ssp245,current,nutrient pollution,7.85820001662311e-11
Montserrat,ssp245,medium-term,nutrient pollution,1.5540304765476973e-6
Montserrat,ssp585,current,nutrient pollution,7.85820001662311e-11
Montserrat,ssp585,medium-term,nutrient pollution,2.0295502315785066e-10
Montserrat,ssp245,current,ocean warming,0.05074011441053396
Montserrat,ssp245,medium-term,ocean warming,0.2907651426794473
Montserrat,ssp585,current,ocean warming,0.08261635959497653
Montserrat,ssp585,medium-term,ocean warming,0.3779313082700052
Montserrat,ssp245,current,primary productivity,0
Montserrat,ssp245,medium-term,primary productivity,0
Montserrat,ssp585,current,primary productivity,1.9280037786136478e-4
Montserrat,ssp585,medium-term,primary productivity,0
Montserrat,ssp245,current,reduced oxygen,0.0036862771577034427
Montserrat,ssp245,medium-term,reduced oxygen,0.007479752110172435
Montserrat,ssp585,current,reduced oxygen,0.0036862771577034427
Montserrat,ssp585,medium-term,reduced oxygen,0.009044098660516886
Montserrat,ssp245,current,sea level rise,0
Montserrat,ssp245,medium-term,sea level rise,0.00719189782006045
Montserrat,ssp585,current,sea level rise,0
Montserrat,ssp585,medium-term,sea level rise,0.014190721993024149
Saint Lucia,ssp245,current,acidification,0
Saint Lucia,ssp245,medium-term,acidification,0
Saint Lucia,ssp585,current,acidification,0
Saint Lucia,ssp585,medium-term,acidification,0
Saint Lucia,ssp245,current,air heat index,0
Saint Lucia,ssp245,medium-term,air heat index,7.001814428284494e-4
Saint Lucia,ssp585,current,air heat index,0
Saint Lucia,ssp585,medium-term,air heat index,0.0029143521146449657
Saint Lucia,ssp245,current,coastal disturbance,0.06135263321172845
Saint Lucia,ssp245,medium-term,coastal disturbance,0.06333554652186908
Saint Lucia,ssp585,current,coastal disturbance,0.061184766457881776
Saint Lucia,ssp585,medium-term,coastal disturbance,0.06165747114074682
Saint Lucia,ssp245,current,fisheries biomass loss,0.09102944003492926
Saint Lucia,ssp245,medium-term,fisheries biomass loss,0.3143675137452582
Saint Lucia,ssp585,current,fisheries biomass loss,0.09217037247976156
Saint Lucia,ssp585,medium-term,fisheries biomass loss,0.3201262026592823
Saint Lucia,ssp245,current,light pollution,0.001897871250548632
Saint Lucia,ssp245,medium-term,light pollution,0.0018879485295266408
Saint Lucia,ssp585,current,light pollution,0.0018344822979997836
Saint Lucia,ssp585,medium-term,light pollution,0.002319721436963715
Saint Lucia,ssp245,current,nutrient pollution,4.533933773326179e-5
Saint Lucia,ssp245,medium-term,nutrient pollution,7.3123440928313e-5
Saint Lucia,ssp585,current,nutrient pollution,4.533933773326179e-5
Saint Lucia,ssp585,medium-term,nutrient pollution,4.422484173566435e-5
Saint Lucia,ssp245,current,ocean warming,0.07027210829058146
Saint Lucia,ssp245,medium-term,ocean warming,0.33703214715101887
Saint Lucia,ssp585,current,ocean warming,0.0828805643524642
Saint Lucia,ssp585,medium-term,ocean warming,0.42109756940876003
Saint Lucia,ssp245,current,primary productivity,0
Saint Lucia,ssp245,medium-term,primary productivity,0.010235067920608085
Saint Lucia,ssp585,current,primary productivity,0
Saint Lucia,ssp585,medium-term,primary productivity,0.008838200686659548
Saint Lucia,ssp245,current,reduced oxygen,0.009661850700821465
Saint Lucia,ssp245,medium-term,reduced oxygen,0.016278566651557674
Saint Lucia,ssp585,current,reduced oxygen,0.009661850700821465
Saint Lucia,ssp585,medium-term,reduced oxygen,0.015529914348488612
Saint Lucia,ssp245,current,sea level rise,0
Saint Lucia,ssp245,medium-term,sea level rise,0.012240558040295063
Saint Lucia,ssp585,current,sea level rise,0
Saint Lucia,ssp585,medium-term,sea level rise,0.02040717196235034
Dominica,ssp245,current,acidification,0
Dominica,ssp245,medium-term,acidification,0
Dominica,ssp585,current,acidification,0
Dominica,ssp585,medium-term,acidification,0
Dominica,ssp245,current,air heat index,0
Dominica,ssp245,medium-term,air heat index,1.9759859913912257e-4
Dominica,ssp585,current,air heat index,0
Dominica,ssp585,medium-term,air heat index,0.001227822012151591
Dominica,ssp245,current,coastal disturbance,1.0493976878933598e-4
Dominica,ssp245,medium-term,coastal disturbance,1.0924960952252139e-4
Dominica,ssp585,current,coastal disturbance,1.0400188704287356e-4
Dominica,ssp585,medium-term,coastal disturbance,1.0132864450237572e-4
Dominica,ssp245,current,fisheries biomass loss,0
Dominica,ssp245,medium-term,fisheries biomass loss,0.28824579606589396
Dominica,ssp585,current,fisheries biomass loss,0
Dominica,ssp585,medium-term,fisheries biomass loss,0.2969736195065447
Dominica,ssp245,current,light pollution,0
Dominica,ssp245,medium-term,light pollution,0
Dominica,ssp585,current,light pollution,0
Dominica,ssp585,medium-term,light pollution,0
Dominica,ssp245,current,nutrient pollution,3.0394345288117694e-4
Dominica,ssp245,medium-term,nutrient pollution,3.6674800246844653e-4
Dominica,ssp585,current,nutrient pollution,3.053557717880799e-4
Dominica,ssp585,medium-term,nutrient pollution,2.9993731981749373e-4
Dominica,ssp245,current,ocean warming,0.06455119382631633
Dominica,ssp245,medium-term,ocean warming,0.3231177638650739
Dominica,ssp585,current,ocean warming,0.08394559310056918
Dominica,ssp585,medium-term,ocean warming,0.409287328485308
Dominica,ssp245,current,primary productivity,7.3858024644911175e-6
Dominica,ssp245,medium-term,primary productivity,3.298961779124555e-4
Dominica,ssp585,current,primary productivity,3.9629377896055475e-5
Dominica,ssp585,medium-term,primary productivity,2.866415294418694e-4
Dominica,ssp245,current,reduced oxygen,0.0046144594383747215
Dominica,ssp245,medium-term,reduced oxygen,0.010665657444327995
Dominica,ssp585,current,reduced oxygen,0.0046144594383747215
Dominica,ssp585,medium-term,reduced oxygen,0.01160061339769527
Dominica,ssp245,current,sea level rise,0
Dominica,ssp245,medium-term,sea level rise,0.009420160578260296
Dominica,ssp585,current,sea level rise,0
Dominica,ssp585,medium-term,sea level rise,0.020259552944584616
Barbados,ssp245,current,acidification,0
Barbados,ssp245,medium-term,acidification,0
Barbados,ssp585,current,acidification,0
Barbados,ssp585,medium-term,acidification,0
Barbados,ssp245,current,air heat index,0
Barbados,ssp245,medium-term,air heat index,1.6818176511385936e-4
Barbados,ssp585,current,air heat index,0
Barbados,ssp585,medium-term,air heat index,0.0014426286262835587
Barbados,ssp245,current,coastal disturbance,0.062075361996727633
Barbados,ssp245,medium-term,coastal disturbance,0.06144335988726873
Barbados,ssp585,current,coastal disturbance,0.06199479928088089
Barbados,ssp585,medium-term,coastal disturbance,0.06079618209708227
Barbados,ssp245,current,fisheries biomass loss,0.02559522926199978
Barbados,ssp245,medium-term,fisheries biomass loss,0.09309654537285114
Barbados,ssp585,current,fisheries biomass loss,0.026349903678677827
Barbados,ssp585,medium-term,fisheries biomass loss,0.1320415559253419
Barbados,ssp245,current,light pollution,0.003462637361765025
Barbados,ssp245,medium-term,light pollution,0.0065614318054060495
Barbados,ssp585,current,light pollution,0.003346364647357755
Barbados,ssp585,medium-term,light pollution,0.006287150489499488
Barbados,ssp245,current,nutrient pollution,9.932728759387765e-4
Barbados,ssp245,medium-term,nutrient pollution,0.0010123345769758782
Barbados,ssp585,current,nutrient pollution,9.932728759387765e-4
Barbados,ssp585,medium-term,nutrient pollution,9.218116600080854e-4
Barbados,ssp245,current,ocean warming,0.03929630118340532
Barbados,ssp245,medium-term,ocean warming,0.28407862222839836
Barbados,ssp585,current,ocean warming,0.04282187458433797
Barbados,ssp585,medium-term,ocean warming,0.36255642011207284
Barbados,ssp245,current,primary productivity,0
Barbados,ssp245,medium-term,primary productivity,0.0019249746188688363
Barbados,ssp585,current,primary productivity,0
Barbados,ssp585,medium-term,primary productivity,0.0010776138264518404
Barbados,ssp245,current,reduced oxygen,0.009996487309239901
Barbados,ssp245,medium-term,reduced oxygen,0.016220642301123595
Barbados,ssp585,current,reduced oxygen,0.009996487309239901
Barbados,ssp585,medium-term,reduced oxygen,0.014677269916238665
Barbados,ssp245,current,sea level rise,5.369819585490803e-4
Barbados,ssp245,medium-term,sea level rise,0.014037599603104736
Barbados,ssp585,current,sea level rise,0.0011460024413076266
Barbados,ssp585,medium-term,sea level rise,0.021561344565388055
Grenada,ssp245,current,acidification,0
Grenada,ssp245,medium-term,acidification,0
Grenada,ssp585,current,acidification,0
Grenada,ssp585,medium-term,acidification,0.005196384341410797
Grenada,ssp245,current,air heat index,0
Grenada,ssp245,medium-term,air heat index,0.00042743277461138583
Grenada,ssp585,current,air heat index,0
Grenada,ssp585,medium-term,air heat index,0.0027239566051220103
Grenada,ssp245,current,coastal disturbance,0.07014639118986249
Grenada,ssp245,medium-term,coastal disturbance,0.06776270349731324
Grenada,ssp585,current,coastal disturbance,0.06949930460551615
Grenada,ssp585,medium-term,coastal disturbance,0.05923252042682887
Grenada,ssp245,current,fisheries biomass loss,0.13104228703175774
Grenada,ssp245,medium-term,fisheries biomass loss,0.3587572592934723
Grenada,ssp585,current,fisheries biomass loss,0.1318952945974969
Grenada,ssp585,medium-term,fisheries biomass loss,0.3652201713391858
Grenada,ssp245,current,light pollution,7.842479273247383e-4
Grenada,ssp245,medium-term,light pollution,0.001744966412691912
Grenada,ssp585,current,light pollution,5.794877566371615e-4
Grenada,ssp585,medium-term,light pollution,0.0012539378426228913
Grenada,ssp245,current,nutrient pollution,9.66165559632589e-5
Grenada,ssp245,medium-term,nutrient pollution,1.2474786928499677e-4
Grenada,ssp585,current,nutrient pollution,9.755618506558685e-5
Grenada,ssp585,medium-term,nutrient pollution,1.0094434494427067e-4
Grenada,ssp245,current,ocean warming,0.06375056920620005
Grenada,ssp245,medium-term,ocean warming,0.30882780996277387
Grenada,ssp585,current,ocean warming,0.06375056920620005
Grenada,ssp585,medium-term,ocean warming,0.4037281272095343
Grenada,ssp245,current,primary productivity,7.702152862057134e-5
Grenada,ssp245,medium-term,primary productivity,0.008427968237678364
Grenada,ssp585,current,primary productivity,1.0130315743881187e-4
Grenada,ssp585,medium-term,primary productivity,0.002740483036407996
Grenada,ssp245,current,reduced oxygen,0.004446120550961007
Grenada,ssp245,medium-term,reduced oxygen,0.007912246772952535
Grenada,ssp585,current,reduced oxygen,0.004446120550961007
Grenada,ssp585,medium-term,reduced oxygen,0.00766095097666645
Grenada,ssp245,current,sea level rise,0.0037889618215558576
Grenada,ssp245,medium-term,sea level rise,0.019965525537069578
Grenada,ssp585,current,sea level rise,0.0052147041951684505
Grenada,ssp585,medium-term,sea level rise,0.02968727977956102
Trinidad and Tobago,ssp245,current,acidification,0
Trinidad and Tobago,ssp245,medium-term,acidification,0
Trinidad and Tobago,ssp585,current,acidification,0
Trinidad and Tobago,ssp585,medium-term,acidification,0.004745274823481174
Trinidad and Tobago,ssp245,current,air heat index,5.690800697686008e-7
Trinidad and Tobago,ssp245,medium-term,air heat index,0.0015436006815279196
Trinidad and Tobago,ssp585,current,air heat index,2.126993472807549e-6
Trinidad and Tobago,ssp585,medium-term,air heat index,0.005457976653387882
Trinidad and Tobago,ssp245,current,coastal disturbance,0.11421011735912279
Trinidad and Tobago,ssp245,medium-term,coastal disturbance,0.10786367807758457
Trinidad and Tobago,ssp585,current,coastal disturbance,0.11340621007033576
Trinidad and Tobago,ssp585,medium-term,coastal disturbance,0.09779208473465921
Trinidad and Tobago,ssp245,current,fisheries biomass loss,0.15631348165272016
Trinidad and Tobago,ssp245,medium-term,fisheries biomass loss,0.36538039223747687
Trinidad and Tobago,ssp585,current,fisheries biomass loss,0.15715721516862996
Trinidad and Tobago,ssp585,medium-term,fisheries biomass loss,0.36532943956325087
Trinidad and Tobago,ssp245,current,light pollution,0.006664734681981228
Trinidad and Tobago,ssp245,medium-term,light pollution,0.005303974338788136
Trinidad and Tobago,ssp585,current,light pollution,0.006880488932236201
Trinidad and Tobago,ssp585,medium-term,light pollution,0.00498964252458472
Trinidad and Tobago,ssp245,current,nutrient pollution,0.0027318622018963168
Trinidad and Tobago,ssp245,medium-term,nutrient pollution,0.002853127882009432
Trinidad and Tobago,ssp585,current,nutrient pollution,0.0028865215137313595
Trinidad and Tobago,ssp585,medium-term,nutrient pollution,0.0045262818721360796
Trinidad and Tobago,ssp245,current,ocean warming,0.017835335618835036
Trinidad and Tobago,ssp245,medium-term,ocean warming,0.19099031374070885
Trinidad and Tobago,ssp585,current,ocean warming,0.028985277034113313
Trinidad and Tobago,ssp585,medium-term,ocean warming,0.2624659115589387
Trinidad and Tobago,ssp245,current,primary productivity,0.001330101406353136
Trinidad and Tobago,ssp245,medium-term,primary productivity,0.0014620627192443146
Trinidad and Tobago,ssp585,current,primary productivity,0.0017242894528663704
Trinidad and Tobago,ssp585,medium-term,primary productivity,5.325719938437708e-4
Trinidad and Tobago,ssp245,current,reduced oxygen,0.00207815191127995
Trinidad and Tobago,ssp245,medium-term,reduced oxygen,0.006253807465148765
Trinidad and Tobago,ssp585,current,reduced oxygen,0.00207815191127995
Trinidad and Tobago,ssp585,medium-term,reduced oxygen,0.006372001011437207
Trinidad and Tobago,ssp245,current,sea level rise,0.015845715209322337
Trinidad and Tobago,ssp245,medium-term,sea level rise,0.05667120510322722
Trinidad and Tobago,ssp585,current,sea level rise,0.019924063235365847
Trinidad and Tobago,ssp585,medium-term,sea level rise,0.08364516958812228
Saint Vincent and the Grenadines,ssp245,current,acidification,0
Saint Vincent and the Grenadines,ssp245,medium-term,acidification,0
Saint Vincent and the Grenadines,ssp585,current,acidification,0
Saint Vincent and the Grenadines,ssp585,medium-term,acidification,0
Saint Vincent and the Grenadines,ssp245,current,air heat index,0
Saint Vincent and the Grenadines,ssp245,medium-term,air heat index,3.352455192865677e-4
Saint Vincent and the Grenadines,ssp585,current,air heat index,0
Saint Vincent and the Grenadines,ssp585,medium-term,air heat index,0.0024709177685928387
Saint Vincent and the Grenadines,ssp245,current,coastal disturbance,0.03837515972953462
Saint Vincent and the Grenadines,ssp245,medium-term,coastal disturbance,0.03835266399094577
Saint Vincent and the Grenadines,ssp585,current,coastal disturbance,0.03836892674574371
Saint Vincent and the Grenadines,ssp585,medium-term,coastal disturbance,0.03828277014809618
Saint Vincent and the Grenadines,ssp245,current,fisheries biomass loss,0.07517355440988747
Saint Vincent and the Grenadines,ssp245,medium-term,fisheries biomass loss,0.30227792105254664
Saint Vincent and the Grenadines,ssp585,current,fisheries biomass loss,0.07633468792692628
Saint Vincent and the Grenadines,ssp585,medium-term,fisheries biomass loss,0.31970649587366584
Saint Vincent and the Grenadines,ssp245,current,light pollution,1.828677005295707e-4
Saint Vincent and the Grenadines,ssp245,medium-term,light pollution,6.890793721630379e-4
Saint Vincent and the Grenadines,ssp585,current,light pollution,1.828677005295707e-4
Saint Vincent and the Grenadines,ssp585,medium-term,light pollution,9.290500140475787e-4
Saint Vincent and the Grenadines,ssp245,current,nutrient pollution,8.63805638222355e-5
Saint Vincent and the Grenadines,ssp245,medium-term,nutrient pollution,1.0129330762808351e-4
Saint Vincent and the Grenadines,ssp585,current,nutrient pollution,8.638056343526311e-5
Saint Vincent and the Grenadines,ssp585,medium-term,nutrient pollution,7.586580185132321e-5
Saint Vincent and the Grenadines,ssp245,current,ocean warming,0.07101028577443895
Saint Vincent and the Grenadines,ssp245,medium-term,ocean warming,0.31688724093076487
Saint Vincent and the Grenadines,ssp585,current,ocean warming,0.07405369791894582
Saint Vincent and the Grenadines,ssp585,medium-term,ocean warming,0.4005039683845378
Saint Vincent and the Grenadines,ssp245,current,primary productivity,0
Saint Vincent and the Grenadines,ssp245,medium-term,primary productivity,0.011606094668724589
Saint Vincent and the Grenadines,ssp585,current,primary productivity,0
Saint Vincent and the Grenadines,ssp585,medium-term,primary productivity,0.008351908301643963
Saint Vincent and the Grenadines,ssp245,current,reduced oxygen,0.005465631608148913
Saint Vincent and the Grenadines,ssp245,medium-term,reduced oxygen,0.010019547395704475
Saint Vincent and the Grenadines,ssp585,current,reduced oxygen,0.005465631608148913
Saint Vincent and the Grenadines,ssp585,medium-term,reduced oxygen,0.009519383982028383
Saint Vincent and the Grenadines,ssp245,current,sea level rise,0.0012454375506037577
Saint Vincent and the Grenadines,ssp245,medium-term,sea level rise,0.017895558716890473
Saint Vincent and the Grenadines,ssp585,current,sea level rise,0.002343588659781604
Saint Vincent and the Grenadines,ssp585,medium-term,sea level rise,0.027670713180458942
Guadeloupe and Martinique,ssp245,current,acidification,0
Guadeloupe and Martinique,ssp245,medium-term,acidification,0
Guadeloupe and Martinique,ssp585,current,acidification,0
Guadeloupe and Martinique,ssp585,medium-term,acidification,0
Guadeloupe and Martinique,ssp245,current,air heat index,0
Guadeloupe and Martinique,ssp245,medium-term,air heat index,2.279320360480082e-4
Guadeloupe and Martinique,ssp585,current,air heat index,0
Guadeloupe and Martinique,ssp585,medium-term,air heat index,0.0015319887029192642
Guadeloupe and Martinique,ssp245,current,coastal disturbance,0.08146919860669562
Guadeloupe and Martinique,ssp245,medium-term,coastal disturbance,0.08196182052451238
Guadeloupe and Martinique,ssp585,current,coastal disturbance,0.08127874337356447
Guadeloupe and Martinique,ssp585,medium-term,coastal disturbance,0.08003260234994043
Guadeloupe and Martinique,ssp245,current,fisheries biomass loss,0.03431775303011764
Guadeloupe and Martinique,ssp245,medium-term,fisheries biomass loss,0.3048921255645372
Guadeloupe and Martinique,ssp585,current,fisheries biomass loss,0.03484655162879735
Guadeloupe and Martinique,ssp585,medium-term,fisheries biomass loss,0.3154483224524367
Guadeloupe and Martinique,ssp245,current,light pollution,0.005463143769654715
Guadeloupe and Martinique,ssp245,medium-term,light pollution,0.005787790672939471
Guadeloupe and Martinique,ssp585,current,light pollution,0.005273534345383781
Guadeloupe and Martinique,ssp585,medium-term,light pollution,0.004874032066343483
Guadeloupe and Martinique,ssp245,current,nutrient pollution,8.441566467686604e-4
Guadeloupe and Martinique,ssp245,medium-term,nutrient pollution,0.0010400186898608583
Guadeloupe and Martinique,ssp585,current,nutrient pollution,8.441532153104351e-4
Guadeloupe and Martinique,ssp585,medium-term,nutrient pollution,7.707112755844309e-4
Guadeloupe and Martinique,ssp245,current,ocean warming,0.054009113925811356
Guadeloupe and Martinique,ssp245,medium-term,ocean warming,0.3022003886923395
Guadeloupe and Martinique,ssp585,current,ocean warming,0.07540051710764642
Guadeloupe and Martinique,ssp585,medium-term,ocean warming,0.38912677218922226
Guadeloupe and Martinique,ssp245,current,primary productivity,1.0477316402551976e-4
Guadeloupe and Martinique,ssp245,medium-term,primary productivity,4.944433358190492e-4
Guadeloupe and Martinique,ssp585,current,primary productivity,3.8051940431433717e-4
Guadeloupe and Martinique,ssp585,medium-term,primary productivity,4.2888145910689106e-4
Guadeloupe and Martinique,ssp245,current,reduced oxygen,0.007081131659194787
Guadeloupe and Martinique,ssp245,medium-term,reduced oxygen,0.014402205436874652
Guadeloupe and Martinique,ssp585,current,reduced oxygen,0.007081131659194787
Guadeloupe and Martinique,ssp585,medium-term,reduced oxygen,0.015636415828536122
Guadeloupe and Martinique,ssp245,current,sea level rise,0
Guadeloupe and Martinique,ssp245,medium-term,sea level rise,0.012113207629213286
Guadeloupe and Martinique,ssp585,current,sea level rise,0
Guadeloupe and Martinique,ssp585,medium-term,sea level rise,0.024664840214147016
Jamaica,ssp245,current,acidification,0
Jamaica,ssp245,medium-term,acidification,0
Jamaica,ssp585,current,acidification,0
Jamaica,ssp585,medium-term,acidification,0
Jamaica,ssp245,current,air heat index,6.676012571724725e-5
Jamaica,ssp245,medium-term,air heat index,0.0048336903265177415
Jamaica,ssp585,current,air heat index,7.229223068138059e-5
Jamaica,ssp585,medium-term,air heat index,0.01606115467504098
Jamaica,ssp245,current,coastal disturbance,0.09761601542601708
Jamaica,ssp245,medium-term,coastal disturbance,0.09052412578984698
Jamaica,ssp585,current,coastal disturbance,0.09652005557554323
Jamaica,ssp585,medium-term,coastal disturbance,0.07483531457396125
Jamaica,ssp245,current,fisheries biomass loss,0.07106297688736035
Jamaica,ssp245,medium-term,fisheries biomass loss,0.30004837480286806
Jamaica,ssp585,current,fisheries biomass loss,0.07028492952032586
Jamaica,ssp585,medium-term,fisheries biomass loss,0.30189865347564415
Jamaica,ssp245,current,light pollution,0.00217504347691924
Jamaica,ssp245,medium-term,light pollution,0.003663292404421079
Jamaica,ssp585,current,light pollution,0.0021149437063774997
Jamaica,ssp585,medium-term,light pollution,0.0033471548845431134
Jamaica,ssp245,current,nutrient pollution,0.0067944576394449565
Jamaica,ssp245,medium-term,nutrient pollution,0.008966748478992684
Jamaica,ssp585,current,nutrient pollution,0.006806322458601058
Jamaica,ssp585,medium-term,nutrient pollution,0.009146714460460215
Jamaica,ssp245,current,ocean warming,0.0918544046042968
Jamaica,ssp245,medium-term,ocean warming,0.3697315803520493
Jamaica,ssp585,current,ocean warming,0.10097928539590924
Jamaica,ssp585,medium-term,ocean warming,0.40579330614084247
Jamaica,ssp245,current,primary productivity,0
Jamaica,ssp245,medium-term,primary productivity,0.019150844675625275
Jamaica,ssp585,current,primary productivity,0
Jamaica,ssp585,medium-term,primary productivity,0.011368777246263508
Jamaica,ssp245,current,reduced oxygen,0.004156226672688362
Jamaica,ssp245,medium-term,reduced oxygen,0.00795375440726553
Jamaica,ssp585,current,reduced oxygen,0.004156226672688362
Jamaica,ssp585,medium-term,reduced oxygen,0.009626530513614921
Jamaica,ssp245,current,sea level rise,0.011003179815273129
Jamaica,ssp245,medium-term,sea level rise,0.049021037079896884
Jamaica,ssp585,current,sea level rise,0.015124708993765248
Jamaica,ssp585,medium-term,sea level rise,0.07051386961360712
Sint Maarten,ssp245,current,acidification,0
Sint Maarten,ssp245,medium-term,acidification,0
Sint Maarten,ssp585,current,acidification,0
Sint Maarten,ssp585,medium-term,acidification,0
Sint Maarten,ssp245,current,air heat index,0
Sint Maarten,ssp245,medium-term,air heat index,4.217877285555005e-4
Sint Maarten,ssp585,current,air heat index,0
Sint Maarten,ssp585,medium-term,air heat index,0.0016556728223804324
Sint Maarten,ssp245,current,coastal disturbance,0.13768212545619463
Sint Maarten,ssp245,medium-term,coastal disturbance,0.13768212545619463
Sint Maarten,ssp585,current,coastal disturbance,0.13768212545619463
Sint Maarten,ssp585,medium-term,coastal disturbance,0.13768212545619463
Sint Maarten,ssp245,current,fisheries biomass loss,0
Sint Maarten,ssp245,medium-term,fisheries biomass loss,0
Sint Maarten,ssp585,current,fisheries biomass loss,0
Sint Maarten,ssp585,medium-term,fisheries biomass loss,0
Sint Maarten,ssp245,current,light pollution,0.006927729342351076
Sint Maarten,ssp245,medium-term,light pollution,0
Sint Maarten,ssp585,current,light pollution,0.006927729342351076
Sint Maarten,ssp585,medium-term,light pollution,0
Sint Maarten,ssp245,current,nutrient pollution,6.28713093622224e-5
Sint Maarten,ssp245,medium-term,nutrient pollution,9.59226348662412e-5
Sint Maarten,ssp585,current,nutrient pollution,6.28713093622224e-5
Sint Maarten,ssp585,medium-term,nutrient pollution,7.177320985363167e-5
Sint Maarten,ssp245,current,ocean warming,0.06846672612664405
Sint Maarten,ssp245,medium-term,ocean warming,0.32186401492072036
Sint Maarten,ssp585,current,ocean warming,0.10230053867417155
Sint Maarten,ssp585,medium-term,ocean warming,0.4193284748325823
Sint Maarten,ssp245,current,primary productivity,0
Sint Maarten,ssp245,medium-term,primary productivity,0
Sint Maarten,ssp585,current,primary productivity,0
Sint Maarten,ssp585,medium-term,primary productivity,0
Sint Maarten,ssp245,current,reduced oxygen,0.005680759567582068
Sint Maarten,ssp245,medium-term,reduced oxygen,0.010366271303382739
Sint Maarten,ssp585,current,reduced oxygen,0.005680759567582068
Sint Maarten,ssp585,medium-term,reduced oxygen,0.012128017056511446
Sint Maarten,ssp245,current,sea level rise,0
Sint Maarten,ssp245,medium-term,sea level rise,0.02732181274768663
Sint Maarten,ssp585,current,sea level rise,0
Sint Maarten,ssp585,medium-term,sea level rise,0.04264695175152155
Northern Saint-Martin,ssp245,current,acidification,0
Northern Saint-Martin,ssp245,medium-term,acidification,0
Northern Saint-Martin,ssp585,current,acidification,0
Northern Saint-Martin,ssp585,medium-term,acidification,0
Northern Saint-Martin,ssp245,current,air heat index,0
Northern Saint-Martin,ssp245,medium-term,air heat index,7.595547297234195e-4
Northern Saint-Martin,ssp585,current,air heat index,0
Northern Saint-Martin,ssp585,medium-term,air heat index,0.0030058095182635266
Northern Saint-Martin,ssp245,current,coastal disturbance,0.1134565504126888
Northern Saint-Martin,ssp245,medium-term,coastal disturbance,0.11419039127557833
Northern Saint-Martin,ssp585,current,coastal disturbance,0.1132937433124569
Northern Saint-Martin,ssp585,medium-term,coastal disturbance,0.11282329805238221
Northern Saint-Martin,ssp245,current,fisheries biomass loss,0
Northern Saint-Martin,ssp245,medium-term,fisheries biomass loss,0
Northern Saint-Martin,ssp585,current,fisheries biomass loss,0
Northern Saint-Martin,ssp585,medium-term,fisheries biomass loss,0
Northern Saint-Martin,ssp245,current,light pollution,7.123287466942863e-4
Northern Saint-Martin,ssp245,medium-term,light pollution,0
Northern Saint-Martin,ssp585,current,light pollution,7.123287466942863e-4
Northern Saint-Martin,ssp585,medium-term,light pollution,0
Northern Saint-Martin,ssp245,current,nutrient pollution,2.371253758196754e-5
Northern Saint-Martin,ssp245,medium-term,nutrient pollution,3.667090649011869e-5
Northern Saint-Martin,ssp585,current,nutrient pollution,2.371253758196754e-5
Northern Saint-Martin,ssp585,medium-term,nutrient pollution,2.7375237494724714e-5
Northern Saint-Martin,ssp245,current,ocean warming,0.062354908472020486
Northern Saint-Martin,ssp245,medium-term,ocean warming,0.30184316108199327
Northern Saint-Martin,ssp585,current,ocean warming,0.09496340164658154
Northern Saint-Martin,ssp585,medium-term,ocean warming,0.3964156066573004
Northern Saint-Martin,ssp245,current,primary productivity,0
Northern Saint-Martin,ssp245,medium-term,primary productivity,0
Northern Saint-Martin,ssp585,current,primary productivity,0
Northern Saint-Martin,ssp585,medium-term,primary productivity,0
Northern Saint-Martin,ssp245,current,reduced oxygen,0.0037169918198558752
Northern Saint-Martin,ssp245,medium-term,reduced oxygen,0.008778803331312555
Northern Saint-Martin,ssp585,current,reduced oxygen,0.0037169918198558752
Northern Saint-Martin,ssp585,medium-term,reduced oxygen,0.010706049134999996
Northern Saint-Martin,ssp245,current,sea level rise,0
Northern Saint-Martin,ssp245,medium-term,sea level rise,0.027340204356924483
Northern Saint-Martin,ssp585,current,sea level rise,0
Northern Saint-Martin,ssp585,medium-term,sea level rise,0.04304542447636394
Curaçao,ssp245,current,acidification,0
Curaçao,ssp245,medium-term,acidification,0
Curaçao,ssp585,current,acidification,0
Curaçao,ssp585,medium-term,acidification,0
Curaçao,ssp245,current,air heat index,1.2268357115891903e-5
Curaçao,ssp245,medium-term,air heat index,0.0028950447357553788
Curaçao,ssp585,current,air heat index,2.3757834301968136e-6
Curaçao,ssp585,medium-term,air heat index,0.006862793246431178
Curaçao,ssp245,current,coastal disturbance,0.05779122182395057
Curaçao,ssp245,medium-term,coastal disturbance,0.05779122182395057
Curaçao,ssp585,current,coastal disturbance,0.05779122182395057
Curaçao,ssp585,medium-term,coastal disturbance,0.05779122182395057
Curaçao,ssp245,current,fisheries biomass loss,0.18450897580738743
Curaçao,ssp245,medium-term,fisheries biomass loss,0.34637221512782973
Curaçao,ssp585,current,fisheries biomass loss,0.18505662828484723
Curaçao,ssp585,medium-term,fisheries biomass loss,0.34566244613042246
Curaçao,ssp245,current,light pollution,0.00464864986717753
Curaçao,ssp245,medium-term,light pollution,0
Curaçao,ssp585,current,light pollution,0.00464864986717753
Curaçao,ssp585,medium-term,light pollution,0
Curaçao,ssp245,current,nutrient pollution,1.2079589661033356e-4
Curaçao,ssp245,medium-term,nutrient pollution,1.6356733134281174e-4
Curaçao,ssp585,current,nutrient pollution,1.2079589661033356e-4
Curaçao,ssp585,medium-term,nutrient pollution,1.2017603766635332e-4
Curaçao,ssp245,current,ocean warming,0.04882704258821341
Curaçao,ssp245,medium-term,ocean warming,0.29228026543492697
Curaçao,ssp585,current,ocean warming,0.034577518468791514
Curaçao,ssp585,medium-term,ocean warming,0.3929328807755251
Curaçao,ssp245,current,primary productivity,0
Curaçao,ssp245,medium-term,primary productivity,0.06660024981063448
Curaçao,ssp585,current,primary productivity,0
Curaçao,ssp585,medium-term,primary productivity,0.05223784008045952
Curaçao,ssp245,current,reduced oxygen,0.0024566407102228315
Curaçao,ssp245,medium-term,reduced oxygen,0.005301075828655436
Curaçao,ssp585,current,reduced oxygen,0.0024566407102228315
Curaçao,ssp585,medium-term,reduced oxygen,0.004658741601109507
Curaçao,ssp245,current,sea level rise,0.007092555358739398
Curaçao,ssp245,medium-term,sea level rise,0.01950274037632258
Curaçao,ssp585,current,sea level rise,0.008537916164832973
Curaçao,ssp585,medium-term,sea level rise,0.027585484905438006
Bonaire,ssp245,current,acidification,0
Bonaire,ssp245,medium-term,acidification,0
Bonaire,ssp585,current,acidification,0
Bonaire,ssp585,medium-term,acidification,0
Bonaire,ssp245,current,air heat index,0
Bonaire,ssp245,medium-term,air heat index,0.0027405225652425234
Bonaire,ssp585,current,air heat index,0
Bonaire,ssp585,medium-term,air heat index,0.007350442038538556
Bonaire,ssp245,current,coastal disturbance,0.03803843254839497
Bonaire,ssp245,medium-term,coastal disturbance,0.03803843254839497
Bonaire,ssp585,current,coastal disturbance,0.03803843254839497
Bonaire,ssp585,medium-term,coastal disturbance,0.03803843254839497
Bonaire,ssp245,current,fisheries biomass loss,0.14879711135506146
Bonaire,ssp245,medium-term,fisheries biomass loss,0.35486639077512167
Bonaire,ssp585,current,fisheries biomass loss,0.1498964200765369
Bonaire,ssp585,medium-term,fisheries biomass loss,0.36109705149364246
Bonaire,ssp245,current,light pollution,0.00013948611851649021
Bonaire,ssp245,medium-term,light pollution,4.361306309621987e-4
Bonaire,ssp585,current,light pollution,0.00013948611851649021
Bonaire,ssp585,medium-term,light pollution,4.4226117643962224e-4
Bonaire,ssp245,current,nutrient pollution,9.443873064106532e-6
Bonaire,ssp245,medium-term,nutrient pollution,1.6263949268301724e-5
Bonaire,ssp585,current,nutrient pollution,9.443873064106532e-6
Bonaire,ssp585,medium-term,nutrient pollution,1.3081052522726058e-5
Bonaire,ssp245,current,ocean warming,0.05343493402866712
Bonaire,ssp245,medium-term,ocean warming,0.3271405101016474
Bonaire,ssp585,current,ocean warming,0.03590881676067242
Bonaire,ssp585,medium-term,ocean warming,0.42310595323754197
Bonaire,ssp245,current,primary productivity,0
Bonaire,ssp245,medium-term,primary productivity,0.053238730666365613
Bonaire,ssp585,current,primary productivity,0
Bonaire,ssp585,medium-term,primary productivity,0.038288719351301015
Bonaire,ssp245,current,reduced oxygen,0.0035044541730679117
Bonaire,ssp245,medium-term,reduced oxygen,0.005690002169853026
Bonaire,ssp585,current,reduced oxygen,0.0035044541730679117
Bonaire,ssp585,medium-term,reduced oxygen,0.0049912424189170876
Bonaire,ssp245,current,sea level rise,0.007259280539410946
Bonaire,ssp245,medium-term,sea level rise,0.020662936045684747
Bonaire,ssp585,current,sea level rise,0.008740040525380107
Bonaire,ssp585,medium-term,sea level rise,0.029322185031897215
Saba,ssp245,current,acidification,0
Saba,ssp245,medium-term,acidification,0
Saba,ssp585,current,acidification,0
Saba,ssp585,medium-term,acidification,0
Saba,ssp245,current,air heat index,0
Saba,ssp245,medium-term,air heat index,2.576226252131157e-4
Saba,ssp585,current,air heat index,0
Saba,ssp585,medium-term,air heat index,9.27557761315255e-4
Saba,ssp245,current,coastal disturbance,0
Saba,ssp245,medium-term,coastal disturbance,0
Saba,ssp585,current,coastal disturbance,0
Saba,ssp585,medium-term,coastal disturbance,0
Saba,ssp245,current,fisheries biomass loss,0.08299003024330887
Saba,ssp245,medium-term,fisheries biomass loss,0.3843762438627891
Saba,ssp585,current,fisheries biomass loss,0.08424330714115057
Saba,ssp585,medium-term,fisheries biomass loss,0.3880816075979965
Saba,ssp245,current,light pollution,0
Saba,ssp245,medium-term,light pollution,0
Saba,ssp585,current,light pollution,0
Saba,ssp585,medium-term,light pollution,0
Saba,ssp245,current,nutrient pollution,1.0291978974190938e-7
Saba,ssp245,medium-term,nutrient pollution,1.2347961174689545e-7
Saba,ssp585,current,nutrient pollution,1.0291978974190938e-7
Saba,ssp585,medium-term,nutrient pollution,1.0291978974190938e-7
Saba,ssp245,current,ocean warming,0.05804196651843085
Saba,ssp245,medium-term,ocean warming,0.29774562082457123
Saba,ssp585,current,ocean warming,0.09460227417548595
Saba,ssp585,medium-term,ocean warming,0.39995505681145
Saba,ssp245,current,primary productivity,0
Saba,ssp245,medium-term,primary productivity,0
Saba,ssp585,current,primary productivity,0
Saba,ssp585,medium-term,primary productivity,0
Saba,ssp245,current,reduced oxygen,0.007833306266547877
Saba,ssp245,medium-term,reduced oxygen,0.012068306902051516
Saba,ssp585,current,reduced oxygen,0.007833306266547877
Saba,ssp585,medium-term,reduced oxygen,0.012902552245805053
Saba,ssp245,current,sea level rise,0
Saba,ssp245,medium-term,sea level rise,0.0034409561339998596
Saba,ssp585,current,sea level rise,0
Saba,ssp585,medium-term,sea level rise,0.005533302035473751
Sint Eustatius,ssp245,current,acidification,0
Sint Eustatius,ssp245,medium-term,acidification,0
Sint Eustatius,ssp585,current,acidification,0
Sint Eustatius,ssp585,medium-term,acidification,0
Sint Eustatius,ssp245,current,air heat index,0
Sint Eustatius,ssp245,medium-term,air heat index,3.172375145368272e-4
Sint Eustatius,ssp585,current,air heat index,0
Sint Eustatius,ssp585,medium-term,air heat index,0.0011823673590293346
Sint Eustatius,ssp245,current,coastal disturbance,0
Sint Eustatius,ssp245,medium-term,coastal disturbance,0
Sint Eustatius,ssp585,current,coastal disturbance,0
Sint Eustatius,ssp585,medium-term,coastal disturbance,0
Sint Eustatius,ssp245,current,fisheries biomass loss,0
Sint Eustatius,ssp245,medium-term,fisheries biomass loss,0
Sint Eustatius,ssp585,current,fisheries biomass loss,0
Sint Eustatius,ssp585,medium-term,fisheries biomass loss,0
Sint Eustatius,ssp245,current,light pollution,0
Sint Eustatius,ssp245,medium-term,light pollution,0
Sint Eustatius,ssp585,current,light pollution,0
Sint Eustatius,ssp585,medium-term,light pollution,0
Sint Eustatius,ssp245,current,nutrient pollution,1.7232466264616164e-5
Sint Eustatius,ssp245,medium-term,nutrient pollution,2.0520072044721222e-5
Sint Eustatius,ssp585,current,nutrient pollution,1.7232466264616164e-5
Sint Eustatius,ssp585,medium-term,nutrient pollution,1.7233278471806557e-5
Sint Eustatius,ssp245,current,ocean warming,0.05599625496567265
Sint Eustatius,ssp245,medium-term,ocean warming,0.29277442612187266
Sint Eustatius,ssp585,current,ocean warming,0.09330495263283309
Sint Eustatius,ssp585,medium-term,ocean warming,0.3965777458538974
Sint Eustatius,ssp245,current,primary productivity,0
Sint Eustatius,ssp245,medium-term,primary productivity,0
Sint Eustatius,ssp585,current,primary productivity,0
Sint Eustatius,ssp585,medium-term,primary productivity,0
Sint Eustatius,ssp245,current,reduced oxygen,0.008508475260100566
Sint Eustatius,ssp245,medium-term,reduced oxygen,0.015483956792346968
Sint Eustatius,ssp585,current,reduced oxygen,0.008508475260100566
Sint Eustatius,ssp585,medium-term,reduced oxygen,0.017755155773961126
Sint Eustatius,ssp245,current,sea level rise,0
Sint Eustatius,ssp245,medium-term,sea level rise,0.004647285590181124
Sint Eustatius,ssp585,current,sea level rise,0
Sint Eustatius,ssp585,medium-term,sea level rise,0.007741403041614422
Aruba,ssp245,current,acidification,0
Aruba,ssp245,medium-term,acidification,0
Aruba,ssp585,current,acidification,0
Aruba,ssp585,medium-term,acidification,0
Aruba,ssp245,current,air heat index,1.83138630001684e-5
Aruba,ssp245,medium-term,air heat index,0.00458901243374302
Aruba,ssp585,current,air heat index,2.3718365065922792e-7
Aruba,ssp585,medium-term,air heat index,0.01247970456130464
Aruba,ssp245,current,coastal disturbance,0.10165218921478796
Aruba,ssp245,medium-term,coastal disturbance,0.10131703420748553
Aruba,ssp585,current,coastal disturbance,0.1015042777924629
Aruba,ssp585,medium-term,coastal disturbance,0.09984436582255346
Aruba,ssp245,current,fisheries biomass loss,0.14036917330006624
Aruba,ssp245,medium-term,fisheries biomass loss,0.3052000153931493
Aruba,ssp585,current,fisheries biomass loss,0.1411149581095246
Aruba,ssp585,medium-term,fisheries biomass loss,0.3093144922776529
Aruba,ssp245,current,light pollution,0.0060367684889735575
Aruba,ssp245,medium-term,light pollution,0
Aruba,ssp585,current,light pollution,0.006161444110065612
Aruba,ssp585,medium-term,light pollution,0
Aruba,ssp245,current,nutrient pollution,2.3267150288335077e-5
Aruba,ssp245,medium-term,nutrient pollution,4.932333310102083e-5
Aruba,ssp585,current,nutrient pollution,2.3267160706183478e-5
Aruba,ssp585,medium-term,nutrient pollution,4.5451272817595394e-5
Aruba,ssp245,current,ocean warming,0.050034400622652436
Aruba,ssp245,medium-term,ocean warming,0.2839258147657595
Aruba,ssp585,current,ocean warming,0.03652104471071156
Aruba,ssp585,medium-term,ocean warming,0.38746898201696406
Aruba,ssp245,current,primary productivity,0
Aruba,ssp245,medium-term,primary productivity,0.07395271208671064
Aruba,ssp585,current,primary productivity,0
Aruba,ssp585,medium-term,primary productivity,0.05769211103407459
Aruba,ssp245,current,reduced oxygen,0.006737843480909818
Aruba,ssp245,medium-term,reduced oxygen,0.006222186750826287
Aruba,ssp585,current,reduced oxygen,0.006737843480909818
Aruba,ssp585,medium-term,reduced oxygen,0.004190867264035411
Aruba,ssp245,current,sea level rise,0.01065845867957581
Aruba,ssp245,medium-term,sea level rise,0.026998871143653312
Aruba,ssp585,current,sea level rise,0.012728865448893472
Aruba,ssp585,medium-term,sea level rise,0.03782689376649531
Clipperton Island,ssp245,current,acidification,0
Clipperton Island,ssp245,medium-term,acidification,0
Clipperton Island,ssp585,current,acidification,0
Clipperton Island,ssp585,medium-term,acidification,0.011839680161187971
Clipperton Island,ssp245,current,air heat index,0
Clipperton Island,ssp245,medium-term,air heat index,3.518301552200379e-5
Clipperton Island,ssp585,current,air heat index,0
Clipperton Island,ssp585,medium-term,air heat index,2.901325109026703e-4
Clipperton Island,ssp245,current,coastal disturbance,0
Clipperton Island,ssp245,medium-term,coastal disturbance,0
Clipperton Island,ssp585,current,coastal disturbance,0
Clipperton Island,ssp585,medium-term,coastal disturbance,0
Clipperton Island,ssp245,current,fisheries biomass loss,0.11075906214197555
Clipperton Island,ssp245,medium-term,fisheries biomass loss,0.1300854341922483
Clipperton Island,ssp585,current,fisheries biomass loss,0.111455662517983
Clipperton Island,ssp585,medium-term,fisheries biomass loss,0.13041686234646477
Clipperton Island,ssp245,current,light pollution,0
Clipperton Island,ssp245,medium-term,light pollution,0
Clipperton Island,ssp585,current,light pollution,0
Clipperton Island,ssp585,medium-term,light pollution,0
Clipperton Island,ssp245,current,nutrient pollution,0
Clipperton Island,ssp245,medium-term,nutrient pollution,0
Clipperton Island,ssp585,current,nutrient pollution,0
Clipperton Island,ssp585,medium-term,nutrient pollution,0
Clipperton Island,ssp245,current,ocean warming,0.1666699865333309
Clipperton Island,ssp245,medium-term,ocean warming,0.4197033931486658
Clipperton Island,ssp585,current,ocean warming,0.15477592032584653
Clipperton Island,ssp585,medium-term,ocean warming,0.471604027581634
Clipperton Island,ssp245,current,primary productivity,0
Clipperton Island,ssp245,medium-term,primary productivity,0
Clipperton Island,ssp585,current,primary productivity,0
Clipperton Island,ssp585,medium-term,primary productivity,0.010504383798547678
Clipperton Island,ssp245,current,reduced oxygen,0.08176091243672563
Clipperton Island,ssp245,medium-term,reduced oxygen,0.08473693736092021
Clipperton Island,ssp585,current,reduced oxygen,0.08176091243672563
Clipperton Island,ssp585,medium-term,reduced oxygen,0.08402098099387938
Clipperton Island,ssp245,current,sea level rise,3.318659976988177e-4
Clipperton Island,ssp245,medium-term,sea level rise,0.0030865367419513237
Clipperton Island,ssp585,current,sea level rise,8.061368765387046e-4
Clipperton Island,ssp585,medium-term,sea level rise,0.0052497276046779
Panama,ssp245,current,acidification,7.705518900089907e-4
Panama,ssp245,medium-term,acidification,0.01714635205898504
Panama,ssp585,current,acidification,0.0012249050649875198
Panama,ssp585,medium-term,acidification,0.024412544931073237
Panama,ssp245,current,air heat index,3.4313872661074436e-6
Panama,ssp245,medium-term,air heat index,0.0020219556862064326
Panama,ssp585,current,air heat index,2.9126531842317894e-6
Panama,ssp585,medium-term,air heat index,0.007330823535454708
Panama,ssp245,current,coastal disturbance,0.03973209602434613
Panama,ssp245,medium-term,coastal disturbance,0.0382394550826809
Panama,ssp585,current,coastal disturbance,0.03846151493333907
Panama,ssp585,medium-term,coastal disturbance,0.03298369293861611
Panama,ssp245,current,fisheries biomass loss,0.16188473754812804
Panama,ssp245,medium-term,fisheries biomass loss,0.33865711579081453
Panama,ssp585,current,fisheries biomass loss,0.1619248720539718
Panama,ssp585,medium-term,fisheries biomass loss,0.33795257307965276
Panama,ssp245,current,light pollution,9.91997866633657e-4
Panama,ssp245,medium-term,light pollution,0.0017032927800752474
Panama,ssp585,current,light pollution,9.87617698311541e-4
Panama,ssp585,medium-term,light pollution,0.0017795764801082133
Panama,ssp245,current,nutrient pollution,0.006789304623486087
Panama,ssp245,medium-term,nutrient pollution,0.007695634419332993
Panama,ssp585,current,nutrient pollution,0.006806057142747674
Panama,ssp585,medium-term,nutrient pollution,0.007689135226489476
Panama,ssp245,current,ocean warming,0.0601588883840762
Panama,ssp245,medium-term,ocean warming,0.27031108914768265
Panama,ssp585,current,ocean warming,0.04134132935902372
Panama,ssp585,medium-term,ocean warming,0.3340815970467687
Panama,ssp245,current,primary productivity,6.556948231461111e-4
Panama,ssp245,medium-term,primary productivity,0.005911255346427536
Panama,ssp585,current,primary productivity,3.951813165443949e-4
Panama,ssp585,medium-term,primary productivity,3.690771117784586e-4
Panama,ssp245,current,reduced oxygen,0.07656976502686194
Panama,ssp245,medium-term,reduced oxygen,0.07792080744886405
Panama,ssp585,current,reduced oxygen,0.07656976502686194
Panama,ssp585,medium-term,reduced oxygen,0.07914763619726749
Panama,ssp245,current,sea level rise,0.011935261576861637
Panama,ssp245,medium-term,sea level rise,0.048091303913407074
Panama,ssp585,current,sea level rise,0.017123433463905238
Panama,ssp585,medium-term,sea level rise,0.07521929157614159
Costa Rica,ssp245,current,acidification,0
Costa Rica,ssp245,medium-term,acidification,0.007944233475508877
Costa Rica,ssp585,current,acidification,0
Costa Rica,ssp585,medium-term,acidification,0.019728179801136392
Costa Rica,ssp245,current,air heat index,1.0873962323021365e-5
Costa Rica,ssp245,medium-term,air heat index,0.0016826592867200676
Costa Rica,ssp585,current,air heat index,1.7425344544741408e-5
Costa Rica,ssp585,medium-term,air heat index,0.006105710616907345
Costa Rica,ssp245,current,coastal disturbance,0.0456831430183442
Costa Rica,ssp245,medium-term,coastal disturbance,0.043192769004839704
Costa Rica,ssp585,current,coastal disturbance,0.04467007102221032
Costa Rica,ssp585,medium-term,coastal disturbance,0.03783561250280698
Costa Rica,ssp245,current,fisheries biomass loss,0.10502403481027045
Costa Rica,ssp245,medium-term,fisheries biomass loss,0.32655693361448357
Costa Rica,ssp585,current,fisheries biomass loss,0.10520513152101785
Costa Rica,ssp585,medium-term,fisheries biomass loss,0.3327752122874017
Costa Rica,ssp245,current,light pollution,4.8491946970014005e-4
Costa Rica,ssp245,medium-term,light pollution,7.254260128348732e-4
Costa Rica,ssp585,current,light pollution,5.11707166249875e-4
Costa Rica,ssp585,medium-term,light pollution,7.310055714562224e-4
Costa Rica,ssp245,current,nutrient pollution,0.028208280031436286
Costa Rica,ssp245,medium-term,nutrient pollution,0.03201902954075846
Costa Rica,ssp585,current,nutrient pollution,0.02820365402086449
Costa Rica,ssp585,medium-term,nutrient pollution,0.030725674868075446
Costa Rica,ssp245,current,ocean warming,0.04787242761163535
Costa Rica,ssp245,medium-term,ocean warming,0.21295678466020718
Costa Rica,ssp585,current,ocean warming,0.03172528082786252
Costa Rica,ssp585,medium-term,ocean warming,0.27825759037790476
Costa Rica,ssp245,current,primary productivity,0.0012580338351361187
Costa Rica,ssp245,medium-term,primary productivity,0.010903479280787387
Costa Rica,ssp585,current,primary productivity,8.167138576555543e-4
Costa Rica,ssp585,medium-term,primary productivity,0.002462700446339061
Costa Rica,ssp245,current,reduced oxygen,0.15778912757335783
Costa Rica,ssp245,medium-term,reduced oxygen,0.15906508782937667
Costa Rica,ssp585,current,reduced oxygen,0.15778912757335783
Costa Rica,ssp585,medium-term,reduced oxygen,0.16004734941635412
Costa Rica,ssp245,current,sea level rise,0.009841435876730031
Costa Rica,ssp245,medium-term,sea level rise,0.041022701095243974
Costa Rica,ssp585,current,sea level rise,0.014708409898986474
Costa Rica,ssp585,medium-term,sea level rise,0.06625421687476774
Nicaragua,ssp245,current,acidification,0
Nicaragua,ssp245,medium-term,acidification,0.0015233192747806422
Nicaragua,ssp585,current,acidification,0
Nicaragua,ssp585,medium-term,acidification,0.002506428882119969
Nicaragua,ssp245,current,air heat index,2.628380397314004e-4
Nicaragua,ssp245,medium-term,air heat index,0.011624582520858304
Nicaragua,ssp585,current,air heat index,4.0639644457044903e-4
Nicaragua,ssp585,medium-term,air heat index,0.09908843283139991
Nicaragua,ssp245,current,coastal disturbance,0.0485740975192461
Nicaragua,ssp245,medium-term,coastal disturbance,0.048641114707031266
Nicaragua,ssp585,current,coastal disturbance,0.04759893600731857
Nicaragua,ssp585,medium-term,coastal disturbance,0.03605919202970188
Nicaragua,ssp245,current,fisheries biomass loss,0.1821394832467133
Nicaragua,ssp245,medium-term,fisheries biomass loss,0.3614634272485027
Nicaragua,ssp585,current,fisheries biomass loss,0.18164798023209303
Nicaragua,ssp585,medium-term,fisheries biomass loss,0.36134906675128353
Nicaragua,ssp245,current,light pollution,0
Nicaragua,ssp245,medium-term,light pollution,2.549345335352536e-4
Nicaragua,ssp585,current,light pollution,0
Nicaragua,ssp585,medium-term,light pollution,1.294741212430534e-4
Nicaragua,ssp245,current,nutrient pollution,0.025734328892318355
Nicaragua,ssp245,medium-term,nutrient pollution,0.02945851757935397
Nicaragua,ssp585,current,nutrient pollution,0.025642531614285917
Nicaragua,ssp585,medium-term,nutrient pollution,0.032780023056033274
Nicaragua,ssp245,current,ocean warming,0.06061059993653928
Nicaragua,ssp245,medium-term,ocean warming,0.24653467568427465
Nicaragua,ssp585,current,ocean warming,0.030530870995162204
Nicaragua,ssp585,medium-term,ocean warming,0.316916431081346
Nicaragua,ssp245,current,primary productivity,2.0663930394474054e-5
Nicaragua,ssp245,medium-term,primary productivity,0.0017143191081523273
Nicaragua,ssp585,current,primary productivity,1.4971841113679999e-5
Nicaragua,ssp585,medium-term,primary productivity,6.825132226020247e-4
Nicaragua,ssp245,current,reduced oxygen,0.015674978476658125
Nicaragua,ssp245,medium-term,reduced oxygen,0.019876641001518962
Nicaragua,ssp585,current,reduced oxygen,0.015674978476658125
Nicaragua,ssp585,medium-term,reduced oxygen,0.021681942451866082
Nicaragua,ssp245,current,sea level rise,0.02049291877857529
Nicaragua,ssp245,medium-term,sea level rise,0.06192365977900844
Nicaragua,ssp585,current,sea level rise,0.026946209156602903
Nicaragua,ssp585,medium-term,sea level rise,0.09140584148154234
Honduras,ssp245,current,acidification,0
Honduras,ssp245,medium-term,acidification,0
Honduras,ssp585,current,acidification,0
Honduras,ssp585,medium-term,acidification,0
Honduras,ssp245,current,air heat index,5.570077199509473e-4
Honduras,ssp245,medium-term,air heat index,0.019631633280148504
Honduras,ssp585,current,air heat index,7.264059867481772e-4
Honduras,ssp585,medium-term,air heat index,0.06127541687888107
Honduras,ssp245,current,coastal disturbance,0.04467323123828988
Honduras,ssp245,medium-term,coastal disturbance,0.04831106496310371
Honduras,ssp585,current,coastal disturbance,0.043872636090410116
Honduras,ssp585,medium-term,coastal disturbance,0.040339408056490465
Honduras,ssp245,current,fisheries biomass loss,0.10844606969233912
Honduras,ssp245,medium-term,fisheries biomass loss,0.32375941641393263
Honduras,ssp585,current,fisheries biomass loss,0.10814433759435016
Honduras,ssp585,medium-term,fisheries biomass loss,0.3236244157631132
Honduras,ssp245,current,light pollution,2.1567176746071755e-4
Honduras,ssp245,medium-term,light pollution,9.065590103559907e-4
Honduras,ssp585,current,light pollution,2.320781227905226e-4
Honduras,ssp585,medium-term,light pollution,0.0011234054790031332
Honduras,ssp245,current,nutrient pollution,0.025475416948403478
Honduras,ssp245,medium-term,nutrient pollution,0.02857292213234485
Honduras,ssp585,current,nutrient pollution,0.025490815781416775
Honduras,ssp585,medium-term,nutrient pollution,0.030376999090777443
Honduras,ssp245,current,ocean warming,0.08160695989272426
Honduras,ssp245,medium-term,ocean warming,0.2984321031562462
Honduras,ssp585,current,ocean warming,0.05445882884422452
Honduras,ssp585,medium-term,ocean warming,0.35577031696867023
Honduras,ssp245,current,primary productivity,4.635257295515168e-6
Honduras,ssp245,medium-term,primary productivity,6.488156484499881e-5
Honduras,ssp585,current,primary productivity,3.437283638836398e-6
Honduras,ssp585,medium-term,primary productivity,2.579800637561493e-5
Honduras,ssp245,current,reduced oxygen,0.0012693227496417161
Honduras,ssp245,medium-term,reduced oxygen,0.004334437834199717
Honduras,ssp585,current,reduced oxygen,0.0012693227496417161
Honduras,ssp585,medium-term,reduced oxygen,0.006027760269376765
Honduras,ssp245,current,sea level rise,0.03659943765821729
Honduras,ssp245,medium-term,sea level rise,0.06424967981332554
Honduras,ssp585,current,sea level rise,0.040407667263273404
Honduras,ssp585,medium-term,sea level rise,0.08130551175881093
El Salvador,ssp245,current,acidification,0
El Salvador,ssp245,medium-term,acidification,0
El Salvador,ssp585,current,acidification,0
El Salvador,ssp585,medium-term,acidification,1.2186227978279451e-7
El Salvador,ssp245,current,air heat index,6.663542986302671e-4
El Salvador,ssp245,medium-term,air heat index,0.012123885783694277
El Salvador,ssp585,current,air heat index,0.0010164571048107969
El Salvador,ssp585,medium-term,air heat index,0.0242246983689256
El Salvador,ssp245,current,coastal disturbance,0.10837985462694633
El Salvador,ssp245,medium-term,coastal disturbance,0.10377040917387603
El Salvador,ssp585,current,coastal disturbance,0.10547046070905708
El Salvador,ssp585,medium-term,coastal disturbance,0.08500979667269348
El Salvador,ssp245,current,fisheries biomass loss,0.18847280157115165
El Salvador,ssp245,medium-term,fisheries biomass loss,0.34658392302480934
El Salvador,ssp585,current,fisheries biomass loss,0.18837305846227537
El Salvador,ssp585,medium-term,fisheries biomass loss,0.34630874233698705
El Salvador,ssp245,current,light pollution,3.664631066158105e-4
El Salvador,ssp245,medium-term,light pollution,0.0025026005958963533
El Salvador,ssp585,current,light pollution,1.3882676660159607e-4
El Salvador,ssp585,medium-term,light pollution,0.0017223064891140887
El Salvador,ssp245,current,nutrient pollution,0.09426078101125768
El Salvador,ssp245,medium-term,nutrient pollution,0.10761356278078438
El Salvador,ssp585,current,nutrient pollution,0.09375923435129607
El Salvador,ssp585,medium-term,nutrient pollution,0.10495563010647402
El Salvador,ssp245,current,ocean warming,0.0427321390045563
El Salvador,ssp245,medium-term,ocean warming,0.21823051015053352
El Salvador,ssp585,current,ocean warming,0.04291820505818578
El Salvador,ssp585,medium-term,ocean warming,0.2567620888403326
El Salvador,ssp245,current,primary productivity,0.0014453892455303923
El Salvador,ssp245,medium-term,primary productivity,0.008374726886955841
El Salvador,ssp585,current,primary productivity,0.0010880247179603226
El Salvador,ssp585,medium-term,primary productivity,0.01011318535789485
El Salvador,ssp245,current,reduced oxygen,0.04025686646575365
El Salvador,ssp245,medium-term,reduced oxygen,0.04362625296391798
El Salvador,ssp585,current,reduced oxygen,0.04025686646575365
El Salvador,ssp585,medium-term,reduced oxygen,0.04544639078852697
El Salvador,ssp245,current,sea level rise,0.009597791134865474
El Salvador,ssp245,medium-term,sea level rise,0.0557105351035716
El Salvador,ssp585,current,sea level rise,0.017307912614796805
El Salvador,ssp585,medium-term,sea level rise,0.093523822069983
Mexico,ssp245,current,acidification,0.011787050353942731
Mexico,ssp245,medium-term,acidification,0.02346607665481213
Mexico,ssp585,current,acidification,0.011546005113097895
Mexico,ssp585,medium-term,acidification,0.03195863949201264
Mexico,ssp245,current,air heat index,0.0015388298484431903
Mexico,ssp245,medium-term,air heat index,0.030243291757008017
Mexico,ssp585,current,air heat index,0.001553959876719678
Mexico,ssp585,medium-term,air heat index,0.03318584242961392
Mexico,ssp245,current,coastal disturbance,0.02940289138907496
Mexico,ssp245,medium-term,coastal disturbance,0.028095180329222254
Mexico,ssp585,current,coastal disturbance,0.028483544536513142
Mexico,ssp585,medium-term,coastal disturbance,0.022481477964282136
Mexico,ssp245,current,fisheries biomass loss,0.19175035851827588
Mexico,ssp245,medium-term,fisheries biomass loss,0.3428186054224015
Mexico,ssp585,current,fisheries biomass loss,0.19179694794556804
Mexico,ssp585,medium-term,fisheries biomass loss,0.34274162008831366
Mexico,ssp245,current,light pollution,0.0011548680245901848
Mexico,ssp245,medium-term,light pollution,0.0017050174091804676
Mexico,ssp585,current,light pollution,0.0011496448735366796
Mexico,ssp585,medium-term,light pollution,0.001867603577372725
Mexico,ssp245,current,nutrient pollution,0.022179882105265832
Mexico,ssp245,medium-term,nutrient pollution,0.024102357568902253
Mexico,ssp585,current,nutrient pollution,0.022200958948382032
Mexico,ssp585,medium-term,nutrient pollution,0.022851276972938768
Mexico,ssp245,current,ocean warming,0.0510321482888855
Mexico,ssp245,medium-term,ocean warming,0.1483279622037147
Mexico,ssp585,current,ocean warming,0.03821575421544932
Mexico,ssp585,medium-term,ocean warming,0.1886207718944346
Mexico,ssp245,current,primary productivity,0.001900313354301313
Mexico,ssp245,medium-term,primary productivity,0.0016655314547642291
Mexico,ssp585,current,primary productivity,0.001969614488705608
Mexico,ssp585,medium-term,primary productivity,0.006739450847131989
Mexico,ssp245,current,reduced oxygen,0.10092556039037132
Mexico,ssp245,medium-term,reduced oxygen,0.10392152518540371
Mexico,ssp585,current,reduced oxygen,0.10092556039037132
Mexico,ssp585,medium-term,reduced oxygen,0.10561989099622407
Mexico,ssp245,current,sea level rise,0.03656975369629824
Mexico,ssp245,medium-term,sea level rise,0.07336066646932793
Mexico,ssp585,current,sea level rise,0.043281785986144655
Mexico,ssp585,medium-term,sea level rise,0.09996162508096391
Guatemala,ssp245,current,acidification,0
Guatemala,ssp245,medium-term,acidification,0
Guatemala,ssp585,current,acidification,0
Guatemala,ssp585,medium-term,acidification,9.865238123564242e-5
Guatemala,ssp245,current,air heat index,0.001290180633077398
Guatemala,ssp245,medium-term,air heat index,0.01614165250453856
Guatemala,ssp585,current,air heat index,0.001445492569284586
Guatemala,ssp585,medium-term,air heat index,0.028798456557772377
Guatemala,ssp245,current,coastal disturbance,0.0860460414301737
Guatemala,ssp245,medium-term,coastal disturbance,0.099381806740882
Guatemala,ssp585,current,coastal disturbance,0.08463985679266549
Guatemala,ssp585,medium-term,coastal disturbance,0.08391929091526612
Guatemala,ssp245,current,fisheries biomass loss,0.1922015740943229
Guatemala,ssp245,medium-term,fisheries biomass loss,0.32213973916814564
Guatemala,ssp585,current,fisheries biomass loss,0.1923912411622549
Guatemala,ssp585,medium-term,fisheries biomass loss,0.32204145547297375
Guatemala,ssp245,current,light pollution,8.309813791412747e-4
Guatemala,ssp245,medium-term,light pollution,0.0016298693642186526
Guatemala,ssp585,current,light pollution,8.824560529508552e-4
Guatemala,ssp585,medium-term,light pollution,0.0015402271724328721
Guatemala,ssp245,current,nutrient pollution,0.10852503839720753
Guatemala,ssp245,medium-term,nutrient pollution,0.13577961744082048
Guatemala,ssp585,current,nutrient pollution,0.10855273392799623
Guatemala,ssp585,medium-term,nutrient pollution,0.13834061746084067
Guatemala,ssp245,current,ocean warming,0.04708190414347375
Guatemala,ssp245,medium-term,ocean warming,0.1971121362607787
Guatemala,ssp585,current,ocean warming,0.04656422398041393
Guatemala,ssp585,medium-term,ocean warming,0.23220119047259863
Guatemala,ssp245,current,primary productivity,6.749954901694256e-4
Guatemala,ssp245,medium-term,primary productivity,0.0038375799561365127
Guatemala,ssp585,current,primary productivity,5.178431397721523e-4
Guatemala,ssp585,medium-term,primary productivity,0.006427076884676069
Guatemala,ssp245,current,reduced oxygen,0.018391867622701605
Guatemala,ssp245,medium-term,reduced oxygen,0.022130764948719666
Guatemala,ssp585,current,reduced oxygen,0.018391867622701605
Guatemala,ssp585,medium-term,reduced oxygen,0.02384473001080704
Guatemala,ssp245,current,sea level rise,0.03223086079879658
Guatemala,ssp245,medium-term,sea level rise,0.07177791611273325
Guatemala,ssp585,current,sea level rise,0.03876015897303541
Guatemala,ssp585,medium-term,sea level rise,0.09698675351834239
Belize,ssp245,current,acidification,0
Belize,ssp245,medium-term,acidification,0
Belize,ssp585,current,acidification,0
Belize,ssp585,medium-term,acidification,0
Belize,ssp245,current,air heat index,0.0014701620525756993
Belize,ssp245,medium-term,air heat index,0.12093584662312115
Belize,ssp585,current,air heat index,0.0014852954492947808
Belize,ssp585,medium-term,air heat index,0.13207492895194464
Belize,ssp245,current,coastal disturbance,0.06350329490261694
Belize,ssp245,medium-term,coastal disturbance,0.07738927775236512
Belize,ssp585,current,coastal disturbance,0.06307573053049535
Belize,ssp585,medium-term,coastal disturbance,0.07325250344718988
Belize,ssp245,current,fisheries biomass loss,0.12270293687346703
Belize,ssp245,medium-term,fisheries biomass loss,0.37057995966250523
Belize,ssp585,current,fisheries biomass loss,0.12370747840782458
Belize,ssp585,medium-term,fisheries biomass loss,0.3705755758017621
Belize,ssp245,current,light pollution,3.1271638526273143e-4
Belize,ssp245,medium-term,light pollution,0.001467492162466339
Belize,ssp585,current,light pollution,3.071505217013055e-4
Belize,ssp585,medium-term,light pollution,0.0013153157450682292
Belize,ssp245,current,nutrient pollution,0.00922993010555419
Belize,ssp245,medium-term,nutrient pollution,0.012838114671091083
Belize,ssp585,current,nutrient pollution,0.009166324740432729
Belize,ssp585,medium-term,nutrient pollution,0.015414603062934898
Belize,ssp245,current,ocean warming,0.07553024915905095
Belize,ssp245,medium-term,ocean warming,0.2820986890092744
Belize,ssp585,current,ocean warming,0.049059511642016156
Belize,ssp585,medium-term,ocean warming,0.34624661258754974
Belize,ssp245,current,primary productivity,0
Belize,ssp245,medium-term,primary productivity,0
Belize,ssp585,current,primary productivity,0
Belize,ssp585,medium-term,primary productivity,0
Belize,ssp245,current,reduced oxygen,7.780811920533525e-4
Belize,ssp245,medium-term,reduced oxygen,0.004278126081211347
Belize,ssp585,current,reduced oxygen,7.780811920533525e-4
Belize,ssp585,medium-term,reduced oxygen,0.006504559580050267
Belize,ssp245,current,sea level rise,0.11025873422143108
Belize,ssp245,medium-term,sea level rise,0.15984489877214772
Belize,ssp585,current,sea level rise,0.11660946827435298
Belize,ssp585,medium-term,sea level rise,0.18041857348025758
Comoro Islands,ssp245,current,acidification,0
Comoro Islands,ssp245,medium-term,acidification,0
Comoro Islands,ssp585,current,acidification,0
Comoro Islands,ssp585,medium-term,acidification,0
Comoro Islands,ssp245,current,air heat index,0
Comoro Islands,ssp245,medium-term,air heat index,2.072033341579029e-4
Comoro Islands,ssp585,current,air heat index,0
Comoro Islands,ssp585,medium-term,air heat index,0.0011977488943601693
Comoro Islands,ssp245,current,coastal disturbance,0.07989462865861269
Comoro Islands,ssp245,medium-term,coastal disturbance,0.09318357696618265
Comoro Islands,ssp585,current,coastal disturbance,0.07942478967015631
Comoro Islands,ssp585,medium-term,coastal disturbance,0.08845480399328347
Comoro Islands,ssp245,current,fisheries biomass loss,0.0540265623836886
Comoro Islands,ssp245,medium-term,fisheries biomass loss,0.3550740475103754
Comoro Islands,ssp585,current,fisheries biomass loss,0.05323662137637707
Comoro Islands,ssp585,medium-term,fisheries biomass loss,0.35481308598141414
Comoro Islands,ssp245,current,light pollution,0
Comoro Islands,ssp245,medium-term,light pollution,0.0016298127956387472
Comoro Islands,ssp585,current,light pollution,0
Comoro Islands,ssp585,medium-term,light pollution,0.0040637797875841914
Comoro Islands,ssp245,current,nutrient pollution,2.8116393713923483e-4
Comoro Islands,ssp245,medium-term,nutrient pollution,8.310034581514887e-4
Comoro Islands,ssp585,current,nutrient pollution,2.825967375645067e-4
Comoro Islands,ssp585,medium-term,nutrient pollution,8.568516611061471e-4
Comoro Islands,ssp245,current,ocean warming,0.0849276617805426
Comoro Islands,ssp245,medium-term,ocean warming,0.3772030724399724
Comoro Islands,ssp585,current,ocean warming,0.09617583384551305
Comoro Islands,ssp585,medium-term,ocean warming,0.42082261437363977
Comoro Islands,ssp245,current,primary productivity,2.2033048942529023e-4
Comoro Islands,ssp245,medium-term,primary productivity,0.022896019649062543
Comoro Islands,ssp585,current,primary productivity,2.2210101249835769e-7
Comoro Islands,ssp585,medium-term,primary productivity,0.023161115517794015
Comoro Islands,ssp245,current,reduced oxygen,0.01578362778970202
Comoro Islands,ssp245,medium-term,reduced oxygen,0.024006325401497962
Comoro Islands,ssp585,current,reduced oxygen,0.01578362778970202
Comoro Islands,ssp585,medium-term,reduced oxygen,0.02692338863197646
Comoro Islands,ssp245,current,sea level rise,0.00859231224949856
Comoro Islands,ssp245,medium-term,sea level rise,0.02118390613928939
Comoro Islands,ssp585,current,sea level rise,0.01045695512295018
Comoro Islands,ssp585,medium-term,sea level rise,0.03564434393350876
Mayotte,ssp245,current,acidification,0
Mayotte,ssp245,medium-term,acidification,0
Mayotte,ssp585,current,acidification,0
Mayotte,ssp585,medium-term,acidification,0
Mayotte,ssp245,current,air heat index,0
Mayotte,ssp245,medium-term,air heat index,4.5174048650283884e-4
Mayotte,ssp585,current,air heat index,0
Mayotte,ssp585,medium-term,air heat index,0.002357003849123001
Mayotte,ssp245,current,coastal disturbance,0.12539798959829462
Mayotte,ssp245,medium-term,coastal disturbance,0.1462064515970483
Mayotte,ssp585,current,coastal disturbance,0.12483781793236952
Mayotte,ssp585,medium-term,coastal disturbance,0.1417078460474252
Mayotte,ssp245,current,fisheries biomass loss,0.09088028780688011
Mayotte,ssp245,medium-term,fisheries biomass loss,0.35774210027953174
Mayotte,ssp585,current,fisheries biomass loss,0.09042834627967643
Mayotte,ssp585,medium-term,fisheries biomass loss,0.35776633524116785
Mayotte,ssp245,current,light pollution,2.9588815341947483e-4
Mayotte,ssp245,medium-term,light pollution,8.138550904143751e-4
Mayotte,ssp585,current,light pollution,2.8454993937831276e-4
Mayotte,ssp585,medium-term,light pollution,6.054387023836797e-4
Mayotte,ssp245,current,nutrient pollution,0
Mayotte,ssp245,medium-term,nutrient pollution,0
Mayotte,ssp585,current,nutrient pollution,0
Mayotte,ssp585,medium-term,nutrient pollution,0
Mayotte,ssp245,current,ocean warming,0.05766578046485152
Mayotte,ssp245,medium-term,ocean warming,0.33027411786657895
Mayotte,ssp585,current,ocean warming,0.0817334912113866
Mayotte,ssp585,medium-term,ocean warming,0.3740827650386457
Mayotte,ssp245,current,primary productivity,0
Mayotte,ssp245,medium-term,primary productivity,0.007956494441955059
Mayotte,ssp585,current,primary productivity,0
Mayotte,ssp585,medium-term,primary productivity,0.007697301963871187
Mayotte,ssp245,current,reduced oxygen,0.01280475410533534
Mayotte,ssp245,medium-term,reduced oxygen,0.019157242055785794
Mayotte,ssp585,current,reduced oxygen,0.01280475410533534
Mayotte,ssp585,medium-term,reduced oxygen,0.021841240441785082
Mayotte,ssp245,current,sea level rise,0.018457239845541634
Mayotte,ssp245,medium-term,sea level rise,0.05135919909362736
Mayotte,ssp585,current,sea level rise,0.02368414525528137
Mayotte,ssp585,medium-term,sea level rise,0.08744156645501361
Glorioso Islands,ssp245,current,acidification,0
Glorioso Islands,ssp245,medium-term,acidification,0
Glorioso Islands,ssp585,current,acidification,0
Glorioso Islands,ssp585,medium-term,acidification,0
Glorioso Islands,ssp245,current,air heat index,0
Glorioso Islands,ssp245,medium-term,air heat index,3.9162246846697395e-5
Glorioso Islands,ssp585,current,air heat index,0
Glorioso Islands,ssp585,medium-term,air heat index,2.620418349073985e-4
Glorioso Islands,ssp245,current,coastal disturbance,0
Glorioso Islands,ssp245,medium-term,coastal disturbance,0
Glorioso Islands,ssp585,current,coastal disturbance,0
Glorioso Islands,ssp585,medium-term,coastal disturbance,0
Glorioso Islands,ssp245,current,fisheries biomass loss,0.06600175380784397
Glorioso Islands,ssp245,medium-term,fisheries biomass loss,0.09336074889223608
Glorioso Islands,ssp585,current,fisheries biomass loss,0.06420762955450401
Glorioso Islands,ssp585,medium-term,fisheries biomass loss,0.08752718308824115
Glorioso Islands,ssp245,current,light pollution,0
Glorioso Islands,ssp245,medium-term,light pollution,0
Glorioso Islands,ssp585,current,light pollution,0
Glorioso Islands,ssp585,medium-term,light pollution,0
Glorioso Islands,ssp245,current,nutrient pollution,0
Glorioso Islands,ssp245,medium-term,nutrient pollution,0
Glorioso Islands,ssp585,current,nutrient pollution,0
Glorioso Islands,ssp585,medium-term,nutrient pollution,0
Glorioso Islands,ssp245,current,ocean warming,0.07768709737946564
Glorioso Islands,ssp245,medium-term,ocean warming,0.377902729009899
Glorioso Islands,ssp585,current,ocean warming,0.08062351115788463
Glorioso Islands,ssp585,medium-term,ocean warming,0.4369941740458469
Glorioso Islands,ssp245,current,primary productivity,0.00655362712910169
Glorioso Islands,ssp245,medium-term,primary productivity,0.03623599652766844
Glorioso Islands,ssp585,current,primary productivity,0.004005320181072923
Glorioso Islands,ssp585,medium-term,primary productivity,0.04190257524290549
Glorioso Islands,ssp245,current,reduced oxygen,0.01266386900718746
Glorioso Islands,ssp245,medium-term,reduced oxygen,0.020843478113319075
Glorioso Islands,ssp585,current,reduced oxygen,0.01266386900718746
Glorioso Islands,ssp585,medium-term,reduced oxygen,0.019612774806066425
Glorioso Islands,ssp245,current,sea level rise,0.0013707655469059087
Glorioso Islands,ssp245,medium-term,sea level rise,0.004048501710510913
Glorioso Islands,ssp585,current,sea level rise,0.0017596396953902269
Glorioso Islands,ssp585,medium-term,sea level rise,0.006945215424315794
Seychelles,ssp245,current,acidification,0
Seychelles,ssp245,medium-term,acidification,0
Seychelles,ssp585,current,acidification,0
Seychelles,ssp585,medium-term,acidification,0
Seychelles,ssp245,current,air heat index,0
Seychelles,ssp245,medium-term,air heat index,4.681511813768483e-4
Seychelles,ssp585,current,air heat index,0
Seychelles,ssp585,medium-term,air heat index,0.0019466921763551485
Seychelles,ssp245,current,coastal disturbance,0
Seychelles,ssp245,medium-term,coastal disturbance,0
Seychelles,ssp585,current,coastal disturbance,0
Seychelles,ssp585,medium-term,coastal disturbance,0
Seychelles,ssp245,current,fisheries biomass loss,0
Seychelles,ssp245,medium-term,fisheries biomass loss,0.2602235515024744
Seychelles,ssp585,current,fisheries biomass loss,0
Seychelles,ssp585,medium-term,fisheries biomass loss,0.26571009819716207
Seychelles,ssp245,current,light pollution,2.344071288337175e-4
Seychelles,ssp245,medium-term,light pollution,7.616357067164444e-4
Seychelles,ssp585,current,light pollution,2.344071288337175e-4
Seychelles,ssp585,medium-term,light pollution,4.6057488447928755e-4
Seychelles,ssp245,current,nutrient pollution,0
Seychelles,ssp245,medium-term,nutrient pollution,0
Seychelles,ssp585,current,nutrient pollution,0
Seychelles,ssp585,medium-term,nutrient pollution,0
Seychelles,ssp245,current,ocean warming,0.06026753852414261
Seychelles,ssp245,medium-term,ocean warming,0.2857838198315985
Seychelles,ssp585,current,ocean warming,0.04975182751255516
Seychelles,ssp585,medium-term,ocean warming,0.36490783729795534
Seychelles,ssp245,current,primary productivity,0.008030722658951052
Seychelles,ssp245,medium-term,primary productivity,0.05582550217176511
Seychelles,ssp585,current,primary productivity,0.00812853997258042
Seychelles,ssp585,medium-term,primary productivity,0.06433600352500587
Seychelles,ssp245,current,reduced oxygen,0.01619759501905411
Seychelles,ssp245,medium-term,reduced oxygen,0.021189649084952956
Seychelles,ssp585,current,reduced oxygen,0.01619759501905411
Seychelles,ssp585,medium-term,reduced oxygen,0.023029172688416283
Seychelles,ssp245,current,sea level rise,0.007864021767021463
Seychelles,ssp245,medium-term,sea level rise,0.02181997704266336
Seychelles,ssp585,current,sea level rise,0.009618204326292443
Seychelles,ssp585,medium-term,sea level rise,0.036672225110908216
Réunion,ssp245,current,acidification,0
Réunion,ssp245,medium-term,acidification,0
Réunion,ssp585,current,acidification,0
Réunion,ssp585,medium-term,acidification,0.003532828075544784
Réunion,ssp245,current,air heat index,0
Réunion,ssp245,medium-term,air heat index,3.3238115975109394e-8
Réunion,ssp585,current,air heat index,0
Réunion,ssp585,medium-term,air heat index,4.834367805415241e-6
Réunion,ssp245,current,coastal disturbance,0.07200110780016984
Réunion,ssp245,medium-term,coastal disturbance,0.07541087888879701
Réunion,ssp585,current,coastal disturbance,0.0718458947801264
Réunion,ssp585,medium-term,coastal disturbance,0.07397985986783169
Réunion,ssp245,current,fisheries biomass loss,0
Réunion,ssp245,medium-term,fisheries biomass loss,0.32518706741859205
Réunion,ssp585,current,fisheries biomass loss,0
Réunion,ssp585,medium-term,fisheries biomass loss,0.3249015922064427
Réunion,ssp245,current,light pollution,0.0030224027729127546
Réunion,ssp245,medium-term,light pollution,0.002377089614055876
Réunion,ssp585,current,light pollution,0.002996455951360985
Réunion,ssp585,medium-term,light pollution,0.0022958363829820873
Réunion,ssp245,current,nutrient pollution,0.0011758896678588815
Réunion,ssp245,medium-term,nutrient pollution,0.003071610330041493
Réunion,ssp585,current,nutrient pollution,0.00118402841271802
Réunion,ssp585,medium-term,nutrient pollution,0.002976744816512563
Réunion,ssp245,current,ocean warming,0.03719185387860306
Réunion,ssp245,medium-term,ocean warming,0.2548780705098034
Réunion,ssp585,current,ocean warming,0.022545171346273492
Réunion,ssp585,medium-term,ocean warming,0.3508636915409079
Réunion,ssp245,current,primary productivity,0.010856023115866264
Réunion,ssp245,medium-term,primary productivity,0.08829024762206245
Réunion,ssp585,current,primary productivity,0.012071841222059447
Réunion,ssp585,medium-term,primary productivity,0.06552911481703631
Réunion,ssp245,current,reduced oxygen,0.01705536004840951
Réunion,ssp245,medium-term,reduced oxygen,0.023664144888607554
Réunion,ssp585,current,reduced oxygen,0.01705536004840951
Réunion,ssp585,medium-term,reduced oxygen,0.0226015432103668
Réunion,ssp245,current,sea level rise,0
Réunion,ssp245,medium-term,sea level rise,0.011461975415004417
Réunion,ssp585,current,sea level rise,0.0017376860610966098
Réunion,ssp585,medium-term,sea level rise,0.02110661245184019
Juan de Nova Island,ssp245,current,acidification,0
Juan de Nova Island,ssp245,medium-term,acidification,0
Juan de Nova Island,ssp585,current,acidification,0
Juan de Nova Island,ssp585,medium-term,acidification,0
Juan de Nova Island,ssp245,current,air heat index,0
Juan de Nova Island,ssp245,medium-term,air heat index,2.2388443014480943e-4
Juan de Nova Island,ssp585,current,air heat index,0
Juan de Nova Island,ssp585,medium-term,air heat index,7.538281109494456e-4
Juan de Nova Island,ssp245,current,coastal disturbance,0
Juan de Nova Island,ssp245,medium-term,coastal disturbance,0
Juan de Nova Island,ssp585,current,coastal disturbance,0
Juan de Nova Island,ssp585,medium-term,coastal disturbance,0
Juan de Nova Island,ssp245,current,fisheries biomass loss,0.08115141319689832
Juan de Nova Island,ssp245,medium-term,fisheries biomass loss,0.1070246184551959
Juan de Nova Island,ssp585,current,fisheries biomass loss,0.07934914531102145
Juan de Nova Island,ssp585,medium-term,fisheries biomass loss,0.10822960945693517
Juan de Nova Island,ssp245,current,light pollution,0
Juan de Nova Island,ssp245,medium-term,light pollution,0
Juan de Nova Island,ssp585,current,light pollution,0
Juan de Nova Island,ssp585,medium-term,light pollution,0
Juan de Nova Island,ssp245,current,nutrient pollution,0
Juan de Nova Island,ssp245,medium-term,nutrient pollution,0
Juan de Nova Island,ssp585,current,nutrient pollution,0
Juan de Nova Island,ssp585,medium-term,nutrient pollution,0
Juan de Nova Island,ssp245,current,ocean warming,0.06655954039928878
Juan de Nova Island,ssp245,medium-term,ocean warming,0.3216289520710739
Juan de Nova Island,ssp585,current,ocean warming,0.06655954039928878
Juan de Nova Island,ssp585,medium-term,ocean warming,0.39286313809457674
Juan de Nova Island,ssp245,current,primary productivity,0
Juan de Nova Island,ssp245,medium-term,primary productivity,0.004702419100592829
Juan de Nova Island,ssp585,current,primary productivity,0
Juan de Nova Island,ssp585,medium-term,primary productivity,0.0021816737209721577
Juan de Nova Island,ssp245,current,reduced oxygen,0.03165785149217805
Juan de Nova Island,ssp245,medium-term,reduced oxygen,0.03829680777319785
Juan de Nova Island,ssp585,current,reduced oxygen,0.03165785149217805
Juan de Nova Island,ssp585,medium-term,reduced oxygen,0.04417548805137509
Juan de Nova Island,ssp245,current,sea level rise,0.002138370143560069
Juan de Nova Island,ssp245,medium-term,sea level rise,0.0066886815863350995
Juan de Nova Island,ssp585,current,sea level rise,0.002822475870036413
Juan de Nova Island,ssp585,medium-term,sea level rise,0.01182984022630585
Ile Europa,ssp245,current,acidification,0
Ile Europa,ssp245,medium-term,acidification,0
Ile Europa,ssp585,current,acidification,0
Ile Europa,ssp585,medium-term,acidification,0
Ile Europa,ssp245,current,air heat index,0
Ile Europa,ssp245,medium-term,air heat index,2.547049662098286e-4
Ile Europa,ssp585,current,air heat index,0
Ile Europa,ssp585,medium-term,air heat index,8.2474888768047e-4
Ile Europa,ssp245,current,coastal disturbance,0
Ile Europa,ssp245,medium-term,coastal disturbance,0
Ile Europa,ssp585,current,coastal disturbance,0
Ile Europa,ssp585,medium-term,coastal disturbance,0
Ile Europa,ssp245,current,fisheries biomass loss,0.06145664920525936
Ile Europa,ssp245,medium-term,fisheries biomass loss,0.08510233181732474
Ile Europa,ssp585,current,fisheries biomass loss,0.06036382670087429
Ile Europa,ssp585,medium-term,fisheries biomass loss,0.08599977083091896
Ile Europa,ssp245,current,light pollution,0
Ile Europa,ssp245,medium-term,light pollution,0
Ile Europa,ssp585,current,light pollution,0
Ile Europa,ssp585,medium-term,light pollution,0
Ile Europa,ssp245,current,nutrient pollution,0
Ile Europa,ssp245,medium-term,nutrient pollution,0
Ile Europa,ssp585,current,nutrient pollution,0
Ile Europa,ssp585,medium-term,nutrient pollution,0
Ile Europa,ssp245,current,ocean warming,0.05296089191566958
Ile Europa,ssp245,medium-term,ocean warming,0.23751076011528008
Ile Europa,ssp585,current,ocean warming,0.04699712552367904
Ile Europa,ssp585,medium-term,ocean warming,0.3499057917815662
Ile Europa,ssp245,current,primary productivity,0
Ile Europa,ssp245,medium-term,primary productivity,0.01500852304707223
Ile Europa,ssp585,current,primary productivity,0
Ile Europa,ssp585,medium-term,primary productivity,0.019833793342513673
Ile Europa,ssp245,current,reduced oxygen,0.02185785854392937
Ile Europa,ssp245,medium-term,reduced oxygen,0.026211567772406852
Ile Europa,ssp585,current,reduced oxygen,0.02185785854392937
Ile Europa,ssp585,medium-term,reduced oxygen,0.026644770827563963
Ile Europa,ssp245,current,sea level rise,0.0020103074105766883
Ile Europa,ssp245,medium-term,sea level rise,0.005644286400638518
Ile Europa,ssp585,current,sea level rise,0.0024743082564479334
Ile Europa,ssp585,medium-term,sea level rise,0.009779689173835019
Mauritius,ssp245,current,acidification,0
Mauritius,ssp245,medium-term,acidification,0
Mauritius,ssp585,current,acidification,0
Mauritius,ssp585,medium-term,acidification,0.01213477724578769
Mauritius,ssp245,current,air heat index,0
Mauritius,ssp245,medium-term,air heat index,1.6907941976914797e-5
Mauritius,ssp585,current,air heat index,0
Mauritius,ssp585,medium-term,air heat index,1.526903723815043e-4
Mauritius,ssp245,current,coastal disturbance,0.08534405027962691
Mauritius,ssp245,medium-term,coastal disturbance,0.08020449769602134
Mauritius,ssp585,current,coastal disturbance,0.08469087263654705
Mauritius,ssp585,medium-term,coastal disturbance,0.07356677641038477
Mauritius,ssp245,current,fisheries biomass loss,0
Mauritius,ssp245,medium-term,fisheries biomass loss,0.090777113775817
Mauritius,ssp585,current,fisheries biomass loss,0
Mauritius,ssp585,medium-term,fisheries biomass loss,0.10204564084894248
Mauritius,ssp245,current,light pollution,0.0040108423848243
Mauritius,ssp245,medium-term,light pollution,0.009944909584295532
Mauritius,ssp585,current,light pollution,0.0033597315110006384
Mauritius,ssp585,medium-term,light pollution,0.012378661374919208
Mauritius,ssp245,current,nutrient pollution,0.0016592941541602767
Mauritius,ssp245,medium-term,nutrient pollution,0.001956310817467222
Mauritius,ssp585,current,nutrient pollution,0.0017038719256273205
Mauritius,ssp585,medium-term,nutrient pollution,0.0015740357713774453
Mauritius,ssp245,current,ocean warming,0.049080091493055124
Mauritius,ssp245,medium-term,ocean warming,0.274188338126057
Mauritius,ssp585,current,ocean warming,0.033524840324861534
Mauritius,ssp585,medium-term,ocean warming,0.3744565791784674
Mauritius,ssp245,current,primary productivity,0.0034154338597971534
Mauritius,ssp245,medium-term,primary productivity,0.06465122661839941
Mauritius,ssp585,current,primary productivity,0.0034159216399610704
Mauritius,ssp585,medium-term,primary productivity,0.0544246629740169
Mauritius,ssp245,current,reduced oxygen,0.013768419167745436
Mauritius,ssp245,medium-term,reduced oxygen,0.018994019287191216
Mauritius,ssp585,current,reduced oxygen,0.013768419167745436
Mauritius,ssp585,medium-term,reduced oxygen,0.019275349428472175
Mauritius,ssp245,current,sea level rise,4.2196428196952655e-4
Mauritius,ssp245,medium-term,sea level rise,0.017079263860897656
Mauritius,ssp585,current,sea level rise,0.002597169902666009
Mauritius,ssp585,medium-term,sea level rise,0.031066913851404185
British Indian Ocean Territory,ssp245,current,acidification,0
British Indian Ocean Territory,ssp245,medium-term,acidification,0
British Indian Ocean Territory,ssp585,current,acidification,0
British Indian Ocean Territory,ssp585,medium-term,acidification,0.014289064481955376
British Indian Ocean Territory,ssp245,current,air heat index,0
British Indian Ocean Territory,ssp245,medium-term,air heat index,1.8724678842523156e-4
British Indian Ocean Territory,ssp585,current,air heat index,0
British Indian Ocean Territory,ssp585,medium-term,air heat index,0.0012280804894901083
British Indian Ocean Territory,ssp245,current,coastal disturbance,0
British Indian Ocean Territory,ssp245,medium-term,coastal disturbance,0
British Indian Ocean Territory,ssp585,current,coastal disturbance,0
British Indian Ocean Territory,ssp585,medium-term,coastal disturbance,0
British Indian Ocean Territory,ssp245,current,fisheries biomass loss,0
British Indian Ocean Territory,ssp245,medium-term,fisheries biomass loss,0.00892358968822544
British Indian Ocean Territory,ssp585,current,fisheries biomass loss,0
British Indian Ocean Territory,ssp585,medium-term,fisheries biomass loss,0.011592020380132953
British Indian Ocean Territory,ssp245,current,light pollution,0
British Indian Ocean Territory,ssp245,medium-term,light pollution,0
British Indian Ocean Territory,ssp585,current,light pollution,0
British Indian Ocean Territory,ssp585,medium-term,light pollution,0
British Indian Ocean Territory,ssp245,current,nutrient pollution,0
British Indian Ocean Territory,ssp245,medium-term,nutrient pollution,0
British Indian Ocean Territory,ssp585,current,nutrient pollution,0
British Indian Ocean Territory,ssp585,medium-term,nutrient pollution,0
British Indian Ocean Territory,ssp245,current,ocean warming,0.05548621507324023
British Indian Ocean Territory,ssp245,medium-term,ocean warming,0.26724778753314954
British Indian Ocean Territory,ssp585,current,ocean warming,0.05954143816312046
British Indian Ocean Territory,ssp585,medium-term,ocean warming,0.3594057250057524
British Indian Ocean Territory,ssp245,current,primary productivity,0.018066547712520583
British Indian Ocean Territory,ssp245,medium-term,primary productivity,0.043571003872285456
British Indian Ocean Territory,ssp585,current,primary productivity,0.01702999534509396
British Indian Ocean Territory,ssp585,medium-term,primary productivity,0.042573275288875674
British Indian Ocean Territory,ssp245,current,reduced oxygen,0.03458621812314157
British Indian Ocean Territory,ssp245,medium-term,reduced oxygen,0.02959378967200203
British Indian Ocean Territory,ssp585,current,reduced oxygen,0.03458621812314157
British Indian Ocean Territory,ssp585,medium-term,reduced oxygen,0.03241900126262158
British Indian Ocean Territory,ssp245,current,sea level rise,0.0035639227117987018
British Indian Ocean Territory,ssp245,medium-term,sea level rise,0.013464027375448495
British Indian Ocean Territory,ssp585,current,sea level rise,0.005103325637059706
British Indian Ocean Territory,ssp585,medium-term,sea level rise,0.022384132900019633
Mozambique,ssp245,current,acidification,0
Mozambique,ssp245,medium-term,acidification,0
Mozambique,ssp585,current,acidification,0
Mozambique,ssp585,medium-term,acidification,4.163724898036923e-4
Mozambique,ssp245,current,air heat index,2.70828886785921e-4
Mozambique,ssp245,medium-term,air heat index,0.0048881394590924694
Mozambique,ssp585,current,air heat index,2.636748609177353e-4
Mozambique,ssp585,medium-term,air heat index,0.009968351445776144
Mozambique,ssp245,current,coastal disturbance,0.09379959551138589
Mozambique,ssp245,medium-term,coastal disturbance,0.1039791379953931
Mozambique,ssp585,current,coastal disturbance,0.09187936285651761
Mozambique,ssp585,medium-term,coastal disturbance,0.08594457763559278
Mozambique,ssp245,current,fisheries biomass loss,0.12347884062952029
Mozambique,ssp245,medium-term,fisheries biomass loss,0.3329982778998341
Mozambique,ssp585,current,fisheries biomass loss,0.12276049525501938
Mozambique,ssp585,medium-term,fisheries biomass loss,0.33295114069096077
Mozambique,ssp245,current,light pollution,8.467221635510214e-4
Mozambique,ssp245,medium-term,light pollution,0.003719342450928837
Mozambique,ssp585,current,light pollution,8.570374977820653e-4
Mozambique,ssp585,medium-term,light pollution,0.00532126923108113
Mozambique,ssp245,current,nutrient pollution,0.028821191039071097
Mozambique,ssp245,medium-term,nutrient pollution,0.04239324394146757
Mozambique,ssp585,current,nutrient pollution,0.028924295751103692
Mozambique,ssp585,medium-term,nutrient pollution,0.047894843337225865
Mozambique,ssp245,current,ocean warming,0.03016859367043904
Mozambique,ssp245,medium-term,ocean warming,0.19052402850844893
Mozambique,ssp585,current,ocean warming,0.03707145357766423
Mozambique,ssp585,medium-term,ocean warming,0.23539012575875468
Mozambique,ssp245,current,primary productivity,4.886298368754864e-4
Mozambique,ssp245,medium-term,primary productivity,0.0013953541634925673
Mozambique,ssp585,current,primary productivity,3.629042293984342e-4
Mozambique,ssp585,medium-term,primary productivity,8.43701919710946e-4
Mozambique,ssp245,current,reduced oxygen,0.006898854563373735
Mozambique,ssp245,medium-term,reduced oxygen,0.010318928948614386
Mozambique,ssp585,current,reduced oxygen,0.006898854563373735
Mozambique,ssp585,medium-term,reduced oxygen,0.013199627128026999
Mozambique,ssp245,current,sea level rise,0.011546327614944727
Mozambique,ssp245,medium-term,sea level rise,0.05058200934848823
Mozambique,ssp585,current,sea level rise,0.017657301974982796
Mozambique,ssp585,medium-term,sea level rise,0.08853576478824834
Madagascar,ssp245,current,acidification,0
Madagascar,ssp245,medium-term,acidification,0
Madagascar,ssp585,current,acidification,0
Madagascar,ssp585,medium-term,acidification,0
Madagascar,ssp245,current,air heat index,8.226055713006561e-5
Madagascar,ssp245,medium-term,air heat index,0.005015582854701189
Madagascar,ssp585,current,air heat index,9.16767399724125e-5
Madagascar,ssp585,medium-term,air heat index,0.01762866842743096
Madagascar,ssp245,current,coastal disturbance,0.06459558574538736
Madagascar,ssp245,medium-term,coastal disturbance,0.07610861358142312
Madagascar,ssp585,current,coastal disturbance,0.06344427804730211
Madagascar,ssp585,medium-term,coastal disturbance,0.0624798607484095
Madagascar,ssp245,current,fisheries biomass loss,0.07249717254752587
Madagascar,ssp245,medium-term,fisheries biomass loss,0.3335630458585453
Madagascar,ssp585,current,fisheries biomass loss,0.07330437465895036
Madagascar,ssp585,medium-term,fisheries biomass loss,0.3334658309657076
Madagascar,ssp245,current,light pollution,7.929687731671623e-6
Madagascar,ssp245,medium-term,light pollution,2.775765927619301e-4
Madagascar,ssp585,current,light pollution,8.891130062429476e-6
Madagascar,ssp585,medium-term,light pollution,0.0017914842014409417
Madagascar,ssp245,current,nutrient pollution,0.01404497238110773
Madagascar,ssp245,medium-term,nutrient pollution,0.025757026467368046
Madagascar,ssp585,current,nutrient pollution,0.014113414276298293
Madagascar,ssp585,medium-term,nutrient pollution,0.028725245890672362
Madagascar,ssp245,current,ocean warming,0.034999529720785946
Madagascar,ssp245,medium-term,ocean warming,0.22468935428887635
Madagascar,ssp585,current,ocean warming,0.04069242840908604
Madagascar,ssp585,medium-term,ocean warming,0.28175262952345576
Madagascar,ssp245,current,primary productivity,2.722859297190111e-4
Madagascar,ssp245,medium-term,primary productivity,0.007115212560197563
Madagascar,ssp585,current,primary productivity,1.1256106811133757e-4
Madagascar,ssp585,medium-term,primary productivity,0.008570948231826558
Madagascar,ssp245,current,reduced oxygen,0.00676250912188224
Madagascar,ssp245,medium-term,reduced oxygen,0.0116691932973013
Madagascar,ssp585,current,reduced oxygen,0.00676250912188224
Madagascar,ssp585,medium-term,reduced oxygen,0.012967783718390614
Madagascar,ssp245,current,sea level rise,0.006228366879843909
Madagascar,ssp245,medium-term,sea level rise,0.036988536527787545
Madagascar,ssp585,current,sea level rise,0.01083273358809572
Madagascar,ssp585,medium-term,sea level rise,0.0690893470929064
Kenya,ssp245,current,acidification,0
Kenya,ssp245,medium-term,acidification,0
Kenya,ssp585,current,acidification,0
Kenya,ssp585,medium-term,acidification,0.0015535793569976882
Kenya,ssp245,current,air heat index,3.25564915989414e-4
Kenya,ssp245,medium-term,air heat index,0.0068323851380765735
Kenya,ssp585,current,air heat index,3.3103417408992945e-4
Kenya,ssp585,medium-term,air heat index,0.0161915027220346
Kenya,ssp245,current,coastal disturbance,0.09034424249986085
Kenya,ssp245,medium-term,coastal disturbance,0.10367110133703022
Kenya,ssp585,current,coastal disturbance,0.089309915388789
Kenya,ssp585,medium-term,coastal disturbance,0.0927464633739369
Kenya,ssp245,current,fisheries biomass loss,0.02735123727430008
Kenya,ssp245,medium-term,fisheries biomass loss,0.3218797983051053
Kenya,ssp585,current,fisheries biomass loss,0.02840546124637506
Kenya,ssp585,medium-term,fisheries biomass loss,0.3216370319368498
Kenya,ssp245,current,light pollution,0.002506354083353292
Kenya,ssp245,medium-term,light pollution,0.005833680158562578
Kenya,ssp585,current,light pollution,0.0022913550350076675
Kenya,ssp585,medium-term,light pollution,0.009822866078220912
Kenya,ssp245,current,nutrient pollution,0.03305498820414461
Kenya,ssp245,medium-term,nutrient pollution,0.04978686507207285
Kenya,ssp585,current,nutrient pollution,0.03305562838712726
Kenya,ssp585,medium-term,nutrient pollution,0.048491101333544985
Kenya,ssp245,current,ocean warming,0.05606114528967551
Kenya,ssp245,medium-term,ocean warming,0.2639844931958857
Kenya,ssp585,current,ocean warming,0.061502904228470545
Kenya,ssp585,medium-term,ocean warming,0.2987965516637489
Kenya,ssp245,current,primary productivity,6.66110361404863e-4
Kenya,ssp245,medium-term,primary productivity,0.026656586122143826
Kenya,ssp585,current,primary productivity,6.781859804527476e-4
Kenya,ssp585,medium-term,primary productivity,0.037927957103247735
Kenya,ssp245,current,reduced oxygen,0.03182440765267567
Kenya,ssp245,medium-term,reduced oxygen,0.032297845089685466
Kenya,ssp585,current,reduced oxygen,0.03182440765267567
Kenya,ssp585,medium-term,reduced oxygen,0.03345727057293297
Kenya,ssp245,current,sea level rise,0.01154839321504641
Kenya,ssp245,medium-term,sea level rise,0.043691473592193386
Kenya,ssp585,current,sea level rise,0.015803235616386455
Kenya,ssp585,medium-term,sea level rise,0.0775948560847238
Somalia,ssp245,current,acidification,8.36373574162142e-5
Somalia,ssp245,medium-term,acidification,0.002471313775531237
Somalia,ssp585,current,acidification,8.36373574162142e-5
Somalia,ssp585,medium-term,acidification,0.011325118996785864
Somalia,ssp245,current,air heat index,0.0010779811676305446
Somalia,ssp245,medium-term,air heat index,0.00507857438476224
Somalia,ssp585,current,air heat index,0.001217516000220741
Somalia,ssp585,medium-term,air heat index,0.007618156715854263
Somalia,ssp245,current,coastal disturbance,0.043516498900867936
Somalia,ssp245,medium-term,coastal disturbance,0.05557731057136648
Somalia,ssp585,current,coastal disturbance,0.04250382943424272
Somalia,ssp585,medium-term,coastal disturbance,0.04434977745809649
Somalia,ssp245,current,fisheries biomass loss,0.046840034596700796
Somalia,ssp245,medium-term,fisheries biomass loss,0.358045512125524
Somalia,ssp585,current,fisheries biomass loss,0.046638273220947116
Somalia,ssp585,medium-term,fisheries biomass loss,0.35802650782747025
Somalia,ssp245,current,light pollution,1.012812032761291e-4
Somalia,ssp245,medium-term,light pollution,3.889239508117455e-4
Somalia,ssp585,current,light pollution,1.0671032728241119e-4
Somalia,ssp585,medium-term,light pollution,6.362487568526015e-4
Somalia,ssp245,current,nutrient pollution,0.004987959966859929
Somalia,ssp245,medium-term,nutrient pollution,0.008991205433207552
Somalia,ssp585,current,nutrient pollution,0.005032800076114099
Somalia,ssp585,medium-term,nutrient pollution,0.010217945768274435
Somalia,ssp245,current,ocean warming,0.07964882082775321
Somalia,ssp245,medium-term,ocean warming,0.24295631821870403
Somalia,ssp585,current,ocean warming,0.049149215252380786
Somalia,ssp585,medium-term,ocean warming,0.3047619885656454
Somalia,ssp245,current,primary productivity,0.004486294225819294
Somalia,ssp245,medium-term,primary productivity,0.03928479508161376
Somalia,ssp585,current,primary productivity,0.003924026792447234
Somalia,ssp585,medium-term,primary productivity,0.05163045524086893
Somalia,ssp245,current,reduced oxygen,0.12825017257030116
Somalia,ssp245,medium-term,reduced oxygen,0.13040777579635854
Somalia,ssp585,current,reduced oxygen,0.12825017257030116
Somalia,ssp585,medium-term,reduced oxygen,0.13152615394065267
Somalia,ssp245,current,sea level rise,0.007621043365433584
Somalia,ssp245,medium-term,sea level rise,0.03349077055579059
Somalia,ssp585,current,sea level rise,0.012389653491876618
Somalia,ssp585,medium-term,sea level rise,0.06177471974880309
Eritrea,ssp245,current,acidification,0
Eritrea,ssp245,medium-term,acidification,0
Eritrea,ssp585,current,acidification,0
Eritrea,ssp585,medium-term,acidification,0
Eritrea,ssp245,current,air heat index,0.001221795482173257
Eritrea,ssp245,medium-term,air heat index,0.0019264673111798751
Eritrea,ssp585,current,air heat index,0.0012948219795456894
Eritrea,ssp585,medium-term,air heat index,0.0017650048228680174
Eritrea,ssp245,current,coastal disturbance,0.04622050208206474
Eritrea,ssp245,medium-term,coastal disturbance,0.055690600670274974
Eritrea,ssp585,current,coastal disturbance,0.0452502353792526
Eritrea,ssp585,medium-term,coastal disturbance,0.045614169489085234
Eritrea,ssp245,current,fisheries biomass loss,0.3032538048538693
Eritrea,ssp245,medium-term,fisheries biomass loss,0.3530120847783513
Eritrea,ssp585,current,fisheries biomass loss,0.3031949939696173
Eritrea,ssp585,medium-term,fisheries biomass loss,0.3529851473569271
Eritrea,ssp245,current,light pollution,0
Eritrea,ssp245,medium-term,light pollution,1.7526343172675425e-5
Eritrea,ssp585,current,light pollution,0
Eritrea,ssp585,medium-term,light pollution,1.613619095146813e-4
Eritrea,ssp245,current,nutrient pollution,0.0016426190942629812
Eritrea,ssp245,medium-term,nutrient pollution,0.003233466354862293
Eritrea,ssp585,current,nutrient pollution,0.001644559090639427
Eritrea,ssp585,medium-term,nutrient pollution,0.004149580154326012
Eritrea,ssp245,current,ocean warming,0.08520224150135251
Eritrea,ssp245,medium-term,ocean warming,0.22911672497719734
Eritrea,ssp585,current,ocean warming,0.06148998768176378
Eritrea,ssp585,medium-term,ocean warming,0.2789967559230232
Eritrea,ssp245,current,primary productivity,5.899268386802975e-4
Eritrea,ssp245,medium-term,primary productivity,0.002899488073964516
Eritrea,ssp585,current,primary productivity,3.830963342919656e-4
Eritrea,ssp585,medium-term,primary productivity,0.003512322967706833
Eritrea,ssp245,current,reduced oxygen,0.010035353070797772
Eritrea,ssp245,medium-term,reduced oxygen,0.018034067920554325
Eritrea,ssp585,current,reduced oxygen,0.010035353070797772
Eritrea,ssp585,medium-term,reduced oxygen,0.019801085651854858
Eritrea,ssp245,current,sea level rise,0.002014055756659656
Eritrea,ssp245,medium-term,sea level rise,0.039159288236418975
Eritrea,ssp585,current,sea level rise,0.010366891642166616
Eritrea,ssp585,medium-term,sea level rise,0.08206548113090552
Djibouti,ssp245,current,acidification,0
Djibouti,ssp245,medium-term,acidification,0
Djibouti,ssp585,current,acidification,0
Djibouti,ssp585,medium-term,acidification,0
Djibouti,ssp245,current,air heat index,0.004216223978215505
Djibouti,ssp245,medium-term,air heat index,0.011089366530679892
Djibouti,ssp585,current,air heat index,0.004485221733205944
Djibouti,ssp585,medium-term,air heat index,0.012427568737559526
Djibouti,ssp245,current,coastal disturbance,0.09387418354101286
Djibouti,ssp245,medium-term,coastal disturbance,0.107073201732049
Djibouti,ssp585,current,coastal disturbance,0.09344949496967198
Djibouti,ssp585,medium-term,coastal disturbance,0.10429999212018151
Djibouti,ssp245,current,fisheries biomass loss,0.2854077962554707
Djibouti,ssp245,medium-term,fisheries biomass loss,0.35479509458291125
Djibouti,ssp585,current,fisheries biomass loss,0.28518505628670615
Djibouti,ssp585,medium-term,fisheries biomass loss,0.35474805258780767
Djibouti,ssp245,current,light pollution,0.004119997291620505
Djibouti,ssp245,medium-term,light pollution,0.007979523531873183
Djibouti,ssp585,current,light pollution,0.004165694611817913
Djibouti,ssp585,medium-term,light pollution,0.008999358176232031
Djibouti,ssp245,current,nutrient pollution,0.0013796991496644938
Djibouti,ssp245,medium-term,nutrient pollution,0.0033639314360361114
Djibouti,ssp585,current,nutrient pollution,0.0013662445297089262
Djibouti,ssp585,medium-term,nutrient pollution,0.0029536085049677863
Djibouti,ssp245,current,ocean warming,0.10184061772960669
Djibouti,ssp245,medium-term,ocean warming,0.28532890978681663
Djibouti,ssp585,current,ocean warming,0.05667725688807091
Djibouti,ssp585,medium-term,ocean warming,0.3614568839168943
Djibouti,ssp245,current,primary productivity,0.007393674107083439
Djibouti,ssp245,medium-term,primary productivity,0.027893334931924706
Djibouti,ssp585,current,primary productivity,0.005412494840915684
Djibouti,ssp585,medium-term,primary productivity,0.03412275393094529
Djibouti,ssp245,current,reduced oxygen,0.18078130350456026
Djibouti,ssp245,medium-term,reduced oxygen,0.1857197250737299
Djibouti,ssp585,current,reduced oxygen,0.18078130350456026
Djibouti,ssp585,medium-term,reduced oxygen,0.1861227395069926
Djibouti,ssp245,current,sea level rise,0.0022840459662232093
Djibouti,ssp245,medium-term,sea level rise,0.03236870753620277
Djibouti,ssp585,current,sea level rise,0.00874627079549285
Djibouti,ssp585,medium-term,sea level rise,0.06593598027603101
United Republic of Tanzania,ssp245,current,acidification,0
United Republic of Tanzania,ssp245,medium-term,acidification,0
United Republic of Tanzania,ssp585,current,acidification,0
United Republic of Tanzania,ssp585,medium-term,acidification,3.150931307723438e-5
United Republic of Tanzania,ssp245,current,air heat index,8.254112645111368e-5
United Republic of Tanzania,ssp245,medium-term,air heat index,0.0030562218957973486
United Republic of Tanzania,ssp585,current,air heat index,3.6900063419356195e-5
United Republic of Tanzania,ssp585,medium-term,air heat index,0.0074433830170154095
United Republic of Tanzania,ssp245,current,coastal disturbance,0.10932777345731806
United Republic of Tanzania,ssp245,medium-term,coastal disturbance,0.13200515825791226
United Republic of Tanzania,ssp585,current,coastal disturbance,0.10811332615490121
United Republic of Tanzania,ssp585,medium-term,coastal disturbance,0.11715172469328756
United Republic of Tanzania,ssp245,current,fisheries biomass loss,0.029976849257787704
United Republic of Tanzania,ssp245,medium-term,fisheries biomass loss,0.3612750392931048
United Republic of Tanzania,ssp585,current,fisheries biomass loss,0.030123093732866618
United Republic of Tanzania,ssp585,medium-term,fisheries biomass loss,0.36113109639144614
United Republic of Tanzania,ssp245,current,light pollution,0.0012763680493736221
United Republic of Tanzania,ssp245,medium-term,light pollution,0.006211961991898363
United Republic of Tanzania,ssp585,current,light pollution,0.0011574672136456779
United Republic of Tanzania,ssp585,medium-term,light pollution,0.00900243955260867
United Republic of Tanzania,ssp245,current,nutrient pollution,0.02944635356135747
United Republic of Tanzania,ssp245,medium-term,nutrient pollution,0.0456197868914585
United Republic of Tanzania,ssp585,current,nutrient pollution,0.029577480622190008
United Republic of Tanzania,ssp585,medium-term,nutrient pollution,0.046600752687200236
United Republic of Tanzania,ssp245,current,ocean warming,0.06382747649312706
United Republic of Tanzania,ssp245,medium-term,ocean warming,0.2958721777125881
United Republic of Tanzania,ssp585,current,ocean warming,0.07876106158965722
United Republic of Tanzania,ssp585,medium-term,ocean warming,0.32859321350561554
United Republic of Tanzania,ssp245,current,primary productivity,0.0010823897260629576
United Republic of Tanzania,ssp245,medium-term,primary productivity,0.018450928421156466
United Republic of Tanzania,ssp585,current,primary productivity,9.078304635264647e-4
United Republic of Tanzania,ssp585,medium-term,primary productivity,0.019645621180111435
United Republic of Tanzania,ssp245,current,reduced oxygen,0.04026442739864516
United Republic of Tanzania,ssp245,medium-term,reduced oxygen,0.04509969788779064
United Republic of Tanzania,ssp585,current,reduced oxygen,0.04026442739864516
United Republic of Tanzania,ssp585,medium-term,reduced oxygen,0.05102498233234443
United Republic of Tanzania,ssp245,current,sea level rise,0.015946354016343596
United Republic of Tanzania,ssp245,medium-term,sea level rise,0.04806476751799019
United Republic of Tanzania,ssp585,current,sea level rise,0.01968503241599685
United Republic of Tanzania,ssp585,medium-term,sea level rise,0.08307089737880846
Taiwan,ssp245,current,acidification,0.002625047694718557
Taiwan,ssp245,medium-term,acidification,0.029435598527714116
Taiwan,ssp585,current,acidification,0.0026949392235425303
Taiwan,ssp585,medium-term,acidification,0.051277902823656074
Taiwan,ssp245,current,air heat index,0.0011074345387937711
Taiwan,ssp245,medium-term,air heat index,0.019354966946226588
Taiwan,ssp585,current,air heat index,0.0010593446998672
Taiwan,ssp585,medium-term,air heat index,0.02577993899842497
Taiwan,ssp245,current,coastal disturbance,0
Taiwan,ssp245,medium-term,coastal disturbance,0
Taiwan,ssp585,current,coastal disturbance,0
Taiwan,ssp585,medium-term,coastal disturbance,0
Taiwan,ssp245,current,fisheries biomass loss,0.2535743259670074
Taiwan,ssp245,medium-term,fisheries biomass loss,0.35367150094702854
Taiwan,ssp585,current,fisheries biomass loss,0.2539127696500202
Taiwan,ssp585,medium-term,fisheries biomass loss,0.3495094550506686
Taiwan,ssp245,current,light pollution,0.013344386943832174
Taiwan,ssp245,medium-term,light pollution,0.014940516991164427
Taiwan,ssp585,current,light pollution,0.013344386943832174
Taiwan,ssp585,medium-term,light pollution,0.016748734432310033
Taiwan,ssp245,current,nutrient pollution,0.04255692471490449
Taiwan,ssp245,medium-term,nutrient pollution,0.03650863902746336
Taiwan,ssp585,current,nutrient pollution,0.04258189929401541
Taiwan,ssp585,medium-term,nutrient pollution,0.03224399509241837
Taiwan,ssp245,current,ocean warming,0.05548377606187274
Taiwan,ssp245,medium-term,ocean warming,0.1692372729303372
Taiwan,ssp585,current,ocean warming,0.035742223957577264
Taiwan,ssp585,medium-term,ocean warming,0.23552903039292897
Taiwan,ssp245,current,primary productivity,8.289077461926201e-4
Taiwan,ssp245,medium-term,primary productivity,0.006066541339725454
Taiwan,ssp585,current,primary productivity,0.001006335626715378
Taiwan,ssp585,medium-term,primary productivity,7.423911297752728e-4
Taiwan,ssp245,current,reduced oxygen,0.024592000464772827
Taiwan,ssp245,medium-term,reduced oxygen,0.030106333769097923
Taiwan,ssp585,current,reduced oxygen,0.024592000464772827
Taiwan,ssp585,medium-term,reduced oxygen,0.03286126923304827
Taiwan,ssp245,current,sea level rise,8.060641203482197e-4
Taiwan,ssp245,medium-term,sea level rise,0.031250361348639726
Taiwan,ssp585,current,sea level rise,0.004777435077925678
Taiwan,ssp585,medium-term,sea level rise,0.05426358287102472
Republic of Korea,ssp245,current,acidification,0.013372827081959438
Republic of Korea,ssp245,medium-term,acidification,0.029876744183870197
Republic of Korea,ssp585,current,acidification,0.014543108767360735
Republic of Korea,ssp585,medium-term,acidification,0.03834143238297512
Republic of Korea,ssp245,current,air heat index,5.712662157179465e-5
Republic of Korea,ssp245,medium-term,air heat index,0.0012695574665936638
Republic of Korea,ssp585,current,air heat index,3.012628841292865e-5
Republic of Korea,ssp585,medium-term,air heat index,0.002573558065450496
Republic of Korea,ssp245,current,coastal disturbance,0.07895769900421697
Republic of Korea,ssp245,medium-term,coastal disturbance,0.06685313175055496
Republic of Korea,ssp585,current,coastal disturbance,0.07908364794093954
Republic of Korea,ssp585,medium-term,coastal disturbance,0.06886222780106462
Republic of Korea,ssp245,current,fisheries biomass loss,0.34939065584594015
Republic of Korea,ssp245,medium-term,fisheries biomass loss,0.33553056063901465
Republic of Korea,ssp585,current,fisheries biomass loss,0.3492975089096966
Republic of Korea,ssp585,medium-term,fisheries biomass loss,0.3361326619233725
Republic of Korea,ssp245,current,light pollution,0.011763099901077977
Republic of Korea,ssp245,medium-term,light pollution,0.009769239541388483
Republic of Korea,ssp585,current,light pollution,0.011566912436709362
Republic of Korea,ssp585,medium-term,light pollution,0.010489500567298367
Republic of Korea,ssp245,current,nutrient pollution,0.023495532415784386
Republic of Korea,ssp245,medium-term,nutrient pollution,0.024560399835772156
Republic of Korea,ssp585,current,nutrient pollution,0.023534579362560006
Republic of Korea,ssp585,medium-term,nutrient pollution,0.02224663438388129
Republic of Korea,ssp245,current,ocean warming,0.021150357330505232
Republic of Korea,ssp245,medium-term,ocean warming,0.0835192783536276
Republic of Korea,ssp585,current,ocean warming,0.017450781792019202
Republic of Korea,ssp585,medium-term,ocean warming,0.14668629471801034
Republic of Korea,ssp245,current,primary productivity,4.932055395074437e-4
Republic of Korea,ssp245,medium-term,primary productivity,4.7697409083062424e-4
Republic of Korea,ssp585,current,primary productivity,5.823840417911612e-4
Republic of Korea,ssp585,medium-term,primary productivity,4.732095034890638e-4
Republic of Korea,ssp245,current,reduced oxygen,0.009444614494852887
Republic of Korea,ssp245,medium-term,reduced oxygen,0.017072629065092666
Republic of Korea,ssp585,current,reduced oxygen,0.009444614494852887
Republic of Korea,ssp585,medium-term,reduced oxygen,0.02050866801902818
Republic of Korea,ssp245,current,sea level rise,3.784334938032225e-4
Republic of Korea,ssp245,medium-term,sea level rise,0.05191171733222076
Republic of Korea,ssp585,current,sea level rise,0.007842709756164934
Republic of Korea,ssp585,medium-term,sea level rise,0.10692590955001892
Democratic People's Republic of Korea,ssp245,current,acidification,0.03504911916785632
Democratic People's Republic of Korea,ssp245,medium-term,acidification,0.054217035461993766
Democratic People's Republic of Korea,ssp585,current,acidification,0.035940366606460245
Democratic People's Republic of Korea,ssp585,medium-term,acidification,0.06362082911041665
Democratic People's Republic of Korea,ssp245,current,air heat index,1.691888405061678e-8
Democratic People's Republic of Korea,ssp245,medium-term,air heat index,1.0781115173870144e-4
Democratic People's Republic of Korea,ssp585,current,air heat index,5.901914017372559e-7
Democratic People's Republic of Korea,ssp585,medium-term,air heat index,3.8834602574636996e-4
Democratic People's Republic of Korea,ssp245,current,coastal disturbance,0.13080177750373825
Democratic People's Republic of Korea,ssp245,medium-term,coastal disturbance,0.12003413433812966
Democratic People's Republic of Korea,ssp585,current,coastal disturbance,0.13025145719794262
Democratic People's Republic of Korea,ssp585,medium-term,coastal disturbance,0.1096908974546108
Democratic People's Republic of Korea,ssp245,current,fisheries biomass loss,0.29597854720426875
Democratic People's Republic of Korea,ssp245,medium-term,fisheries biomass loss,0.32859455547269834
Democratic People's Republic of Korea,ssp585,current,fisheries biomass loss,0.2960485850644866
Democratic People's Republic of Korea,ssp585,medium-term,fisheries biomass loss,0.32535086624257553
Democratic People's Republic of Korea,ssp245,current,light pollution,4.7087594592834205e-4
Democratic People's Republic of Korea,ssp245,medium-term,light pollution,9.972012558926188e-4
Democratic People's Republic of Korea,ssp585,current,light pollution,3.5963713367784614e-4
Democratic People's Republic of Korea,ssp585,medium-term,light pollution,8.163691870790631e-4
Democratic People's Republic of Korea,ssp245,current,nutrient pollution,0.02220819770987021
Democratic People's Republic of Korea,ssp245,medium-term,nutrient pollution,0.01691644989766115
Democratic People's Republic of Korea,ssp585,current,nutrient pollution,0.02222549070208382
Democratic People's Republic of Korea,ssp585,medium-term,nutrient pollution,0.01635393383283556
Democratic People's Republic of Korea,ssp245,current,ocean warming,0.02537557694809306
Democratic People's Republic of Korea,ssp245,medium-term,ocean warming,0.09600779285105733
Democratic People's Republic of Korea,ssp585,current,ocean warming,0.018940293389007767
Democratic People's Republic of Korea,ssp585,medium-term,ocean warming,0.15234283628374481
Democratic People's Republic of Korea,ssp245,current,primary productivity,0.002631054744078403
Democratic People's Republic of Korea,ssp245,medium-term,primary productivity,0.008375614464233985
Democratic People's Republic of Korea,ssp585,current,primary productivity,0.0030026690879982627
Democratic People's Republic of Korea,ssp585,medium-term,primary productivity,0.012317715092261578
Democratic People's Republic of Korea,ssp245,current,reduced oxygen,0.006696125878838355
Democratic People's Republic of Korea,ssp245,medium-term,reduced oxygen,0.015788905988432925
Democratic People's Republic of Korea,ssp585,current,reduced oxygen,0.006696125878838355
Democratic People's Republic of Korea,ssp585,medium-term,reduced oxygen,0.020087685408404523
Democratic People's Republic of Korea,ssp245,current,sea level rise,8.57416325588059e-5
Democratic People's Republic of Korea,ssp245,medium-term,sea level rise,0.045641201714298564
Democratic People's Republic of Korea,ssp585,current,sea level rise,0.005576368517471137
Democratic People's Republic of Korea,ssp585,medium-term,sea level rise,0.09951698404192404
China,ssp245,current,acidification,0.013509206359511467
China,ssp245,medium-term,acidification,0.030171641212126836
China,ssp585,current,acidification,0.013712773288140759
China,ssp585,medium-term,acidification,0.03821007908647887
China,ssp245,current,air heat index,0.003099867668309404
China,ssp245,medium-term,air heat index,0.03057505508605687
China,ssp585,current,air heat index,0.0031028118711728656
China,ssp585,medium-term,air heat index,0.03155012568280537
China,ssp245,current,coastal disturbance,0.16278007715960016
China,ssp245,medium-term,coastal disturbance,0.14885569740125448
China,ssp585,current,coastal disturbance,0.16147023353594858
China,ssp585,medium-term,coastal disturbance,0.13691651087248644
China,ssp245,current,fisheries biomass loss,0.34369131563369176
China,ssp245,medium-term,fisheries biomass loss,0.34348992942995077
China,ssp585,current,fisheries biomass loss,0.34369853219070645
China,ssp585,medium-term,fisheries biomass loss,0.34338383399698913
China,ssp245,current,light pollution,0.01856485824686012
China,ssp245,medium-term,light pollution,0.020712080177190263
China,ssp585,current,light pollution,0.018755657790063385
China,ssp585,medium-term,light pollution,0.02256231572400124
China,ssp245,current,nutrient pollution,0.09753652913946784
China,ssp245,medium-term,nutrient pollution,0.097024855623109
China,ssp585,current,nutrient pollution,0.09795321722386527
China,ssp585,medium-term,nutrient pollution,0.09035441797312524
China,ssp245,current,ocean warming,0.027542099784841224
China,ssp245,medium-term,ocean warming,0.08583370881300383
China,ssp585,current,ocean warming,0.01285894788224909
China,ssp585,medium-term,ocean warming,0.13940679198216463
China,ssp245,current,primary productivity,0.0010033691002330953
China,ssp245,medium-term,primary productivity,0.004538629034443108
China,ssp585,current,primary productivity,0.0010263974472747375
China,ssp585,medium-term,primary productivity,0.003044412449256902
China,ssp245,current,reduced oxygen,0.0013473739482027555
China,ssp245,medium-term,reduced oxygen,0.008006680941416473
China,ssp585,current,reduced oxygen,0.0013473739482027555
China,ssp585,medium-term,reduced oxygen,0.010890092204863974
China,ssp245,current,sea level rise,0
China,ssp245,medium-term,sea level rise,0.050624686764973434
China,ssp585,current,sea level rise,0.0028956992303002652
China,ssp585,medium-term,sea level rise,0.10200347630991312
Japan,ssp245,current,acidification,0.007745507741051917
Japan,ssp245,medium-term,acidification,0.02432193676482439
Japan,ssp585,current,acidification,0.008544036531735473
Japan,ssp585,medium-term,acidification,0.04316570825645623
Japan,ssp245,current,air heat index,3.536842985022108e-4
Japan,ssp245,medium-term,air heat index,0.0027152434465707526
Japan,ssp585,current,air heat index,2.9930299126734554e-4
Japan,ssp585,medium-term,air heat index,0.004237840500222213
Japan,ssp245,current,coastal disturbance,0.07753630531529951
Japan,ssp245,medium-term,coastal disturbance,0.06636132104000303
Japan,ssp585,current,coastal disturbance,0.0768734540535576
Japan,ssp585,medium-term,coastal disturbance,0.06481245214786639
Japan,ssp245,current,fisheries biomass loss,0.23124029566726986
Japan,ssp245,medium-term,fisheries biomass loss,0.22733926231627366
Japan,ssp585,current,fisheries biomass loss,0.23146723320790816
Japan,ssp585,medium-term,fisheries biomass loss,0.22854131354770757
Japan,ssp245,current,light pollution,0.0043661105008883875
Japan,ssp245,medium-term,light pollution,0.005678603019566107
Japan,ssp585,current,light pollution,0.004370068910976048
Japan,ssp585,medium-term,light pollution,0.00654663225886571
Japan,ssp245,current,nutrient pollution,0.015320199637266777
Japan,ssp245,medium-term,nutrient pollution,0.012771541355682038
Japan,ssp585,current,nutrient pollution,0.015356905014026085
Japan,ssp585,medium-term,nutrient pollution,0.011517950046469189
Japan,ssp245,current,ocean warming,0.058693226341703555
Japan,ssp245,medium-term,ocean warming,0.18052339795623853
Japan,ssp585,current,ocean warming,0.048329570709243264
Japan,ssp585,medium-term,ocean warming,0.23524039745891823
Japan,ssp245,current,primary productivity,0.005465823833328948
Japan,ssp245,medium-term,primary productivity,0.01508259381633986
Japan,ssp585,current,primary productivity,0.005703098351207644
Japan,ssp585,medium-term,primary productivity,0.015650533031398163
Japan,ssp245,current,reduced oxygen,0.02914249490100707
Japan,ssp245,medium-term,reduced oxygen,0.03772521098806383
Japan,ssp585,current,reduced oxygen,0.02914249490100707
Japan,ssp585,medium-term,reduced oxygen,0.0412283931932781
Japan,ssp245,current,sea level rise,0.00388281287668015
Japan,ssp245,medium-term,sea level rise,0.036202489958136325
Japan,ssp585,current,sea level rise,0.009351748805335413
Japan,ssp585,medium-term,sea level rise,0.06878377009989166
Bulgaria,ssp245,current,acidification,0.1727577970775131
Bulgaria,ssp245,medium-term,acidification,0.1728818381169381
Bulgaria,ssp585,current,acidification,0.1730058793211356
Bulgaria,ssp585,medium-term,acidification,0.17362608456975206
Bulgaria,ssp245,current,air heat index,0
Bulgaria,ssp245,medium-term,air heat index,0
Bulgaria,ssp585,current,air heat index,0
Bulgaria,ssp585,medium-term,air heat index,6.357596695876893e-6
Bulgaria,ssp245,current,coastal disturbance,0.06143426625919976
Bulgaria,ssp245,medium-term,coastal disturbance,0.050382566793604595
Bulgaria,ssp585,current,coastal disturbance,0.060230668012361724
Bulgaria,ssp585,medium-term,coastal disturbance,0.0443038286339008
Bulgaria,ssp245,current,fisheries biomass loss,0.22700831585187609
Bulgaria,ssp245,medium-term,fisheries biomass loss,0.34207167686142315
Bulgaria,ssp585,current,fisheries biomass loss,0.22721725585333144
Bulgaria,ssp585,medium-term,fisheries biomass loss,0.3414472762351999
Bulgaria,ssp245,current,light pollution,0.0028757885242857105
Bulgaria,ssp245,medium-term,light pollution,0.0036979537740430366
Bulgaria,ssp585,current,light pollution,0.0030386949459520664
Bulgaria,ssp585,medium-term,light pollution,0.0035569374586115234
Bulgaria,ssp245,current,nutrient pollution,0.022924068935254546
Bulgaria,ssp245,medium-term,nutrient pollution,0.02454869148130307
Bulgaria,ssp585,current,nutrient pollution,0.023037472090531818
Bulgaria,ssp585,medium-term,nutrient pollution,0.025591592726158734
Bulgaria,ssp245,current,ocean warming,0.015317333303671778
Bulgaria,ssp245,medium-term,ocean warming,0.14814357359920485
Bulgaria,ssp585,current,ocean warming,0.023633005775851555
Bulgaria,ssp585,medium-term,ocean warming,0.1986871515241756
Bulgaria,ssp245,current,primary productivity,0
Bulgaria,ssp245,medium-term,primary productivity,0
Bulgaria,ssp585,current,primary productivity,0
Bulgaria,ssp585,medium-term,primary productivity,0
Bulgaria,ssp245,current,reduced oxygen,0.0043175194775708055
Bulgaria,ssp245,medium-term,reduced oxygen,0.0157799269352556
Bulgaria,ssp585,current,reduced oxygen,0.0043175194775708055
Bulgaria,ssp585,medium-term,reduced oxygen,0.014568301402323413
Bulgaria,ssp245,current,sea level rise,0
Bulgaria,ssp245,medium-term,sea level rise,0.014598644613019691
Bulgaria,ssp585,current,sea level rise,0
Bulgaria,ssp585,medium-term,sea level rise,0.04031368515749748
Romania,ssp245,current,acidification,0.01794765400781812
Romania,ssp245,medium-term,acidification,0.01908358094699687
Romania,ssp585,current,acidification,0.020219509597719197
Romania,ssp585,medium-term,acidification,0.02589914654702719
Romania,ssp245,current,air heat index,0
Romania,ssp245,medium-term,air heat index,5.814908665844255e-7
Romania,ssp585,current,air heat index,0
Romania,ssp585,medium-term,air heat index,1.8000617505377107e-5
Romania,ssp245,current,coastal disturbance,0.04181399158237739
Romania,ssp245,medium-term,coastal disturbance,0.03716953681935687
Romania,ssp585,current,coastal disturbance,0.04158556055461241
Romania,ssp585,medium-term,coastal disturbance,0.03458336453052747
Romania,ssp245,current,fisheries biomass loss,0.24622852981676638
Romania,ssp245,medium-term,fisheries biomass loss,0.28947012516637816
Romania,ssp585,current,fisheries biomass loss,0.24653067349673025
Romania,ssp585,medium-term,fisheries biomass loss,0.2884956471027871
Romania,ssp245,current,light pollution,0.005139405513985147
Romania,ssp245,medium-term,light pollution,0.005168557609632161
Romania,ssp585,current,light pollution,0.005034324759216015
Romania,ssp585,medium-term,light pollution,0.004972840197673389
Romania,ssp245,current,nutrient pollution,0.041428161314880085
Romania,ssp245,medium-term,nutrient pollution,0.041223364993225556
Romania,ssp585,current,nutrient pollution,0.041562556288477805
Romania,ssp585,medium-term,nutrient pollution,0.041612201680295426
Romania,ssp245,current,ocean warming,0.010577994978967612
Romania,ssp245,medium-term,ocean warming,0.11213401124154314
Romania,ssp585,current,ocean warming,0.02345297547818236
Romania,ssp585,medium-term,ocean warming,0.13926148941090075
Romania,ssp245,current,primary productivity,0
Romania,ssp245,medium-term,primary productivity,0
Romania,ssp585,current,primary productivity,0
Romania,ssp585,medium-term,primary productivity,0
Romania,ssp245,current,reduced oxygen,0.006587329861774598
Romania,ssp245,medium-term,reduced oxygen,0.018575792789839587
Romania,ssp585,current,reduced oxygen,0.006587329861774598
Romania,ssp585,medium-term,reduced oxygen,0.01802818794316534
Romania,ssp245,current,sea level rise,0
Romania,ssp245,medium-term,sea level rise,0.014500086398490158
Romania,ssp585,current,sea level rise,0
Romania,ssp585,medium-term,sea level rise,0.03896668149511619
Russian Federation,ssp245,current,acidification,0.06460461364747895
Russian Federation,ssp245,medium-term,acidification,0.09360966045292876
Russian Federation,ssp585,current,acidification,0.06429623242401296
Russian Federation,ssp585,medium-term,acidification,0.10595743063780659
Russian Federation,ssp245,current,air heat index,0
Russian Federation,ssp245,medium-term,air heat index,3.0934300083286754e-6
Russian Federation,ssp585,current,air heat index,0
Russian Federation,ssp585,medium-term,air heat index,1.0104824062296045e-5
Russian Federation,ssp245,current,coastal disturbance,0.004389818106797201
Russian Federation,ssp245,medium-term,coastal disturbance,0.0035018126702398332
Russian Federation,ssp585,current,coastal disturbance,0.00428373074465288
Russian Federation,ssp585,medium-term,coastal disturbance,0.003202182358142161
Russian Federation,ssp245,current,fisheries biomass loss,0.19350688244592112
Russian Federation,ssp245,medium-term,fisheries biomass loss,0.33542364507200506
Russian Federation,ssp585,current,fisheries biomass loss,0.19336635585365927
Russian Federation,ssp585,medium-term,fisheries biomass loss,0.3353461581178296
Russian Federation,ssp245,current,light pollution,3.2770271170174227e-4
Russian Federation,ssp245,medium-term,light pollution,2.3615920859591853e-4
Russian Federation,ssp585,current,light pollution,3.699602862731187e-4
Russian Federation,ssp585,medium-term,light pollution,2.8878956721626643e-4
Russian Federation,ssp245,current,nutrient pollution,0.0022504649315212427
Russian Federation,ssp245,medium-term,nutrient pollution,0.002226136939288459
Russian Federation,ssp585,current,nutrient pollution,0.002252072873599037
Russian Federation,ssp585,medium-term,nutrient pollution,0.0020530793298970053
Russian Federation,ssp245,current,ocean warming,0.08936546801980656
Russian Federation,ssp245,medium-term,ocean warming,0.22221996995244536
Russian Federation,ssp585,current,ocean warming,0.1103056173478221
Russian Federation,ssp585,medium-term,ocean warming,0.25723495984758055
Russian Federation,ssp245,current,primary productivity,1.147397002552632e-4
Russian Federation,ssp245,medium-term,primary productivity,0.0033335513473578787
Russian Federation,ssp585,current,primary productivity,1.41386496065791e-4
Russian Federation,ssp585,medium-term,primary productivity,0.0028098187596538125
Russian Federation,ssp245,current,reduced oxygen,0.013084506163697811
Russian Federation,ssp245,medium-term,reduced oxygen,0.02161717183300606
Russian Federation,ssp585,current,reduced oxygen,0.013084506163697811
Russian Federation,ssp585,medium-term,reduced oxygen,0.02506623226646043
Russian Federation,ssp245,current,sea level rise,0.02086314172261967
Russian Federation,ssp245,medium-term,sea level rise,0.052604812352989756
Russian Federation,ssp585,current,sea level rise,0.02642518045187945
Russian Federation,ssp585,medium-term,sea level rise,0.07415314473749657
Ukraine,ssp245,current,acidification,0.016976917773319725
Ukraine,ssp245,medium-term,acidification,0.018051405700910683
Ukraine,ssp585,current,acidification,0.019125895224841406
Ukraine,ssp585,medium-term,acidification,0.02449833704129675
Ukraine,ssp245,current,air heat index,0
Ukraine,ssp245,medium-term,air heat index,3.25430349241295e-5
Ukraine,ssp585,current,air heat index,0
Ukraine,ssp585,medium-term,air heat index,1.824953022696487e-4
Ukraine,ssp245,current,coastal disturbance,0.071512092641479
Ukraine,ssp245,medium-term,coastal disturbance,0.05911694881632239
Ukraine,ssp585,current,coastal disturbance,0.07063204028028858
Ukraine,ssp585,medium-term,coastal disturbance,0.054134673429826675
Ukraine,ssp245,current,fisheries biomass loss,0.2290176444103033
Ukraine,ssp245,medium-term,fisheries biomass loss,0.32242491425459935
Ukraine,ssp585,current,fisheries biomass loss,0.22867604164908847
Ukraine,ssp585,medium-term,fisheries biomass loss,0.32238053549250584
Ukraine,ssp245,current,light pollution,0.0025254175379731993
Ukraine,ssp245,medium-term,light pollution,0.004028645462678292
Ukraine,ssp585,current,light pollution,0.0023897751952315642
Ukraine,ssp585,medium-term,light pollution,0.004206024667240049
Ukraine,ssp245,current,nutrient pollution,0.035768637098385285
Ukraine,ssp245,medium-term,nutrient pollution,0.03901080552641702
Ukraine,ssp585,current,nutrient pollution,0.03577631357832045
Ukraine,ssp585,medium-term,nutrient pollution,0.038573199094870995
Ukraine,ssp245,current,ocean warming,0.007640108239751839
Ukraine,ssp245,medium-term,ocean warming,0.09736765930267487
Ukraine,ssp585,current,ocean warming,0.024493730240936148
Ukraine,ssp585,medium-term,ocean warming,0.1395701910423791
Ukraine,ssp245,current,primary productivity,0
Ukraine,ssp245,medium-term,primary productivity,0
Ukraine,ssp585,current,primary productivity,0
Ukraine,ssp585,medium-term,primary productivity,0
Ukraine,ssp245,current,reduced oxygen,0.01581817922527659
Ukraine,ssp245,medium-term,reduced oxygen,0.026454505468202247
Ukraine,ssp585,current,reduced oxygen,0.01581817922527659
Ukraine,ssp585,medium-term,reduced oxygen,0.02586031236073281
Ukraine,ssp245,current,sea level rise,0
Ukraine,ssp245,medium-term,sea level rise,0.025908433172366168
Ukraine,ssp585,current,sea level rise,2.4137267077911378e-5
Ukraine,ssp585,medium-term,sea level rise,0.06465735609493897
Poland,ssp245,current,acidification,0.04746649561439455
Poland,ssp245,medium-term,acidification,0.050652480970880646
Poland,ssp585,current,acidification,0.048473147064150186
Poland,ssp585,medium-term,acidification,0.05432118300753012
Poland,ssp245,current,air heat index,0
Poland,ssp245,medium-term,air heat index,0
Poland,ssp585,current,air heat index,0
Poland,ssp585,medium-term,air heat index,0
Poland,ssp245,current,coastal disturbance,0.09707068669621573
Poland,ssp245,medium-term,coastal disturbance,0.08380216144991032
Poland,ssp585,current,coastal disturbance,0.09671454369565688
Poland,ssp585,medium-term,coastal disturbance,0.0802140221803872
Poland,ssp245,current,fisheries biomass loss,0.22046705598652414
Poland,ssp245,medium-term,fisheries biomass loss,0.3069090382165102
Poland,ssp585,current,fisheries biomass loss,0.22139679664870585
Poland,ssp585,medium-term,fisheries biomass loss,0.3101301361009297
Poland,ssp245,current,light pollution,0.004428083558075065
Poland,ssp245,medium-term,light pollution,0.006954653516282634
Poland,ssp585,current,light pollution,0.004497136699965026
Poland,ssp585,medium-term,light pollution,0.0063549540649631055
Poland,ssp245,current,nutrient pollution,0.04800783774897302
Poland,ssp245,medium-term,nutrient pollution,0.046715060725637636
Poland,ssp585,current,nutrient pollution,0.04788821258803265
Poland,ssp585,medium-term,nutrient pollution,0.045655529548570564
Poland,ssp245,current,ocean warming,0.015561225682647726
Poland,ssp245,medium-term,ocean warming,0.06994224143401509
Poland,ssp585,current,ocean warming,0.02733156707171901
Poland,ssp585,medium-term,ocean warming,0.11016571724745373
Poland,ssp245,current,primary productivity,0
Poland,ssp245,medium-term,primary productivity,5.449862522454192e-6
Poland,ssp585,current,primary productivity,0
Poland,ssp585,medium-term,primary productivity,0
Poland,ssp245,current,reduced oxygen,0
Poland,ssp245,medium-term,reduced oxygen,0.003693669817980019
Poland,ssp585,current,reduced oxygen,0
Poland,ssp585,medium-term,reduced oxygen,0.00582356579783728
Poland,ssp245,current,sea level rise,0.02996974280585671
Poland,ssp245,medium-term,sea level rise,0.05417539157046508
Poland,ssp585,current,sea level rise,0.03046659734723389
Poland,ssp585,medium-term,sea level rise,0.08306934727681389
New Caledonia,ssp245,current,acidification,0
New Caledonia,ssp245,medium-term,acidification,0
New Caledonia,ssp585,current,acidification,0
New Caledonia,ssp585,medium-term,acidification,0.0038780447788316157
New Caledonia,ssp245,current,air heat index,0
New Caledonia,ssp245,medium-term,air heat index,9.552929165433987e-6
New Caledonia,ssp585,current,air heat index,0
New Caledonia,ssp585,medium-term,air heat index,1.5792483126015274e-4
New Caledonia,ssp245,current,coastal disturbance,0.040808632290713895
New Caledonia,ssp245,medium-term,coastal disturbance,0.04601490357611961
New Caledonia,ssp585,current,coastal disturbance,0.04081244073769531
New Caledonia,ssp585,medium-term,coastal disturbance,0.045948103954324915
New Caledonia,ssp245,current,fisheries biomass loss,0.10753925468568844
New Caledonia,ssp245,medium-term,fisheries biomass loss,0.3674175336983479
New Caledonia,ssp585,current,fisheries biomass loss,0.10747121161611124
New Caledonia,ssp585,medium-term,fisheries biomass loss,0.36765839994184957
New Caledonia,ssp245,current,light pollution,6.75820081384643e-4
New Caledonia,ssp245,medium-term,light pollution,7.918412640355124e-4
New Caledonia,ssp585,current,light pollution,6.724963453898034e-4
New Caledonia,ssp585,medium-term,light pollution,8.645398313417648e-4
New Caledonia,ssp245,current,nutrient pollution,3.0890647443073885e-4
New Caledonia,ssp245,medium-term,nutrient pollution,4.125833373844941e-4
New Caledonia,ssp585,current,nutrient pollution,3.0651331866580453e-4
New Caledonia,ssp585,medium-term,nutrient pollution,4.942191414121363e-4
New Caledonia,ssp245,current,ocean warming,0.037940135442167615
New Caledonia,ssp245,medium-term,ocean warming,0.1952949486899478
New Caledonia,ssp585,current,ocean warming,0.05459403474250465
New Caledonia,ssp585,medium-term,ocean warming,0.26701706318550067
New Caledonia,ssp245,current,primary productivity,0.0015873753453039686
New Caledonia,ssp245,medium-term,primary productivity,0.002409291161697871
New Caledonia,ssp585,current,primary productivity,4.92027301993801e-4
New Caledonia,ssp585,medium-term,primary productivity,0.008686836372316235
New Caledonia,ssp245,current,reduced oxygen,0.0029759251393662164
New Caledonia,ssp245,medium-term,reduced oxygen,0.005533503271631396
New Caledonia,ssp585,current,reduced oxygen,0.0029759251393662164
New Caledonia,ssp585,medium-term,reduced oxygen,0.006484744313265247
New Caledonia,ssp245,current,sea level rise,2.3413527451536326e-5
New Caledonia,ssp245,medium-term,sea level rise,0.03323460742287012
New Caledonia,ssp585,current,sea level rise,0.005305114847240149
New Caledonia,ssp585,medium-term,sea level rise,0.05716953530316405
Vanuatu,ssp245,current,acidification,0
Vanuatu,ssp245,medium-term,acidification,0
Vanuatu,ssp585,current,acidification,0
Vanuatu,ssp585,medium-term,acidification,0
Vanuatu,ssp245,current,air heat index,0
Vanuatu,ssp245,medium-term,air heat index,2.5248539599606406e-4
Vanuatu,ssp585,current,air heat index,0
Vanuatu,ssp585,medium-term,air heat index,0.0012319002350109558
Vanuatu,ssp245,current,coastal disturbance,0.029158274693042916
Vanuatu,ssp245,medium-term,coastal disturbance,0.036118367259725025
Vanuatu,ssp585,current,coastal disturbance,0.028949904328446824
Vanuatu,ssp585,medium-term,coastal disturbance,0.03433070639829276
Vanuatu,ssp245,current,fisheries biomass loss,0.08898179752683504
Vanuatu,ssp245,medium-term,fisheries biomass loss,0.32646567375595226
Vanuatu,ssp585,current,fisheries biomass loss,0.0891182130200279
Vanuatu,ssp585,medium-term,fisheries biomass loss,0.3322429632256959
Vanuatu,ssp245,current,light pollution,0
Vanuatu,ssp245,medium-term,light pollution,1.0553228232990699e-4
Vanuatu,ssp585,current,light pollution,0
Vanuatu,ssp585,medium-term,light pollution,1.2952030843924864e-4
Vanuatu,ssp245,current,nutrient pollution,9.800921241274473e-5
Vanuatu,ssp245,medium-term,nutrient pollution,1.3850131925980104e-4
Vanuatu,ssp585,current,nutrient pollution,9.402530939075676e-5
Vanuatu,ssp585,medium-term,nutrient pollution,1.451300746571018e-4
Vanuatu,ssp245,current,ocean warming,0.06777340998835563
Vanuatu,ssp245,medium-term,ocean warming,0.21594910469597406
Vanuatu,ssp585,current,ocean warming,0.07161777632464048
Vanuatu,ssp585,medium-term,ocean warming,0.3049703137230442
Vanuatu,ssp245,current,primary productivity,0
Vanuatu,ssp245,medium-term,primary productivity,0.012511778410685018
Vanuatu,ssp585,current,primary productivity,0
Vanuatu,ssp585,medium-term,primary productivity,0.02297233817753907
Vanuatu,ssp245,current,reduced oxygen,0.0018729194500262947
Vanuatu,ssp245,medium-term,reduced oxygen,0.0035227192188106516
Vanuatu,ssp585,current,reduced oxygen,0.0018729194500262947
Vanuatu,ssp585,medium-term,reduced oxygen,0.0037894604252759674
Vanuatu,ssp245,current,sea level rise,8.152835029347573e-4
Vanuatu,ssp245,medium-term,sea level rise,0.01900770601995256
Vanuatu,ssp585,current,sea level rise,0.004566450857924832
Vanuatu,ssp585,medium-term,sea level rise,0.03101165433873332
Solomon Islands,ssp245,current,acidification,0
Solomon Islands,ssp245,medium-term,acidification,0
Solomon Islands,ssp585,current,acidification,0
Solomon Islands,ssp585,medium-term,acidification,0
Solomon Islands,ssp245,current,air heat index,0
Solomon Islands,ssp245,medium-term,air heat index,0.0011304892802154276
Solomon Islands,ssp585,current,air heat index,0
Solomon Islands,ssp585,medium-term,air heat index,0.00714681218866633
Solomon Islands,ssp245,current,coastal disturbance,0.03314647856582154
Solomon Islands,ssp245,medium-term,coastal disturbance,0.041757852466539555
Solomon Islands,ssp585,current,coastal disturbance,0.032893564705967986
Solomon Islands,ssp585,medium-term,coastal disturbance,0.03958573767951935
Solomon Islands,ssp245,current,fisheries biomass loss,0.05382857588118037
Solomon Islands,ssp245,medium-term,fisheries biomass loss,0.3480486378902232
Solomon Islands,ssp585,current,fisheries biomass loss,0.05344336586905159
Solomon Islands,ssp585,medium-term,fisheries biomass loss,0.3448697889275284
Solomon Islands,ssp245,current,light pollution,3.101682388918353e-6
Solomon Islands,ssp245,medium-term,light pollution,2.4485087408652494e-5
Solomon Islands,ssp585,current,light pollution,3.105806131585636e-6
Solomon Islands,ssp585,medium-term,light pollution,9.553889298821e-5
Solomon Islands,ssp245,current,nutrient pollution,5.316433085398064e-5
Solomon Islands,ssp245,medium-term,nutrient pollution,9.121153213952491e-5
Solomon Islands,ssp585,current,nutrient pollution,5.294147888552078e-5
Solomon Islands,ssp585,medium-term,nutrient pollution,1.1213640180333575e-4
Solomon Islands,ssp245,current,ocean warming,0.04259155643507067
Solomon Islands,ssp245,medium-term,ocean warming,0.2544762957292952
Solomon Islands,ssp585,current,ocean warming,0.07246076474806566
Solomon Islands,ssp585,medium-term,ocean warming,0.32821538584168136
Solomon Islands,ssp245,current,primary productivity,0.009413269233885567
Solomon Islands,ssp245,medium-term,primary productivity,0.07805099411811978
Solomon Islands,ssp585,current,primary productivity,0.010370546498811712
Solomon Islands,ssp585,medium-term,primary productivity,0.10584057768968187
Solomon Islands,ssp245,current,reduced oxygen,0.009051881337384824
Solomon Islands,ssp245,medium-term,reduced oxygen,0.011433630288892088
Solomon Islands,ssp585,current,reduced oxygen,0.009051881337384824
Solomon Islands,ssp585,medium-term,reduced oxygen,0.012063863228220052
Solomon Islands,ssp245,current,sea level rise,3.807226273766148e-5
Solomon Islands,ssp245,medium-term,sea level rise,0.019816954048217292
Solomon Islands,ssp585,current,sea level rise,6.24989822730034e-4
Solomon Islands,ssp585,medium-term,sea level rise,0.03190735473307266
Papua New Guinea,ssp245,current,acidification,0
Papua New Guinea,ssp245,medium-term,acidification,4.844268121098295e-5
Papua New Guinea,ssp585,current,acidification,0
Papua New Guinea,ssp585,medium-term,acidification,0.0011021130547311593
Papua New Guinea,ssp245,current,air heat index,6.852707123667528e-5
Papua New Guinea,ssp245,medium-term,air heat index,0.001966084691892987
Papua New Guinea,ssp585,current,air heat index,5.964972018859572e-5
Papua New Guinea,ssp585,medium-term,air heat index,0.012006066944166399
Papua New Guinea,ssp245,current,coastal disturbance,0.03450710880209321
Papua New Guinea,ssp245,medium-term,coastal disturbance,0.039141278906268305
Papua New Guinea,ssp585,current,coastal disturbance,0.03405286820098182
Papua New Guinea,ssp585,medium-term,coastal disturbance,0.03319653408350041
Papua New Guinea,ssp245,current,fisheries biomass loss,0.08735977403127777
Papua New Guinea,ssp245,medium-term,fisheries biomass loss,0.3477457867550183
Papua New Guinea,ssp585,current,fisheries biomass loss,0.08699890035151689
Papua New Guinea,ssp585,medium-term,fisheries biomass loss,0.34713153778304917
Papua New Guinea,ssp245,current,light pollution,4.767495183668821e-5
Papua New Guinea,ssp245,medium-term,light pollution,1.6125828607348067e-4
Papua New Guinea,ssp585,current,light pollution,4.828558063335652e-5
Papua New Guinea,ssp585,medium-term,light pollution,2.3397050005070284e-4
Papua New Guinea,ssp245,current,nutrient pollution,8.892408250034834e-4
Papua New Guinea,ssp245,medium-term,nutrient pollution,0.0016964473152461794
Papua New Guinea,ssp585,current,nutrient pollution,8.953072840726396e-4
Papua New Guinea,ssp585,medium-term,nutrient pollution,0.001998369757540993
Papua New Guinea,ssp245,current,ocean warming,0.0499383539213118
Papua New Guinea,ssp245,medium-term,ocean warming,0.19469543082861449
Papua New Guinea,ssp585,current,ocean warming,0.04508714741931885
Papua New Guinea,ssp585,medium-term,ocean warming,0.27071636871523064
Papua New Guinea,ssp245,current,primary productivity,0.009801630343288282
Papua New Guinea,ssp245,medium-term,primary productivity,0.07717418980469978
Papua New Guinea,ssp585,current,primary productivity,0.010173434072163746
Papua New Guinea,ssp585,medium-term,primary productivity,0.0916556312164849
Papua New Guinea,ssp245,current,reduced oxygen,0.012972514540593203
Papua New Guinea,ssp245,medium-term,reduced oxygen,0.01516837633409289
Papua New Guinea,ssp585,current,reduced oxygen,0.012972514540593203
Papua New Guinea,ssp585,medium-term,reduced oxygen,0.016687350924787958
Papua New Guinea,ssp245,current,sea level rise,1.8347834445234254e-4
Papua New Guinea,ssp245,medium-term,sea level rise,0.020952845724168376
Papua New Guinea,ssp585,current,sea level rise,0.001879453467573033
Papua New Guinea,ssp585,medium-term,sea level rise,0.03880735600542047
Fiji,ssp245,current,acidification,0
Fiji,ssp245,medium-term,acidification,0
Fiji,ssp585,current,acidification,0
Fiji,ssp585,medium-term,acidification,4.232011022144559e-4
Fiji,ssp245,current,air heat index,0
Fiji,ssp245,medium-term,air heat index,1.934602099760045e-4
Fiji,ssp585,current,air heat index,0
Fiji,ssp585,medium-term,air heat index,0.0010500726383066523
Fiji,ssp245,current,coastal disturbance,0.05012950626596177
Fiji,ssp245,medium-term,coastal disturbance,0.05142984607080327
Fiji,ssp585,current,coastal disturbance,0.049637594425342775
Fiji,ssp585,medium-term,coastal disturbance,0.04600756361668933
Fiji,ssp245,current,fisheries biomass loss,0.0879478380605586
Fiji,ssp245,medium-term,fisheries biomass loss,0.36120405937928873
Fiji,ssp585,current,fisheries biomass loss,0.08791722072423125
Fiji,ssp585,medium-term,fisheries biomass loss,0.36181385346541806
Fiji,ssp245,current,light pollution,1.472643419627525e-4
Fiji,ssp245,medium-term,light pollution,3.287970618689071e-4
Fiji,ssp585,current,light pollution,1.3465550632802117e-4
Fiji,ssp585,medium-term,light pollution,5.068953640775048e-4
Fiji,ssp245,current,nutrient pollution,0.0012740525333919672
Fiji,ssp245,medium-term,nutrient pollution,0.002175228475408168
Fiji,ssp585,current,nutrient pollution,0.0012567366433222506
Fiji,ssp585,medium-term,nutrient pollution,0.0023841638415882864
Fiji,ssp245,current,ocean warming,0.03028892592278347
Fiji,ssp245,medium-term,ocean warming,0.16310397694174628
Fiji,ssp585,current,ocean warming,0.05987310833879413
Fiji,ssp585,medium-term,ocean warming,0.242949641340501
Fiji,ssp245,current,primary productivity,0.014429406954505746
Fiji,ssp245,medium-term,primary productivity,0.01522066598915938
Fiji,ssp585,current,primary productivity,0.01217346607293166
Fiji,ssp585,medium-term,primary productivity,0.013865456373486972
Fiji,ssp245,current,reduced oxygen,0.001557162498613078
Fiji,ssp245,medium-term,reduced oxygen,0.0033381244268329722
Fiji,ssp585,current,reduced oxygen,0.001557162498613078
Fiji,ssp585,medium-term,reduced oxygen,0.004380476678816116
Fiji,ssp245,current,sea level rise,0.003546531272036975
Fiji,ssp245,medium-term,sea level rise,0.032445978494621976
Fiji,ssp585,current,sea level rise,0.009485285797212594
Fiji,ssp585,medium-term,sea level rise,0.05260147629094968
Palau,ssp245,current,acidification,0
Palau,ssp245,medium-term,acidification,0
Palau,ssp585,current,acidification,0
Palau,ssp585,medium-term,acidification,7.877546136405138e-4
Palau,ssp245,current,air heat index,0
Palau,ssp245,medium-term,air heat index,8.721463902397672e-4
Palau,ssp585,current,air heat index,0
Palau,ssp585,medium-term,air heat index,0.026646479083710612
Palau,ssp245,current,coastal disturbance,0
Palau,ssp245,medium-term,coastal disturbance,0
Palau,ssp585,current,coastal disturbance,0
Palau,ssp585,medium-term,coastal disturbance,0
Palau,ssp245,current,fisheries biomass loss,0
Palau,ssp245,medium-term,fisheries biomass loss,0.06524579077623902
Palau,ssp585,current,fisheries biomass loss,0
Palau,ssp585,medium-term,fisheries biomass loss,0.0918455987212315
Palau,ssp245,current,light pollution,0
Palau,ssp245,medium-term,light pollution,0
Palau,ssp585,current,light pollution,0
Palau,ssp585,medium-term,light pollution,0
Palau,ssp245,current,nutrient pollution,0
Palau,ssp245,medium-term,nutrient pollution,0
Palau,ssp585,current,nutrient pollution,0
Palau,ssp585,medium-term,nutrient pollution,0
Palau,ssp245,current,ocean warming,0.08318101259840446
Palau,ssp245,medium-term,ocean warming,0.30281823957688797
Palau,ssp585,current,ocean warming,0.09754387175997452
Palau,ssp585,medium-term,ocean warming,0.3954857341394675
Palau,ssp245,current,primary productivity,0.018918497089152105
Palau,ssp245,medium-term,primary productivity,0.08265062995505627
Palau,ssp585,current,primary productivity,0.02011883579901204
Palau,ssp585,medium-term,primary productivity,0.08394586038135225
Palau,ssp245,current,reduced oxygen,0.002580816538312244
Palau,ssp245,medium-term,reduced oxygen,0.005700867360067779
Palau,ssp585,current,reduced oxygen,0.002580816538312244
Palau,ssp585,medium-term,reduced oxygen,0.00543510272174241
Palau,ssp245,current,sea level rise,1.2361195195866302e-5
Palau,ssp245,medium-term,sea level rise,0.014849781386611211
Palau,ssp585,current,sea level rise,0.002596212192347206
Palau,ssp585,medium-term,sea level rise,0.025483378254377503
Micronesia,ssp245,current,acidification,0
Micronesia,ssp245,medium-term,acidification,0
Micronesia,ssp585,current,acidification,0
Micronesia,ssp585,medium-term,acidification,0
Micronesia,ssp245,current,air heat index,0
Micronesia,ssp245,medium-term,air heat index,6.998674334038632e-4
Micronesia,ssp585,current,air heat index,0
Micronesia,ssp585,medium-term,air heat index,0.030627474109430543
Micronesia,ssp245,current,coastal disturbance,0.03114876251283196
Micronesia,ssp245,medium-term,coastal disturbance,0.033531399565264214
Micronesia,ssp585,current,coastal disturbance,0.030668433426231472
Micronesia,ssp585,medium-term,coastal disturbance,0.02794423512025585
Micronesia,ssp245,current,fisheries biomass loss,0.07256952890606448
Micronesia,ssp245,medium-term,fisheries biomass loss,0.3263594246685659
Micronesia,ssp585,current,fisheries biomass loss,0.07253503946003088
Micronesia,ssp585,medium-term,fisheries biomass loss,0.3279256366906632
Micronesia,ssp245,current,light pollution,0
Micronesia,ssp245,medium-term,light pollution,0
Micronesia,ssp585,current,light pollution,0
Micronesia,ssp585,medium-term,light pollution,0
Micronesia,ssp245,current,nutrient pollution,0
Micronesia,ssp245,medium-term,nutrient pollution,0
Micronesia,ssp585,current,nutrient pollution,0
Micronesia,ssp585,medium-term,nutrient pollution,0
Micronesia,ssp245,current,ocean warming,0.06991632977097294
Micronesia,ssp245,medium-term,ocean warming,0.34889392042532563
Micronesia,ssp585,current,ocean warming,0.069905925551009
Micronesia,ssp585,medium-term,ocean warming,0.4263814131959637
Micronesia,ssp245,current,primary productivity,0.027457843636165023
Micronesia,ssp245,medium-term,primary productivity,0.10083262169004541
Micronesia,ssp585,current,primary productivity,0.02704600625831444
Micronesia,ssp585,medium-term,primary productivity,0.1157996188073568
Micronesia,ssp245,current,reduced oxygen,0.020375316418250897
Micronesia,ssp245,medium-term,reduced oxygen,0.02255149963056825
Micronesia,ssp585,current,reduced oxygen,0.020375316418250897
Micronesia,ssp585,medium-term,reduced oxygen,0.02339200233121353
Micronesia,ssp245,current,sea level rise,0.0010409239677705447
Micronesia,ssp245,medium-term,sea level rise,0.014629217983879656
Micronesia,ssp585,current,sea level rise,0.0036200275261937275
Micronesia,ssp585,medium-term,sea level rise,0.022741824298546733
Nauru,ssp245,current,acidification,0
Nauru,ssp245,medium-term,acidification,0
Nauru,ssp585,current,acidification,0
Nauru,ssp585,medium-term,acidification,0.0035126335661112124
Nauru,ssp245,current,air heat index,0
Nauru,ssp245,medium-term,air heat index,0.001006448615549338
Nauru,ssp585,current,air heat index,2.10698981896308e-6
Nauru,ssp585,medium-term,air heat index,0.002700389880273076
Nauru,ssp245,current,coastal disturbance,0.0409151859413315
Nauru,ssp245,medium-term,coastal disturbance,0.0409151859413315
Nauru,ssp585,current,coastal disturbance,0.0409151859413315
Nauru,ssp585,medium-term,coastal disturbance,0.0409151859413315
Nauru,ssp245,current,fisheries biomass loss,0.06547249184869644
Nauru,ssp245,medium-term,fisheries biomass loss,0.24649781755740857
Nauru,ssp585,current,fisheries biomass loss,0.06561052459195099
Nauru,ssp585,medium-term,fisheries biomass loss,0.25618313235463575
Nauru,ssp245,current,light pollution,0
Nauru,ssp245,medium-term,light pollution,0
Nauru,ssp585,current,light pollution,0
Nauru,ssp585,medium-term,light pollution,0
Nauru,ssp245,current,nutrient pollution,0
Nauru,ssp245,medium-term,nutrient pollution,0
Nauru,ssp585,current,nutrient pollution,0
Nauru,ssp585,medium-term,nutrient pollution,0
Nauru,ssp245,current,ocean warming,0.09787197746401136
Nauru,ssp245,medium-term,ocean warming,0.2411166960211833
Nauru,ssp585,current,ocean warming,0.09496045084557005
Nauru,ssp585,medium-term,ocean warming,0.3004586417357334
Nauru,ssp245,current,primary productivity,0.025709912922644032
Nauru,ssp245,medium-term,primary productivity,0.14286043028955142
Nauru,ssp585,current,primary productivity,0.026266819398895476
Nauru,ssp585,medium-term,primary productivity,0.1853040543921654
Nauru,ssp245,current,reduced oxygen,0.0031574438312658762
Nauru,ssp245,medium-term,reduced oxygen,0.0041442491138796965
Nauru,ssp585,current,reduced oxygen,0.0031574438312658762
Nauru,ssp585,medium-term,reduced oxygen,0.0046104943800552665
Nauru,ssp245,current,sea level rise,1.3047827006731596e-4
Nauru,ssp245,medium-term,sea level rise,0.005118676513019531
Nauru,ssp585,current,sea level rise,0.0012663004842276332
Nauru,ssp585,medium-term,sea level rise,0.007068443344905969
Marshall Islands,ssp245,current,acidification,0
Marshall Islands,ssp245,medium-term,acidification,0
Marshall Islands,ssp585,current,acidification,0
Marshall Islands,ssp585,medium-term,acidification,1.1199174578067167e-4
Marshall Islands,ssp245,current,air heat index,0
Marshall Islands,ssp245,medium-term,air heat index,4.8022142923637254e-4
Marshall Islands,ssp585,current,air heat index,0
Marshall Islands,ssp585,medium-term,air heat index,0.003598412118042615
Marshall Islands,ssp245,current,coastal disturbance,0.0013640498779402082
Marshall Islands,ssp245,medium-term,coastal disturbance,0.0013640498779402082
Marshall Islands,ssp585,current,coastal disturbance,0.0013640498779402082
Marshall Islands,ssp585,medium-term,coastal disturbance,0.0013640498779402082
Marshall Islands,ssp245,current,fisheries biomass loss,0.044051734716186085
Marshall Islands,ssp245,medium-term,fisheries biomass loss,0.31876774166545474
Marshall Islands,ssp585,current,fisheries biomass loss,0.04438844745140674
Marshall Islands,ssp585,medium-term,fisheries biomass loss,0.31843170579870245
Marshall Islands,ssp245,current,light pollution,0
Marshall Islands,ssp245,medium-term,light pollution,0
Marshall Islands,ssp585,current,light pollution,0
Marshall Islands,ssp585,medium-term,light pollution,0
Marshall Islands,ssp245,current,nutrient pollution,0
Marshall Islands,ssp245,medium-term,nutrient pollution,0
Marshall Islands,ssp585,current,nutrient pollution,0
Marshall Islands,ssp585,medium-term,nutrient pollution,0
Marshall Islands,ssp245,current,ocean warming,0.04226963136624878
Marshall Islands,ssp245,medium-term,ocean warming,0.3407102739365234
Marshall Islands,ssp585,current,ocean warming,0.06985185690932062
Marshall Islands,ssp585,medium-term,ocean warming,0.440810707956073
Marshall Islands,ssp245,current,primary productivity,0.022523785136987457
Marshall Islands,ssp245,medium-term,primary productivity,0.08479417586015629
Marshall Islands,ssp585,current,primary productivity,0.02099505979168561
Marshall Islands,ssp585,medium-term,primary productivity,0.10032541327358548
Marshall Islands,ssp245,current,reduced oxygen,0.04696423512652111
Marshall Islands,ssp245,medium-term,reduced oxygen,0.04792814916691794
Marshall Islands,ssp585,current,reduced oxygen,0.04696423512652111
Marshall Islands,ssp585,medium-term,reduced oxygen,0.05116134836414022
Marshall Islands,ssp245,current,sea level rise,0.0015591794257018281
Marshall Islands,ssp245,medium-term,sea level rise,0.01234521642412265
Marshall Islands,ssp585,current,sea level rise,0.0042180233356734495
Marshall Islands,ssp585,medium-term,sea level rise,0.017881150286936744
Wake Island,ssp245,current,acidification,0
Wake Island,ssp245,medium-term,acidification,0
Wake Island,ssp585,current,acidification,0
Wake Island,ssp585,medium-term,acidification,0
Wake Island,ssp245,current,air heat index,0
Wake Island,ssp245,medium-term,air heat index,2.8521527484473184e-4
Wake Island,ssp585,current,air heat index,0
Wake Island,ssp585,medium-term,air heat index,0.00141897362967332
Wake Island,ssp245,current,coastal disturbance,0
Wake Island,ssp245,medium-term,coastal disturbance,0
Wake Island,ssp585,current,coastal disturbance,0
Wake Island,ssp585,medium-term,coastal disturbance,0
Wake Island,ssp245,current,fisheries biomass loss,0.04905667951000699
Wake Island,ssp245,medium-term,fisheries biomass loss,0.07417922804921141
Wake Island,ssp585,current,fisheries biomass loss,0.047743829285738885
Wake Island,ssp585,medium-term,fisheries biomass loss,0.07208353259354933
Wake Island,ssp245,current,light pollution,0
Wake Island,ssp245,medium-term,light pollution,0
Wake Island,ssp585,current,light pollution,0
Wake Island,ssp585,medium-term,light pollution,0
Wake Island,ssp245,current,nutrient pollution,0
Wake Island,ssp245,medium-term,nutrient pollution,0
Wake Island,ssp585,current,nutrient pollution,0
Wake Island,ssp585,medium-term,nutrient pollution,0
Wake Island,ssp245,current,ocean warming,0.12142414156632084
Wake Island,ssp245,medium-term,ocean warming,0.3415709908197944
Wake Island,ssp585,current,ocean warming,0.11998871178042868
Wake Island,ssp585,medium-term,ocean warming,0.437876899510027
Wake Island,ssp245,current,primary productivity,0.002412781006367164
Wake Island,ssp245,medium-term,primary productivity,0.013648581216229002
Wake Island,ssp585,current,primary productivity,0.001637954266685583
Wake Island,ssp585,medium-term,primary productivity,0.0031066102416414426
Wake Island,ssp245,current,reduced oxygen,0.006475302832984597
Wake Island,ssp245,medium-term,reduced oxygen,0.013528632914535085
Wake Island,ssp585,current,reduced oxygen,0.006475302832984597
Wake Island,ssp585,medium-term,reduced oxygen,0.012135560145098779
Wake Island,ssp245,current,sea level rise,6.119748124749296e-5
Wake Island,ssp245,medium-term,sea level rise,2.3570425886039828e-4
Wake Island,ssp585,current,sea level rise,1.0017404727275587e-4
Wake Island,ssp585,medium-term,sea level rise,3.639301091122126e-4
Northern Mariana Islands and Guam,ssp245,current,acidification,0
Northern Mariana Islands and Guam,ssp245,medium-term,acidification,0
Northern Mariana Islands and Guam,ssp585,current,acidification,0
Northern Mariana Islands and Guam,ssp585,medium-term,acidification,0
Northern Mariana Islands and Guam,ssp245,current,air heat index,3.5441530963971237e-7
Northern Mariana Islands and Guam,ssp245,medium-term,air heat index,0.0017294045077029237
Northern Mariana Islands and Guam,ssp585,current,air heat index,4.6770111126573085e-7
Northern Mariana Islands and Guam,ssp585,medium-term,air heat index,0.01756791920241785
Northern Mariana Islands and Guam,ssp245,current,coastal disturbance,0.024131876851765304
Northern Mariana Islands and Guam,ssp245,medium-term,coastal disturbance,0.024979698079394364
Northern Mariana Islands and Guam,ssp585,current,coastal disturbance,0.02409279535192256
Northern Mariana Islands and Guam,ssp585,medium-term,coastal disturbance,0.024634197996339337
Northern Mariana Islands and Guam,ssp245,current,fisheries biomass loss,0.07583588899655161
Northern Mariana Islands and Guam,ssp245,medium-term,fisheries biomass loss,0.3105481368894838
Northern Mariana Islands and Guam,ssp585,current,fisheries biomass loss,0.0756823295025612
Northern Mariana Islands and Guam,ssp585,medium-term,fisheries biomass loss,0.3126089799650235
Northern Mariana Islands and Guam,ssp245,current,light pollution,0.001629444756741227
Northern Mariana Islands and Guam,ssp245,medium-term,light pollution,0.0010498102618192904
Northern Mariana Islands and Guam,ssp585,current,light pollution,0.0016640937519209948
Northern Mariana Islands and Guam,ssp585,medium-term,light pollution,0.0010645141990870586
Northern Mariana Islands and Guam,ssp245,current,nutrient pollution,0
Northern Mariana Islands and Guam,ssp245,medium-term,nutrient pollution,0
Northern Mariana Islands and Guam,ssp585,current,nutrient pollution,0
Northern Mariana Islands and Guam,ssp585,medium-term,nutrient pollution,0
Northern Mariana Islands and Guam,ssp245,current,ocean warming,0.04681758936090229
Northern Mariana Islands and Guam,ssp245,medium-term,ocean warming,0.3241521855090595
Northern Mariana Islands and Guam,ssp585,current,ocean warming,0.08103414083651682
Northern Mariana Islands and Guam,ssp585,medium-term,ocean warming,0.39401409414088395
Northern Mariana Islands and Guam,ssp245,current,primary productivity,8.949306211881143e-5
Northern Mariana Islands and Guam,ssp245,medium-term,primary productivity,0.007706545921159412
Northern Mariana Islands and Guam,ssp585,current,primary productivity,7.217901815315647e-5
Northern Mariana Islands and Guam,ssp585,medium-term,primary productivity,1.7298592328498952e-4
Northern Mariana Islands and Guam,ssp245,current,reduced oxygen,0.012981800455199198
Northern Mariana Islands and Guam,ssp245,medium-term,reduced oxygen,0.015522658113394254
Northern Mariana Islands and Guam,ssp585,current,reduced oxygen,0.012981800455199198
Northern Mariana Islands and Guam,ssp585,medium-term,reduced oxygen,0.01647797651523608
Northern Mariana Islands and Guam,ssp245,current,sea level rise,3.5252064001476476e-5
Northern Mariana Islands and Guam,ssp245,medium-term,sea level rise,0.009424388220030715
Northern Mariana Islands and Guam,ssp585,current,sea level rise,0.0011721219255664897
Northern Mariana Islands and Guam,ssp585,medium-term,sea level rise,0.014761135568854743
Line Group,ssp245,current,acidification,0
Line Group,ssp245,medium-term,acidification,0.0011489954118129267
Line Group,ssp585,current,acidification,0
Line Group,ssp585,medium-term,acidification,0.011331675245701788
Line Group,ssp245,current,air heat index,0
Line Group,ssp245,medium-term,air heat index,2.4017606572985728e-4
Line Group,ssp585,current,air heat index,0
Line Group,ssp585,medium-term,air heat index,0.0016766053153979322
Line Group,ssp245,current,coastal disturbance,0
Line Group,ssp245,medium-term,coastal disturbance,0
Line Group,ssp585,current,coastal disturbance,0
Line Group,ssp585,medium-term,coastal disturbance,0
Line Group,ssp245,current,fisheries biomass loss,0.060452124637634344
Line Group,ssp245,medium-term,fisheries biomass loss,0.31405659929742413
Line Group,ssp585,current,fisheries biomass loss,0.06044901582852106
Line Group,ssp585,medium-term,fisheries biomass loss,0.3135769976606527
Line Group,ssp245,current,light pollution,0
Line Group,ssp245,medium-term,light pollution,0
Line Group,ssp585,current,light pollution,0
Line Group,ssp585,medium-term,light pollution,0
Line Group,ssp245,current,nutrient pollution,0
Line Group,ssp245,medium-term,nutrient pollution,0
Line Group,ssp585,current,nutrient pollution,0
Line Group,ssp585,medium-term,nutrient pollution,0
Line Group,ssp245,current,ocean warming,0.08099599578503526
Line Group,ssp245,medium-term,ocean warming,0.22110325637180167
Line Group,ssp585,current,ocean warming,0.094090171536874
Line Group,ssp585,medium-term,ocean warming,0.26919300721699474
Line Group,ssp245,current,primary productivity,0.015418071775750207
Line Group,ssp245,medium-term,primary productivity,0.07031236270339952
Line Group,ssp585,current,primary productivity,0.016001595579371135
Line Group,ssp585,medium-term,primary productivity,0.09262297236250748
Line Group,ssp245,current,reduced oxygen,0.030158269525959337
Line Group,ssp245,medium-term,reduced oxygen,0.031150021198559558
Line Group,ssp585,current,reduced oxygen,0.030158269525959337
Line Group,ssp585,medium-term,reduced oxygen,0.03331476493393487
Line Group,ssp245,current,sea level rise,0
Line Group,ssp245,medium-term,sea level rise,0.011087815141139844
Line Group,ssp585,current,sea level rise,0.0014381362813937885
Line Group,ssp585,medium-term,sea level rise,0.016779141999446318
Jarvis Island,ssp245,current,acidification,0
Jarvis Island,ssp245,medium-term,acidification,0.016271983670726006
Jarvis Island,ssp585,current,acidification,0
Jarvis Island,ssp585,medium-term,acidification,0.04375719511719783
Jarvis Island,ssp245,current,air heat index,0
Jarvis Island,ssp245,medium-term,air heat index,9.446574323293235e-5
Jarvis Island,ssp585,current,air heat index,0
Jarvis Island,ssp585,medium-term,air heat index,5.437811422679156e-4
Jarvis Island,ssp245,current,coastal disturbance,0.0686223627676049
Jarvis Island,ssp245,medium-term,coastal disturbance,0.06908564092332704
Jarvis Island,ssp585,current,coastal disturbance,0.06822941438036247
Jarvis Island,ssp585,medium-term,coastal disturbance,0.0662931115010805
Jarvis Island,ssp245,current,fisheries biomass loss,0.04861810231603966
Jarvis Island,ssp245,medium-term,fisheries biomass loss,0.07487702276395997
Jarvis Island,ssp585,current,fisheries biomass loss,0.048888523886691675
Jarvis Island,ssp585,medium-term,fisheries biomass loss,0.07324837959216286
Jarvis Island,ssp245,current,light pollution,0
Jarvis Island,ssp245,medium-term,light pollution,0
Jarvis Island,ssp585,current,light pollution,0
Jarvis Island,ssp585,medium-term,light pollution,0
Jarvis Island,ssp245,current,nutrient pollution,0
Jarvis Island,ssp245,medium-term,nutrient pollution,0
Jarvis Island,ssp585,current,nutrient pollution,0
Jarvis Island,ssp585,medium-term,nutrient pollution,0
Jarvis Island,ssp245,current,ocean warming,0.07747469186708461
Jarvis Island,ssp245,medium-term,ocean warming,0.19438823619081327
Jarvis Island,ssp585,current,ocean warming,0.08840658843797022
Jarvis Island,ssp585,medium-term,ocean warming,0.21618034032225195
Jarvis Island,ssp245,current,primary productivity,0.014061767777194388
Jarvis Island,ssp245,medium-term,primary productivity,0.05135791549906167
Jarvis Island,ssp585,current,primary productivity,0.014337162321175533
Jarvis Island,ssp585,medium-term,primary productivity,0.09019967951503026
Jarvis Island,ssp245,current,reduced oxygen,0.009681004917688875
Jarvis Island,ssp245,medium-term,reduced oxygen,0.01279928113673476
Jarvis Island,ssp585,current,reduced oxygen,0.009681004917688875
Jarvis Island,ssp585,medium-term,reduced oxygen,0.01203776014156372
Jarvis Island,ssp245,current,sea level rise,0
Jarvis Island,ssp245,medium-term,sea level rise,6.405896597748808e-4
Jarvis Island,ssp585,current,sea level rise,9.933686184619243e-5
Jarvis Island,ssp585,medium-term,sea level rise,9.61668259050282e-4
Palmyra Atoll,ssp245,current,acidification,0
Palmyra Atoll,ssp245,medium-term,acidification,0
Palmyra Atoll,ssp585,current,acidification,0
Palmyra Atoll,ssp585,medium-term,acidification,0
Palmyra Atoll,ssp245,current,air heat index,0
Palmyra Atoll,ssp245,medium-term,air heat index,4.6888829779668915e-5
Palmyra Atoll,ssp585,current,air heat index,0
Palmyra Atoll,ssp585,medium-term,air heat index,0.0010560163726849067
Palmyra Atoll,ssp245,current,coastal disturbance,0
Palmyra Atoll,ssp245,medium-term,coastal disturbance,0
Palmyra Atoll,ssp585,current,coastal disturbance,0
Palmyra Atoll,ssp585,medium-term,coastal disturbance,0
Palmyra Atoll,ssp245,current,fisheries biomass loss,0.030700320828853156
Palmyra Atoll,ssp245,medium-term,fisheries biomass loss,0.06091629071993844
Palmyra Atoll,ssp585,current,fisheries biomass loss,0.030769740118860984
Palmyra Atoll,ssp585,medium-term,fisheries biomass loss,0.060882454472448444
Palmyra Atoll,ssp245,current,light pollution,0
Palmyra Atoll,ssp245,medium-term,light pollution,0
Palmyra Atoll,ssp585,current,light pollution,0
Palmyra Atoll,ssp585,medium-term,light pollution,0
Palmyra Atoll,ssp245,current,nutrient pollution,0
Palmyra Atoll,ssp245,medium-term,nutrient pollution,0
Palmyra Atoll,ssp585,current,nutrient pollution,0
Palmyra Atoll,ssp585,medium-term,nutrient pollution,0
Palmyra Atoll,ssp245,current,ocean warming,0.08981791438539706
Palmyra Atoll,ssp245,medium-term,ocean warming,0.2421460591463579
Palmyra Atoll,ssp585,current,ocean warming,0.08023055053248147
Palmyra Atoll,ssp585,medium-term,ocean warming,0.2964308766386239
Palmyra Atoll,ssp245,current,primary productivity,0.03375195022514769
Palmyra Atoll,ssp245,medium-term,primary productivity,0.11354386487396874
Palmyra Atoll,ssp585,current,primary productivity,0.03650776823714194
Palmyra Atoll,ssp585,medium-term,primary productivity,0.12985163301345892
Palmyra Atoll,ssp245,current,reduced oxygen,0.020357408759906593
Palmyra Atoll,ssp245,medium-term,reduced oxygen,0.021369275666782213
Palmyra Atoll,ssp585,current,reduced oxygen,0.020357408759906593
Palmyra Atoll,ssp585,medium-term,reduced oxygen,0.022394125009264423
Palmyra Atoll,ssp245,current,sea level rise,0
Palmyra Atoll,ssp245,medium-term,sea level rise,0.009368601138703523
Palmyra Atoll,ssp585,current,sea level rise,0.0018677031686012092
Palmyra Atoll,ssp585,medium-term,sea level rise,0.014988839652182328
Phoenix Group,ssp245,current,acidification,0
Phoenix Group,ssp245,medium-term,acidification,0
Phoenix Group,ssp585,current,acidification,0
Phoenix Group,ssp585,medium-term,acidification,0
Phoenix Group,ssp245,current,air heat index,0
Phoenix Group,ssp245,medium-term,air heat index,0.0010846076082319967
Phoenix Group,ssp585,current,air heat index,0
Phoenix Group,ssp585,medium-term,air heat index,0.0035198265649673956
Phoenix Group,ssp245,current,coastal disturbance,0
Phoenix Group,ssp245,medium-term,coastal disturbance,0
Phoenix Group,ssp585,current,coastal disturbance,0
Phoenix Group,ssp585,medium-term,coastal disturbance,0
Phoenix Group,ssp245,current,fisheries biomass loss,0.0460723889321791
Phoenix Group,ssp245,medium-term,fisheries biomass loss,0.28438011138045804
Phoenix Group,ssp585,current,fisheries biomass loss,0.04598701022411068
Phoenix Group,ssp585,medium-term,fisheries biomass loss,0.28594144002538147
Phoenix Group,ssp245,current,light pollution,0
Phoenix Group,ssp245,medium-term,light pollution,0
Phoenix Group,ssp585,current,light pollution,0
Phoenix Group,ssp585,medium-term,light pollution,0
Phoenix Group,ssp245,current,nutrient pollution,0
Phoenix Group,ssp245,medium-term,nutrient pollution,0
Phoenix Group,ssp585,current,nutrient pollution,0
Phoenix Group,ssp585,medium-term,nutrient pollution,0
Phoenix Group,ssp245,current,ocean warming,0.11954114719715324
Phoenix Group,ssp245,medium-term,ocean warming,0.2525068881939025
Phoenix Group,ssp585,current,ocean warming,0.11522640447369739
Phoenix Group,ssp585,medium-term,ocean warming,0.33030928333709386
Phoenix Group,ssp245,current,primary productivity,0.013736618701884817
Phoenix Group,ssp245,medium-term,primary productivity,0.10721734166052932
Phoenix Group,ssp585,current,primary productivity,0.01236306976476506
Phoenix Group,ssp585,medium-term,primary productivity,0.1409635344628311
Phoenix Group,ssp245,current,reduced oxygen,0.004913235908928087
Phoenix Group,ssp245,medium-term,reduced oxygen,0.008120428931891053
Phoenix Group,ssp585,current,reduced oxygen,0.004913235908928087
Phoenix Group,ssp585,medium-term,reduced oxygen,0.00793063829964272
Phoenix Group,ssp245,current,sea level rise,0
Phoenix Group,ssp245,medium-term,sea level rise,0.004257469006078613
Phoenix Group,ssp585,current,sea level rise,6.38208401806113e-6
Phoenix Group,ssp585,medium-term,sea level rise,0.0065977927740840684
Johnston Atoll,ssp245,current,acidification,0
Johnston Atoll,ssp245,medium-term,acidification,0
Johnston Atoll,ssp585,current,acidification,0
Johnston Atoll,ssp585,medium-term,acidification,0.012397181001839877
Johnston Atoll,ssp245,current,air heat index,0
Johnston Atoll,ssp245,medium-term,air heat index,0
Johnston Atoll,ssp585,current,air heat index,0
Johnston Atoll,ssp585,medium-term,air heat index,4.133188470708168e-5
Johnston Atoll,ssp245,current,coastal disturbance,0
Johnston Atoll,ssp245,medium-term,coastal disturbance,0
Johnston Atoll,ssp585,current,coastal disturbance,0
Johnston Atoll,ssp585,medium-term,coastal disturbance,0
Johnston Atoll,ssp245,current,fisheries biomass loss,9.178582397548011e-4
Johnston Atoll,ssp245,medium-term,fisheries biomass loss,0.02902479525406913
Johnston Atoll,ssp585,current,fisheries biomass loss,2.1543353115542111e-4
Johnston Atoll,ssp585,medium-term,fisheries biomass loss,0.03323460561811468
Johnston Atoll,ssp245,current,light pollution,0
Johnston Atoll,ssp245,medium-term,light pollution,0
Johnston Atoll,ssp585,current,light pollution,0
Johnston Atoll,ssp585,medium-term,light pollution,0
Johnston Atoll,ssp245,current,nutrient pollution,0
Johnston Atoll,ssp245,medium-term,nutrient pollution,0
Johnston Atoll,ssp585,current,nutrient pollution,0
Johnston Atoll,ssp585,medium-term,nutrient pollution,0
Johnston Atoll,ssp245,current,ocean warming,0.10706042127731052
Johnston Atoll,ssp245,medium-term,ocean warming,0.3938768420557608
Johnston Atoll,ssp585,current,ocean warming,0.10568584940028813
Johnston Atoll,ssp585,medium-term,ocean warming,0.46600982296998456
Johnston Atoll,ssp245,current,primary productivity,0.005573863883000738
Johnston Atoll,ssp245,medium-term,primary productivity,0.06687713625797187
Johnston Atoll,ssp585,current,primary productivity,0.004427496602374957
Johnston Atoll,ssp585,medium-term,primary productivity,0.06100309435472203
Johnston Atoll,ssp245,current,reduced oxygen,0.04402587646472966
Johnston Atoll,ssp245,medium-term,reduced oxygen,0.04796795300179232
Johnston Atoll,ssp585,current,reduced oxygen,0.04402587646472966
Johnston Atoll,ssp585,medium-term,reduced oxygen,0.048224749518529585
Johnston Atoll,ssp245,current,sea level rise,0
Johnston Atoll,ssp245,medium-term,sea level rise,0.006900572210724929
Johnston Atoll,ssp585,current,sea level rise,0.0010865708136407178
Johnston Atoll,ssp585,medium-term,sea level rise,0.01182542614211949
Kiribati,ssp245,current,acidification,0
Kiribati,ssp245,medium-term,acidification,0
Kiribati,ssp585,current,acidification,0
Kiribati,ssp585,medium-term,acidification,3.0890293552537955e-4
Kiribati,ssp245,current,air heat index,0
Kiribati,ssp245,medium-term,air heat index,0.002188784590213221
Kiribati,ssp585,current,air heat index,9.478474969605749e-7
Kiribati,ssp585,medium-term,air heat index,0.010059515515069116
Kiribati,ssp245,current,coastal disturbance,0
Kiribati,ssp245,medium-term,coastal disturbance,0
Kiribati,ssp585,current,coastal disturbance,0
Kiribati,ssp585,medium-term,coastal disturbance,0
Kiribati,ssp245,current,fisheries biomass loss,0.03633476585270751
Kiribati,ssp245,medium-term,fisheries biomass loss,0.34347627853612944
Kiribati,ssp585,current,fisheries biomass loss,0.03596290233476305
Kiribati,ssp585,medium-term,fisheries biomass loss,0.3451097954402188
Kiribati,ssp245,current,light pollution,0
Kiribati,ssp245,medium-term,light pollution,0
Kiribati,ssp585,current,light pollution,0
Kiribati,ssp585,medium-term,light pollution,0
Kiribati,ssp245,current,nutrient pollution,0
Kiribati,ssp245,medium-term,nutrient pollution,0
Kiribati,ssp585,current,nutrient pollution,0
Kiribati,ssp585,medium-term,nutrient pollution,0
Kiribati,ssp245,current,ocean warming,0.06508332973948396
Kiribati,ssp245,medium-term,ocean warming,0.20017451738881806
Kiribati,ssp585,current,ocean warming,0.0585049138407428
Kiribati,ssp585,medium-term,ocean warming,0.23995904584528546
Kiribati,ssp245,current,primary productivity,0.021648849142059792
Kiribati,ssp245,medium-term,primary productivity,0.1221706590100469
Kiribati,ssp585,current,primary productivity,0.021618803458623496
Kiribati,ssp585,medium-term,primary productivity,0.15724578423575344
Kiribati,ssp245,current,reduced oxygen,0.0043006911420583535
Kiribati,ssp245,medium-term,reduced oxygen,0.005334578766899329
Kiribati,ssp585,current,reduced oxygen,0.0043006911420583535
Kiribati,ssp585,medium-term,reduced oxygen,0.00623043178229768
Kiribati,ssp245,current,sea level rise,4.13685230768476e-4
Kiribati,ssp245,medium-term,sea level rise,0.012526306455636451
Kiribati,ssp585,current,sea level rise,0.0032217694071341838
Kiribati,ssp585,medium-term,sea level rise,0.017264145519897103
Republique du Congo,ssp245,current,acidification,0.0015440698132827716
Republique du Congo,ssp245,medium-term,acidification,0.032585373030045495
Republique du Congo,ssp585,current,acidification,0.0016962429605121342
Republique du Congo,ssp585,medium-term,acidification,0.046637181874546005
Republique du Congo,ssp245,current,air heat index,9.512513101558292e-7
Republique du Congo,ssp245,medium-term,air heat index,0.0010992655257131294
Republique du Congo,ssp585,current,air heat index,0
Republique du Congo,ssp585,medium-term,air heat index,0.003930882843167976
Republique du Congo,ssp245,current,coastal disturbance,0.1099705784892945
Republique du Congo,ssp245,medium-term,coastal disturbance,0.12189062572420077
Republique du Congo,ssp585,current,coastal disturbance,0.10882948433065268
Republique du Congo,ssp585,medium-term,coastal disturbance,0.11294695212056341
Republique du Congo,ssp245,current,fisheries biomass loss,0.2826861755362019
Republique du Congo,ssp245,medium-term,fisheries biomass loss,0.3802906608826286
Republique du Congo,ssp585,current,fisheries biomass loss,0.2824316258626167
Republique du Congo,ssp585,medium-term,fisheries biomass loss,0.38018960825730724
Republique du Congo,ssp245,current,light pollution,0.007688460377827395
Republique du Congo,ssp245,medium-term,light pollution,0.013197915516198115
Republique du Congo,ssp585,current,light pollution,0.007586958967717798
Republique du Congo,ssp585,medium-term,light pollution,0.012930182587466376
Republique du Congo,ssp245,current,nutrient pollution,0.019331177019907057
Republique du Congo,ssp245,medium-term,nutrient pollution,0.03283396380047264
Republique du Congo,ssp585,current,nutrient pollution,0.019420160115029915
Republique du Congo,ssp585,medium-term,nutrient pollution,0.03186297537980292
Republique du Congo,ssp245,current,ocean warming,0.0512275956353612
Republique du Congo,ssp245,medium-term,ocean warming,0.147725010382199
Republique du Congo,ssp585,current,ocean warming,0.02866648753800161
Republique du Congo,ssp585,medium-term,ocean warming,0.24405881089258527
Republique du Congo,ssp245,current,primary productivity,0.009327010083219393
Republique du Congo,ssp245,medium-term,primary productivity,0.0323979102007755
Republique du Congo,ssp585,current,primary productivity,0.009634361887291625
Republique du Congo,ssp585,medium-term,primary productivity,0.051977787295939826
Republique du Congo,ssp245,current,reduced oxygen,0.13818618326854645
Republique du Congo,ssp245,medium-term,reduced oxygen,0.13774408007043348
Republique du Congo,ssp585,current,reduced oxygen,0.13818618326854645
Republique du Congo,ssp585,medium-term,reduced oxygen,0.1370417783818782
Republique du Congo,ssp245,current,sea level rise,0.018685072200199545
Republique du Congo,ssp245,medium-term,sea level rise,0.05697873081243055
Republique du Congo,ssp585,current,sea level rise,0.03168961598110104
Republique du Congo,ssp585,medium-term,sea level rise,0.09434131199905518
Sao Tome and Principe,ssp245,current,acidification,0
Sao Tome and Principe,ssp245,medium-term,acidification,2.5252731103671294e-4
Sao Tome and Principe,ssp585,current,acidification,0
Sao Tome and Principe,ssp585,medium-term,acidification,0.02059768798535852
Sao Tome and Principe,ssp245,current,air heat index,0
Sao Tome and Principe,ssp245,medium-term,air heat index,3.2569980215123854e-4
Sao Tome and Principe,ssp585,current,air heat index,0
Sao Tome and Principe,ssp585,medium-term,air heat index,0.002005800184970549
Sao Tome and Principe,ssp245,current,coastal disturbance,0.048883875970609045
Sao Tome and Principe,ssp245,medium-term,coastal disturbance,0.05670839243544766
Sao Tome and Principe,ssp585,current,coastal disturbance,0.04852274528120351
Sao Tome and Principe,ssp585,medium-term,coastal disturbance,0.05341300387186089
Sao Tome and Principe,ssp245,current,fisheries biomass loss,0.18491305245859418
Sao Tome and Principe,ssp245,medium-term,fisheries biomass loss,0.3645974674911014
Sao Tome and Principe,ssp585,current,fisheries biomass loss,0.1852637740330128
Sao Tome and Principe,ssp585,medium-term,fisheries biomass loss,0.3644745963064014
Sao Tome and Principe,ssp245,current,light pollution,1.943571866528745e-4
Sao Tome and Principe,ssp245,medium-term,light pollution,0.0023970807583450714
Sao Tome and Principe,ssp585,current,light pollution,1.3285913694373964e-4
Sao Tome and Principe,ssp585,medium-term,light pollution,0.002537535827253089
Sao Tome and Principe,ssp245,current,nutrient pollution,4.4047019490390485e-4
Sao Tome and Principe,ssp245,medium-term,nutrient pollution,9.78645698167318e-4
Sao Tome and Principe,ssp585,current,nutrient pollution,4.404702015735326e-4
Sao Tome and Principe,ssp585,medium-term,nutrient pollution,9.8779276451612e-4
Sao Tome and Principe,ssp245,current,ocean warming,0.06496178715692454
Sao Tome and Principe,ssp245,medium-term,ocean warming,0.30017988653734967
Sao Tome and Principe,ssp585,current,ocean warming,0.06845113412236968
Sao Tome and Principe,ssp585,medium-term,ocean warming,0.36884935282405756
Sao Tome and Principe,ssp245,current,primary productivity,0.006068523196198063
Sao Tome and Principe,ssp245,medium-term,primary productivity,0.03213821315242698
Sao Tome and Principe,ssp585,current,primary productivity,0.006742415525894574
Sao Tome and Principe,ssp585,medium-term,primary productivity,0.041560899530547125
Sao Tome and Principe,ssp245,current,reduced oxygen,0.058655920322053134
Sao Tome and Principe,ssp245,medium-term,reduced oxygen,0.058466119005279996
Sao Tome and Principe,ssp585,current,reduced oxygen,0.058655920322053134
Sao Tome and Principe,ssp585,medium-term,reduced oxygen,0.05075996687449131
Sao Tome and Principe,ssp245,current,sea level rise,0.009104475274162487
Sao Tome and Principe,ssp245,medium-term,sea level rise,0.024730625318759983
Sao Tome and Principe,ssp585,current,sea level rise,0.013677045117084938
Sao Tome and Principe,ssp585,medium-term,sea level rise,0.03805762526247202
Equatorial Guinea,ssp245,current,acidification,0
Equatorial Guinea,ssp245,medium-term,acidification,0.001723520342177069
Equatorial Guinea,ssp585,current,acidification,0
Equatorial Guinea,ssp585,medium-term,acidification,0.018781649201239377
Equatorial Guinea,ssp245,current,air heat index,0
Equatorial Guinea,ssp245,medium-term,air heat index,6.106621397569536e-4
Equatorial Guinea,ssp585,current,air heat index,0
Equatorial Guinea,ssp585,medium-term,air heat index,0.0024845600767458348
Equatorial Guinea,ssp245,current,coastal disturbance,0.028272183863179656
Equatorial Guinea,ssp245,medium-term,coastal disturbance,0.033569832646716494
Equatorial Guinea,ssp585,current,coastal disturbance,0.028209277367026695
Equatorial Guinea,ssp585,medium-term,coastal disturbance,0.03285418410270118
Equatorial Guinea,ssp245,current,fisheries biomass loss,0.15105561926822758
Equatorial Guinea,ssp245,medium-term,fisheries biomass loss,0.3564180909122344
Equatorial Guinea,ssp585,current,fisheries biomass loss,0.15117839115866433
Equatorial Guinea,ssp585,medium-term,fisheries biomass loss,0.35639237964708886
Equatorial Guinea,ssp245,current,light pollution,0.0013748812385140372
Equatorial Guinea,ssp245,medium-term,light pollution,0.004304600289197664
Equatorial Guinea,ssp585,current,light pollution,0.0013772477647227982
Equatorial Guinea,ssp585,medium-term,light pollution,0.004957120440342576
Equatorial Guinea,ssp245,current,nutrient pollution,0.004162806592257526
Equatorial Guinea,ssp245,medium-term,nutrient pollution,0.009914231788027025
Equatorial Guinea,ssp585,current,nutrient pollution,0.004200166189234055
Equatorial Guinea,ssp585,medium-term,nutrient pollution,0.010839715813401773
Equatorial Guinea,ssp245,current,ocean warming,0.07100007491993708
Equatorial Guinea,ssp245,medium-term,ocean warming,0.3047614657986138
Equatorial Guinea,ssp585,current,ocean warming,0.06779186982531056
Equatorial Guinea,ssp585,medium-term,ocean warming,0.3446563094510441
Equatorial Guinea,ssp245,current,primary productivity,0.006333542365476254
Equatorial Guinea,ssp245,medium-term,primary productivity,0.018581386537423285
Equatorial Guinea,ssp585,current,primary productivity,0.007150881339579192
Equatorial Guinea,ssp585,medium-term,primary productivity,0.026904205475332024
Equatorial Guinea,ssp245,current,reduced oxygen,0.08955639740258468
Equatorial Guinea,ssp245,medium-term,reduced oxygen,0.09211547469189071
Equatorial Guinea,ssp585,current,reduced oxygen,0.08955639740258468
Equatorial Guinea,ssp585,medium-term,reduced oxygen,0.07611605125983968
Equatorial Guinea,ssp245,current,sea level rise,0.011041350259031489
Equatorial Guinea,ssp245,medium-term,sea level rise,0.03637887906898098
Equatorial Guinea,ssp585,current,sea level rise,0.018630735332213825
Equatorial Guinea,ssp585,medium-term,sea level rise,0.057829071872490846
Cameroon,ssp245,current,acidification,0
Cameroon,ssp245,medium-term,acidification,0
Cameroon,ssp585,current,acidification,0
Cameroon,ssp585,medium-term,acidification,0.008296571923704008
Cameroon,ssp245,current,air heat index,4.089228600246264e-5
Cameroon,ssp245,medium-term,air heat index,0.0040620367414514885
Cameroon,ssp585,current,air heat index,3.246564130193436e-5
Cameroon,ssp585,medium-term,air heat index,0.009972892207409835
Cameroon,ssp245,current,coastal disturbance,0.08075803195462422
Cameroon,ssp245,medium-term,coastal disturbance,0.08655570699632352
Cameroon,ssp585,current,coastal disturbance,0.07998157981596447
Cameroon,ssp585,medium-term,coastal disturbance,0.07377653738650172
Cameroon,ssp245,current,fisheries biomass loss,0
Cameroon,ssp245,medium-term,fisheries biomass loss,0
Cameroon,ssp585,current,fisheries biomass loss,0
Cameroon,ssp585,medium-term,fisheries biomass loss,0
Cameroon,ssp245,current,light pollution,0.0013344983313834503
Cameroon,ssp245,medium-term,light pollution,0.006402820333621688
Cameroon,ssp585,current,light pollution,0.0014354335780679764
Cameroon,ssp585,medium-term,light pollution,0.006425787605518774
Cameroon,ssp245,current,nutrient pollution,0.06490819791130226
Cameroon,ssp245,medium-term,nutrient pollution,0.11361654405062759
Cameroon,ssp585,current,nutrient pollution,0.0649415141809541
Cameroon,ssp585,medium-term,nutrient pollution,0.11210637888417672
Cameroon,ssp245,current,ocean warming,0.04395427921895724
Cameroon,ssp245,medium-term,ocean warming,0.19672409153006915
Cameroon,ssp585,current,ocean warming,0.041445530805145195
Cameroon,ssp585,medium-term,ocean warming,0.22005579382181717
Cameroon,ssp245,current,primary productivity,0.0010554781131270792
Cameroon,ssp245,medium-term,primary productivity,0.0015364983437687757
Cameroon,ssp585,current,primary productivity,0.0012851495955595387
Cameroon,ssp585,medium-term,primary productivity,0.003624697296639792
Cameroon,ssp245,current,reduced oxygen,0.020126907465837143
Cameroon,ssp245,medium-term,reduced oxygen,0.02274857668944262
Cameroon,ssp585,current,reduced oxygen,0.020126907465837143
Cameroon,ssp585,medium-term,reduced oxygen,0.011122303806647358
Cameroon,ssp245,current,sea level rise,0.017989780211311607
Cameroon,ssp245,medium-term,sea level rise,0.06302043294780096
Cameroon,ssp585,current,sea level rise,0.0314710818973528
Cameroon,ssp585,medium-term,sea level rise,0.10101809549663779
Gabon,ssp245,current,acidification,3.4820297682265274e-5
Gabon,ssp245,medium-term,acidification,0.014322737272744523
Gabon,ssp585,current,acidification,3.4820297682265274e-5
Gabon,ssp585,medium-term,acidification,0.030089105675729623
Gabon,ssp245,current,air heat index,2.1652179759405193e-6
Gabon,ssp245,medium-term,air heat index,0.0012694244699675812
Gabon,ssp585,current,air heat index,2.201660677714855e-6
Gabon,ssp585,medium-term,air heat index,0.004460389036811082
Gabon,ssp245,current,coastal disturbance,0.023949916468112557
Gabon,ssp245,medium-term,coastal disturbance,0.026588771592675257
Gabon,ssp585,current,coastal disturbance,0.02380979552011199
Gabon,ssp585,medium-term,coastal disturbance,0.02510386887425145
Gabon,ssp245,current,fisheries biomass loss,0.19134245349636347
Gabon,ssp245,medium-term,fisheries biomass loss,0.29206493957241025
Gabon,ssp585,current,fisheries biomass loss,0.19153627521157512
Gabon,ssp585,medium-term,fisheries biomass loss,0.2919910440623039
Gabon,ssp245,current,light pollution,0.001848388015632841
Gabon,ssp245,medium-term,light pollution,0.0022624810421715187
Gabon,ssp585,current,light pollution,0.0019300754432513426
Gabon,ssp585,medium-term,light pollution,0.002387470935124582
Gabon,ssp245,current,nutrient pollution,0.005755232941994542
Gabon,ssp245,medium-term,nutrient pollution,0.008884323369938761
Gabon,ssp585,current,nutrient pollution,0.0057281921429524684
Gabon,ssp585,medium-term,nutrient pollution,0.00947276580642467
Gabon,ssp245,current,ocean warming,0.04208661222182551
Gabon,ssp245,medium-term,ocean warming,0.1665725788808024
Gabon,ssp585,current,ocean warming,0.04066975291999807
Gabon,ssp585,medium-term,ocean warming,0.2331990619597041
Gabon,ssp245,current,primary productivity,0.006291441425129546
Gabon,ssp245,medium-term,primary productivity,0.020839696374321676
Gabon,ssp585,current,primary productivity,0.006789996615174473
Gabon,ssp585,medium-term,primary productivity,0.03134606084422277
Gabon,ssp245,current,reduced oxygen,0.047408715528102295
Gabon,ssp245,medium-term,reduced oxygen,0.04791728492537671
Gabon,ssp585,current,reduced oxygen,0.047408715528102295
Gabon,ssp585,medium-term,reduced oxygen,0.040342256169613844
Gabon,ssp245,current,sea level rise,0.01359555502350237
Gabon,ssp245,medium-term,sea level rise,0.04223916892438289
Gabon,ssp585,current,sea level rise,0.022532222922462125
Gabon,ssp585,medium-term,sea level rise,0.06788630923863076
Democratic Republic of the Congo,ssp245,current,acidification,0
Democratic Republic of the Congo,ssp245,medium-term,acidification,0.010818724877430618
Democratic Republic of the Congo,ssp585,current,acidification,5.043036524562511e-4
Democratic Republic of the Congo,ssp585,medium-term,acidification,0.016481939249691397
Democratic Republic of the Congo,ssp245,current,air heat index,0
Democratic Republic of the Congo,ssp245,medium-term,air heat index,5.703113695037444e-4
Democratic Republic of the Congo,ssp585,current,air heat index,0
Democratic Republic of the Congo,ssp585,medium-term,air heat index,0.0023585399224733314
Democratic Republic of the Congo,ssp245,current,coastal disturbance,0.07072495369033681
Democratic Republic of the Congo,ssp245,medium-term,coastal disturbance,0.08164804115787977
Democratic Republic of the Congo,ssp585,current,coastal disturbance,0.06991598272644398
Democratic Republic of the Congo,ssp585,medium-term,coastal disturbance,0.07366913784709242
Democratic Republic of the Congo,ssp245,current,fisheries biomass loss,0.13412695145881218
Democratic Republic of the Congo,ssp245,medium-term,fisheries biomass loss,0.20176427208611536
Democratic Republic of the Congo,ssp585,current,fisheries biomass loss,0.13375786279923177
Democratic Republic of the Congo,ssp585,medium-term,fisheries biomass loss,0.2017200260888785
Democratic Republic of the Congo,ssp245,current,light pollution,0.001565599641051245
Democratic Republic of the Congo,ssp245,medium-term,light pollution,0.0010607476506265788
Democratic Republic of the Congo,ssp585,current,light pollution,0.003370966319279329
Democratic Republic of the Congo,ssp585,medium-term,light pollution,0.002057421102209546
Democratic Republic of the Congo,ssp245,current,nutrient pollution,0.13207609324116573
Democratic Republic of the Congo,ssp245,medium-term,nutrient pollution,0.1516692209778638
Democratic Republic of the Congo,ssp585,current,nutrient pollution,0.13232818418429007
Democratic Republic of the Congo,ssp585,medium-term,nutrient pollution,0.15154769807122648
Democratic Republic of the Congo,ssp245,current,ocean warming,0.021664875279692335
Democratic Republic of the Congo,ssp245,medium-term,ocean warming,0.07035928268709944
Democratic Republic of the Congo,ssp585,current,ocean warming,0.01618356290005036
Democratic Republic of the Congo,ssp585,medium-term,ocean warming,0.10244220459976026
Democratic Republic of the Congo,ssp245,current,primary productivity,0.0035210181797285453
Democratic Republic of the Congo,ssp245,medium-term,primary productivity,0.022758699151583843
Democratic Republic of the Congo,ssp585,current,primary productivity,0.004062418435043783
Democratic Republic of the Congo,ssp585,medium-term,primary productivity,0.03420946727015285
Democratic Republic of the Congo,ssp245,current,reduced oxygen,0.04170281759848472
Democratic Republic of the Congo,ssp245,medium-term,reduced oxygen,0.04452835324304437
Democratic Republic of the Congo,ssp585,current,reduced oxygen,0.04170281759848472
Democratic Republic of the Congo,ssp585,medium-term,reduced oxygen,0.04532211918073396
Democratic Republic of the Congo,ssp245,current,sea level rise,0.012924058954619492
Democratic Republic of the Congo,ssp245,medium-term,sea level rise,0.03892064940494796
Democratic Republic of the Congo,ssp585,current,sea level rise,0.021879143139813095
Democratic Republic of the Congo,ssp585,medium-term,sea level rise,0.06475660991337565
Angola,ssp245,current,acidification,0.018568514250663734
Angola,ssp245,medium-term,acidification,0.0479629275189752
Angola,ssp585,current,acidification,0.01953672662536837
Angola,ssp585,medium-term,acidification,0.06085751310441272
Angola,ssp245,current,air heat index,2.738826735712233e-6
Angola,ssp245,medium-term,air heat index,6.292017186196721e-4
Angola,ssp585,current,air heat index,1.1271726664934267e-7
Angola,ssp585,medium-term,air heat index,0.001994403987640581
Angola,ssp245,current,coastal disturbance,0.059669170766181126
Angola,ssp245,medium-term,coastal disturbance,0.07105842714811576
Angola,ssp585,current,coastal disturbance,0.05909044936196549
Angola,ssp585,medium-term,coastal disturbance,0.06044027011671631
Angola,ssp245,current,fisheries biomass loss,0.14134103593373548
Angola,ssp245,medium-term,fisheries biomass loss,0.3485791913563322
Angola,ssp585,current,fisheries biomass loss,0.1420425330315879
Angola,ssp585,medium-term,fisheries biomass loss,0.34858561814291444
Angola,ssp245,current,light pollution,0.0032762356184772435
Angola,ssp245,medium-term,light pollution,0.004371577626550601
Angola,ssp585,current,light pollution,0.0034668620732336785
Angola,ssp585,medium-term,light pollution,0.005215973980745062
Angola,ssp245,current,nutrient pollution,0.021149513340968033
Angola,ssp245,medium-term,nutrient pollution,0.03975866622501132
Angola,ssp585,current,nutrient pollution,0.02124568700020429
Angola,ssp585,medium-term,nutrient pollution,0.037787812486073366
Angola,ssp245,current,ocean warming,0.03813910640456089
Angola,ssp245,medium-term,ocean warming,0.11517371500246411
Angola,ssp585,current,ocean warming,0.0425078855695652
Angola,ssp585,medium-term,ocean warming,0.1748375028801366
Angola,ssp245,current,primary productivity,0.015451107773039272
Angola,ssp245,medium-term,primary productivity,0.07175763298882178
Angola,ssp585,current,primary productivity,0.016215337285022297
Angola,ssp585,medium-term,primary productivity,0.10594337458650828
Angola,ssp245,current,reduced oxygen,0.17332687220672935
Angola,ssp245,medium-term,reduced oxygen,0.1759348794620246
Angola,ssp585,current,reduced oxygen,0.17332687220672935
Angola,ssp585,medium-term,reduced oxygen,0.17410215797077058
Angola,ssp245,current,sea level rise,0.014638656225704785
Angola,ssp245,medium-term,sea level rise,0.04636717789663751
Angola,ssp585,current,sea level rise,0.024913422360635224
Angola,ssp585,medium-term,sea level rise,0.07650068316649224
Sudan,ssp245,current,acidification,0
Sudan,ssp245,medium-term,acidification,0
Sudan,ssp585,current,acidification,0
Sudan,ssp585,medium-term,acidification,0
Sudan,ssp245,current,air heat index,0.002769992470397532
Sudan,ssp245,medium-term,air heat index,0.025787520487348368
Sudan,ssp585,current,air heat index,0.0027675131437914584
Sudan,ssp585,medium-term,air heat index,0.02381539359890126
Sudan,ssp245,current,coastal disturbance,0.06858990048034241
Sudan,ssp245,medium-term,coastal disturbance,0.07688304958483551
Sudan,ssp585,current,coastal disturbance,0.06704055618154205
Sudan,ssp585,medium-term,coastal disturbance,0.06176135308179083
Sudan,ssp245,current,fisheries biomass loss,0.2777307642139243
Sudan,ssp245,medium-term,fisheries biomass loss,0.33997358714318454
Sudan,ssp585,current,fisheries biomass loss,0.27798534457306723
Sudan,ssp585,medium-term,fisheries biomass loss,0.3399412369302858
Sudan,ssp245,current,light pollution,4.880620684751781e-4
Sudan,ssp245,medium-term,light pollution,3.809217604292503e-4
Sudan,ssp585,current,light pollution,4.0060052117189246e-4
Sudan,ssp585,medium-term,light pollution,5.66724431927149e-4
Sudan,ssp245,current,nutrient pollution,0.011592349135605726
Sudan,ssp245,medium-term,nutrient pollution,0.023540310133527566
Sudan,ssp585,current,nutrient pollution,0.01159550747122965
Sudan,ssp585,medium-term,nutrient pollution,0.021585407170986705
Sudan,ssp245,current,ocean warming,0.045177977005194506
Sudan,ssp245,medium-term,ocean warming,0.20257567619134803
Sudan,ssp585,current,ocean warming,0.05172866596210558
Sudan,ssp585,medium-term,ocean warming,0.2669471573232865
Sudan,ssp245,current,primary productivity,0
Sudan,ssp245,medium-term,primary productivity,0
Sudan,ssp585,current,primary productivity,0
Sudan,ssp585,medium-term,primary productivity,0
Sudan,ssp245,current,reduced oxygen,0.02237973511523859
Sudan,ssp245,medium-term,reduced oxygen,0.028812043365768338
Sudan,ssp585,current,reduced oxygen,0.02237973511523859
Sudan,ssp585,medium-term,reduced oxygen,0.03078864520121848
Sudan,ssp245,current,sea level rise,0.003326186910001254
Sudan,ssp245,medium-term,sea level rise,0.04237836526197104
Sudan,ssp585,current,sea level rise,0.012395581853746302
Sudan,ssp585,medium-term,sea level rise,0.09034217490438637
Tunisia,ssp245,current,acidification,0.0016632418189747194
Tunisia,ssp245,medium-term,acidification,0.032433215600117124
Tunisia,ssp585,current,acidification,1.916721784938574e-26
Tunisia,ssp585,medium-term,acidification,0.04864982283995088
Tunisia,ssp245,current,air heat index,2.3891072810568547e-4
Tunisia,ssp245,medium-term,air heat index,0.0020446067412226592
Tunisia,ssp585,current,air heat index,2.822381377674837e-4
Tunisia,ssp585,medium-term,air heat index,0.010908636142113737
Tunisia,ssp245,current,coastal disturbance,0.11686592673302648
Tunisia,ssp245,medium-term,coastal disturbance,0.11519309650679804
Tunisia,ssp585,current,coastal disturbance,0.11560265936566858
Tunisia,ssp585,medium-term,coastal disturbance,0.1065122599776012
Tunisia,ssp245,current,fisheries biomass loss,0.25883273188772266
Tunisia,ssp245,medium-term,fisheries biomass loss,0.34251261980154374
Tunisia,ssp585,current,fisheries biomass loss,0.25853413221949156
Tunisia,ssp585,medium-term,fisheries biomass loss,0.3422940123758867
Tunisia,ssp245,current,light pollution,0.00685005223900238
Tunisia,ssp245,medium-term,light pollution,0.008981010962688423
Tunisia,ssp585,current,light pollution,0.0067571185331512665
Tunisia,ssp585,medium-term,light pollution,0.008790877530542243
Tunisia,ssp245,current,nutrient pollution,0.021714410219634137
Tunisia,ssp245,medium-term,nutrient pollution,0.026364912877989716
Tunisia,ssp585,current,nutrient pollution,0.021772261300092785
Tunisia,ssp585,medium-term,nutrient pollution,0.02348051121887927
Tunisia,ssp245,current,ocean warming,0.03717943238335513
Tunisia,ssp245,medium-term,ocean warming,0.20954725239568864
Tunisia,ssp585,current,ocean warming,0.05709936047117943
Tunisia,ssp585,medium-term,ocean warming,0.24729584067832197
Tunisia,ssp245,current,primary productivity,0
Tunisia,ssp245,medium-term,primary productivity,0.006469795295163993
Tunisia,ssp585,current,primary productivity,0
Tunisia,ssp585,medium-term,primary productivity,0.008632622091164322
Tunisia,ssp245,current,reduced oxygen,9.057735981376897e-4
Tunisia,ssp245,medium-term,reduced oxygen,0.005445977836121417
Tunisia,ssp585,current,reduced oxygen,9.057735981376897e-4
Tunisia,ssp585,medium-term,reduced oxygen,0.00902241647123235
Tunisia,ssp245,current,sea level rise,0.014750391283744472
Tunisia,ssp245,medium-term,sea level rise,0.0425497570098582
Tunisia,ssp585,current,sea level rise,0.02069445705013717
Tunisia,ssp585,medium-term,sea level rise,0.07194475514799961
Morocco,ssp245,current,acidification,0
Morocco,ssp245,medium-term,acidification,0.028991041943194327
Morocco,ssp585,current,acidification,0
Morocco,ssp585,medium-term,acidification,0.049177387794725504
Morocco,ssp245,current,air heat index,0
Morocco,ssp245,medium-term,air heat index,2.09350280950731e-7
Morocco,ssp585,current,air heat index,0
Morocco,ssp585,medium-term,air heat index,7.1533360800699075e-6
Morocco,ssp245,current,coastal disturbance,0.07207908021080431
Morocco,ssp245,medium-term,coastal disturbance,0.06973354471694611
Morocco,ssp585,current,coastal disturbance,0.07153047492129114
Morocco,ssp585,medium-term,coastal disturbance,0.06131486144692183
Morocco,ssp245,current,fisheries biomass loss,0.19889129776436168
Morocco,ssp245,medium-term,fisheries biomass loss,0.33727257928860116
Morocco,ssp585,current,fisheries biomass loss,0.1990905010927098
Morocco,ssp585,medium-term,fisheries biomass loss,0.33712386882710005
Morocco,ssp245,current,light pollution,0.004459844451531176
Morocco,ssp245,medium-term,light pollution,0.006998747443432695
Morocco,ssp585,current,light pollution,0.004501399128276669
Morocco,ssp585,medium-term,light pollution,0.006578829696877081
Morocco,ssp245,current,nutrient pollution,0.02832119863212377
Morocco,ssp245,medium-term,nutrient pollution,0.03619121857188688
Morocco,ssp585,current,nutrient pollution,0.028242011000261788
Morocco,ssp585,medium-term,nutrient pollution,0.03749934965148569
Morocco,ssp245,current,ocean warming,0.07383333122744806
Morocco,ssp245,medium-term,ocean warming,0.18078897678519085
Morocco,ssp585,current,ocean warming,0.09232147305825628
Morocco,ssp585,medium-term,ocean warming,0.2239258465608266
Morocco,ssp245,current,primary productivity,5.187826844378083e-6
Morocco,ssp245,medium-term,primary productivity,0.012246010794866898
Morocco,ssp585,current,primary productivity,5.729551509298077e-6
Morocco,ssp585,medium-term,primary productivity,0.005026573147273519
Morocco,ssp245,current,reduced oxygen,0.007609510790327561
Morocco,ssp245,medium-term,reduced oxygen,0.019664649130874252
Morocco,ssp585,current,reduced oxygen,0.007609510790327561
Morocco,ssp585,medium-term,reduced oxygen,0.023389538117040167
Morocco,ssp245,current,sea level rise,0.00925630331171327
Morocco,ssp245,medium-term,sea level rise,0.032057118957343075
Morocco,ssp585,current,sea level rise,0.013031735412058668
Morocco,ssp585,medium-term,sea level rise,0.04960800030034795
Western Sahara,ssp245,current,acidification,3.5446309872807266e-4
Western Sahara,ssp245,medium-term,acidification,0.018528633519637606
Western Sahara,ssp585,current,acidification,2.968451067115281e-4
Western Sahara,ssp585,medium-term,acidification,0.03000732980592648
Western Sahara,ssp245,current,air heat index,0
Western Sahara,ssp245,medium-term,air heat index,0
Western Sahara,ssp585,current,air heat index,0
Western Sahara,ssp585,medium-term,air heat index,2.787427468509579e-8
Western Sahara,ssp245,current,coastal disturbance,0.036889394725054946
Western Sahara,ssp245,medium-term,coastal disturbance,0.04627370517462196
Western Sahara,ssp585,current,coastal disturbance,0.0368858193768655
Western Sahara,ssp585,medium-term,coastal disturbance,0.0449141702156192
Western Sahara,ssp245,current,fisheries biomass loss,0.27699911265164096
Western Sahara,ssp245,medium-term,fisheries biomass loss,0.3382091267918838
Western Sahara,ssp585,current,fisheries biomass loss,0.276623956515286
Western Sahara,ssp585,medium-term,fisheries biomass loss,0.33796070521140775
Western Sahara,ssp245,current,light pollution,7.670670960438795e-4
Western Sahara,ssp245,medium-term,light pollution,0.0020703110265408524
Western Sahara,ssp585,current,light pollution,7.594666621805194e-4
Western Sahara,ssp585,medium-term,light pollution,0.002597256641547942
Western Sahara,ssp245,current,nutrient pollution,2.7242252107490076e-4
Western Sahara,ssp245,medium-term,nutrient pollution,4.192728007346976e-4
Western Sahara,ssp585,current,nutrient pollution,2.7256900165801857e-4
Western Sahara,ssp585,medium-term,nutrient pollution,3.04303064230045e-4
Western Sahara,ssp245,current,ocean warming,0.018533997945582203
Western Sahara,ssp245,medium-term,ocean warming,0.06624287990484384
Western Sahara,ssp585,current,ocean warming,0.043263787643249646
Western Sahara,ssp585,medium-term,ocean warming,0.0907900701063687
Western Sahara,ssp245,current,primary productivity,7.375837446271766e-5
Western Sahara,ssp245,medium-term,primary productivity,0.022021824390167203
Western Sahara,ssp585,current,primary productivity,7.862668599127696e-5
Western Sahara,ssp585,medium-term,primary productivity,0.014131197960121146
Western Sahara,ssp245,current,reduced oxygen,0.03749534866760867
Western Sahara,ssp245,medium-term,reduced oxygen,0.04173741601342886
Western Sahara,ssp585,current,reduced oxygen,0.03749534866760867
Western Sahara,ssp585,medium-term,reduced oxygen,0.043567100188965195
Western Sahara,ssp245,current,sea level rise,0.012924577664432628
Western Sahara,ssp245,medium-term,sea level rise,0.052717898038653316
Western Sahara,ssp585,current,sea level rise,0.01854679714002258
Western Sahara,ssp585,medium-term,sea level rise,0.08157798848944424
Libya,ssp245,current,acidification,0.013345331296978406
Libya,ssp245,medium-term,acidification,0.0430635737568943
Libya,ssp585,current,acidification,0.011939909725679787
Libya,ssp585,medium-term,acidification,0.0589440884560702
Libya,ssp245,current,air heat index,8.567243547165914e-5
Libya,ssp245,medium-term,air heat index,0.0012830431761096915
Libya,ssp585,current,air heat index,1.0351652299658852e-4
Libya,ssp585,medium-term,air heat index,0.0027371022759518893
Libya,ssp245,current,coastal disturbance,0.05783185282178058
Libya,ssp245,medium-term,coastal disturbance,0.05770113488264814
Libya,ssp585,current,coastal disturbance,0.05632341885924302
Libya,ssp585,medium-term,coastal disturbance,0.048249398668418146
Libya,ssp245,current,fisheries biomass loss,0.23148532614573344
Libya,ssp245,medium-term,fisheries biomass loss,0.36161498588359137
Libya,ssp585,current,fisheries biomass loss,0.23114645271407383
Libya,ssp585,medium-term,fisheries biomass loss,0.3615956428122076
Libya,ssp245,current,light pollution,0.004349475897883264
Libya,ssp245,medium-term,light pollution,0.004990481061614833
Libya,ssp585,current,light pollution,0.004665128409214958
Libya,ssp585,medium-term,light pollution,0.004773260150060472
Libya,ssp245,current,nutrient pollution,0.007900780941049804
Libya,ssp245,medium-term,nutrient pollution,0.009162457950783198
Libya,ssp585,current,nutrient pollution,0.008004199553370998
Libya,ssp585,medium-term,nutrient pollution,0.0072077932793677725
Libya,ssp245,current,ocean warming,0.06423522254771256
Libya,ssp245,medium-term,ocean warming,0.26727714729858615
Libya,ssp585,current,ocean warming,0.0697968847344564
Libya,ssp585,medium-term,ocean warming,0.2963901091423984
Libya,ssp245,current,primary productivity,9.097082421136145e-4
Libya,ssp245,medium-term,primary productivity,0.004803801196907731
Libya,ssp585,current,primary productivity,0.001102942258544957
Libya,ssp585,medium-term,primary productivity,0.0041422038080057896
Libya,ssp245,current,reduced oxygen,0.0025083174541941345
Libya,ssp245,medium-term,reduced oxygen,0.008010898342277598
Libya,ssp585,current,reduced oxygen,0.0025083174541941345
Libya,ssp585,medium-term,reduced oxygen,0.01047590914609555
Libya,ssp245,current,sea level rise,0.012442442815310624
Libya,ssp245,medium-term,sea level rise,0.034834793071280255
Libya,ssp585,current,sea level rise,0.017807578127837547
Libya,ssp585,medium-term,sea level rise,0.05706805366081307
Algeria,ssp245,current,acidification,9.762286935481933e-4
Algeria,ssp245,medium-term,acidification,0.039904496478784426
Algeria,ssp585,current,acidification,3.231093949739629e-14
Algeria,ssp585,medium-term,acidification,0.0637031590566969
Algeria,ssp245,current,air heat index,1.4237761397931822e-7
Algeria,ssp245,medium-term,air heat index,2.2442611357816376e-4
Algeria,ssp585,current,air heat index,2.5796817583666e-6
Algeria,ssp585,medium-term,air heat index,6.74651776309365e-4
Algeria,ssp245,current,coastal disturbance,0.0766161748023909
Algeria,ssp245,medium-term,coastal disturbance,0.07780536732011535
Algeria,ssp585,current,coastal disturbance,0.07582311653760214
Algeria,ssp585,medium-term,coastal disturbance,0.07254189224452541
Algeria,ssp245,current,fisheries biomass loss,0.1880767562272792
Algeria,ssp245,medium-term,fisheries biomass loss,0.3189741433424135
Algeria,ssp585,current,fisheries biomass loss,0.18812608844631254
Algeria,ssp585,medium-term,fisheries biomass loss,0.3188864215570581
Algeria,ssp245,current,light pollution,0.006388891810743223
Algeria,ssp245,medium-term,light pollution,0.007823923147792183
Algeria,ssp585,current,light pollution,0.006416253345685932
Algeria,ssp585,medium-term,light pollution,0.008284666239098059
Algeria,ssp245,current,nutrient pollution,0.041187623804116
Algeria,ssp245,medium-term,nutrient pollution,0.05069880453275754
Algeria,ssp585,current,nutrient pollution,0.04120273479661756
Algeria,ssp585,medium-term,nutrient pollution,0.046388588500981494
Algeria,ssp245,current,ocean warming,0.05301473265600826
Algeria,ssp245,medium-term,ocean warming,0.2519875069069952
Algeria,ssp585,current,ocean warming,0.08016235569447215
Algeria,ssp585,medium-term,ocean warming,0.29649168002515236
Algeria,ssp245,current,primary productivity,0
Algeria,ssp245,medium-term,primary productivity,0
Algeria,ssp585,current,primary productivity,2.1010229701498172e-5
Algeria,ssp585,medium-term,primary productivity,0
Algeria,ssp245,current,reduced oxygen,0.00648318120350652
Algeria,ssp245,medium-term,reduced oxygen,0.019694739165615795
Algeria,ssp585,current,reduced oxygen,0.00648318120350652
Algeria,ssp585,medium-term,reduced oxygen,0.020982565998244006
Algeria,ssp245,current,sea level rise,0.0073197551278543615
Algeria,ssp245,medium-term,sea level rise,0.017789908954164685
Algeria,ssp585,current,sea level rise,0.008986435066672266
Algeria,ssp585,medium-term,sea level rise,0.03024503263107438
Egypt,ssp245,current,acidification,0
Egypt,ssp245,medium-term,acidification,0
Egypt,ssp585,current,acidification,0
Egypt,ssp585,medium-term,acidification,0
Egypt,ssp245,current,air heat index,5.273623448872861e-4
Egypt,ssp245,medium-term,air heat index,0.011501770105960239
Egypt,ssp585,current,air heat index,5.541104229361246e-4
Egypt,ssp585,medium-term,air heat index,0.019211699255209814
Egypt,ssp245,current,coastal disturbance,0.057346939898971126
Egypt,ssp245,medium-term,coastal disturbance,0.05787051882931302
Egypt,ssp585,current,coastal disturbance,0.05657762651448359
Egypt,ssp585,medium-term,coastal disturbance,0.051247971004193156
Egypt,ssp245,current,fisheries biomass loss,0.2098653827995276
Egypt,ssp245,medium-term,fisheries biomass loss,0.31140014341686884
Egypt,ssp585,current,fisheries biomass loss,0.20946242300255577
Egypt,ssp585,medium-term,fisheries biomass loss,0.3113512186312883
Egypt,ssp245,current,light pollution,0.0036740904181310576
Egypt,ssp245,medium-term,light pollution,0.005306591240254156
Egypt,ssp585,current,light pollution,0.004303693036611974
Egypt,ssp585,medium-term,light pollution,0.005609207245129255
Egypt,ssp245,current,nutrient pollution,0.01571191011064454
Egypt,ssp245,medium-term,nutrient pollution,0.01875220922641081
Egypt,ssp585,current,nutrient pollution,0.015928527708499167
Egypt,ssp585,medium-term,nutrient pollution,0.018917776234956562
Egypt,ssp245,current,ocean warming,0.05060960915312359
Egypt,ssp245,medium-term,ocean warming,0.20753000758662482
Egypt,ssp585,current,ocean warming,0.06715482711174592
Egypt,ssp585,medium-term,ocean warming,0.24024087523580567
Egypt,ssp245,current,primary productivity,5.031009514394305e-4
Egypt,ssp245,medium-term,primary productivity,0
Egypt,ssp585,current,primary productivity,4.19541969556796e-4
Egypt,ssp585,medium-term,primary productivity,0
Egypt,ssp245,current,reduced oxygen,0.05299170434540348
Egypt,ssp245,medium-term,reduced oxygen,0.057214614342507825
Egypt,ssp585,current,reduced oxygen,0.05299170434540348
Egypt,ssp585,medium-term,reduced oxygen,0.05963253097958856
Egypt,ssp245,current,sea level rise,0.006180364690425955
Egypt,ssp245,medium-term,sea level rise,0.0272366753767851
Egypt,ssp585,current,sea level rise,0.011954810915067941
Egypt,ssp585,medium-term,sea level rise,0.05689871556568241
Bermuda,ssp245,current,acidification,0
Bermuda,ssp245,medium-term,acidification,0
Bermuda,ssp585,current,acidification,0
Bermuda,ssp585,medium-term,acidification,5.341774077638194e-4
Bermuda,ssp245,current,air heat index,0
Bermuda,ssp245,medium-term,air heat index,1.2384651327010943e-5
Bermuda,ssp585,current,air heat index,0
Bermuda,ssp585,medium-term,air heat index,1.6786110019893324e-4
Bermuda,ssp245,current,coastal disturbance,0
Bermuda,ssp245,medium-term,coastal disturbance,0
Bermuda,ssp585,current,coastal disturbance,0
Bermuda,ssp585,medium-term,coastal disturbance,0
Bermuda,ssp245,current,fisheries biomass loss,0.046655058464457395
Bermuda,ssp245,medium-term,fisheries biomass loss,0.0665361823020794
Bermuda,ssp585,current,fisheries biomass loss,0.04660416182799963
Bermuda,ssp585,medium-term,fisheries biomass loss,0.0793086683760339
Bermuda,ssp245,current,light pollution,5.008528049802397e-4
Bermuda,ssp245,medium-term,light pollution,4.6460094337817166e-4
Bermuda,ssp585,current,light pollution,5.008528049802397e-4
Bermuda,ssp585,medium-term,light pollution,6.083037110511196e-4
Bermuda,ssp245,current,nutrient pollution,0
Bermuda,ssp245,medium-term,nutrient pollution,0
Bermuda,ssp585,current,nutrient pollution,0
Bermuda,ssp585,medium-term,nutrient pollution,0
Bermuda,ssp245,current,ocean warming,0.05451510278871865
Bermuda,ssp245,medium-term,ocean warming,0.22309027715586127
Bermuda,ssp585,current,ocean warming,0.051988337064540244
Bermuda,ssp585,medium-term,ocean warming,0.2958690145984292
Bermuda,ssp245,current,primary productivity,0
Bermuda,ssp245,medium-term,primary productivity,0
Bermuda,ssp585,current,primary productivity,0
Bermuda,ssp585,medium-term,primary productivity,2.3139759571009098e-4
Bermuda,ssp245,current,reduced oxygen,0.0024776972626295883
Bermuda,ssp245,medium-term,reduced oxygen,0.007188282628303566
Bermuda,ssp585,current,reduced oxygen,0.0024776972626295883
Bermuda,ssp585,medium-term,reduced oxygen,0.009388687378232133
Bermuda,ssp245,current,sea level rise,0.005834047266398555
Bermuda,ssp245,medium-term,sea level rise,0.015657614348456264
Bermuda,ssp585,current,sea level rise,0.005305964779690839
Bermuda,ssp585,medium-term,sea level rise,0.031208727029152214
Greenland,ssp245,current,acidification,0.09058391272443177
Greenland,ssp245,medium-term,acidification,0.1419833075936119
Greenland,ssp585,current,acidification,0.09071382097670473
Greenland,ssp585,medium-term,acidification,0.15387468703865884
Greenland,ssp245,current,air heat index,0
Greenland,ssp245,medium-term,air heat index,0
Greenland,ssp585,current,air heat index,0
Greenland,ssp585,medium-term,air heat index,0
Greenland,ssp245,current,coastal disturbance,9.041214307882873e-4
Greenland,ssp245,medium-term,coastal disturbance,9.041214307882873e-4
Greenland,ssp585,current,coastal disturbance,9.041214307882873e-4
Greenland,ssp585,medium-term,coastal disturbance,9.041214307882873e-4
Greenland,ssp245,current,fisheries biomass loss,0.12200549074915809
Greenland,ssp245,medium-term,fisheries biomass loss,0.11119341008960881
Greenland,ssp585,current,fisheries biomass loss,0.12239086501566598
Greenland,ssp585,medium-term,fisheries biomass loss,0.11585011528618189
Greenland,ssp245,current,light pollution,2.138329463460567e-5
Greenland,ssp245,medium-term,light pollution,2.3981340507080017e-5
Greenland,ssp585,current,light pollution,2.138329463460567e-5
Greenland,ssp585,medium-term,light pollution,2.4396350546181965e-5
Greenland,ssp245,current,nutrient pollution,4.3780702396059834e-7
Greenland,ssp245,medium-term,nutrient pollution,2.7079204750213073e-7
Greenland,ssp585,current,nutrient pollution,4.3859831762883737e-7
Greenland,ssp585,medium-term,nutrient pollution,1.4973534805743998e-7
Greenland,ssp245,current,ocean warming,0.13948130463200886
Greenland,ssp245,medium-term,ocean warming,0.22306293976679986
Greenland,ssp585,current,ocean warming,0.13291630696173815
Greenland,ssp585,medium-term,ocean warming,0.21702781476180127
Greenland,ssp245,current,primary productivity,4.635598593860599e-5
Greenland,ssp245,medium-term,primary productivity,0.013140489577157138
Greenland,ssp585,current,primary productivity,6.961931533661138e-5
Greenland,ssp585,medium-term,primary productivity,0.013985439499619272
Greenland,ssp245,current,reduced oxygen,0.004418352033085147
Greenland,ssp245,medium-term,reduced oxygen,0.008263874282722346
Greenland,ssp585,current,reduced oxygen,0.004418352033085147
Greenland,ssp585,medium-term,reduced oxygen,0.011896137786820386
Greenland,ssp245,current,sea level rise,0.005521980267647212
Greenland,ssp245,medium-term,sea level rise,0.003043710768830832
Greenland,ssp585,current,sea level rise,0.0038951434033374275
Greenland,ssp585,medium-term,sea level rise,0.003710677585192856
United States of America,ssp245,current,acidification,0.04345505558900427
United States of America,ssp245,medium-term,acidification,0.06617695085701407
United States of America,ssp585,current,acidification,0.043164495085049145
United States of America,ssp585,medium-term,acidification,0.07887741787714907
United States of America,ssp245,current,air heat index,3.333277148860992e-4
United States of America,ssp245,medium-term,air heat index,0.011125006070931009
United States of America,ssp585,current,air heat index,3.52585061760278e-4
United States of America,ssp585,medium-term,air heat index,0.015447932197948735
United States of America,ssp245,current,coastal disturbance,0.029161156791041795
United States of America,ssp245,medium-term,coastal disturbance,0.028553710458133878
United States of America,ssp585,current,coastal disturbance,0.029300185650033093
United States of America,ssp585,medium-term,coastal disturbance,0.030477589883071123
United States of America,ssp245,current,fisheries biomass loss,0.2150781895319122
United States of America,ssp245,medium-term,fisheries biomass loss,0.22213921707014792
United States of America,ssp585,current,fisheries biomass loss,0.21582150496438446
United States of America,ssp585,medium-term,fisheries biomass loss,0.22591645675547956
United States of America,ssp245,current,light pollution,0.003820530772105508
United States of America,ssp245,medium-term,light pollution,0.00396148469598552
United States of America,ssp585,current,light pollution,0.0037534317232004524
United States of America,ssp585,medium-term,light pollution,0.004453857801315777
United States of America,ssp245,current,nutrient pollution,0.011630670483428612
United States of America,ssp245,medium-term,nutrient pollution,0.011262811582746208
United States of America,ssp585,current,nutrient pollution,0.011802604823163029
United States of America,ssp585,medium-term,nutrient pollution,0.009802397126330045
United States of America,ssp245,current,ocean warming,0.05028719005172148
United States of America,ssp245,medium-term,ocean warming,0.1832460422131191
United States of America,ssp585,current,ocean warming,0.06253405859039016
United States of America,ssp585,medium-term,ocean warming,0.22542789437144517
United States of America,ssp245,current,primary productivity,0.0011025944842528131
United States of America,ssp245,medium-term,primary productivity,0.0025261593975167288
United States of America,ssp585,current,primary productivity,0.001052571623763266
United States of America,ssp585,medium-term,primary productivity,0.003215742685842801
United States of America,ssp245,current,reduced oxygen,0.031225378776054056
United States of America,ssp245,medium-term,reduced oxygen,0.04008321769290954
United States of America,ssp585,current,reduced oxygen,0.031225378776054056
United States of America,ssp585,medium-term,reduced oxygen,0.04546837143320354
United States of America,ssp245,current,sea level rise,0.05115058487147209
United States of America,ssp245,medium-term,sea level rise,0.07561773233329785
United States of America,ssp585,current,sea level rise,0.055531482240816436
United States of America,ssp585,medium-term,sea level rise,0.08992973641121461
Canada,ssp245,current,acidification,0.08587795019428279
Canada,ssp245,medium-term,acidification,0.12954649648317612
Canada,ssp585,current,acidification,0.08750873503804385
Canada,ssp585,medium-term,acidification,0.14062121597674354
Canada,ssp245,current,air heat index,0
Canada,ssp245,medium-term,air heat index,0
Canada,ssp585,current,air heat index,0
Canada,ssp585,medium-term,air heat index,0
Canada,ssp245,current,coastal disturbance,0.003413452714188983
Canada,ssp245,medium-term,coastal disturbance,0.002997464809685517
Canada,ssp585,current,coastal disturbance,0.003446073474168125
Canada,ssp585,medium-term,coastal disturbance,0.003446537696026448
Canada,ssp245,current,fisheries biomass loss,0.13238146662442304
Canada,ssp245,medium-term,fisheries biomass loss,0.1288801112025254
Canada,ssp585,current,fisheries biomass loss,0.1334587087935265
Canada,ssp585,medium-term,fisheries biomass loss,0.12925399339090451
Canada,ssp245,current,light pollution,1.5224054420715812e-4
Canada,ssp245,medium-term,light pollution,1.875087327297506e-4
Canada,ssp585,current,light pollution,1.478343064352877e-4
Canada,ssp585,medium-term,light pollution,2.1870094712101587e-4
Canada,ssp245,current,nutrient pollution,7.757989485799502e-4
Canada,ssp245,medium-term,nutrient pollution,0.0010148204696906731
Canada,ssp585,current,nutrient pollution,7.749464488667747e-4
Canada,ssp585,medium-term,nutrient pollution,0.0010493635961066061
Canada,ssp245,current,ocean warming,0.14815014926616274
Canada,ssp245,medium-term,ocean warming,0.2659874345312502
Canada,ssp585,current,ocean warming,0.11641933302614604
Canada,ssp585,medium-term,ocean warming,0.25007630852304125
Canada,ssp245,current,primary productivity,3.752300257945246e-5
Canada,ssp245,medium-term,primary productivity,0.002614959254050114
Canada,ssp585,current,primary productivity,6.54592886173927e-5
Canada,ssp585,medium-term,primary productivity,0.0025023958823408732
Canada,ssp245,current,reduced oxygen,0.00960813155337066
Canada,ssp245,medium-term,reduced oxygen,0.014687807999859566
Canada,ssp585,current,reduced oxygen,0.00960813155337066
Canada,ssp585,medium-term,reduced oxygen,0.01869730453306224
Canada,ssp245,current,sea level rise,0.018367026709933357
Canada,ssp245,medium-term,sea level rise,0.028274730447983596
Canada,ssp585,current,sea level rise,0.020553966802639947
Canada,ssp585,medium-term,sea level rise,0.03713218396249864
Saint Pierre and Miquelon,ssp245,current,acidification,0.12129802974654481
Saint Pierre and Miquelon,ssp245,medium-term,acidification,0.19264873561558254
Saint Pierre and Miquelon,ssp585,current,acidification,0.11813711468458941
Saint Pierre and Miquelon,ssp585,medium-term,acidification,0.2072321597933619
Saint Pierre and Miquelon,ssp245,current,air heat index,0
Saint Pierre and Miquelon,ssp245,medium-term,air heat index,0
Saint Pierre and Miquelon,ssp585,current,air heat index,0
Saint Pierre and Miquelon,ssp585,medium-term,air heat index,0
Saint Pierre and Miquelon,ssp245,current,coastal disturbance,0.02576402494645252
Saint Pierre and Miquelon,ssp245,medium-term,coastal disturbance,0.025750297567150658
Saint Pierre and Miquelon,ssp585,current,coastal disturbance,0.025764800390788878
Saint Pierre and Miquelon,ssp585,medium-term,coastal disturbance,0.025759370046950107
Saint Pierre and Miquelon,ssp245,current,fisheries biomass loss,0.23925029026201716
Saint Pierre and Miquelon,ssp245,medium-term,fisheries biomass loss,0.23397930053010163
Saint Pierre and Miquelon,ssp585,current,fisheries biomass loss,0.2400403958219554
Saint Pierre and Miquelon,ssp585,medium-term,fisheries biomass loss,0.23699905352306458
Saint Pierre and Miquelon,ssp245,current,light pollution,0
Saint Pierre and Miquelon,ssp245,medium-term,light pollution,0
Saint Pierre and Miquelon,ssp585,current,light pollution,0
Saint Pierre and Miquelon,ssp585,medium-term,light pollution,0
Saint Pierre and Miquelon,ssp245,current,nutrient pollution,9.515710863830876e-6
Saint Pierre and Miquelon,ssp245,medium-term,nutrient pollution,1.0635761886559991e-5
Saint Pierre and Miquelon,ssp585,current,nutrient pollution,9.515712936545636e-6
Saint Pierre and Miquelon,ssp585,medium-term,nutrient pollution,9.014422168468483e-6
Saint Pierre and Miquelon,ssp245,current,ocean warming,0.061237927011285546
Saint Pierre and Miquelon,ssp245,medium-term,ocean warming,0.24071250411479042
Saint Pierre and Miquelon,ssp585,current,ocean warming,0.07268516396429585
Saint Pierre and Miquelon,ssp585,medium-term,ocean warming,0.35305687314229867
Saint Pierre and Miquelon,ssp245,current,primary productivity,0
Saint Pierre and Miquelon,ssp245,medium-term,primary productivity,0.027989428603999136
Saint Pierre and Miquelon,ssp585,current,primary productivity,0
Saint Pierre and Miquelon,ssp585,medium-term,primary productivity,0.03257086561831285
Saint Pierre and Miquelon,ssp245,current,reduced oxygen,0.015549650732639421
Saint Pierre and Miquelon,ssp245,medium-term,reduced oxygen,0.025403253098463006
Saint Pierre and Miquelon,ssp585,current,reduced oxygen,0.015549650732639421
Saint Pierre and Miquelon,ssp585,medium-term,reduced oxygen,0.03315613469561457
Saint Pierre and Miquelon,ssp245,current,sea level rise,0.06009634699101649
Saint Pierre and Miquelon,ssp245,medium-term,sea level rise,0.08966436656191945
Saint Pierre and Miquelon,ssp585,current,sea level rise,0.064977074056983955
Saint Pierre and Miquelon,ssp585,medium-term,sea level rise,0.11194337393727995
Latvia,ssp245,current,acidification,0.015043974254829505
Latvia,ssp245,medium-term,acidification,0.016662840472291347
Latvia,ssp585,current,acidification,0.016913640479058654
Latvia,ssp585,medium-term,acidification,0.022271838753279198
Latvia,ssp245,current,air heat index,0
Latvia,ssp245,medium-term,air heat index,0
Latvia,ssp585,current,air heat index,0
Latvia,ssp585,medium-term,air heat index,0
Latvia,ssp245,current,coastal disturbance,0.051483058921155095
Latvia,ssp245,medium-term,coastal disturbance,0.042846721680641915
Latvia,ssp585,current,coastal disturbance,0.050723900039251334
Latvia,ssp585,medium-term,coastal disturbance,0.038898116652822154
Latvia,ssp245,current,fisheries biomass loss,0.2254205013012878
Latvia,ssp245,medium-term,fisheries biomass loss,0.3345602862000384
Latvia,ssp585,current,fisheries biomass loss,0.22595763700740898
Latvia,ssp585,medium-term,fisheries biomass loss,0.333379155937481
Latvia,ssp245,current,light pollution,0.0022357498809034712
Latvia,ssp245,medium-term,light pollution,0.002328481564346357
Latvia,ssp585,current,light pollution,0.0020952039930663253
Latvia,ssp585,medium-term,light pollution,0.0019751926971762063
Latvia,ssp245,current,nutrient pollution,0.023247055351895266
Latvia,ssp245,medium-term,nutrient pollution,0.022758285737460898
Latvia,ssp585,current,nutrient pollution,0.023016682597976203
Latvia,ssp585,medium-term,nutrient pollution,0.020957072931206192
Latvia,ssp245,current,ocean warming,0.017974959006998054
Latvia,ssp245,medium-term,ocean warming,0.10124309058566881
Latvia,ssp585,current,ocean warming,0.024767180815077786
Latvia,ssp585,medium-term,ocean warming,0.14123461801361334
Latvia,ssp245,current,primary productivity,0
Latvia,ssp245,medium-term,primary productivity,0
Latvia,ssp585,current,primary productivity,0
Latvia,ssp585,medium-term,primary productivity,0
Latvia,ssp245,current,reduced oxygen,6.799824978281278e-5
Latvia,ssp245,medium-term,reduced oxygen,0.005610719419849414
Latvia,ssp585,current,reduced oxygen,6.799824978281278e-5
Latvia,ssp585,medium-term,reduced oxygen,0.0063754240269309264
Latvia,ssp245,current,sea level rise,0.016773037562044287
Latvia,ssp245,medium-term,sea level rise,0.042323005902479685
Latvia,ssp585,current,sea level rise,0.018776846350785647
Latvia,ssp585,medium-term,sea level rise,0.06941922856393554
Estonia,ssp245,current,acidification,0.013526143866605384
Estonia,ssp245,medium-term,acidification,0.015780419703774744
Estonia,ssp585,current,acidification,0.01498408077776572
Estonia,ssp585,medium-term,acidification,0.020816427072719742
Estonia,ssp245,current,air heat index,0
Estonia,ssp245,medium-term,air heat index,0
Estonia,ssp585,current,air heat index,0
Estonia,ssp585,medium-term,air heat index,0
Estonia,ssp245,current,coastal disturbance,0.04645642630344623
Estonia,ssp245,medium-term,coastal disturbance,0.039220319983464126
Estonia,ssp585,current,coastal disturbance,0.045955707616840924
Estonia,ssp585,medium-term,coastal disturbance,0.0379331140661695
Estonia,ssp245,current,fisheries biomass loss,0.263238084344627
Estonia,ssp245,medium-term,fisheries biomass loss,0.31417855162004776
Estonia,ssp585,current,fisheries biomass loss,0.26340314682063115
Estonia,ssp585,medium-term,fisheries biomass loss,0.31085947124657
Estonia,ssp245,current,light pollution,0.002467059202752404
Estonia,ssp245,medium-term,light pollution,0.0020000395276510677
Estonia,ssp585,current,light pollution,0.002601725917541882
Estonia,ssp585,medium-term,light pollution,0.002212138522147349
Estonia,ssp245,current,nutrient pollution,0.008089701258175487
Estonia,ssp245,medium-term,nutrient pollution,0.010059116068745549
Estonia,ssp585,current,nutrient pollution,0.008018667658045668
Estonia,ssp585,medium-term,nutrient pollution,0.009009373185006582
Estonia,ssp245,current,ocean warming,0.02009121214625618
Estonia,ssp245,medium-term,ocean warming,0.09003838128070785
Estonia,ssp585,current,ocean warming,0.02167443042244375
Estonia,ssp585,medium-term,ocean warming,0.1326739033611375
Estonia,ssp245,current,primary productivity,0
Estonia,ssp245,medium-term,primary productivity,0
Estonia,ssp585,current,primary productivity,0
Estonia,ssp585,medium-term,primary productivity,0
Estonia,ssp245,current,reduced oxygen,5.1873137854704936e-5
Estonia,ssp245,medium-term,reduced oxygen,0.006222683828216921
Estonia,ssp585,current,reduced oxygen,5.1873137854704936e-5
Estonia,ssp585,medium-term,reduced oxygen,0.0071663253933442325
Estonia,ssp245,current,sea level rise,0.00569588037553316
Estonia,ssp245,medium-term,sea level rise,0.017688173722586055
Estonia,ssp585,current,sea level rise,0.006665219459847664
Estonia,ssp585,medium-term,sea level rise,0.04366423970052778
Ascension,ssp245,current,acidification,0
Ascension,ssp245,medium-term,acidification,0
Ascension,ssp585,current,acidification,0
Ascension,ssp585,medium-term,acidification,0.0072686055779058725
Ascension,ssp245,current,air heat index,0
Ascension,ssp245,medium-term,air heat index,0
Ascension,ssp585,current,air heat index,0
Ascension,ssp585,medium-term,air heat index,0
Ascension,ssp245,current,coastal disturbance,0.009111578765327975
Ascension,ssp245,medium-term,coastal disturbance,0.009111578765327975
Ascension,ssp585,current,coastal disturbance,0.009111578765327975
Ascension,ssp585,medium-term,coastal disturbance,0.009111578765327975
Ascension,ssp245,current,fisheries biomass loss,0.04410476843850119
Ascension,ssp245,medium-term,fisheries biomass loss,0.0706932318203144
Ascension,ssp585,current,fisheries biomass loss,0.04421408553389483
Ascension,ssp585,medium-term,fisheries biomass loss,0.07174343179531206
Ascension,ssp245,current,light pollution,0
Ascension,ssp245,medium-term,light pollution,0
Ascension,ssp585,current,light pollution,0
Ascension,ssp585,medium-term,light pollution,0
Ascension,ssp245,current,nutrient pollution,0
Ascension,ssp245,medium-term,nutrient pollution,0
Ascension,ssp585,current,nutrient pollution,0
Ascension,ssp585,medium-term,nutrient pollution,0
Ascension,ssp245,current,ocean warming,0.08017061435748474
Ascension,ssp245,medium-term,ocean warming,0.4132565539002826
Ascension,ssp585,current,ocean warming,0.08307483673252136
Ascension,ssp585,medium-term,ocean warming,0.4381909781441209
Ascension,ssp245,current,primary productivity,0.010619027804068535
Ascension,ssp245,medium-term,primary productivity,0.06961889967351453
Ascension,ssp585,current,primary productivity,0.0114971436551059
Ascension,ssp585,medium-term,primary productivity,0.06841344340682554
Ascension,ssp245,current,reduced oxygen,0.0030452113714858333
Ascension,ssp245,medium-term,reduced oxygen,0.004512441677093191
Ascension,ssp585,current,reduced oxygen,0.0030452113714858333
Ascension,ssp585,medium-term,reduced oxygen,0.00619300187418048
Ascension,ssp245,current,sea level rise,0.00300353322563751
Ascension,ssp245,medium-term,sea level rise,0.01416112738661468
Ascension,ssp585,current,sea level rise,0.0044826800003647796
Ascension,ssp585,medium-term,sea level rise,0.020784411462955177
Tristan da Cunha,ssp245,current,acidification,0.08478286222347262
Tristan da Cunha,ssp245,medium-term,acidification,0.14059227323201823
Tristan da Cunha,ssp585,current,acidification,0.08525291511062777
Tristan da Cunha,ssp585,medium-term,acidification,0.1706531720701605
Tristan da Cunha,ssp245,current,air heat index,0
Tristan da Cunha,ssp245,medium-term,air heat index,0
Tristan da Cunha,ssp585,current,air heat index,0
Tristan da Cunha,ssp585,medium-term,air heat index,0
Tristan da Cunha,ssp245,current,coastal disturbance,0.0013574442459245
Tristan da Cunha,ssp245,medium-term,coastal disturbance,0.0013574442459245
Tristan da Cunha,ssp585,current,coastal disturbance,0.0013574442459245
Tristan da Cunha,ssp585,medium-term,coastal disturbance,0.0013574442459245
Tristan da Cunha,ssp245,current,fisheries biomass loss,0.027106773913528153
Tristan da Cunha,ssp245,medium-term,fisheries biomass loss,0.05045370089365245
Tristan da Cunha,ssp585,current,fisheries biomass loss,0.026000063645164294
Tristan da Cunha,ssp585,medium-term,fisheries biomass loss,0.05402761431058377
Tristan da Cunha,ssp245,current,light pollution,0
Tristan da Cunha,ssp245,medium-term,light pollution,0
Tristan da Cunha,ssp585,current,light pollution,0
Tristan da Cunha,ssp585,medium-term,light pollution,0
Tristan da Cunha,ssp245,current,nutrient pollution,0
Tristan da Cunha,ssp245,medium-term,nutrient pollution,0
Tristan da Cunha,ssp585,current,nutrient pollution,0
Tristan da Cunha,ssp585,medium-term,nutrient pollution,0
Tristan da Cunha,ssp245,current,ocean warming,0.10422483154358023
Tristan da Cunha,ssp245,medium-term,ocean warming,0.21585961446403562
Tristan da Cunha,ssp585,current,ocean warming,0.1026274859654105
Tristan da Cunha,ssp585,medium-term,ocean warming,0.30481047997102817
Tristan da Cunha,ssp245,current,primary productivity,0.015774354488389836
Tristan da Cunha,ssp245,medium-term,primary productivity,0.0015821018087961182
Tristan da Cunha,ssp585,current,primary productivity,0.01644028770398666
Tristan da Cunha,ssp585,medium-term,primary productivity,0.004046053050490539
Tristan da Cunha,ssp245,current,reduced oxygen,8.034071949800871e-4
Tristan da Cunha,ssp245,medium-term,reduced oxygen,0.0025966990031725612
Tristan da Cunha,ssp585,current,reduced oxygen,8.034071949800871e-4
Tristan da Cunha,ssp585,medium-term,reduced oxygen,0.0024283560268589005
Tristan da Cunha,ssp245,current,sea level rise,0.001231866338545636
Tristan da Cunha,ssp245,medium-term,sea level rise,0.006303950659780492
Tristan da Cunha,ssp585,current,sea level rise,0.001666186604134347
Tristan da Cunha,ssp585,medium-term,sea level rise,0.010936568690193516
Faeroe Islands,ssp245,current,acidification,0.048120366943604415
Faeroe Islands,ssp245,medium-term,acidification,0.08549980470351412
Faeroe Islands,ssp585,current,acidification,0.04810107604783876
Faeroe Islands,ssp585,medium-term,acidification,0.10340981710876142
Faeroe Islands,ssp245,current,air heat index,0
Faeroe Islands,ssp245,medium-term,air heat index,0
Faeroe Islands,ssp585,current,air heat index,0
Faeroe Islands,ssp585,medium-term,air heat index,0
Faeroe Islands,ssp245,current,coastal disturbance,0.04918608630933621
Faeroe Islands,ssp245,medium-term,coastal disturbance,0.04918608630933621
Faeroe Islands,ssp585,current,coastal disturbance,0.04918608630933621
Faeroe Islands,ssp585,medium-term,coastal disturbance,0.04918608630933621
Faeroe Islands,ssp245,current,fisheries biomass loss,0.23572717001926238
Faeroe Islands,ssp245,medium-term,fisheries biomass loss,0.21815794782494116
Faeroe Islands,ssp585,current,fisheries biomass loss,0.23696997708942613
Faeroe Islands,ssp585,medium-term,fisheries biomass loss,0.21996403006993537
Faeroe Islands,ssp245,current,light pollution,5.306748647523236e-4
Faeroe Islands,ssp245,medium-term,light pollution,9.767005725197203e-4
Faeroe Islands,ssp585,current,light pollution,5.306748647523236e-4
Faeroe Islands,ssp585,medium-term,light pollution,9.717069371969374e-4
Faeroe Islands,ssp245,current,nutrient pollution,7.964611987705505e-5
Faeroe Islands,ssp245,medium-term,nutrient pollution,5.129618631031533e-5
Faeroe Islands,ssp585,current,nutrient pollution,7.939487773087158e-5
Faeroe Islands,ssp585,medium-term,nutrient pollution,2.473138435674558e-5
Faeroe Islands,ssp245,current,ocean warming,0.029168918002617582
Faeroe Islands,ssp245,medium-term,ocean warming,0.08269611881223682
Faeroe Islands,ssp585,current,ocean warming,0.02923272895445321
Faeroe Islands,ssp585,medium-term,ocean warming,0.12930000282689103
Faeroe Islands,ssp245,current,primary productivity,0
Faeroe Islands,ssp245,medium-term,primary productivity,0.046235713121115456
Faeroe Islands,ssp585,current,primary productivity,0
Faeroe Islands,ssp585,medium-term,primary productivity,0.05617386829891819
Faeroe Islands,ssp245,current,reduced oxygen,0.001376084478207019
Faeroe Islands,ssp245,medium-term,reduced oxygen,0.0032415100884558056
Faeroe Islands,ssp585,current,reduced oxygen,0.001376084478207019
Faeroe Islands,ssp585,medium-term,reduced oxygen,0.005900102042889185
Faeroe Islands,ssp245,current,sea level rise,0.0435107778162505
Faeroe Islands,ssp245,medium-term,sea level rise,0.043072231938078236
Faeroe Islands,ssp585,current,sea level rise,0.04578363851760514
Faeroe Islands,ssp585,medium-term,sea level rise,0.05974539132545364
Iceland,ssp245,current,acidification,0.04369814886984883
Iceland,ssp245,medium-term,acidification,0.07934178529163972
Iceland,ssp585,current,acidification,0.04674611633468799
Iceland,ssp585,medium-term,acidification,0.09177376372220294
Iceland,ssp245,current,air heat index,0
Iceland,ssp245,medium-term,air heat index,0
Iceland,ssp585,current,air heat index,0
Iceland,ssp585,medium-term,air heat index,0
Iceland,ssp245,current,coastal disturbance,0.01608172050760685
Iceland,ssp245,medium-term,coastal disturbance,0.018123904011418068
Iceland,ssp585,current,coastal disturbance,0.016238733026107587
Iceland,ssp585,medium-term,coastal disturbance,0.019973615262427833
Iceland,ssp245,current,fisheries biomass loss,0.1737829026793023
Iceland,ssp245,medium-term,fisheries biomass loss,0.1649942802336664
Iceland,ssp585,current,fisheries biomass loss,0.17461852631043281
Iceland,ssp585,medium-term,fisheries biomass loss,0.16749931748197583
Iceland,ssp245,current,light pollution,8.152383643418647e-4
Iceland,ssp245,medium-term,light pollution,9.541294182711543e-4
Iceland,ssp585,current,light pollution,7.903944630658072e-4
Iceland,ssp585,medium-term,light pollution,9.221455657113158e-4
Iceland,ssp245,current,nutrient pollution,5.763727689564793e-4
Iceland,ssp245,medium-term,nutrient pollution,6.039271872763312e-4
Iceland,ssp585,current,nutrient pollution,5.757993537296112e-4
Iceland,ssp585,medium-term,nutrient pollution,5.687463811321783e-4
Iceland,ssp245,current,ocean warming,0.03095552450341403
Iceland,ssp245,medium-term,ocean warming,0.053565628421884094
Iceland,ssp585,current,ocean warming,0.061951833927334464
Iceland,ssp585,medium-term,ocean warming,0.10216211623563971
Iceland,ssp245,current,primary productivity,7.999894343707068e-4
Iceland,ssp245,medium-term,primary productivity,0.037571735131627565
Iceland,ssp585,current,primary productivity,6.519012694863845e-4
Iceland,ssp585,medium-term,primary productivity,0.04046937208211868
Iceland,ssp245,current,reduced oxygen,0.0010400461018816214
Iceland,ssp245,medium-term,reduced oxygen,0.002317900159555772
Iceland,ssp585,current,reduced oxygen,0.0010400461018816214
Iceland,ssp585,medium-term,reduced oxygen,0.006227108452317047
Iceland,ssp245,current,sea level rise,3.799238049358298e-4
Iceland,ssp245,medium-term,sea level rise,0
Iceland,ssp585,current,sea level rise,9.352261001031541e-4
Iceland,ssp585,medium-term,sea level rise,0
Jan Mayen,ssp245,current,acidification,0.08753212708706554
Jan Mayen,ssp245,medium-term,acidification,0.12111041253805657
Jan Mayen,ssp585,current,acidification,0.08678140783456734
Jan Mayen,ssp585,medium-term,acidification,0.1369879145368475
Jan Mayen,ssp245,current,air heat index,0
Jan Mayen,ssp245,medium-term,air heat index,0
Jan Mayen,ssp585,current,air heat index,0
Jan Mayen,ssp585,medium-term,air heat index,0
Jan Mayen,ssp245,current,coastal disturbance,0
Jan Mayen,ssp245,medium-term,coastal disturbance,0
Jan Mayen,ssp585,current,coastal disturbance,0
Jan Mayen,ssp585,medium-term,coastal disturbance,0
Jan Mayen,ssp245,current,fisheries biomass loss,0.09227797863848802
Jan Mayen,ssp245,medium-term,fisheries biomass loss,0.11965857793239126
Jan Mayen,ssp585,current,fisheries biomass loss,0.09230763303817295
Jan Mayen,ssp585,medium-term,fisheries biomass loss,0.1192435309153885
Jan Mayen,ssp245,current,light pollution,0
Jan Mayen,ssp245,medium-term,light pollution,0
Jan Mayen,ssp585,current,light pollution,0
Jan Mayen,ssp585,medium-term,light pollution,0
Jan Mayen,ssp245,current,nutrient pollution,0
Jan Mayen,ssp245,medium-term,nutrient pollution,0
Jan Mayen,ssp585,current,nutrient pollution,0
Jan Mayen,ssp585,medium-term,nutrient pollution,0
Jan Mayen,ssp245,current,ocean warming,0.026317888736363187
Jan Mayen,ssp245,medium-term,ocean warming,0.18910866877607677
Jan Mayen,ssp585,current,ocean warming,0.027191910296872863
Jan Mayen,ssp585,medium-term,ocean warming,0.25909220336327454
Jan Mayen,ssp245,current,primary productivity,0
Jan Mayen,ssp245,medium-term,primary productivity,0
Jan Mayen,ssp585,current,primary productivity,0
Jan Mayen,ssp585,medium-term,primary productivity,0
Jan Mayen,ssp245,current,reduced oxygen,0.0010547656217626015
Jan Mayen,ssp245,medium-term,reduced oxygen,0.006280055971684503
Jan Mayen,ssp585,current,reduced oxygen,0.0010547656217626015
Jan Mayen,ssp585,medium-term,reduced oxygen,0.009678052648424211
Jan Mayen,ssp245,current,sea level rise,0.015951379744631306
Jan Mayen,ssp245,medium-term,sea level rise,0
Jan Mayen,ssp585,current,sea level rise,0.018661374687614692
Jan Mayen,ssp585,medium-term,sea level rise,0
Finland,ssp245,current,acidification,0.007649162604639142
Finland,ssp245,medium-term,acidification,0.010289200056574981
Finland,ssp585,current,acidification,0.008182400116329551
Finland,ssp585,medium-term,acidification,0.014062545985671651
Finland,ssp245,current,air heat index,0
Finland,ssp245,medium-term,air heat index,0
Finland,ssp585,current,air heat index,0
Finland,ssp585,medium-term,air heat index,0
Finland,ssp245,current,coastal disturbance,0.03874850936263041
Finland,ssp245,medium-term,coastal disturbance,0.03563399726341595
Finland,ssp585,current,coastal disturbance,0.03891291046655452
Finland,ssp585,medium-term,coastal disturbance,0.037791835665384126
Finland,ssp245,current,fisheries biomass loss,0.21936668311804491
Finland,ssp245,medium-term,fisheries biomass loss,0.20949911417770165
Finland,ssp585,current,fisheries biomass loss,0.22004583421531593
Finland,ssp585,medium-term,fisheries biomass loss,0.20960429201264338
Finland,ssp245,current,light pollution,0.005648976866120371
Finland,ssp245,medium-term,light pollution,0.0032761175656981015
Finland,ssp585,current,light pollution,0.005077944502574083
Finland,ssp585,medium-term,light pollution,0.0037328192164202013
Finland,ssp245,current,nutrient pollution,0.010099766791634268
Finland,ssp245,medium-term,nutrient pollution,0.005735450306466973
Finland,ssp585,current,nutrient pollution,0.009766258095937671
Finland,ssp585,medium-term,nutrient pollution,0.005230747687696273
Finland,ssp245,current,ocean warming,0.014963413084083194
Finland,ssp245,medium-term,ocean warming,0.05592372601401533
Finland,ssp585,current,ocean warming,0.027845054013814378
Finland,ssp585,medium-term,ocean warming,0.08598908383264278
Finland,ssp245,current,primary productivity,0
Finland,ssp245,medium-term,primary productivity,0
Finland,ssp585,current,primary productivity,0
Finland,ssp585,medium-term,primary productivity,0
Finland,ssp245,current,reduced oxygen,3.904185380844639e-5
Finland,ssp245,medium-term,reduced oxygen,0.006454188245081402
Finland,ssp585,current,reduced oxygen,3.904185380844639e-5
Finland,ssp585,medium-term,reduced oxygen,0.00811761678391969
Finland,ssp245,current,sea level rise,0
Finland,ssp245,medium-term,sea level rise,7.625079689588128e-6
Finland,ssp585,current,sea level rise,0
Finland,ssp585,medium-term,sea level rise,0.0023129161991777393
Denmark,ssp245,current,acidification,0.02605692135673685
Denmark,ssp245,medium-term,acidification,0.0333815831664249
Denmark,ssp585,current,acidification,0.026247527215450324
Denmark,ssp585,medium-term,acidification,0.037996380615408824
Denmark,ssp245,current,air heat index,0
Denmark,ssp245,medium-term,air heat index,0
Denmark,ssp585,current,air heat index,0
Denmark,ssp585,medium-term,air heat index,0
Denmark,ssp245,current,coastal disturbance,0.07572731797808357
Denmark,ssp245,medium-term,coastal disturbance,0.07120150051498707
Denmark,ssp585,current,coastal disturbance,0.07608266029989251
Denmark,ssp585,medium-term,coastal disturbance,0.07593143020421726
Denmark,ssp245,current,fisheries biomass loss,0.24821442416020872
Denmark,ssp245,medium-term,fisheries biomass loss,0.20908843043827097
Denmark,ssp585,current,fisheries biomass loss,0.2482208349440354
Denmark,ssp585,medium-term,fisheries biomass loss,0.20903086114986294
Denmark,ssp245,current,light pollution,0.002803185227739148
Denmark,ssp245,medium-term,light pollution,0.006707767608798862
Denmark,ssp585,current,light pollution,0.0031138958374690292
Denmark,ssp585,medium-term,light pollution,0.007922697825637278
Denmark,ssp245,current,nutrient pollution,0.01636254274022481
Denmark,ssp245,medium-term,nutrient pollution,0.013813687266862098
Denmark,ssp585,current,nutrient pollution,0.016309298063130258
Denmark,ssp585,medium-term,nutrient pollution,0.01420328709456296
Denmark,ssp245,current,ocean warming,0.008361138824228117
Denmark,ssp245,medium-term,ocean warming,0.02608108492353373
Denmark,ssp585,current,ocean warming,0.010544072468950148
Denmark,ssp585,medium-term,ocean warming,0.046147892059352366
Denmark,ssp245,current,primary productivity,1.06061732816758e-5
Denmark,ssp245,medium-term,primary productivity,0.017663703773411362
Denmark,ssp585,current,primary productivity,1.9104647397577142e-5
Denmark,ssp585,medium-term,primary productivity,0.019380290407598227
Denmark,ssp245,current,reduced oxygen,1.421159784882602e-5
Denmark,ssp245,medium-term,reduced oxygen,0.0035420639068895004
Denmark,ssp585,current,reduced oxygen,1.421159784882602e-5
Denmark,ssp585,medium-term,reduced oxygen,0.006060800378127132
Denmark,ssp245,current,sea level rise,0.010741176189489644
Denmark,ssp245,medium-term,sea level rise,0.04238747374145593
Denmark,ssp585,current,sea level rise,0.016382207100690598
Denmark,ssp585,medium-term,sea level rise,0.0740330991919643
United Kingdom,ssp245,current,acidification,0.03621074945353556
United Kingdom,ssp245,medium-term,acidification,0.05924508428583155
United Kingdom,ssp585,current,acidification,0.03548848439439164
United Kingdom,ssp585,medium-term,acidification,0.07351336149887251
United Kingdom,ssp245,current,air heat index,0
United Kingdom,ssp245,medium-term,air heat index,0
United Kingdom,ssp585,current,air heat index,0
United Kingdom,ssp585,medium-term,air heat index,0
United Kingdom,ssp245,current,coastal disturbance,0.07281563554776704
United Kingdom,ssp245,medium-term,coastal disturbance,0.07026730599036303
United Kingdom,ssp585,current,coastal disturbance,0.07242040727170083
United Kingdom,ssp585,medium-term,coastal disturbance,0.06678536586403173
United Kingdom,ssp245,current,fisheries biomass loss,0.2604089753338836
United Kingdom,ssp245,medium-term,fisheries biomass loss,0.23974201677402854
United Kingdom,ssp585,current,fisheries biomass loss,0.2604721753497651
United Kingdom,ssp585,medium-term,fisheries biomass loss,0.23761769578302475
United Kingdom,ssp245,current,light pollution,0.005160898576475328
United Kingdom,ssp245,medium-term,light pollution,0.008787720295788266
United Kingdom,ssp585,current,light pollution,0.005260805021677207
United Kingdom,ssp585,medium-term,light pollution,0.009316996872406445
United Kingdom,ssp245,current,nutrient pollution,0.013779781122577103
United Kingdom,ssp245,medium-term,nutrient pollution,0.010848199522066311
United Kingdom,ssp585,current,nutrient pollution,0.013775974204727301
United Kingdom,ssp585,medium-term,nutrient pollution,0.009840707509759088
United Kingdom,ssp245,current,ocean warming,0.032713304633835975
United Kingdom,ssp245,medium-term,ocean warming,0.07600778073125868
United Kingdom,ssp585,current,ocean warming,0.0331863646539236
United Kingdom,ssp585,medium-term,ocean warming,0.13014997342305182
United Kingdom,ssp245,current,primary productivity,4.2957308925101255e-4
United Kingdom,ssp245,medium-term,primary productivity,0.14635312999629363
United Kingdom,ssp585,current,primary productivity,3.3056810756182923e-4
United Kingdom,ssp585,medium-term,primary productivity,0.15406521338989104
United Kingdom,ssp245,current,reduced oxygen,0.0011803979466262333
United Kingdom,ssp245,medium-term,reduced oxygen,0.002143800807481781
United Kingdom,ssp585,current,reduced oxygen,0.0011803979466262333
United Kingdom,ssp585,medium-term,reduced oxygen,0.005451897873321257
United Kingdom,ssp245,current,sea level rise,0.010976873140749289
United Kingdom,ssp245,medium-term,sea level rise,0.030277567488680376
United Kingdom,ssp585,current,sea level rise,0.012643846461482242
United Kingdom,ssp585,medium-term,sea level rise,0.05802383490666556
Ireland,ssp245,current,acidification,0.03743107151292777
Ireland,ssp245,medium-term,acidification,0.06322959208734293
Ireland,ssp585,current,acidification,0.03689879315573323
Ireland,ssp585,medium-term,acidification,0.07871009551290228
Ireland,ssp245,current,air heat index,0
Ireland,ssp245,medium-term,air heat index,0
Ireland,ssp585,current,air heat index,0
Ireland,ssp585,medium-term,air heat index,0
Ireland,ssp245,current,coastal disturbance,0.08132068922459618
Ireland,ssp245,medium-term,coastal disturbance,0.07722836607357852
Ireland,ssp585,current,coastal disturbance,0.0809404604395454
Ireland,ssp585,medium-term,coastal disturbance,0.07649906011227438
Ireland,ssp245,current,fisheries biomass loss,0.21087393433961976
Ireland,ssp245,medium-term,fisheries biomass loss,0.20267727761047863
Ireland,ssp585,current,fisheries biomass loss,0.21158092745180115
Ireland,ssp585,medium-term,fisheries biomass loss,0.2037818846682261
Ireland,ssp245,current,light pollution,0.0032904642323883042
Ireland,ssp245,medium-term,light pollution,0.0071303429748233145
Ireland,ssp585,current,light pollution,0.0033242454100345
Ireland,ssp585,medium-term,light pollution,0.007468443487586828
Ireland,ssp245,current,nutrient pollution,0.022167788151449173
Ireland,ssp245,medium-term,nutrient pollution,0.01944656665834973
Ireland,ssp585,current,nutrient pollution,0.02214141716108003
Ireland,ssp585,medium-term,nutrient pollution,0.019228417398422806
Ireland,ssp245,current,ocean warming,0.04246158928654325
Ireland,ssp245,medium-term,ocean warming,0.07738124135017828
Ireland,ssp585,current,ocean warming,0.05091344850575504
Ireland,ssp585,medium-term,ocean warming,0.11297568173218223
Ireland,ssp245,current,primary productivity,7.183721290156439e-4
Ireland,ssp245,medium-term,primary productivity,0.15089734326430582
Ireland,ssp585,current,primary productivity,7.037682067074559e-4
Ireland,ssp585,medium-term,primary productivity,0.1573448874427183
Ireland,ssp245,current,reduced oxygen,0.002947313613005483
Ireland,ssp245,medium-term,reduced oxygen,0.003189008246598567
Ireland,ssp585,current,reduced oxygen,0.002947313613005483
Ireland,ssp585,medium-term,reduced oxygen,0.00592541661013055
Ireland,ssp245,current,sea level rise,0.019605024166302276
Ireland,ssp245,medium-term,sea level rise,0.04418139891199058
Ireland,ssp585,current,sea level rise,0.023149187347765374
Ireland,ssp585,medium-term,sea level rise,0.07577808710283072
Lithuania,ssp245,current,acidification,0.013320302716456353
Lithuania,ssp245,medium-term,acidification,0.014202483624685555
Lithuania,ssp585,current,acidification,0.015004384834319352
Lithuania,ssp585,medium-term,acidification,0.019254729710519315
Lithuania,ssp245,current,air heat index,0
Lithuania,ssp245,medium-term,air heat index,0
Lithuania,ssp585,current,air heat index,0
Lithuania,ssp585,medium-term,air heat index,0
Lithuania,ssp245,current,coastal disturbance,0.10594288388412679
Lithuania,ssp245,medium-term,coastal disturbance,0.09176416266127489
Lithuania,ssp585,current,coastal disturbance,0.10450005477818194
Lithuania,ssp585,medium-term,coastal disturbance,0.08386279444443062
Lithuania,ssp245,current,fisheries biomass loss,0.2419026825716719
Lithuania,ssp245,medium-term,fisheries biomass loss,0.3511769490689039
Lithuania,ssp585,current,fisheries biomass loss,0.24221598371863362
Lithuania,ssp585,medium-term,fisheries biomass loss,0.3520360260643065
Lithuania,ssp245,current,light pollution,0.011189524875953793
Lithuania,ssp245,medium-term,light pollution,0.009949428930558496
Lithuania,ssp585,current,light pollution,0.009759100002702324
Lithuania,ssp585,medium-term,light pollution,0.009396315520862118
Lithuania,ssp245,current,nutrient pollution,0.10799990967277211
Lithuania,ssp245,medium-term,nutrient pollution,0.09852350569928063
Lithuania,ssp585,current,nutrient pollution,0.10659322561040369
Lithuania,ssp585,medium-term,nutrient pollution,0.09259307435277464
Lithuania,ssp245,current,ocean warming,0.014674208922078833
Lithuania,ssp245,medium-term,ocean warming,0.08481692147906869
Lithuania,ssp585,current,ocean warming,0.03521810018108226
Lithuania,ssp585,medium-term,ocean warming,0.13911149945110082
Lithuania,ssp245,current,primary productivity,0
Lithuania,ssp245,medium-term,primary productivity,0
Lithuania,ssp585,current,primary productivity,0
Lithuania,ssp585,medium-term,primary productivity,0
Lithuania,ssp245,current,reduced oxygen,0.0010877475538472931
Lithuania,ssp245,medium-term,reduced oxygen,0.009822493673127609
Lithuania,ssp585,current,reduced oxygen,0.0010877475538472931
Lithuania,ssp585,medium-term,reduced oxygen,0.010024335144698852
Lithuania,ssp245,current,sea level rise,0.0638895420730114
Lithuania,ssp245,medium-term,sea level rise,0.10478636428713799
Lithuania,ssp585,current,sea level rise,0.06632178639993072
Lithuania,ssp585,medium-term,sea level rise,0.14699261207133532
Sweden,ssp245,current,acidification,0.01573910638307251
Sweden,ssp245,medium-term,acidification,0.021861548680996344
Sweden,ssp585,current,acidification,0.01614722498191434
Sweden,ssp585,medium-term,acidification,0.02749348836305908
Sweden,ssp245,current,air heat index,0
Sweden,ssp245,medium-term,air heat index,0
Sweden,ssp585,current,air heat index,0
Sweden,ssp585,medium-term,air heat index,0
Sweden,ssp245,current,coastal disturbance,0.049865708582632284
Sweden,ssp245,medium-term,coastal disturbance,0.04627391446166766
Sweden,ssp585,current,coastal disturbance,0.050168346081969996
Sweden,ssp585,medium-term,coastal disturbance,0.0502507000683812
Sweden,ssp245,current,fisheries biomass loss,0.22225269997253103
Sweden,ssp245,medium-term,fisheries biomass loss,0.21273218817960715
Sweden,ssp585,current,fisheries biomass loss,0.2225252035032769
Sweden,ssp585,medium-term,fisheries biomass loss,0.21286033259226605
Sweden,ssp245,current,light pollution,0.004843544412921592
Sweden,ssp245,medium-term,light pollution,0.004432352722036062
Sweden,ssp585,current,light pollution,0.004596264057828127
Sweden,ssp585,medium-term,light pollution,0.005391826889433263
Sweden,ssp245,current,nutrient pollution,0.006538130190511951
Sweden,ssp245,medium-term,nutrient pollution,0.00527402146849635
Sweden,ssp585,current,nutrient pollution,0.006528045633932626
Sweden,ssp585,medium-term,nutrient pollution,0.00497770589784715
Sweden,ssp245,current,ocean warming,0.015747698529010607
Sweden,ssp245,medium-term,ocean warming,0.05589071705517005
Sweden,ssp585,current,ocean warming,0.029136027573873857
Sweden,ssp585,medium-term,ocean warming,0.08925590108325658
Sweden,ssp245,current,primary productivity,0
Sweden,ssp245,medium-term,primary productivity,0.00280364291051476
Sweden,ssp585,current,primary productivity,0
Sweden,ssp585,medium-term,primary productivity,0.003222898544064082
Sweden,ssp245,current,reduced oxygen,6.840592848820167e-5
Sweden,ssp245,medium-term,reduced oxygen,0.00406351848584765
Sweden,ssp585,current,reduced oxygen,6.840592848820167e-5
Sweden,ssp585,medium-term,reduced oxygen,0.006460637166114326
Sweden,ssp245,current,sea level rise,0.0023817603520225957
Sweden,ssp245,medium-term,sea level rise,0.008594992988600964
Sweden,ssp585,current,sea level rise,0.002932820022749773
Sweden,ssp585,medium-term,sea level rise,0.018372824991552284
Norway,ssp245,current,acidification,0.044930205232011015
Norway,ssp245,medium-term,acidification,0.07372308404639241
Norway,ssp585,current,acidification,0.04522394381606522
Norway,ssp585,medium-term,acidification,0.0865229925352267
Norway,ssp245,current,air heat index,0
Norway,ssp245,medium-term,air heat index,0
Norway,ssp585,current,air heat index,0
Norway,ssp585,medium-term,air heat index,0
Norway,ssp245,current,coastal disturbance,0.025002115835779732
Norway,ssp245,medium-term,coastal disturbance,0.022549780570370843
Norway,ssp585,current,coastal disturbance,0.024604300407623278
Norway,ssp585,medium-term,coastal disturbance,0.018796451386665244
Norway,ssp245,current,fisheries biomass loss,0.18816674191096602
Norway,ssp245,medium-term,fisheries biomass loss,0.1721787232857684
Norway,ssp585,current,fisheries biomass loss,0.18853573781712749
Norway,ssp585,medium-term,fisheries biomass loss,0.17452658182996178
Norway,ssp245,current,light pollution,0.0023434149181121968
Norway,ssp245,medium-term,light pollution,0.0019031681519355388
Norway,ssp585,current,light pollution,0.002452012849724286
Norway,ssp585,medium-term,light pollution,0.0019131253852541468
Norway,ssp245,current,nutrient pollution,0.001997709679536072
Norway,ssp245,medium-term,nutrient pollution,0.002373264440521623
Norway,ssp585,current,nutrient pollution,0.0019980408516574086
Norway,ssp585,medium-term,nutrient pollution,0.002334063587749251
Norway,ssp245,current,ocean warming,0.055073632827850855
Norway,ssp245,medium-term,ocean warming,0.1428667257034732
Norway,ssp585,current,ocean warming,0.10490951558372287
Norway,ssp585,medium-term,ocean warming,0.1927071424909034
Norway,ssp245,current,primary productivity,1.0699682168275873e-4
Norway,ssp245,medium-term,primary productivity,0.046972954518833605
Norway,ssp585,current,primary productivity,1.063656380959863e-4
Norway,ssp585,medium-term,primary productivity,0.051625341917134464
Norway,ssp245,current,reduced oxygen,0.0015297527645138534
Norway,ssp245,medium-term,reduced oxygen,0.006260243478718007
Norway,ssp585,current,reduced oxygen,0.0015297527645138534
Norway,ssp585,medium-term,reduced oxygen,0.009267653229991048
Norway,ssp245,current,sea level rise,0.003271910993101922
Norway,ssp245,medium-term,sea level rise,0.012135674533434207
Norway,ssp585,current,sea level rise,0.004275576300126767
Norway,ssp585,medium-term,sea level rise,0.023811811424936106
Jersey,ssp245,current,acidification,0.020270812477065192
Jersey,ssp245,medium-term,acidification,0.031045994835949386
Jersey,ssp585,current,acidification,0.019260638503510563
Jersey,ssp585,medium-term,acidification,0.039800830965759815
Jersey,ssp245,current,air heat index,0
Jersey,ssp245,medium-term,air heat index,0
Jersey,ssp585,current,air heat index,0
Jersey,ssp585,medium-term,air heat index,0
Jersey,ssp245,current,coastal disturbance,0.20146701580597437
Jersey,ssp245,medium-term,coastal disturbance,0.2009117044690356
Jersey,ssp585,current,coastal disturbance,0.2014882945768477
Jersey,ssp585,medium-term,coastal disturbance,0.20119415262524853
Jersey,ssp245,current,fisheries biomass loss,0
Jersey,ssp245,medium-term,fisheries biomass loss,0
Jersey,ssp585,current,fisheries biomass loss,0
Jersey,ssp585,medium-term,fisheries biomass loss,0
Jersey,ssp245,current,light pollution,0.0023138004708016507
Jersey,ssp245,medium-term,light pollution,0.0056847081305022576
Jersey,ssp585,current,light pollution,0.0023138004708016507
Jersey,ssp585,medium-term,light pollution,0.005711274201530613
Jersey,ssp245,current,nutrient pollution,3.7196865613875436e-4
Jersey,ssp245,medium-term,nutrient pollution,2.9768414926056803e-4
Jersey,ssp585,current,nutrient pollution,3.7297811814518373e-4
Jersey,ssp585,medium-term,nutrient pollution,2.3377011775060848e-4
Jersey,ssp245,current,ocean warming,0.015796407611560426
Jersey,ssp245,medium-term,ocean warming,0.04251490055321483
Jersey,ssp585,current,ocean warming,0.006318563103377526
Jersey,ssp585,medium-term,ocean warming,0.060387408775568474
Jersey,ssp245,current,primary productivity,0.005138654519441842
Jersey,ssp245,medium-term,primary productivity,0.14759563429834088
Jersey,ssp585,current,primary productivity,0.005417067129428687
Jersey,ssp585,medium-term,primary productivity,0.15830799710965948
Jersey,ssp245,current,reduced oxygen,1.8598397082880659e-4
Jersey,ssp245,medium-term,reduced oxygen,0.0036936919836989537
Jersey,ssp585,current,reduced oxygen,1.8598397082880659e-4
Jersey,ssp585,medium-term,reduced oxygen,0.009740171027715403
Jersey,ssp245,current,sea level rise,0.009971839528589042
Jersey,ssp245,medium-term,sea level rise,0.038282323803287
Jersey,ssp585,current,sea level rise,0.011076846531068439
Jersey,ssp585,medium-term,sea level rise,0.06716556643368676
Guernsey,ssp245,current,acidification,0.06324999614858265
Guernsey,ssp245,medium-term,acidification,0.09687125640406381
Guernsey,ssp585,current,acidification,0.060098001964573856
Guernsey,ssp585,medium-term,acidification,0.12418853184723187
Guernsey,ssp245,current,air heat index,0
Guernsey,ssp245,medium-term,air heat index,0
Guernsey,ssp585,current,air heat index,0
Guernsey,ssp585,medium-term,air heat index,0
Guernsey,ssp245,current,coastal disturbance,0.08217675251720581
Guernsey,ssp245,medium-term,coastal disturbance,0.08190102346690345
Guernsey,ssp585,current,coastal disturbance,0.08218796343918747
Guernsey,ssp585,medium-term,coastal disturbance,0.08203726383950337
Guernsey,ssp245,current,fisheries biomass loss,0.35044156566101053
Guernsey,ssp245,medium-term,fisheries biomass loss,0.3004439077631105
Guernsey,ssp585,current,fisheries biomass loss,0.35042150809805694
Guernsey,ssp585,medium-term,fisheries biomass loss,0.29772878560582355
Guernsey,ssp245,current,light pollution,5.911334972971907e-6
Guernsey,ssp245,medium-term,light pollution,7.060249291288723e-4
Guernsey,ssp585,current,light pollution,5.911334972971907e-6
Guernsey,ssp585,medium-term,light pollution,7.060249291288723e-4
Guernsey,ssp245,current,nutrient pollution,2.7793879490068693e-5
Guernsey,ssp245,medium-term,nutrient pollution,2.20572038103687e-5
Guernsey,ssp585,current,nutrient pollution,2.7793882358475062e-5
Guernsey,ssp585,medium-term,nutrient pollution,1.8134565116695738e-5
Guernsey,ssp245,current,ocean warming,0.04660913989461663
Guernsey,ssp245,medium-term,ocean warming,0.12523781413563903
Guernsey,ssp585,current,ocean warming,0.018828930303593203
Guernsey,ssp585,medium-term,ocean warming,0.17779867975836028
Guernsey,ssp245,current,primary productivity,0.004268767090812056
Guernsey,ssp245,medium-term,primary productivity,0.15641365734672247
Guernsey,ssp585,current,primary productivity,0.004483785009562359
Guernsey,ssp585,medium-term,primary productivity,0.1675911983318376
Guernsey,ssp245,current,reduced oxygen,0.0029036205082494976
Guernsey,ssp245,medium-term,reduced oxygen,0.006005605145079382
Guernsey,ssp585,current,reduced oxygen,0.0029036205082494976
Guernsey,ssp585,medium-term,reduced oxygen,0.011233929742327465
Guernsey,ssp245,current,sea level rise,0.005630859171595567
Guernsey,ssp245,medium-term,sea level rise,0.022379172974839233
Guernsey,ssp585,current,sea level rise,0.006275988188393126
Guernsey,ssp585,medium-term,sea level rise,0.03959409903305081
Tuvalu,ssp245,current,acidification,0
Tuvalu,ssp245,medium-term,acidification,0
Tuvalu,ssp585,current,acidification,0
Tuvalu,ssp585,medium-term,acidification,0
Tuvalu,ssp245,current,air heat index,0
Tuvalu,ssp245,medium-term,air heat index,0.0015325331974856769
Tuvalu,ssp585,current,air heat index,0
Tuvalu,ssp585,medium-term,air heat index,0.004918437877980371
Tuvalu,ssp245,current,coastal disturbance,4.913241893995736e-5
Tuvalu,ssp245,medium-term,coastal disturbance,4.913241893995736e-5
Tuvalu,ssp585,current,coastal disturbance,4.913241893995736e-5
Tuvalu,ssp585,medium-term,coastal disturbance,4.913241893995736e-5
Tuvalu,ssp245,current,fisheries biomass loss,0.036015688656976526
Tuvalu,ssp245,medium-term,fisheries biomass loss,0.288951858591092
Tuvalu,ssp585,current,fisheries biomass loss,0.036624230777984025
Tuvalu,ssp585,medium-term,fisheries biomass loss,0.2936757712918288
Tuvalu,ssp245,current,light pollution,0
Tuvalu,ssp245,medium-term,light pollution,0
Tuvalu,ssp585,current,light pollution,0
Tuvalu,ssp585,medium-term,light pollution,0
Tuvalu,ssp245,current,nutrient pollution,0
Tuvalu,ssp245,medium-term,nutrient pollution,0
Tuvalu,ssp585,current,nutrient pollution,0
Tuvalu,ssp585,medium-term,nutrient pollution,0
Tuvalu,ssp245,current,ocean warming,0.08589578153937598
Tuvalu,ssp245,medium-term,ocean warming,0.31006720544731553
Tuvalu,ssp585,current,ocean warming,0.0812916922620977
Tuvalu,ssp585,medium-term,ocean warming,0.403097263134459
Tuvalu,ssp245,current,primary productivity,0
Tuvalu,ssp245,medium-term,primary productivity,0.05485593517761455
Tuvalu,ssp585,current,primary productivity,0
Tuvalu,ssp585,medium-term,primary productivity,0.08539293429773762
Tuvalu,ssp245,current,reduced oxygen,0.0010470025169743062
Tuvalu,ssp245,medium-term,reduced oxygen,0.0025794823188544235
Tuvalu,ssp585,current,reduced oxygen,0.0010470025169743062
Tuvalu,ssp585,medium-term,reduced oxygen,0.0027193260634034862
Tuvalu,ssp245,current,sea level rise,4.4919862172237583e-4
Tuvalu,ssp245,medium-term,sea level rise,0.0046503138363215265
Tuvalu,ssp585,current,sea level rise,0.0012535086120182056
Tuvalu,ssp585,medium-term,sea level rise,0.006237251386183369
Pitcairn,ssp245,current,acidification,0
Pitcairn,ssp245,medium-term,acidification,0
Pitcairn,ssp585,current,acidification,0
Pitcairn,ssp585,medium-term,acidification,0.010689741530654828
Pitcairn,ssp245,current,air heat index,0
Pitcairn,ssp245,medium-term,air heat index,0
Pitcairn,ssp585,current,air heat index,0
Pitcairn,ssp585,medium-term,air heat index,0
Pitcairn,ssp245,current,coastal disturbance,2.4705070203860175e-4
Pitcairn,ssp245,medium-term,coastal disturbance,2.4705070203860175e-4
Pitcairn,ssp585,current,coastal disturbance,2.4705070203860175e-4
Pitcairn,ssp585,medium-term,coastal disturbance,2.4705070203860175e-4
Pitcairn,ssp245,current,fisheries biomass loss,0
Pitcairn,ssp245,medium-term,fisheries biomass loss,0.1917956870092894
Pitcairn,ssp585,current,fisheries biomass loss,0
Pitcairn,ssp585,medium-term,fisheries biomass loss,0.20391672182449838
Pitcairn,ssp245,current,light pollution,0
Pitcairn,ssp245,medium-term,light pollution,0
Pitcairn,ssp585,current,light pollution,0
Pitcairn,ssp585,medium-term,light pollution,0
Pitcairn,ssp245,current,nutrient pollution,0
Pitcairn,ssp245,medium-term,nutrient pollution,0
Pitcairn,ssp585,current,nutrient pollution,0
Pitcairn,ssp585,medium-term,nutrient pollution,0
Pitcairn,ssp245,current,ocean warming,0.08712244671803798
Pitcairn,ssp245,medium-term,ocean warming,0.16532703990540337
Pitcairn,ssp585,current,ocean warming,0.0661381765463476
Pitcairn,ssp585,medium-term,ocean warming,0.19811398630190524
Pitcairn,ssp245,current,primary productivity,0.01496226114770454
Pitcairn,ssp245,medium-term,primary productivity,0
Pitcairn,ssp585,current,primary productivity,0.022359202762800123
Pitcairn,ssp585,medium-term,primary productivity,0
Pitcairn,ssp245,current,reduced oxygen,0.0010939876606532231
Pitcairn,ssp245,medium-term,reduced oxygen,0.0026524777421425613
Pitcairn,ssp585,current,reduced oxygen,0.0010939876606532231
Pitcairn,ssp585,medium-term,reduced oxygen,0.002979301038863013
Pitcairn,ssp245,current,sea level rise,0
Pitcairn,ssp245,medium-term,sea level rise,0.002269063180493604
Pitcairn,ssp585,current,sea level rise,0
Pitcairn,ssp585,medium-term,sea level rise,0.004743368693905519
French Polynesia,ssp245,current,acidification,0
French Polynesia,ssp245,medium-term,acidification,1.2178976317554664e-4
French Polynesia,ssp585,current,acidification,0
French Polynesia,ssp585,medium-term,acidification,6.783867670445431e-4
French Polynesia,ssp245,current,air heat index,0
French Polynesia,ssp245,medium-term,air heat index,1.4534308818059756e-5
French Polynesia,ssp585,current,air heat index,0
French Polynesia,ssp585,medium-term,air heat index,2.5723930221125215e-4
French Polynesia,ssp245,current,coastal disturbance,0.007777732605183977
French Polynesia,ssp245,medium-term,coastal disturbance,0.008430592113659582
French Polynesia,ssp585,current,coastal disturbance,0.0077449494894065865
French Polynesia,ssp585,medium-term,coastal disturbance,0.008117011665720866
French Polynesia,ssp245,current,fisheries biomass loss,0.05161719814394642
French Polynesia,ssp245,medium-term,fisheries biomass loss,0.25230449426918317
French Polynesia,ssp585,current,fisheries biomass loss,0.05218538521739946
French Polynesia,ssp585,medium-term,fisheries biomass loss,0.2537654715464582
French Polynesia,ssp245,current,light pollution,3.600263950804e-5
French Polynesia,ssp245,medium-term,light pollution,1.1068672449898177e-4
French Polynesia,ssp585,current,light pollution,2.8618293391023613e-5
French Polynesia,ssp585,medium-term,light pollution,1.4087280947789856e-4
French Polynesia,ssp245,current,nutrient pollution,0
French Polynesia,ssp245,medium-term,nutrient pollution,0
French Polynesia,ssp585,current,nutrient pollution,0
French Polynesia,ssp585,medium-term,nutrient pollution,0
French Polynesia,ssp245,current,ocean warming,0.06728264573684797
French Polynesia,ssp245,medium-term,ocean warming,0.27014755318617895
French Polynesia,ssp585,current,ocean warming,0.06844412183736831
French Polynesia,ssp585,medium-term,ocean warming,0.3110360643582829
French Polynesia,ssp245,current,primary productivity,0.005817595456969798
French Polynesia,ssp245,medium-term,primary productivity,0.02650418561495269
French Polynesia,ssp585,current,primary productivity,0.005864013906799335
French Polynesia,ssp585,medium-term,primary productivity,0.03158996108511427
French Polynesia,ssp245,current,reduced oxygen,0.00569321663188193
French Polynesia,ssp245,medium-term,reduced oxygen,0.007216922815053107
French Polynesia,ssp585,current,reduced oxygen,0.00569321663188193
French Polynesia,ssp585,medium-term,reduced oxygen,0.007510951587807129
French Polynesia,ssp245,current,sea level rise,0
French Polynesia,ssp245,medium-term,sea level rise,0.008614917656226186
French Polynesia,ssp585,current,sea level rise,2.3933899816972148e-4
French Polynesia,ssp585,medium-term,sea level rise,0.014788259920809113
American Samoa,ssp245,current,acidification,0
American Samoa,ssp245,medium-term,acidification,0
American Samoa,ssp585,current,acidification,0
American Samoa,ssp585,medium-term,acidification,0
American Samoa,ssp245,current,air heat index,0
American Samoa,ssp245,medium-term,air heat index,2.741948339016227e-4
American Samoa,ssp585,current,air heat index,0
American Samoa,ssp585,medium-term,air heat index,0.0012311054671508312
American Samoa,ssp245,current,coastal disturbance,0
American Samoa,ssp245,medium-term,coastal disturbance,0
American Samoa,ssp585,current,coastal disturbance,0
American Samoa,ssp585,medium-term,coastal disturbance,0
American Samoa,ssp245,current,fisheries biomass loss,0.08539797411119576
American Samoa,ssp245,medium-term,fisheries biomass loss,0.17989205267145256
American Samoa,ssp585,current,fisheries biomass loss,0.085678437077012
American Samoa,ssp585,medium-term,fisheries biomass loss,0.20247247154694842
American Samoa,ssp245,current,light pollution,3.4866902542318024e-4
American Samoa,ssp245,medium-term,light pollution,3.4220652645980913e-4
American Samoa,ssp585,current,light pollution,3.4866902542318024e-4
American Samoa,ssp585,medium-term,light pollution,3.433760732219037e-4
American Samoa,ssp245,current,nutrient pollution,2.464791421565197e-5
American Samoa,ssp245,medium-term,nutrient pollution,2.6165804498600893e-5
American Samoa,ssp585,current,nutrient pollution,2.464791421565197e-5
American Samoa,ssp585,medium-term,nutrient pollution,2.0386542500337358e-5
American Samoa,ssp245,current,ocean warming,0.11314610826360327
American Samoa,ssp245,medium-term,ocean warming,0.3312273820338305
American Samoa,ssp585,current,ocean warming,0.08851742139590639
American Samoa,ssp585,medium-term,ocean warming,0.40656288156674664
American Samoa,ssp245,current,primary productivity,0
American Samoa,ssp245,medium-term,primary productivity,0.034646595515411875
American Samoa,ssp585,current,primary productivity,0
American Samoa,ssp585,medium-term,primary productivity,0.036961345673485343
American Samoa,ssp245,current,reduced oxygen,0.0027180075858440136
American Samoa,ssp245,medium-term,reduced oxygen,0.004504108959502377
American Samoa,ssp585,current,reduced oxygen,0.0027180075858440136
American Samoa,ssp585,medium-term,reduced oxygen,0.0043872765558507
American Samoa,ssp245,current,sea level rise,0.008293934356979147
American Samoa,ssp245,medium-term,sea level rise,0.016256933444276242
American Samoa,ssp585,current,sea level rise,0.010040505783179915
American Samoa,ssp585,medium-term,sea level rise,0.022311527332519444
Samoa,ssp245,current,acidification,0
Samoa,ssp245,medium-term,acidification,0
Samoa,ssp585,current,acidification,0
Samoa,ssp585,medium-term,acidification,0
Samoa,ssp245,current,air heat index,0
Samoa,ssp245,medium-term,air heat index,2.2145113802712278e-4
Samoa,ssp585,current,air heat index,0
Samoa,ssp585,medium-term,air heat index,9.944815888362911e-4
Samoa,ssp245,current,coastal disturbance,0.05504141056814777
Samoa,ssp245,medium-term,coastal disturbance,0.056087314765073365
Samoa,ssp585,current,coastal disturbance,0.0542674945834661
Samoa,ssp585,medium-term,coastal disturbance,0.04582607953611526
Samoa,ssp245,current,fisheries biomass loss,0.10767386005433521
Samoa,ssp245,medium-term,fisheries biomass loss,0.24249427528944706
Samoa,ssp585,current,fisheries biomass loss,0.10770312352492105
Samoa,ssp585,medium-term,fisheries biomass loss,0.2525982213910268
Samoa,ssp245,current,light pollution,0
Samoa,ssp245,medium-term,light pollution,1.729422098049883e-4
Samoa,ssp585,current,light pollution,0
Samoa,ssp585,medium-term,light pollution,2.7069121651858032e-5
Samoa,ssp245,current,nutrient pollution,4.897080222866998e-4
Samoa,ssp245,medium-term,nutrient pollution,6.26848923707228e-4
Samoa,ssp585,current,nutrient pollution,4.897080221510634e-4
Samoa,ssp585,medium-term,nutrient pollution,6.517730629750161e-4
Samoa,ssp245,current,ocean warming,0.08293756221995648
Samoa,ssp245,medium-term,ocean warming,0.2835778462401439
Samoa,ssp585,current,ocean warming,0.06325883855884012
Samoa,ssp585,medium-term,ocean warming,0.3503816302629167
Samoa,ssp245,current,primary productivity,0
Samoa,ssp245,medium-term,primary productivity,0.029776037075601267
Samoa,ssp585,current,primary productivity,0
Samoa,ssp585,medium-term,primary productivity,0.027621781010782456
Samoa,ssp245,current,reduced oxygen,0.0038991422426389636
Samoa,ssp245,medium-term,reduced oxygen,0.004405317461577855
Samoa,ssp585,current,reduced oxygen,0.0038991422426389636
Samoa,ssp585,medium-term,reduced oxygen,0.0049650687030411925
Samoa,ssp245,current,sea level rise,0.018092876627849933
Samoa,ssp245,medium-term,sea level rise,0.035223377861905526
Samoa,ssp585,current,sea level rise,0.021905543004844964
Samoa,ssp585,medium-term,sea level rise,0.04806050494120751
Cook Islands,ssp245,current,acidification,0
Cook Islands,ssp245,medium-term,acidification,0
Cook Islands,ssp585,current,acidification,0
Cook Islands,ssp585,medium-term,acidification,0
Cook Islands,ssp245,current,air heat index,0
Cook Islands,ssp245,medium-term,air heat index,3.43130809256735e-4
Cook Islands,ssp585,current,air heat index,0
Cook Islands,ssp585,medium-term,air heat index,0.0013220134065632504
Cook Islands,ssp245,current,coastal disturbance,0.006189865734190554
Cook Islands,ssp245,medium-term,coastal disturbance,0.006189865734190554
Cook Islands,ssp585,current,coastal disturbance,0.006189865734190554
Cook Islands,ssp585,medium-term,coastal disturbance,0.006189865734190554
Cook Islands,ssp245,current,fisheries biomass loss,0.05288769357001057
Cook Islands,ssp245,medium-term,fisheries biomass loss,0.1102628558216474
Cook Islands,ssp585,current,fisheries biomass loss,0.053304929750182535
Cook Islands,ssp585,medium-term,fisheries biomass loss,0.1239717464188232
Cook Islands,ssp245,current,light pollution,0
Cook Islands,ssp245,medium-term,light pollution,0
Cook Islands,ssp585,current,light pollution,0
Cook Islands,ssp585,medium-term,light pollution,0
Cook Islands,ssp245,current,nutrient pollution,0
Cook Islands,ssp245,medium-term,nutrient pollution,0
Cook Islands,ssp585,current,nutrient pollution,0
Cook Islands,ssp585,medium-term,nutrient pollution,0
Cook Islands,ssp245,current,ocean warming,0.09142649769047387
Cook Islands,ssp245,medium-term,ocean warming,0.2411024313822322
Cook Islands,ssp585,current,ocean warming,0.09132558055501765
Cook Islands,ssp585,medium-term,ocean warming,0.3018027289348425
Cook Islands,ssp245,current,primary productivity,0.012141895583706293
Cook Islands,ssp245,medium-term,primary productivity,0.031831861056831653
Cook Islands,ssp585,current,primary productivity,0.014626794577762744
Cook Islands,ssp585,medium-term,primary productivity,0.03316927596132834
Cook Islands,ssp245,current,reduced oxygen,0.0020346818742659036
Cook Islands,ssp245,medium-term,reduced oxygen,0.004011644019141026
Cook Islands,ssp585,current,reduced oxygen,0.0020346818742659036
Cook Islands,ssp585,medium-term,reduced oxygen,0.003831017811165132
Cook Islands,ssp245,current,sea level rise,4.853501244964306e-5
Cook Islands,ssp245,medium-term,sea level rise,0.005690592481906331
Cook Islands,ssp585,current,sea level rise,7.621818538525053e-4
Cook Islands,ssp585,medium-term,sea level rise,0.009389592645971407
Niue,ssp245,current,acidification,0
Niue,ssp245,medium-term,acidification,0
Niue,ssp585,current,acidification,0
Niue,ssp585,medium-term,acidification,0
Niue,ssp245,current,air heat index,0
Niue,ssp245,medium-term,air heat index,1.3791646892968856e-5
Niue,ssp585,current,air heat index,0
Niue,ssp585,medium-term,air heat index,1.7594642516390374e-4
Niue,ssp245,current,coastal disturbance,0.009339988353455434
Niue,ssp245,medium-term,coastal disturbance,0.009339988353455434
Niue,ssp585,current,coastal disturbance,0.009339988353455434
Niue,ssp585,medium-term,coastal disturbance,0.009339988353455434
Niue,ssp245,current,fisheries biomass loss,0.06157795429241256
Niue,ssp245,medium-term,fisheries biomass loss,0.24905952522082467
Niue,ssp585,current,fisheries biomass loss,0.061324116076320934
Niue,ssp585,medium-term,fisheries biomass loss,0.2571050439346436
Niue,ssp245,current,light pollution,0
Niue,ssp245,medium-term,light pollution,0
Niue,ssp585,current,light pollution,0
Niue,ssp585,medium-term,light pollution,0
Niue,ssp245,current,nutrient pollution,0
Niue,ssp245,medium-term,nutrient pollution,0
Niue,ssp585,current,nutrient pollution,0
Niue,ssp585,medium-term,nutrient pollution,0
Niue,ssp245,current,ocean warming,0.05817017536098016
Niue,ssp245,medium-term,ocean warming,0.1894574539376966
Niue,ssp585,current,ocean warming,0.06721322396030398
Niue,ssp585,medium-term,ocean warming,0.2545591140636437
Niue,ssp245,current,primary productivity,0.016900172521104647
Niue,ssp245,medium-term,primary productivity,0.02677641512233701
Niue,ssp585,current,primary productivity,0.018802303132512556
Niue,ssp585,medium-term,primary productivity,0.025020901476712726
Niue,ssp245,current,reduced oxygen,7.176679569080116e-4
Niue,ssp245,medium-term,reduced oxygen,0.0021858098551585186
Niue,ssp585,current,reduced oxygen,7.176679569080116e-4
Niue,ssp585,medium-term,reduced oxygen,0.0020917951765113667
Niue,ssp245,current,sea level rise,0.0017979032672883462
Niue,ssp245,medium-term,sea level rise,0.009375249052633686
Niue,ssp585,current,sea level rise,0.0035002789263671717
Niue,ssp585,medium-term,sea level rise,0.015086145804768117
Tonga,ssp245,current,acidification,0
Tonga,ssp245,medium-term,acidification,0
Tonga,ssp585,current,acidification,0
Tonga,ssp585,medium-term,acidification,1.531774099413519e-4
Tonga,ssp245,current,air heat index,0
Tonga,ssp245,medium-term,air heat index,4.240561793154311e-5
Tonga,ssp585,current,air heat index,0
Tonga,ssp585,medium-term,air heat index,2.515505217606975e-4
Tonga,ssp245,current,coastal disturbance,0.03636769264699521
Tonga,ssp245,medium-term,coastal disturbance,0.038374874981764756
Tonga,ssp585,current,coastal disturbance,0.03582295524484527
Tonga,ssp585,medium-term,coastal disturbance,0.032426218382073824
Tonga,ssp245,current,fisheries biomass loss,0.08671576531201297
Tonga,ssp245,medium-term,fisheries biomass loss,0.35440993567399404
Tonga,ssp585,current,fisheries biomass loss,0.08623498969149332
Tonga,ssp585,medium-term,fisheries biomass loss,0.35404166737505827
Tonga,ssp245,current,light pollution,1.576691619694903e-4
Tonga,ssp245,medium-term,light pollution,2.892930595359773e-4
Tonga,ssp585,current,light pollution,1.9840830771270998e-4
Tonga,ssp585,medium-term,light pollution,3.8642057783038e-4
Tonga,ssp245,current,nutrient pollution,3.053113607552036e-5
Tonga,ssp245,medium-term,nutrient pollution,5.383275098219704e-5
Tonga,ssp585,current,nutrient pollution,3.0327976264913104e-5
Tonga,ssp585,medium-term,nutrient pollution,5.911913590525613e-5
Tonga,ssp245,current,ocean warming,0.023816568766554136
Tonga,ssp245,medium-term,ocean warming,0.15085751186806318
Tonga,ssp585,current,ocean warming,0.05502907646795519
Tonga,ssp585,medium-term,ocean warming,0.23691315858206435
Tonga,ssp245,current,primary productivity,0.01739180344346349
Tonga,ssp245,medium-term,primary productivity,0.023196399286091688
Tonga,ssp585,current,primary productivity,0.017694447278835474
Tonga,ssp585,medium-term,primary productivity,0.020000241772161507
Tonga,ssp245,current,reduced oxygen,0.0031552509323957553
Tonga,ssp245,medium-term,reduced oxygen,0.0045987584939394905
Tonga,ssp585,current,reduced oxygen,0.0031552509323957553
Tonga,ssp585,medium-term,reduced oxygen,0.005448019741043749
Tonga,ssp245,current,sea level rise,0.0031548788099476856
Tonga,ssp245,medium-term,sea level rise,0.017491673552454293
Tonga,ssp585,current,sea level rise,0.006819335446964382
Tonga,ssp585,medium-term,sea level rise,0.02791767995665775
Tokelau,ssp245,current,acidification,0
Tokelau,ssp245,medium-term,acidification,0
Tokelau,ssp585,current,acidification,0
Tokelau,ssp585,medium-term,acidification,0
Tokelau,ssp245,current,air heat index,0
Tokelau,ssp245,medium-term,air heat index,9.336435032309955e-4
Tokelau,ssp585,current,air heat index,0
Tokelau,ssp585,medium-term,air heat index,0.0032287984649883583
Tokelau,ssp245,current,coastal disturbance,0
Tokelau,ssp245,medium-term,coastal disturbance,0
Tokelau,ssp585,current,coastal disturbance,0
Tokelau,ssp585,medium-term,coastal disturbance,0
Tokelau,ssp245,current,fisheries biomass loss,0.027458298527108127
Tokelau,ssp245,medium-term,fisheries biomass loss,0.2334050552356833
Tokelau,ssp585,current,fisheries biomass loss,0.027130092450685577
Tokelau,ssp585,medium-term,fisheries biomass loss,0.2377430138537117
Tokelau,ssp245,current,light pollution,0
Tokelau,ssp245,medium-term,light pollution,0
Tokelau,ssp585,current,light pollution,0
Tokelau,ssp585,medium-term,light pollution,0
Tokelau,ssp245,current,nutrient pollution,0
Tokelau,ssp245,medium-term,nutrient pollution,0
Tokelau,ssp585,current,nutrient pollution,0
Tokelau,ssp585,medium-term,nutrient pollution,0
Tokelau,ssp245,current,ocean warming,0.1253683581877946
Tokelau,ssp245,medium-term,ocean warming,0.35785245869798626
Tokelau,ssp585,current,ocean warming,0.14897683901108394
Tokelau,ssp585,medium-term,ocean warming,0.42115871366452967
Tokelau,ssp245,current,primary productivity,0
Tokelau,ssp245,medium-term,primary productivity,0.051951479857658946
Tokelau,ssp585,current,primary productivity,0
Tokelau,ssp585,medium-term,primary productivity,0.07395085399214925
Tokelau,ssp245,current,reduced oxygen,4.61451264669524e-5
Tokelau,ssp245,medium-term,reduced oxygen,9.743155942321847e-4
Tokelau,ssp585,current,reduced oxygen,4.61451264669524e-5
Tokelau,ssp585,medium-term,reduced oxygen,8.76978204463085e-4
Tokelau,ssp245,current,sea level rise,0.0010178668514223912
Tokelau,ssp245,medium-term,sea level rise,0.007954990568881234
Tokelau,ssp585,current,sea level rise,0.0024738941234924514
Tokelau,ssp585,medium-term,sea level rise,0.010954112435380617
Wallis and Futuna,ssp245,current,acidification,0
Wallis and Futuna,ssp245,medium-term,acidification,0
Wallis and Futuna,ssp585,current,acidification,0
Wallis and Futuna,ssp585,medium-term,acidification,0
Wallis and Futuna,ssp245,current,air heat index,0
Wallis and Futuna,ssp245,medium-term,air heat index,7.501199240020164e-4
Wallis and Futuna,ssp585,current,air heat index,0
Wallis and Futuna,ssp585,medium-term,air heat index,0.002744925250179874
Wallis and Futuna,ssp245,current,coastal disturbance,0.022014113267897092
Wallis and Futuna,ssp245,medium-term,coastal disturbance,0.022014113267897092
Wallis and Futuna,ssp585,current,coastal disturbance,0.022014113267897092
Wallis and Futuna,ssp585,medium-term,coastal disturbance,0.022014113267897092
Wallis and Futuna,ssp245,current,fisheries biomass loss,0.09373733301953717
Wallis and Futuna,ssp245,medium-term,fisheries biomass loss,0.198041344337234
Wallis and Futuna,ssp585,current,fisheries biomass loss,0.0937234226665355
Wallis and Futuna,ssp585,medium-term,fisheries biomass loss,0.21033297474227416
Wallis and Futuna,ssp245,current,light pollution,0
Wallis and Futuna,ssp245,medium-term,light pollution,0
Wallis and Futuna,ssp585,current,light pollution,0
Wallis and Futuna,ssp585,medium-term,light pollution,0
Wallis and Futuna,ssp245,current,nutrient pollution,0
Wallis and Futuna,ssp245,medium-term,nutrient pollution,0
Wallis and Futuna,ssp585,current,nutrient pollution,0
Wallis and Futuna,ssp585,medium-term,nutrient pollution,0
Wallis and Futuna,ssp245,current,ocean warming,0.06448577229047003
Wallis and Futuna,ssp245,medium-term,ocean warming,0.29655255238862877
Wallis and Futuna,ssp585,current,ocean warming,0.0629947080096127
Wallis and Futuna,ssp585,medium-term,ocean warming,0.3730770563124679
Wallis and Futuna,ssp245,current,primary productivity,0
Wallis and Futuna,ssp245,medium-term,primary productivity,0.03229943963714714
Wallis and Futuna,ssp585,current,primary productivity,4.381861288410299e-4
Wallis and Futuna,ssp585,medium-term,primary productivity,0.036194666943022945
Wallis and Futuna,ssp245,current,reduced oxygen,0.0049136569697411795
Wallis and Futuna,ssp245,medium-term,reduced oxygen,0.005405992402045692
Wallis and Futuna,ssp585,current,reduced oxygen,0.0049136569697411795
Wallis and Futuna,ssp585,medium-term,reduced oxygen,0.006096201502772693
Wallis and Futuna,ssp245,current,sea level rise,0.002765608135422763
Wallis and Futuna,ssp245,medium-term,sea level rise,0.009719641936662344
Wallis and Futuna,ssp585,current,sea level rise,0.004292987712035074
Wallis and Futuna,ssp585,medium-term,sea level rise,0.014685214441926338
South Georgia and the South Sandwich Islands,ssp245,current,acidification,0.11833169370327072
South Georgia and the South Sandwich Islands,ssp245,medium-term,acidification,0.18462752606289237
South Georgia and the South Sandwich Islands,ssp585,current,acidification,0.11740770948287002
South Georgia and the South Sandwich Islands,ssp585,medium-term,acidification,0.22164816012951688
South Georgia and the South Sandwich Islands,ssp245,current,air heat index,0
South Georgia and the South Sandwich Islands,ssp245,medium-term,air heat index,0
South Georgia and the South Sandwich Islands,ssp585,current,air heat index,0
South Georgia and the South Sandwich Islands,ssp585,medium-term,air heat index,0
South Georgia and the South Sandwich Islands,ssp245,current,coastal disturbance,0
South Georgia and the South Sandwich Islands,ssp245,medium-term,coastal disturbance,0
South Georgia and the South Sandwich Islands,ssp585,current,coastal disturbance,0
South Georgia and the South Sandwich Islands,ssp585,medium-term,coastal disturbance,0
South Georgia and the South Sandwich Islands,ssp245,current,fisheries biomass loss,0.07297349911685601
South Georgia and the South Sandwich Islands,ssp245,medium-term,fisheries biomass loss,0.09764663817694588
South Georgia and the South Sandwich Islands,ssp585,current,fisheries biomass loss,0.07127295491977059
South Georgia and the South Sandwich Islands,ssp585,medium-term,fisheries biomass loss,0.10088670518003214
South Georgia and the South Sandwich Islands,ssp245,current,light pollution,0
South Georgia and the South Sandwich Islands,ssp245,medium-term,light pollution,0
South Georgia and the South Sandwich Islands,ssp585,current,light pollution,0
South Georgia and the South Sandwich Islands,ssp585,medium-term,light pollution,0
South Georgia and the South Sandwich Islands,ssp245,current,nutrient pollution,0
South Georgia and the South Sandwich Islands,ssp245,medium-term,nutrient pollution,0
South Georgia and the South Sandwich Islands,ssp585,current,nutrient pollution,0
South Georgia and the South Sandwich Islands,ssp585,medium-term,nutrient pollution,0
South Georgia and the South Sandwich Islands,ssp245,current,ocean warming,0.09451701247393392
South Georgia and the South Sandwich Islands,ssp245,medium-term,ocean warming,0.1728292358638183
South Georgia and the South Sandwich Islands,ssp585,current,ocean warming,0.054169158733530634
South Georgia and the South Sandwich Islands,ssp585,medium-term,ocean warming,0.22441329044704617
South Georgia and the South Sandwich Islands,ssp245,current,primary productivity,9.1731446903173e-4
South Georgia and the South Sandwich Islands,ssp245,medium-term,primary productivity,0.0028262467451234193
South Georgia and the South Sandwich Islands,ssp585,current,primary productivity,9.433394709335018e-4
South Georgia and the South Sandwich Islands,ssp585,medium-term,primary productivity,0.0020017667783556385
South Georgia and the South Sandwich Islands,ssp245,current,reduced oxygen,1.2845589537492606e-4
South Georgia and the South Sandwich Islands,ssp245,medium-term,reduced oxygen,0.0019833912766450707
South Georgia and the South Sandwich Islands,ssp585,current,reduced oxygen,1.2845589537492606e-4
South Georgia and the South Sandwich Islands,ssp585,medium-term,reduced oxygen,0.0015900781021566458
South Georgia and the South Sandwich Islands,ssp245,current,sea level rise,0
South Georgia and the South Sandwich Islands,ssp245,medium-term,sea level rise,0.0029853827494607135
South Georgia and the South Sandwich Islands,ssp585,current,sea level rise,0
South Georgia and the South Sandwich Islands,ssp585,medium-term,sea level rise,0.014728106239834398
Falkland Islands,ssp245,current,acidification,0.04008971364432456
Falkland Islands,ssp245,medium-term,acidification,0.06267634271336531
Falkland Islands,ssp585,current,acidification,0.04058978981354158
Falkland Islands,ssp585,medium-term,acidification,0.07562568711375284
Falkland Islands,ssp245,current,air heat index,0
Falkland Islands,ssp245,medium-term,air heat index,0
Falkland Islands,ssp585,current,air heat index,0
Falkland Islands,ssp585,medium-term,air heat index,0
Falkland Islands,ssp245,current,coastal disturbance,0.001642139401197368
Falkland Islands,ssp245,medium-term,coastal disturbance,0.001642139401197368
Falkland Islands,ssp585,current,coastal disturbance,0.001642139401197368
Falkland Islands,ssp585,medium-term,coastal disturbance,0.001642139401197368
Falkland Islands,ssp245,current,fisheries biomass loss,0.14591690113632927
Falkland Islands,ssp245,medium-term,fisheries biomass loss,0.14332735730392093
Falkland Islands,ssp585,current,fisheries biomass loss,0.14743697778133638
Falkland Islands,ssp585,medium-term,fisheries biomass loss,0.1433527705245465
Falkland Islands,ssp245,current,light pollution,0
Falkland Islands,ssp245,medium-term,light pollution,0
Falkland Islands,ssp585,current,light pollution,0
Falkland Islands,ssp585,medium-term,light pollution,0
Falkland Islands,ssp245,current,nutrient pollution,8.981867422566815e-7
Falkland Islands,ssp245,medium-term,nutrient pollution,1.4222640261021345e-6
Falkland Islands,ssp585,current,nutrient pollution,8.981867417951507e-7
Falkland Islands,ssp585,medium-term,nutrient pollution,1.017531031817435e-6
Falkland Islands,ssp245,current,ocean warming,0.028722286041844815
Falkland Islands,ssp245,medium-term,ocean warming,0.10626897438397379
Falkland Islands,ssp585,current,ocean warming,0.017663221453634137
Falkland Islands,ssp585,medium-term,ocean warming,0.12371582074571447
Falkland Islands,ssp245,current,primary productivity,2.3696910919546025e-4
Falkland Islands,ssp245,medium-term,primary productivity,0
Falkland Islands,ssp585,current,primary productivity,2.7905013769178406e-4
Falkland Islands,ssp585,medium-term,primary productivity,0
Falkland Islands,ssp245,current,reduced oxygen,3.0128865558746624e-4
Falkland Islands,ssp245,medium-term,reduced oxygen,0.001614220613565881
Falkland Islands,ssp585,current,reduced oxygen,3.0128865558746624e-4
Falkland Islands,ssp585,medium-term,reduced oxygen,0.0031514274640260507
Falkland Islands,ssp245,current,sea level rise,0
Falkland Islands,ssp245,medium-term,sea level rise,0.011018679068842603
Falkland Islands,ssp585,current,sea level rise,0
Falkland Islands,ssp585,medium-term,sea level rise,0.058969226811753636
Bouvet Island,ssp245,current,acidification,0.14935935847279325
Bouvet Island,ssp245,medium-term,acidification,0.23673448467161506
Bouvet Island,ssp585,current,acidification,0.14977886005908658
Bouvet Island,ssp585,medium-term,acidification,0.2803944763945765
Bouvet Island,ssp245,current,air heat index,0
Bouvet Island,ssp245,medium-term,air heat index,0
Bouvet Island,ssp585,current,air heat index,0
Bouvet Island,ssp585,medium-term,air heat index,0
Bouvet Island,ssp245,current,coastal disturbance,0
Bouvet Island,ssp245,medium-term,coastal disturbance,0
Bouvet Island,ssp585,current,coastal disturbance,0
Bouvet Island,ssp585,medium-term,coastal disturbance,0
Bouvet Island,ssp245,current,fisheries biomass loss,0.06609371391368768
Bouvet Island,ssp245,medium-term,fisheries biomass loss,0.09575096026310348
Bouvet Island,ssp585,current,fisheries biomass loss,0.06679164245815628
Bouvet Island,ssp585,medium-term,fisheries biomass loss,0.09546857617533533
Bouvet Island,ssp245,current,light pollution,0
Bouvet Island,ssp245,medium-term,light pollution,0
Bouvet Island,ssp585,current,light pollution,0
Bouvet Island,ssp585,medium-term,light pollution,0
Bouvet Island,ssp245,current,nutrient pollution,0
Bouvet Island,ssp245,medium-term,nutrient pollution,0
Bouvet Island,ssp585,current,nutrient pollution,0
Bouvet Island,ssp585,medium-term,nutrient pollution,0
Bouvet Island,ssp245,current,ocean warming,0.059807941649523855
Bouvet Island,ssp245,medium-term,ocean warming,0.1624383780908829
Bouvet Island,ssp585,current,ocean warming,0.019555485782689175
Bouvet Island,ssp585,medium-term,ocean warming,0.2651012750720838
Bouvet Island,ssp245,current,primary productivity,0.008492701223019594
Bouvet Island,ssp245,medium-term,primary productivity,0.004914074205743191
Bouvet Island,ssp585,current,primary productivity,0.007965471097122645
Bouvet Island,ssp585,medium-term,primary productivity,0.0016973350780631322
Bouvet Island,ssp245,current,reduced oxygen,0
Bouvet Island,ssp245,medium-term,reduced oxygen,0.0012445362867108392
Bouvet Island,ssp585,current,reduced oxygen,0
Bouvet Island,ssp585,medium-term,reduced oxygen,6.790301870385207e-5
Bouvet Island,ssp245,current,sea level rise,0
Bouvet Island,ssp245,medium-term,sea level rise,0
Bouvet Island,ssp585,current,sea level rise,0
Bouvet Island,ssp585,medium-term,sea level rise,0.0030791972940278343
Colombia,ssp245,current,acidification,5.502079812882287e-4
Colombia,ssp245,medium-term,acidification,0.012192888208574004
Colombia,ssp585,current,acidification,6.204124030254012e-4
Colombia,ssp585,medium-term,acidification,0.017422561510454113
Colombia,ssp245,current,air heat index,2.588326101580546e-4
Colombia,ssp245,medium-term,air heat index,0.00869580097433898
Colombia,ssp585,current,air heat index,3.435952129710459e-4
Colombia,ssp585,medium-term,air heat index,0.014699810688162855
Colombia,ssp245,current,coastal disturbance,0.04366769980919503
Colombia,ssp245,medium-term,coastal disturbance,0.040078806233242545
Colombia,ssp585,current,coastal disturbance,0.042340545684025115
Colombia,ssp585,medium-term,coastal disturbance,0.034170393272992594
Colombia,ssp245,current,fisheries biomass loss,0.1585457119220113
Colombia,ssp245,medium-term,fisheries biomass loss,0.3395997542833058
Colombia,ssp585,current,fisheries biomass loss,0.15956160807097045
Colombia,ssp585,medium-term,fisheries biomass loss,0.33921680118918196
Colombia,ssp245,current,light pollution,9.498015613860575e-4
Colombia,ssp245,medium-term,light pollution,0.0018388248609457912
Colombia,ssp585,current,light pollution,8.850869782124437e-4
Colombia,ssp585,medium-term,light pollution,0.0018629041604996377
Colombia,ssp245,current,nutrient pollution,0.027896698598159294
Colombia,ssp245,medium-term,nutrient pollution,0.039123757440683596
Colombia,ssp585,current,nutrient pollution,0.027924245511751343
Colombia,ssp585,medium-term,nutrient pollution,0.03907705261822581
Colombia,ssp245,current,ocean warming,0.052703064445693816
Colombia,ssp245,medium-term,ocean warming,0.2340516280049579
Colombia,ssp585,current,ocean warming,0.03609829456753795
Colombia,ssp585,medium-term,ocean warming,0.29379300385325874
Colombia,ssp245,current,primary productivity,0.00231647341479799
Colombia,ssp245,medium-term,primary productivity,0.016911139048429728
Colombia,ssp585,current,primary productivity,0.0022250085883703924
Colombia,ssp585,medium-term,primary productivity,0.008285847796785097
Colombia,ssp245,current,reduced oxygen,0.06594009772901213
Colombia,ssp245,medium-term,reduced oxygen,0.0677429423471633
Colombia,ssp585,current,reduced oxygen,0.06594009772901213
Colombia,ssp585,medium-term,reduced oxygen,0.06837007784276213
Colombia,ssp245,current,sea level rise,0.01858748502193178
Colombia,ssp245,medium-term,sea level rise,0.04436156355053545
Colombia,ssp585,current,sea level rise,0.02083534294404403
Colombia,ssp585,medium-term,sea level rise,0.06723793804135983
Ecuador,ssp245,current,acidification,0.016034517754492078
Ecuador,ssp245,medium-term,acidification,0.04287998966719103
Ecuador,ssp585,current,acidification,0.016814615693784396
Ecuador,ssp585,medium-term,acidification,0.05604621302394865
Ecuador,ssp245,current,air heat index,0
Ecuador,ssp245,medium-term,air heat index,3.362007997209319e-6
Ecuador,ssp585,current,air heat index,0
Ecuador,ssp585,medium-term,air heat index,5.9557417924664994e-5
Ecuador,ssp245,current,coastal disturbance,0.037547551066223976
Ecuador,ssp245,medium-term,coastal disturbance,0.037354872267904224
Ecuador,ssp585,current,coastal disturbance,0.03680540950439105
Ecuador,ssp585,medium-term,coastal disturbance,0.03275463688472491
Ecuador,ssp245,current,fisheries biomass loss,0.08719971282269487
Ecuador,ssp245,medium-term,fisheries biomass loss,0.34410721187338184
Ecuador,ssp585,current,fisheries biomass loss,0.08768220664899039
Ecuador,ssp585,medium-term,fisheries biomass loss,0.3439694002840991
Ecuador,ssp245,current,light pollution,0.0013896814207629712
Ecuador,ssp245,medium-term,light pollution,0.0016764063760205236
Ecuador,ssp585,current,light pollution,0.0014492071137350011
Ecuador,ssp585,medium-term,light pollution,0.0017211226873693004
Ecuador,ssp245,current,nutrient pollution,0.0128702451867138
Ecuador,ssp245,medium-term,nutrient pollution,0.01767331158033889
Ecuador,ssp585,current,nutrient pollution,0.012897476148698387
Ecuador,ssp585,medium-term,nutrient pollution,0.019292068315523013
Ecuador,ssp245,current,ocean warming,0.025184560152741144
Ecuador,ssp245,medium-term,ocean warming,0.09826024452021308
Ecuador,ssp585,current,ocean warming,0.015236354956128583
Ecuador,ssp585,medium-term,ocean warming,0.14173834750487435
Ecuador,ssp245,current,primary productivity,0.0068426886665601564
Ecuador,ssp245,medium-term,primary productivity,0.006048326152330685
Ecuador,ssp585,current,primary productivity,0.00648126442126061
Ecuador,ssp585,medium-term,primary productivity,0.0055297179861617165
Ecuador,ssp245,current,reduced oxygen,0.12209126840012163
Ecuador,ssp245,medium-term,reduced oxygen,0.12397740837227278
Ecuador,ssp585,current,reduced oxygen,0.12209126840012163
Ecuador,ssp585,medium-term,reduced oxygen,0.12406377372591948
Ecuador,ssp245,current,sea level rise,2.2334650435982795e-6
Ecuador,ssp245,medium-term,sea level rise,0.022483802630071246
Ecuador,ssp585,current,sea level rise,0.0013713997352525372
Ecuador,ssp585,medium-term,sea level rise,0.04855984790081724
Peru,ssp245,current,acidification,0.03861471351430597
Peru,ssp245,medium-term,acidification,0.07370666540699089
Peru,ssp585,current,acidification,0.04091053800309825
Peru,ssp585,medium-term,acidification,0.08374174851653292
Peru,ssp245,current,air heat index,0
Peru,ssp245,medium-term,air heat index,3.4224037965311885e-8
Peru,ssp585,current,air heat index,0
Peru,ssp585,medium-term,air heat index,1.7958729591495734e-6
Peru,ssp245,current,coastal disturbance,0.036763059132931805
Peru,ssp245,medium-term,coastal disturbance,0.035572120851328465
Peru,ssp585,current,coastal disturbance,0.03569582628557485
Peru,ssp585,medium-term,coastal disturbance,0.030754854243366655
Peru,ssp245,current,fisheries biomass loss,0.15978624232749167
Peru,ssp245,medium-term,fisheries biomass loss,0.3406864228953894
Peru,ssp585,current,fisheries biomass loss,0.15957986114499642
Peru,ssp585,medium-term,fisheries biomass loss,0.3405117775693697
Peru,ssp245,current,light pollution,0.001697469628574114
Peru,ssp245,medium-term,light pollution,0.002621406970089223
Peru,ssp585,current,light pollution,0.0016327131726473873
Peru,ssp585,medium-term,light pollution,0.002398817136906119
Peru,ssp245,current,nutrient pollution,0.01954680685662374
Peru,ssp245,medium-term,nutrient pollution,0.025472979919549388
Peru,ssp585,current,nutrient pollution,0.019636940067136774
Peru,ssp585,medium-term,nutrient pollution,0.02719622643709985
Peru,ssp245,current,ocean warming,0.04557591316296891
Peru,ssp245,medium-term,ocean warming,0.1302780348066657
Peru,ssp585,current,ocean warming,0.031448928181952364
Peru,ssp585,medium-term,ocean warming,0.18127702870973736
Peru,ssp245,current,primary productivity,0.0030957070357059665
Peru,ssp245,medium-term,primary productivity,0.012989049635721945
Peru,ssp585,current,primary productivity,0.0027689304762283373
Peru,ssp585,medium-term,primary productivity,0.016456045284218485
Peru,ssp245,current,reduced oxygen,0.21682776445514967
Peru,ssp245,medium-term,reduced oxygen,0.2174445555511518
Peru,ssp585,current,reduced oxygen,0.21682776445514967
Peru,ssp585,medium-term,reduced oxygen,0.21784345372189448
Peru,ssp245,current,sea level rise,0
Peru,ssp245,medium-term,sea level rise,0.012254057039647775
Peru,ssp585,current,sea level rise,0
Peru,ssp585,medium-term,sea level rise,0.03147364872462976
Venezuela,ssp245,current,acidification,0
Venezuela,ssp245,medium-term,acidification,0
Venezuela,ssp585,current,acidification,0
Venezuela,ssp585,medium-term,acidification,0.0018645380857902727
Venezuela,ssp245,current,air heat index,0.001859174670564706
Venezuela,ssp245,medium-term,air heat index,0.0115698014965488
Venezuela,ssp585,current,air heat index,0.0022052051725032886
Venezuela,ssp585,medium-term,air heat index,0.018057759957822217
Venezuela,ssp245,current,coastal disturbance,0.03714462131282568
Venezuela,ssp245,medium-term,coastal disturbance,0.032934948730829576
Venezuela,ssp585,current,coastal disturbance,0.03700131028555036
Venezuela,ssp585,medium-term,coastal disturbance,0.03196860876531049
Venezuela,ssp245,current,fisheries biomass loss,0.17714056199870834
Venezuela,ssp245,medium-term,fisheries biomass loss,0.3198876117505568
Venezuela,ssp585,current,fisheries biomass loss,0.17720079926572563
Venezuela,ssp585,medium-term,fisheries biomass loss,0.3198696316017516
Venezuela,ssp245,current,light pollution,0.0030027942667720238
Venezuela,ssp245,medium-term,light pollution,0.0029800262526001207
Venezuela,ssp585,current,light pollution,0.003077025247624245
Venezuela,ssp585,medium-term,light pollution,0.0033855997555340815
Venezuela,ssp245,current,nutrient pollution,0.02084198782836221
Venezuela,ssp245,medium-term,nutrient pollution,0.025160093742786858
Venezuela,ssp585,current,nutrient pollution,0.02092739712316019
Venezuela,ssp585,medium-term,nutrient pollution,0.024667599327673914
Venezuela,ssp245,current,ocean warming,0.02349135049297246
Venezuela,ssp245,medium-term,ocean warming,0.15431663786080443
Venezuela,ssp585,current,ocean warming,0.022835079282123246
Venezuela,ssp585,medium-term,ocean warming,0.20916884889270757
Venezuela,ssp245,current,primary productivity,9.010002694048059e-5
Venezuela,ssp245,medium-term,primary productivity,0.025635338155381764
Venezuela,ssp585,current,primary productivity,1.3383864430519335e-4
Venezuela,ssp585,medium-term,primary productivity,0.015339714434686494
Venezuela,ssp245,current,reduced oxygen,0.004761832281514386
Venezuela,ssp245,medium-term,reduced oxygen,0.007343143400665261
Venezuela,ssp585,current,reduced oxygen,0.004761832281514386
Venezuela,ssp585,medium-term,reduced oxygen,0.007212801252044875
Venezuela,ssp245,current,sea level rise,0.02265422328630165
Venezuela,ssp245,medium-term,sea level rise,0.05979194327777482
Venezuela,ssp585,current,sea level rise,0.026953623831332416
Venezuela,ssp585,medium-term,sea level rise,0.08447975812313623
Guyana,ssp245,current,acidification,0
Guyana,ssp245,medium-term,acidification,0
Guyana,ssp585,current,acidification,0
Guyana,ssp585,medium-term,acidification,0.003884063841898002
Guyana,ssp245,current,air heat index,2.62635570807641e-7
Guyana,ssp245,medium-term,air heat index,0.0030309072379382353
Guyana,ssp585,current,air heat index,2.075694229621577e-6
Guyana,ssp585,medium-term,air heat index,0.008225258460323162
Guyana,ssp245,current,coastal disturbance,0.07793909312549123
Guyana,ssp245,medium-term,coastal disturbance,0.08073468301376231
Guyana,ssp585,current,coastal disturbance,0.07700216370934708
Guyana,ssp585,medium-term,coastal disturbance,0.06997112219205386
Guyana,ssp245,current,fisheries biomass loss,0.14054413661078263
Guyana,ssp245,medium-term,fisheries biomass loss,0.28411844565005806
Guyana,ssp585,current,fisheries biomass loss,0.1410783347348436
Guyana,ssp585,medium-term,fisheries biomass loss,0.2839695200947223
Guyana,ssp245,current,light pollution,5.685089839543626e-4
Guyana,ssp245,medium-term,light pollution,8.593874652647439e-4
Guyana,ssp585,current,light pollution,5.428181147555518e-4
Guyana,ssp585,medium-term,light pollution,8.560424106529833e-4
Guyana,ssp245,current,nutrient pollution,0.013790288205763172
Guyana,ssp245,medium-term,nutrient pollution,0.03496453693400235
Guyana,ssp585,current,nutrient pollution,0.014063902310505472
Guyana,ssp585,medium-term,nutrient pollution,0.05895619109705401
Guyana,ssp245,current,ocean warming,0.00855681329007626
Guyana,ssp245,medium-term,ocean warming,0.1022347186354797
Guyana,ssp585,current,ocean warming,0.017062395553105434
Guyana,ssp585,medium-term,ocean warming,0.13210329979183905
Guyana,ssp245,current,primary productivity,0
Guyana,ssp245,medium-term,primary productivity,0.0017512748432078323
Guyana,ssp585,current,primary productivity,1.39554861575294e-7
Guyana,ssp585,medium-term,primary productivity,4.5119187668393236e-4
Guyana,ssp245,current,reduced oxygen,8.881868075878952e-6
Guyana,ssp245,medium-term,reduced oxygen,0.00419485928351632
Guyana,ssp585,current,reduced oxygen,8.881868075878952e-6
Guyana,ssp585,medium-term,reduced oxygen,0.006239106851032428
Guyana,ssp245,current,sea level rise,0.016566035386109863
Guyana,ssp245,medium-term,sea level rise,0.06070633397372577
Guyana,ssp585,current,sea level rise,0.02104628064968411
Guyana,ssp585,medium-term,sea level rise,0.08966104870983947
Suriname,ssp245,current,acidification,0
Suriname,ssp245,medium-term,acidification,0
Suriname,ssp585,current,acidification,0
Suriname,ssp585,medium-term,acidification,0.0026242298604279694
Suriname,ssp245,current,air heat index,2.183805332003502e-5
Suriname,ssp245,medium-term,air heat index,0.0031955250253733456
Suriname,ssp585,current,air heat index,2.416632864023066e-5
Suriname,ssp585,medium-term,air heat index,0.009325177309343988
Suriname,ssp245,current,coastal disturbance,0.05636782162980197
Suriname,ssp245,medium-term,coastal disturbance,0.059953174325548815
Suriname,ssp585,current,coastal disturbance,0.056033382867650965
Suriname,ssp585,medium-term,coastal disturbance,0.05600005715055641
Suriname,ssp245,current,fisheries biomass loss,0.18081117640615682
Suriname,ssp245,medium-term,fisheries biomass loss,0.3239489075220242
Suriname,ssp585,current,fisheries biomass loss,0.18085130390101584
Suriname,ssp585,medium-term,fisheries biomass loss,0.32364650245551857
Suriname,ssp245,current,light pollution,0.0020598636906112677
Suriname,ssp245,medium-term,light pollution,0.002830156891474636
Suriname,ssp585,current,light pollution,0.002052242899695516
Suriname,ssp585,medium-term,light pollution,0.003005392505431527
Suriname,ssp245,current,nutrient pollution,0.0063669558481203046
Suriname,ssp245,medium-term,nutrient pollution,0.025589055622349297
Suriname,ssp585,current,nutrient pollution,0.005398493218315975
Suriname,ssp585,medium-term,nutrient pollution,0.05612940245317133
Suriname,ssp245,current,ocean warming,0.011356047201761714
Suriname,ssp245,medium-term,ocean warming,0.12457757824286295
Suriname,ssp585,current,ocean warming,0.0182426504617795
Suriname,ssp585,medium-term,ocean warming,0.1638986166897544
Suriname,ssp245,current,primary productivity,7.60700621966084e-5
Suriname,ssp245,medium-term,primary productivity,0.006225995598980988
Suriname,ssp585,current,primary productivity,2.2683654866300477e-4
Suriname,ssp585,medium-term,primary productivity,0
Suriname,ssp245,current,reduced oxygen,4.394539923065377e-5
Suriname,ssp245,medium-term,reduced oxygen,0.003520059156384827
Suriname,ssp585,current,reduced oxygen,4.394539923065377e-5
Suriname,ssp585,medium-term,reduced oxygen,0.005567334578883899
Suriname,ssp245,current,sea level rise,0.02000335124524028
Suriname,ssp245,medium-term,sea level rise,0.07504758687580025
Suriname,ssp585,current,sea level rise,0.0250594258531431
Suriname,ssp585,medium-term,sea level rise,0.11126025157504495
French Guiana,ssp245,current,acidification,0
French Guiana,ssp245,medium-term,acidification,0
French Guiana,ssp585,current,acidification,0
French Guiana,ssp585,medium-term,acidification,0
French Guiana,ssp245,current,air heat index,5.650961381769249e-6
French Guiana,ssp245,medium-term,air heat index,0.0017411444673167639
French Guiana,ssp585,current,air heat index,3.184199110699793e-6
French Guiana,ssp585,medium-term,air heat index,0.006153988666636379
French Guiana,ssp245,current,coastal disturbance,0.053487922861679756
French Guiana,ssp245,medium-term,coastal disturbance,0.0672152035140674
French Guiana,ssp585,current,coastal disturbance,0.053405241340021205
French Guiana,ssp585,medium-term,coastal disturbance,0.066843300810792
French Guiana,ssp245,current,fisheries biomass loss,0.17677985607052074
French Guiana,ssp245,medium-term,fisheries biomass loss,0.3310382228516238
French Guiana,ssp585,current,fisheries biomass loss,0.17711799092449884
French Guiana,ssp585,medium-term,fisheries biomass loss,0.33069573247155765
French Guiana,ssp245,current,light pollution,0.0016229746014663473
French Guiana,ssp245,medium-term,light pollution,0.002348772091423406
French Guiana,ssp585,current,light pollution,0.0016571129423889365
French Guiana,ssp585,medium-term,light pollution,0.002090109875222735
French Guiana,ssp245,current,nutrient pollution,0.003295409497812657
French Guiana,ssp245,medium-term,nutrient pollution,0.06602750801712079
French Guiana,ssp585,current,nutrient pollution,0.0033378335118238226
French Guiana,ssp585,medium-term,nutrient pollution,0.08227887287182273
French Guiana,ssp245,current,ocean warming,0.022318662317296626
French Guiana,ssp245,medium-term,ocean warming,0.16429168340308886
French Guiana,ssp585,current,ocean warming,0.028370865375740992
French Guiana,ssp585,medium-term,ocean warming,0.2222791702315015
French Guiana,ssp245,current,primary productivity,4.297448698364525e-4
French Guiana,ssp245,medium-term,primary productivity,0.015430517527611778
French Guiana,ssp585,current,primary productivity,6.830842010375089e-4
French Guiana,ssp585,medium-term,primary productivity,0.01034868968655294
French Guiana,ssp245,current,reduced oxygen,4.771982649227109e-4
French Guiana,ssp245,medium-term,reduced oxygen,0.0042295491361839695
French Guiana,ssp585,current,reduced oxygen,4.771982649227109e-4
French Guiana,ssp585,medium-term,reduced oxygen,0.006453901666722423
French Guiana,ssp245,current,sea level rise,0.016221995693386386
French Guiana,ssp245,medium-term,sea level rise,0.061782305834716875
French Guiana,ssp585,current,sea level rise,0.01996629208228306
French Guiana,ssp585,medium-term,sea level rise,0.09190480820712094
Brazil,ssp245,current,acidification,0
Brazil,ssp245,medium-term,acidification,0.0015566786676694552
Brazil,ssp585,current,acidification,0
Brazil,ssp585,medium-term,acidification,0.004467170033574543
Brazil,ssp245,current,air heat index,2.085623891469574e-4
Brazil,ssp245,medium-term,air heat index,0.0062443869578788684
Brazil,ssp585,current,air heat index,2.4812157917568416e-4
Brazil,ssp585,medium-term,air heat index,0.011853861385414487
Brazil,ssp245,current,coastal disturbance,0.06553059042119114
Brazil,ssp245,medium-term,coastal disturbance,0.0643473491103334
Brazil,ssp585,current,coastal disturbance,0.06533115012663936
Brazil,ssp585,medium-term,coastal disturbance,0.06198490922771496
Brazil,ssp245,current,fisheries biomass loss,0.17271274990564006
Brazil,ssp245,medium-term,fisheries biomass loss,0.295198765058873
Brazil,ssp585,current,fisheries biomass loss,0.17247497875786796
Brazil,ssp585,medium-term,fisheries biomass loss,0.2949946422585243
Brazil,ssp245,current,light pollution,0.005386231558159867
Brazil,ssp245,medium-term,light pollution,0.005068610221611381
Brazil,ssp585,current,light pollution,0.005426121252620296
Brazil,ssp585,medium-term,light pollution,0.005472952239680881
Brazil,ssp245,current,nutrient pollution,0.039735634793421334
Brazil,ssp245,medium-term,nutrient pollution,0.04519991534366699
Brazil,ssp585,current,nutrient pollution,0.03966834010185156
Brazil,ssp585,medium-term,nutrient pollution,0.046358735381865405
Brazil,ssp245,current,ocean warming,0.03662649406547789
Brazil,ssp245,medium-term,ocean warming,0.13420693434020634
Brazil,ssp585,current,ocean warming,0.03999272169984418
Brazil,ssp585,medium-term,ocean warming,0.1680795004423816
Brazil,ssp245,current,primary productivity,0.0034006710506002775
Brazil,ssp245,medium-term,primary productivity,0.005371655372176016
Brazil,ssp585,current,primary productivity,0.003656563943972984
Brazil,ssp585,medium-term,primary productivity,0.005314317717322321
Brazil,ssp245,current,reduced oxygen,0.0014110821546190094
Brazil,ssp245,medium-term,reduced oxygen,0.004218102368490356
Brazil,ssp585,current,reduced oxygen,0.0014110821546190094
Brazil,ssp585,medium-term,reduced oxygen,0.005953727952083207
Brazil,ssp245,current,sea level rise,0.006540492338124729
Brazil,ssp245,medium-term,sea level rise,0.0550918863482223
Brazil,ssp585,current,sea level rise,0.010848504626983734
Brazil,ssp585,medium-term,sea level rise,0.09122572339208056
Argentina,ssp245,current,acidification,0.031128515864137635
Argentina,ssp245,medium-term,acidification,0.04998219284694865
Argentina,ssp585,current,acidification,0.030969776316958585
Argentina,ssp585,medium-term,acidification,0.06043040470792528
Argentina,ssp245,current,air heat index,0
Argentina,ssp245,medium-term,air heat index,8.585349438213759e-7
Argentina,ssp585,current,air heat index,0
Argentina,ssp585,medium-term,air heat index,5.276120901468601e-6
Argentina,ssp245,current,coastal disturbance,0.019962461476212664
Argentina,ssp245,medium-term,coastal disturbance,0.019432156624672996
Argentina,ssp585,current,coastal disturbance,0.019893824898509594
Argentina,ssp585,medium-term,coastal disturbance,0.0188700850533755
Argentina,ssp245,current,fisheries biomass loss,0.1877431599738167
Argentina,ssp245,medium-term,fisheries biomass loss,0.3312443681302889
Argentina,ssp585,current,fisheries biomass loss,0.1873795162706121
Argentina,ssp585,medium-term,fisheries biomass loss,0.3309908822215494
Argentina,ssp245,current,light pollution,0.002038733999365141
Argentina,ssp245,medium-term,light pollution,0.0020132354848233307
Argentina,ssp585,current,light pollution,0.002076984515986208
Argentina,ssp585,medium-term,light pollution,0.002046737429722854
Argentina,ssp245,current,nutrient pollution,0.020080539503599677
Argentina,ssp245,medium-term,nutrient pollution,0.02154620873981505
Argentina,ssp585,current,nutrient pollution,0.020118508416644983
Argentina,ssp585,medium-term,nutrient pollution,0.01937967178810082
Argentina,ssp245,current,ocean warming,0.02927824904851259
Argentina,ssp245,medium-term,ocean warming,0.08987631149322295
Argentina,ssp585,current,ocean warming,0.012452962660551563
Argentina,ssp585,medium-term,ocean warming,0.10669364947886013
Argentina,ssp245,current,primary productivity,0.0010331371704964307
Argentina,ssp245,medium-term,primary productivity,0.001792713124520749
Argentina,ssp585,current,primary productivity,0.0011014342248981599
Argentina,ssp585,medium-term,primary productivity,0.0025683083524298163
Argentina,ssp245,current,reduced oxygen,0.001573844860039684
Argentina,ssp245,medium-term,reduced oxygen,0.005738909096024307
Argentina,ssp585,current,reduced oxygen,0.001573844860039684
Argentina,ssp585,medium-term,reduced oxygen,0.008061528884051206
Argentina,ssp245,current,sea level rise,0
Argentina,ssp245,medium-term,sea level rise,0.014945951331402462
Argentina,ssp585,current,sea level rise,0
Argentina,ssp585,medium-term,sea level rise,0.04429367093665838
Uruguay,ssp245,current,acidification,0.006780428084590069
Uruguay,ssp245,medium-term,acidification,0.014801710589798494
Uruguay,ssp585,current,acidification,0.006387049943487869
Uruguay,ssp585,medium-term,acidification,0.019380251380576377
Uruguay,ssp245,current,air heat index,0
Uruguay,ssp245,medium-term,air heat index,2.1747897439717853e-6
Uruguay,ssp585,current,air heat index,0
Uruguay,ssp585,medium-term,air heat index,1.4191923680016617e-5
Uruguay,ssp245,current,coastal disturbance,0.056348968423928635
Uruguay,ssp245,medium-term,coastal disturbance,0.053681765511184094
Uruguay,ssp585,current,coastal disturbance,0.05616113803831789
Uruguay,ssp585,medium-term,coastal disturbance,0.05182326072031608
Uruguay,ssp245,current,fisheries biomass loss,0.16641204598063905
Uruguay,ssp245,medium-term,fisheries biomass loss,0.22540143600058488
Uruguay,ssp585,current,fisheries biomass loss,0.1667114088086005
Uruguay,ssp585,medium-term,fisheries biomass loss,0.23050401084329697
Uruguay,ssp245,current,light pollution,0.0041560078027067186
Uruguay,ssp245,medium-term,light pollution,0.004018312729003462
Uruguay,ssp585,current,light pollution,0.004247244104468557
Uruguay,ssp585,medium-term,light pollution,0.004025559946191149
Uruguay,ssp245,current,nutrient pollution,0.0456377878281
Uruguay,ssp245,medium-term,nutrient pollution,0.05642276559489133
Uruguay,ssp585,current,nutrient pollution,0.04578908409205121
Uruguay,ssp585,medium-term,nutrient pollution,0.05261636753344816
Uruguay,ssp245,current,ocean warming,0.006062962371948847
Uruguay,ssp245,medium-term,ocean warming,0.028399781614914982
Uruguay,ssp585,current,ocean warming,0.0080250407983237515
Uruguay,ssp585,medium-term,ocean warming,0.03676528009941214
Uruguay,ssp245,current,primary productivity,0.007519437670945445
Uruguay,ssp245,medium-term,primary productivity,0.0199249403339523
Uruguay,ssp585,current,primary productivity,0.008100066522413605
Uruguay,ssp585,medium-term,primary productivity,0.024834141542205947
Uruguay,ssp245,current,reduced oxygen,3.3480615973338286e-5
Uruguay,ssp245,medium-term,reduced oxygen,0.005136225569603299
Uruguay,ssp585,current,reduced oxygen,3.3480615973338286e-5
Uruguay,ssp585,medium-term,reduced oxygen,0.0071940835937978126
Uruguay,ssp245,current,sea level rise,0
Uruguay,ssp245,medium-term,sea level rise,0.015244637910724517
Uruguay,ssp585,current,sea level rise,0
Uruguay,ssp585,medium-term,sea level rise,0.04089815292735792
Chile,ssp245,current,acidification,0.03969129280326075
Chile,ssp245,medium-term,acidification,0.0648754387328105
Chile,ssp585,current,acidification,0.03985480177451157
Chile,ssp585,medium-term,acidification,0.07771401900038111
Chile,ssp245,current,air heat index,0
Chile,ssp245,medium-term,air heat index,0
Chile,ssp585,current,air heat index,0
Chile,ssp585,medium-term,air heat index,0
Chile,ssp245,current,coastal disturbance,0.006361549117003353
Chile,ssp245,medium-term,coastal disturbance,0.005385154565798855
Chile,ssp585,current,coastal disturbance,0.006339670735245406
Chile,ssp585,medium-term,coastal disturbance,0.005248863074059975
Chile,ssp245,current,fisheries biomass loss,0.1387395179104709
Chile,ssp245,medium-term,fisheries biomass loss,0.17870271529729853
Chile,ssp585,current,fisheries biomass loss,0.13907171680248429
Chile,ssp585,medium-term,fisheries biomass loss,0.197378325342041
Chile,ssp245,current,light pollution,3.2099422118522276e-4
Chile,ssp245,medium-term,light pollution,3.8159826109718784e-4
Chile,ssp585,current,light pollution,3.1967484309801966e-4
Chile,ssp585,medium-term,light pollution,4.3041784263189687e-4
Chile,ssp245,current,nutrient pollution,0.004718200666603509
Chile,ssp245,medium-term,nutrient pollution,0.005650394131942666
Chile,ssp585,current,nutrient pollution,0.0047318029997096295
Chile,ssp585,medium-term,nutrient pollution,0.005674196070200272
Chile,ssp245,current,ocean warming,0.016550543239710572
Chile,ssp245,medium-term,ocean warming,0.09048305749713347
Chile,ssp585,current,ocean warming,0.010155233381266107
Chile,ssp585,medium-term,ocean warming,0.11131013371513368
Chile,ssp245,current,primary productivity,0.001748446158049595
Chile,ssp245,medium-term,primary productivity,0.0027950953049997998
Chile,ssp585,current,primary productivity,0.0017849823844304621
Chile,ssp585,medium-term,primary productivity,0.002470148667756284
Chile,ssp245,current,reduced oxygen,0.05758133297527881
Chile,ssp245,medium-term,reduced oxygen,0.060344625298087644
Chile,ssp585,current,reduced oxygen,0.05758133297527881
Chile,ssp585,medium-term,reduced oxygen,0.062078196082033375
Chile,ssp245,current,sea level rise,3.110045871512158e-7
Chile,ssp245,medium-term,sea level rise,0.001021847520204628
Chile,ssp585,current,sea level rise,5.212212504982494e-5
Chile,ssp585,medium-term,sea level rise,0.006137016806203725
Andaman and Nicobar,ssp245,current,acidification,0
Andaman and Nicobar,ssp245,medium-term,acidification,0.003906348583976086
Andaman and Nicobar,ssp585,current,acidification,0
Andaman and Nicobar,ssp585,medium-term,acidification,0.02466110271824931
Andaman and Nicobar,ssp245,current,air heat index,3.2662074375508537e-4
Andaman and Nicobar,ssp245,medium-term,air heat index,0.034282252088151235
Andaman and Nicobar,ssp585,current,air heat index,3.1566624602150773e-4
Andaman and Nicobar,ssp585,medium-term,air heat index,0.04851428205373494
Andaman and Nicobar,ssp245,current,coastal disturbance,0.06173228999807191
Andaman and Nicobar,ssp245,medium-term,coastal disturbance,0.059240972280378036
Andaman and Nicobar,ssp585,current,coastal disturbance,0.060656530386230034
Andaman and Nicobar,ssp585,medium-term,coastal disturbance,0.04905024347719331
Andaman and Nicobar,ssp245,current,fisheries biomass loss,0.22034222518049273
Andaman and Nicobar,ssp245,medium-term,fisheries biomass loss,0.37712376011462806
Andaman and Nicobar,ssp585,current,fisheries biomass loss,0.22000825207291191
Andaman and Nicobar,ssp585,medium-term,fisheries biomass loss,0.3769905317967832
Andaman and Nicobar,ssp245,current,light pollution,9.864251883431595e-5
Andaman and Nicobar,ssp245,medium-term,light pollution,0.018013592810718803
Andaman and Nicobar,ssp585,current,light pollution,1.0190600268982751e-4
Andaman and Nicobar,ssp585,medium-term,light pollution,0.026759933603198963
Andaman and Nicobar,ssp245,current,nutrient pollution,0.0013009779908065588
Andaman and Nicobar,ssp245,medium-term,nutrient pollution,0.004730456707497195
Andaman and Nicobar,ssp585,current,nutrient pollution,0.0013138635395894026
Andaman and Nicobar,ssp585,medium-term,nutrient pollution,0.004645306501082746
Andaman and Nicobar,ssp245,current,ocean warming,0.07484374139265634
Andaman and Nicobar,ssp245,medium-term,ocean warming,0.2925633552310126
Andaman and Nicobar,ssp585,current,ocean warming,0.08245345919811113
Andaman and Nicobar,ssp585,medium-term,ocean warming,0.38154474586736364
Andaman and Nicobar,ssp245,current,primary productivity,3.4755657282633883e-6
Andaman and Nicobar,ssp245,medium-term,primary productivity,0
Andaman and Nicobar,ssp585,current,primary productivity,5.348868116992352e-6
Andaman and Nicobar,ssp585,medium-term,primary productivity,0
Andaman and Nicobar,ssp245,current,reduced oxygen,0.10528019426768231
Andaman and Nicobar,ssp245,medium-term,reduced oxygen,0.11458272978876777
Andaman and Nicobar,ssp585,current,reduced oxygen,0.10528019426768231
Andaman and Nicobar,ssp585,medium-term,reduced oxygen,0.11450159158618596
Andaman and Nicobar,ssp245,current,sea level rise,9.528778705665762e-5
Andaman and Nicobar,ssp245,medium-term,sea level rise,0.03882104841325545
Andaman and Nicobar,ssp585,current,sea level rise,0.004364095062605992
Andaman and Nicobar,ssp585,medium-term,sea level rise,0.06909041121947944
East Timor,ssp245,current,acidification,0
East Timor,ssp245,medium-term,acidification,0.0036512881053818677
East Timor,ssp585,current,acidification,0
East Timor,ssp585,medium-term,acidification,0.026496775077837296
East Timor,ssp245,current,air heat index,6.448130344406987e-6
East Timor,ssp245,medium-term,air heat index,9.800033111764023e-4
East Timor,ssp585,current,air heat index,6.640557277484195e-6
East Timor,ssp585,medium-term,air heat index,0.00323884966574275
East Timor,ssp245,current,coastal disturbance,0.04894859405151063
East Timor,ssp245,medium-term,coastal disturbance,0.05957144335633739
East Timor,ssp585,current,coastal disturbance,0.04838606168661313
East Timor,ssp585,medium-term,coastal disturbance,0.05340409862853845
East Timor,ssp245,current,fisheries biomass loss,0
East Timor,ssp245,medium-term,fisheries biomass loss,0.3044162834541147
East Timor,ssp585,current,fisheries biomass loss,0
East Timor,ssp585,medium-term,fisheries biomass loss,0.30433501123852924
East Timor,ssp245,current,light pollution,3.017310620448252e-4
East Timor,ssp245,medium-term,light pollution,0.0012761616560685348
East Timor,ssp585,current,light pollution,3.133186881034186e-4
East Timor,ssp585,medium-term,light pollution,0.0016816880091564367
East Timor,ssp245,current,nutrient pollution,0.0030384468399764068
East Timor,ssp245,medium-term,nutrient pollution,0.0038642032870146305
East Timor,ssp585,current,nutrient pollution,0.0030569319276938026
East Timor,ssp585,medium-term,nutrient pollution,0.004135146798075666
East Timor,ssp245,current,ocean warming,0.05252097848273106
East Timor,ssp245,medium-term,ocean warming,0.17470995400963846
East Timor,ssp585,current,ocean warming,0.049493880840343944
East Timor,ssp585,medium-term,ocean warming,0.24005680164195953
East Timor,ssp245,current,primary productivity,0
East Timor,ssp245,medium-term,primary productivity,0
East Timor,ssp585,current,primary productivity,0
East Timor,ssp585,medium-term,primary productivity,0
East Timor,ssp245,current,reduced oxygen,0.006527187310039058
East Timor,ssp245,medium-term,reduced oxygen,0.012358514494800433
East Timor,ssp585,current,reduced oxygen,0.006527187310039058
East Timor,ssp585,medium-term,reduced oxygen,0.011458343554038901
East Timor,ssp245,current,sea level rise,0
East Timor,ssp245,medium-term,sea level rise,0.017241166442265518
East Timor,ssp585,current,sea level rise,0.0028367701946267632
East Timor,ssp585,medium-term,sea level rise,0.028514728881605268
Oecussi Ambeno,ssp245,current,acidification,0
Oecussi Ambeno,ssp245,medium-term,acidification,0.012054893079783304
Oecussi Ambeno,ssp585,current,acidification,0
Oecussi Ambeno,ssp585,medium-term,acidification,0.04369898776365682
Oecussi Ambeno,ssp245,current,air heat index,2.6092669197003652e-8
Oecussi Ambeno,ssp245,medium-term,air heat index,2.9231505785984037e-4
Oecussi Ambeno,ssp585,current,air heat index,0
Oecussi Ambeno,ssp585,medium-term,air heat index,0.0013235835146836255
Oecussi Ambeno,ssp245,current,coastal disturbance,0.05534511390777135
Oecussi Ambeno,ssp245,medium-term,coastal disturbance,0.0680271651032275
Oecussi Ambeno,ssp585,current,coastal disturbance,0.05493301315502983
Oecussi Ambeno,ssp585,medium-term,coastal disturbance,0.06379032001132146
Oecussi Ambeno,ssp245,current,fisheries biomass loss,0
Oecussi Ambeno,ssp245,medium-term,fisheries biomass loss,0
Oecussi Ambeno,ssp585,current,fisheries biomass loss,0
Oecussi Ambeno,ssp585,medium-term,fisheries biomass loss,0
Oecussi Ambeno,ssp245,current,light pollution,0
Oecussi Ambeno,ssp245,medium-term,light pollution,0.001096336234530261
Oecussi Ambeno,ssp585,current,light pollution,0
Oecussi Ambeno,ssp585,medium-term,light pollution,0.0020525308852732166
Oecussi Ambeno,ssp245,current,nutrient pollution,0.0031503653569354183
Oecussi Ambeno,ssp245,medium-term,nutrient pollution,0.004894545506141926
Oecussi Ambeno,ssp585,current,nutrient pollution,0.0031550950009618206
Oecussi Ambeno,ssp585,medium-term,nutrient pollution,0.0049717419217772205
Oecussi Ambeno,ssp245,current,ocean warming,0.056316404123208486
Oecussi Ambeno,ssp245,medium-term,ocean warming,0.21499779374889014
Oecussi Ambeno,ssp585,current,ocean warming,0.047784317221323196
Oecussi Ambeno,ssp585,medium-term,ocean warming,0.3029880929230289
Oecussi Ambeno,ssp245,current,primary productivity,0
Oecussi Ambeno,ssp245,medium-term,primary productivity,0
Oecussi Ambeno,ssp585,current,primary productivity,0
Oecussi Ambeno,ssp585,medium-term,primary productivity,0
Oecussi Ambeno,ssp245,current,reduced oxygen,0.026035908009861494
Oecussi Ambeno,ssp245,medium-term,reduced oxygen,0.03399885533772042
Oecussi Ambeno,ssp585,current,reduced oxygen,0.026035908009861494
Oecussi Ambeno,ssp585,medium-term,reduced oxygen,0.03331475537999557
Oecussi Ambeno,ssp245,current,sea level rise,0
Oecussi Ambeno,ssp245,medium-term,sea level rise,0.016226315558676353
Oecussi Ambeno,ssp585,current,sea level rise,0.0017241679471143535
Oecussi Ambeno,ssp585,medium-term,sea level rise,0.026774954365629874
Brunei,ssp245,current,acidification,0
Brunei,ssp245,medium-term,acidification,0
Brunei,ssp585,current,acidification,0
Brunei,ssp585,medium-term,acidification,0
Brunei,ssp245,current,air heat index,3.7925222670096145e-4
Brunei,ssp245,medium-term,air heat index,0.011085416214294076
Brunei,ssp585,current,air heat index,2.3503271282767323e-4
Brunei,ssp585,medium-term,air heat index,0.02599046323174501
Brunei,ssp245,current,coastal disturbance,0.17432490249869742
Brunei,ssp245,medium-term,coastal disturbance,0.18731536990569164
Brunei,ssp585,current,coastal disturbance,0.17372632244095096
Brunei,ssp585,medium-term,coastal disturbance,0.18048811056188938
Brunei,ssp245,current,fisheries biomass loss,0.25772642893442776
Brunei,ssp245,medium-term,fisheries biomass loss,0.3760383324269616
Brunei,ssp585,current,fisheries biomass loss,0.2581040309930412
Brunei,ssp585,medium-term,fisheries biomass loss,0.37541891064029187
Brunei,ssp245,current,light pollution,0.021552382069571382
Brunei,ssp245,medium-term,light pollution,0.01444949782054169
Brunei,ssp585,current,light pollution,0.021802275729843293
Brunei,ssp585,medium-term,light pollution,0.014273933468623856
Brunei,ssp245,current,nutrient pollution,0.007484882843093198
Brunei,ssp245,medium-term,nutrient pollution,0.023430965009030094
Brunei,ssp585,current,nutrient pollution,0.007519878740849354
Brunei,ssp585,medium-term,nutrient pollution,0.028345025822224725
Brunei,ssp245,current,ocean warming,0.08028840622993062
Brunei,ssp245,medium-term,ocean warming,0.28834444116664065
Brunei,ssp585,current,ocean warming,0.08042077510660472
Brunei,ssp585,medium-term,ocean warming,0.38372808226267807
Brunei,ssp245,current,primary productivity,0
Brunei,ssp245,medium-term,primary productivity,0.0015394738798156186
Brunei,ssp585,current,primary productivity,0
Brunei,ssp585,medium-term,primary productivity,2.443792162159084e-5
Brunei,ssp245,current,reduced oxygen,2.0028174593302866e-4
Brunei,ssp245,medium-term,reduced oxygen,0.0034749255278925637
Brunei,ssp585,current,reduced oxygen,2.0028174593302866e-4
Brunei,ssp585,medium-term,reduced oxygen,0.0065439776197923905
Brunei,ssp245,current,sea level rise,0
Brunei,ssp245,medium-term,sea level rise,0.040428168543525426
Brunei,ssp585,current,sea level rise,0.0033567306975729634
Brunei,ssp585,medium-term,sea level rise,0.07127956199624083
Philippines,ssp245,current,acidification,0
Philippines,ssp245,medium-term,acidification,0
Philippines,ssp585,current,acidification,0
Philippines,ssp585,medium-term,acidification,0.009371660649159792
Philippines,ssp245,current,air heat index,6.521914491913406e-4
Philippines,ssp245,medium-term,air heat index,0.02111533909931606
Philippines,ssp585,current,air heat index,5.675734967353125e-4
Philippines,ssp585,medium-term,air heat index,0.034772695537319265
Philippines,ssp245,current,coastal disturbance,0.11157906258753326
Philippines,ssp245,medium-term,coastal disturbance,0.11436454376152883
Philippines,ssp585,current,coastal disturbance,0.11045020120172692
Philippines,ssp585,medium-term,coastal disturbance,0.10295575875279947
Philippines,ssp245,current,fisheries biomass loss,0.17046376773559369
Philippines,ssp245,medium-term,fisheries biomass loss,0.3582693832806765
Philippines,ssp585,current,fisheries biomass loss,0.17085188147577268
Philippines,ssp585,medium-term,fisheries biomass loss,0.3580518563019165
Philippines,ssp245,current,light pollution,7.365104516386281e-4
Philippines,ssp245,medium-term,light pollution,0.0019742988267485847
Philippines,ssp585,current,light pollution,7.070047040675037e-4
Philippines,ssp585,medium-term,light pollution,0.0023785295523143205
Philippines,ssp245,current,nutrient pollution,0.009780630675604087
Philippines,ssp245,medium-term,nutrient pollution,0.013452385324476289
Philippines,ssp585,current,nutrient pollution,0.009819150914672031
Philippines,ssp585,medium-term,nutrient pollution,0.012957051955215263
Philippines,ssp245,current,ocean warming,0.05743420886754675
Philippines,ssp245,medium-term,ocean warming,0.22852307067413746
Philippines,ssp585,current,ocean warming,0.05746908603610402
Philippines,ssp585,medium-term,ocean warming,0.3251872393350682
Philippines,ssp245,current,primary productivity,7.843849206466797e-6
Philippines,ssp245,medium-term,primary productivity,0.0017003429911650462
Philippines,ssp585,current,primary productivity,2.772929785565706e-5
Philippines,ssp585,medium-term,primary productivity,0.0025477114656331013
Philippines,ssp245,current,reduced oxygen,0.05894496744664854
Philippines,ssp245,medium-term,reduced oxygen,0.06181453783516378
Philippines,ssp585,current,reduced oxygen,0.05894496744664854
Philippines,ssp585,medium-term,reduced oxygen,0.0599047132178529
Philippines,ssp245,current,sea level rise,0.02617035923305909
Philippines,ssp245,medium-term,sea level rise,0.05983053154274963
Philippines,ssp585,current,sea level rise,0.03081192259738545
Philippines,ssp585,medium-term,sea level rise,0.08064520906920455
Cambodia,ssp245,current,acidification,0
Cambodia,ssp245,medium-term,acidification,0.0042603250986826425
Cambodia,ssp585,current,acidification,0
Cambodia,ssp585,medium-term,acidification,0.013059057930286144
Cambodia,ssp245,current,air heat index,0.0012171618658976511
Cambodia,ssp245,medium-term,air heat index,0.019140709057683128
Cambodia,ssp585,current,air heat index,0.0011831215573693044
Cambodia,ssp585,medium-term,air heat index,0.03421077685663477
Cambodia,ssp245,current,coastal disturbance,0.08957533202969899
Cambodia,ssp245,medium-term,coastal disturbance,0.09696888542106535
Cambodia,ssp585,current,coastal disturbance,0.08878937086382394
Cambodia,ssp585,medium-term,coastal disturbance,0.0880383466528383
Cambodia,ssp245,current,fisheries biomass loss,0.25753537740034516
Cambodia,ssp245,medium-term,fisheries biomass loss,0.30159797425527357
Cambodia,ssp585,current,fisheries biomass loss,0.2578661751592881
Cambodia,ssp585,medium-term,fisheries biomass loss,0.30154176229727453
Cambodia,ssp245,current,light pollution,1.4527049537718965e-4
Cambodia,ssp245,medium-term,light pollution,0.0010228379501495508
Cambodia,ssp585,current,light pollution,2.2707619944412692e-4
Cambodia,ssp585,medium-term,light pollution,0.0018178170236933509
Cambodia,ssp245,current,nutrient pollution,0.0029150964792640593
Cambodia,ssp245,medium-term,nutrient pollution,0.006850019629737627
Cambodia,ssp585,current,nutrient pollution,0.002922866052662596
Cambodia,ssp585,medium-term,nutrient pollution,0.007592741146832367
Cambodia,ssp245,current,ocean warming,0.013861520811733499
Cambodia,ssp245,medium-term,ocean warming,0.11778151901948149
Cambodia,ssp585,current,ocean warming,0.019196127075756523
Cambodia,ssp585,medium-term,ocean warming,0.17608011787611758
Cambodia,ssp245,current,primary productivity,0
Cambodia,ssp245,medium-term,primary productivity,0.002358974237443476
Cambodia,ssp585,current,primary productivity,0
Cambodia,ssp585,medium-term,primary productivity,4.7372509273957315e-5
Cambodia,ssp245,current,reduced oxygen,0.0014246457179689284
Cambodia,ssp245,medium-term,reduced oxygen,0.007739297536290906
Cambodia,ssp585,current,reduced oxygen,0.0014246457179689284
Cambodia,ssp585,medium-term,reduced oxygen,0.005995551710220752
Cambodia,ssp245,current,sea level rise,0
Cambodia,ssp245,medium-term,sea level rise,0.03747969095071312
Cambodia,ssp585,current,sea level rise,0.0013831553404105535
Cambodia,ssp585,medium-term,sea level rise,0.06922719214227982
Thailand,ssp245,current,acidification,0
Thailand,ssp245,medium-term,acidification,0.003274719947790422
Thailand,ssp585,current,acidification,0
Thailand,ssp585,medium-term,acidification,0.013011479679633158
Thailand,ssp245,current,air heat index,0.001951685012999969
Thailand,ssp245,medium-term,air heat index,0.03067467809718535
Thailand,ssp585,current,air heat index,0.001847791980494429
Thailand,ssp585,medium-term,air heat index,0.041151813399027334
Thailand,ssp245,current,coastal disturbance,0.12332970862363672
Thailand,ssp245,medium-term,coastal disturbance,0.11760780992999757
Thailand,ssp585,current,coastal disturbance,0.12241211976078281
Thailand,ssp585,medium-term,coastal disturbance,0.10970154955183058
Thailand,ssp245,current,fisheries biomass loss,0.2703013660648743
Thailand,ssp245,medium-term,fisheries biomass loss,0.34359906748750985
Thailand,ssp585,current,fisheries biomass loss,0.27043075354895096
Thailand,ssp585,medium-term,fisheries biomass loss,0.3434128915327653
Thailand,ssp245,current,light pollution,0.004839488015281789
Thailand,ssp245,medium-term,light pollution,0.004535708707918617
Thailand,ssp585,current,light pollution,0.005026490854419583
Thailand,ssp585,medium-term,light pollution,0.006379998067253278
Thailand,ssp245,current,nutrient pollution,0.02873287453770124
Thailand,ssp245,medium-term,nutrient pollution,0.037902908123799456
Thailand,ssp585,current,nutrient pollution,0.028793455729556355
Thailand,ssp585,medium-term,nutrient pollution,0.035745671476722564
Thailand,ssp245,current,ocean warming,0.02819493190703068
Thailand,ssp245,medium-term,ocean warming,0.15363262015818785
Thailand,ssp585,current,ocean warming,0.03207407127768245
Thailand,ssp585,medium-term,ocean warming,0.21431547460333591
Thailand,ssp245,current,primary productivity,0
Thailand,ssp245,medium-term,primary productivity,0.0033192606668383698
Thailand,ssp585,current,primary productivity,0
Thailand,ssp585,medium-term,primary productivity,0.0015815840671998148
Thailand,ssp245,current,reduced oxygen,0.0023902283597075384
Thailand,ssp245,medium-term,reduced oxygen,0.006672037087437815
Thailand,ssp585,current,reduced oxygen,0.0023902283597075384
Thailand,ssp585,medium-term,reduced oxygen,0.007445395770272428
Thailand,ssp245,current,sea level rise,0
Thailand,ssp245,medium-term,sea level rise,0.037510407667112826
Thailand,ssp585,current,sea level rise,4.899158076687272e-4
Thailand,ssp585,medium-term,sea level rise,0.07026274489993786
Myanmar,ssp245,current,acidification,0
Myanmar,ssp245,medium-term,acidification,0.009030333705858075
Myanmar,ssp585,current,acidification,0
Myanmar,ssp585,medium-term,acidification,0.022765501337969476
Myanmar,ssp245,current,air heat index,0.0013483636512805473
Myanmar,ssp245,medium-term,air heat index,0.036832287904949364
Myanmar,ssp585,current,air heat index,0.0011195964059735693
Myanmar,ssp585,medium-term,air heat index,0.046179053637010074
Myanmar,ssp245,current,coastal disturbance,0.07573011893564602
Myanmar,ssp245,medium-term,coastal disturbance,0.07146707133619638
Myanmar,ssp585,current,coastal disturbance,0.07464787060082134
Myanmar,ssp585,medium-term,coastal disturbance,0.062278458553525484
Myanmar,ssp245,current,fisheries biomass loss,0.22333747657539788
Myanmar,ssp245,medium-term,fisheries biomass loss,0.3171061602245041
Myanmar,ssp585,current,fisheries biomass loss,0.22285890800614452
Myanmar,ssp585,medium-term,fisheries biomass loss,0.31703587322372545
Myanmar,ssp245,current,light pollution,4.891167181004573e-5
Myanmar,ssp245,medium-term,light pollution,1.4743703106955084e-4
Myanmar,ssp585,current,light pollution,4.8999499519802776e-5
Myanmar,ssp585,medium-term,light pollution,8.444814418457964e-4
Myanmar,ssp245,current,nutrient pollution,0.01816931920399712
Myanmar,ssp245,medium-term,nutrient pollution,0.026389163645925577
Myanmar,ssp585,current,nutrient pollution,0.01823137978863142
Myanmar,ssp585,medium-term,nutrient pollution,0.027735865956096048
Myanmar,ssp245,current,ocean warming,0.023968010380854995
Myanmar,ssp245,medium-term,ocean warming,0.1276415460522426
Myanmar,ssp585,current,ocean warming,0.033570880917577955
Myanmar,ssp585,medium-term,ocean warming,0.17916532249569128
Myanmar,ssp245,current,primary productivity,3.750576654268939e-6
Myanmar,ssp245,medium-term,primary productivity,1.2501917351100656e-4
Myanmar,ssp585,current,primary productivity,5.772108037060401e-6
Myanmar,ssp585,medium-term,primary productivity,3.772453330906731e-5
Myanmar,ssp245,current,reduced oxygen,0.011815883877305353
Myanmar,ssp245,medium-term,reduced oxygen,0.018213199872331085
Myanmar,ssp585,current,reduced oxygen,0.011815883877305353
Myanmar,ssp585,medium-term,reduced oxygen,0.017286345793111352
Myanmar,ssp245,current,sea level rise,0
Myanmar,ssp245,medium-term,sea level rise,0.03227644225220556
Myanmar,ssp585,current,sea level rise,3.2218589568752703e-8
Myanmar,ssp585,medium-term,sea level rise,0.06373379031665356
Malaysia,ssp245,current,acidification,0
Malaysia,ssp245,medium-term,acidification,0
Malaysia,ssp585,current,acidification,0
Malaysia,ssp585,medium-term,acidification,0.001168788489711559
Malaysia,ssp245,current,air heat index,3.6657311018851915e-4
Malaysia,ssp245,medium-term,air heat index,0.011679050219969084
Malaysia,ssp585,current,air heat index,2.8737407015640105e-4
Malaysia,ssp585,medium-term,air heat index,0.027001892197807967
Malaysia,ssp245,current,coastal disturbance,0.09725834267814545
Malaysia,ssp245,medium-term,coastal disturbance,0.09765734102783952
Malaysia,ssp585,current,coastal disturbance,0.09533840070475859
Malaysia,ssp585,medium-term,coastal disturbance,0.08990843558978741
Malaysia,ssp245,current,fisheries biomass loss,0.24773137714463345
Malaysia,ssp245,medium-term,fisheries biomass loss,0.33068331043734994
Malaysia,ssp585,current,fisheries biomass loss,0.2480833079456452
Malaysia,ssp585,medium-term,fisheries biomass loss,0.3295549341724515
Malaysia,ssp245,current,light pollution,0.004799149951544197
Malaysia,ssp245,medium-term,light pollution,0.0053733503338647785
Malaysia,ssp585,current,light pollution,0.005175540882031297
Malaysia,ssp585,medium-term,light pollution,0.005845377265735325
Malaysia,ssp245,current,nutrient pollution,0.018432321817757464
Malaysia,ssp245,medium-term,nutrient pollution,0.019331355579456456
Malaysia,ssp585,current,nutrient pollution,0.018522953193231637
Malaysia,ssp585,medium-term,nutrient pollution,0.01714161357783247
Malaysia,ssp245,current,ocean warming,0.04671409596182957
Malaysia,ssp245,medium-term,ocean warming,0.19300912864724343
Malaysia,ssp585,current,ocean warming,0.04305308429588803
Malaysia,ssp585,medium-term,ocean warming,0.2512693496121905
Malaysia,ssp245,current,primary productivity,3.680830643496597e-5
Malaysia,ssp245,medium-term,primary productivity,0.002424889836952335
Malaysia,ssp585,current,primary productivity,1.460594190725291e-4
Malaysia,ssp585,medium-term,primary productivity,8.558687775639194e-4
Malaysia,ssp245,current,reduced oxygen,8.827330287752195e-4
Malaysia,ssp245,medium-term,reduced oxygen,0.003943135336189366
Malaysia,ssp585,current,reduced oxygen,8.827330287752195e-4
Malaysia,ssp585,medium-term,reduced oxygen,0.006055265176962174
Malaysia,ssp245,current,sea level rise,0
Malaysia,ssp245,medium-term,sea level rise,0.0381680367257384
Malaysia,ssp585,current,sea level rise,0.0013866402484819286
Malaysia,ssp585,medium-term,sea level rise,0.07068405809517248
Vietnam,ssp245,current,acidification,7.431071674376253e-4
Vietnam,ssp245,medium-term,acidification,0.009845085498973024
Vietnam,ssp585,current,acidification,7.431071674376253e-4
Vietnam,ssp585,medium-term,acidification,0.018241216515291283
Vietnam,ssp245,current,air heat index,0.003029408654424386
Vietnam,ssp245,medium-term,air heat index,0.014460324859565603
Vietnam,ssp585,current,air heat index,0.003132030277447998
Vietnam,ssp585,medium-term,air heat index,0.019639433398031356
Vietnam,ssp245,current,coastal disturbance,0.13208520781726432
Vietnam,ssp245,medium-term,coastal disturbance,0.12920386430021116
Vietnam,ssp585,current,coastal disturbance,0.13101182276793333
Vietnam,ssp585,medium-term,coastal disturbance,0.11805234917583889
Vietnam,ssp245,current,fisheries biomass loss,0.2402567640010407
Vietnam,ssp245,medium-term,fisheries biomass loss,0.31630616107584625
Vietnam,ssp585,current,fisheries biomass loss,0.24021845067233652
Vietnam,ssp585,medium-term,fisheries biomass loss,0.3161562525557412
Vietnam,ssp245,current,light pollution,0.002532545262989248
Vietnam,ssp245,medium-term,light pollution,0.004346352478605027
Vietnam,ssp585,current,light pollution,0.0028841768466233747
Vietnam,ssp585,medium-term,light pollution,0.005516438051275705
Vietnam,ssp245,current,nutrient pollution,0.053284107222815326
Vietnam,ssp245,medium-term,nutrient pollution,0.07161389050911167
Vietnam,ssp585,current,nutrient pollution,0.05356570518810911
Vietnam,ssp585,medium-term,nutrient pollution,0.07068813467145538
Vietnam,ssp245,current,ocean warming,0.023692315879657134
Vietnam,ssp245,medium-term,ocean warming,0.09077934482005638
Vietnam,ssp585,current,ocean warming,0.01671249660894073
Vietnam,ssp585,medium-term,ocean warming,0.1322910237974092
Vietnam,ssp245,current,primary productivity,0.0030671785194124755
Vietnam,ssp245,medium-term,primary productivity,0.0038297255952666346
Vietnam,ssp585,current,primary productivity,0.0028419119132048385
Vietnam,ssp585,medium-term,primary productivity,0.0038637871659066574
Vietnam,ssp245,current,reduced oxygen,0.0015366238995550949
Vietnam,ssp245,medium-term,reduced oxygen,0.004750612590458661
Vietnam,ssp585,current,reduced oxygen,0.0015366238995550949
Vietnam,ssp585,medium-term,reduced oxygen,0.005521206420165477
Vietnam,ssp245,current,sea level rise,0
Vietnam,ssp245,medium-term,sea level rise,0.04041085103635234
Vietnam,ssp585,current,sea level rise,3.543816579598291e-4
Vietnam,ssp585,medium-term,sea level rise,0.07293408042604911
Singapore,ssp245,current,acidification,0
Singapore,ssp245,medium-term,acidification,0
Singapore,ssp585,current,acidification,0
Singapore,ssp585,medium-term,acidification,0
Singapore,ssp245,current,air heat index,1.3419717979559203e-4
Singapore,ssp245,medium-term,air heat index,0.044451375228042406
Singapore,ssp585,current,air heat index,8.600823877410827e-5
Singapore,ssp585,medium-term,air heat index,0.11114177114019791
Singapore,ssp245,current,coastal disturbance,0.31101658520443987
Singapore,ssp245,medium-term,coastal disturbance,0.3129056797285254
Singapore,ssp585,current,coastal disturbance,0.31084949714131654
Singapore,ssp585,medium-term,coastal disturbance,0.3145537389131884
Singapore,ssp245,current,fisheries biomass loss,0.019559390742021298
Singapore,ssp245,medium-term,fisheries biomass loss,0.02609451073221862
Singapore,ssp585,current,fisheries biomass loss,0.019587254547514022
Singapore,ssp585,medium-term,fisheries biomass loss,0.026005400096376738
Singapore,ssp245,current,light pollution,0.10966698707682856
Singapore,ssp245,medium-term,light pollution,0.10683180287402744
Singapore,ssp585,current,light pollution,0.10936146608437411
Singapore,ssp585,medium-term,light pollution,0.10798113037841782
Singapore,ssp245,current,nutrient pollution,0.06218598754239792
Singapore,ssp245,medium-term,nutrient pollution,0.03815424202609089
Singapore,ssp585,current,nutrient pollution,0.06244601972757664
Singapore,ssp585,medium-term,nutrient pollution,0.022444905274611907
Singapore,ssp245,current,ocean warming,0.04312660628153632
Singapore,ssp245,medium-term,ocean warming,0.17818149382558962
Singapore,ssp585,current,ocean warming,0.040622746956069024
Singapore,ssp585,medium-term,ocean warming,0.23706861188014347
Singapore,ssp245,current,primary productivity,2.2332298361410114e-4
Singapore,ssp245,medium-term,primary productivity,0.007250016738786748
Singapore,ssp585,current,primary productivity,6.909019408719039e-4
Singapore,ssp585,medium-term,primary productivity,0.003260600825706203
Singapore,ssp245,current,reduced oxygen,7.170595641649812e-4
Singapore,ssp245,medium-term,reduced oxygen,0.0020116801000616144
Singapore,ssp585,current,reduced oxygen,7.170595641649812e-4
Singapore,ssp585,medium-term,reduced oxygen,0.004834640102247549
Singapore,ssp245,current,sea level rise,0
Singapore,ssp245,medium-term,sea level rise,0.06813323048021024
Singapore,ssp585,current,sea level rise,7.204416401994709e-4
Singapore,ssp585,medium-term,sea level rise,0.12323664665066948
Indonesia,ssp245,current,acidification,0
Indonesia,ssp245,medium-term,acidification,0.0014636121072792204
Indonesia,ssp585,current,acidification,0
Indonesia,ssp585,medium-term,acidification,0.008267072805726382
Indonesia,ssp245,current,air heat index,1.1236546761169e-4
Indonesia,ssp245,medium-term,air heat index,0.0040841898396513235
Indonesia,ssp585,current,air heat index,9.240518190092239e-5
Indonesia,ssp585,medium-term,air heat index,0.013699043169523898
Indonesia,ssp245,current,coastal disturbance,0.0661549684486638
Indonesia,ssp245,medium-term,coastal disturbance,0.06248764441415181
Indonesia,ssp585,current,coastal disturbance,0.06518966057577175
Indonesia,ssp585,medium-term,coastal disturbance,0.05457019050249637
Indonesia,ssp245,current,fisheries biomass loss,0.14053757764914138
Indonesia,ssp245,medium-term,fisheries biomass loss,0.34113092318544785
Indonesia,ssp585,current,fisheries biomass loss,0.13990623136243804
Indonesia,ssp585,medium-term,fisheries biomass loss,0.34072593204789536
Indonesia,ssp245,current,light pollution,7.917017321292521e-4
Indonesia,ssp245,medium-term,light pollution,0.003305444431103646
Indonesia,ssp585,current,light pollution,7.572296049113386e-4
Indonesia,ssp585,medium-term,light pollution,0.00401525588075523
Indonesia,ssp245,current,nutrient pollution,0.009360912623049849
Indonesia,ssp245,medium-term,nutrient pollution,0.015519925739518898
Indonesia,ssp585,current,nutrient pollution,0.009395704891534382
Indonesia,ssp585,medium-term,nutrient pollution,0.015378861130077337
Indonesia,ssp245,current,ocean warming,0.04698559022083899
Indonesia,ssp245,medium-term,ocean warming,0.1825544267398935
Indonesia,ssp585,current,ocean warming,0.047568660649195016
Indonesia,ssp585,medium-term,ocean warming,0.24950333816309553
Indonesia,ssp245,current,primary productivity,0.0020567698090037147
Indonesia,ssp245,medium-term,primary productivity,0.012412901414175488
Indonesia,ssp585,current,primary productivity,0.0024923992703041018
Indonesia,ssp585,medium-term,primary productivity,0.011901877066800706
Indonesia,ssp245,current,reduced oxygen,0.02574886029746242
Indonesia,ssp245,medium-term,reduced oxygen,0.032679821827799736
Indonesia,ssp585,current,reduced oxygen,0.02574886029746242
Indonesia,ssp585,medium-term,reduced oxygen,0.03305967120042326
Indonesia,ssp245,current,sea level rise,1.3888639659400802e-5
Indonesia,ssp245,medium-term,sea level rise,0.03533576713862381
Indonesia,ssp585,current,sea level rise,0.0016833003591085272
Indonesia,ssp585,medium-term,sea level rise,0.06159216174085677
Namibia,ssp245,current,acidification,0.020820337055267278
Namibia,ssp245,medium-term,acidification,0.03982017067080904
Namibia,ssp585,current,acidification,0.020863045308553794
Namibia,ssp585,medium-term,acidification,0.04691669059703754
Namibia,ssp245,current,air heat index,0
Namibia,ssp245,medium-term,air heat index,0
Namibia,ssp585,current,air heat index,0
Namibia,ssp585,medium-term,air heat index,0
Namibia,ssp245,current,coastal disturbance,0.0071508216145034845
Namibia,ssp245,medium-term,coastal disturbance,0.008001237680462736
Namibia,ssp585,current,coastal disturbance,0.007121209255556887
Namibia,ssp585,medium-term,coastal disturbance,0.00763868282079182
Namibia,ssp245,current,fisheries biomass loss,0.09354103229003022
Namibia,ssp245,medium-term,fisheries biomass loss,0.271000626906451
Namibia,ssp585,current,fisheries biomass loss,0.09407422222890359
Namibia,ssp585,medium-term,fisheries biomass loss,0.2725061640591058
Namibia,ssp245,current,light pollution,1.2682506069249121e-4
Namibia,ssp245,medium-term,light pollution,5.623731589452925e-5
Namibia,ssp585,current,light pollution,1.3239157006639365e-4
Namibia,ssp585,medium-term,light pollution,4.5089618773731365e-5
Namibia,ssp245,current,nutrient pollution,0.005658416786541235
Namibia,ssp245,medium-term,nutrient pollution,0.0063269918751593926
Namibia,ssp585,current,nutrient pollution,0.005627278530008917
Namibia,ssp585,medium-term,nutrient pollution,0.006095383617365889
Namibia,ssp245,current,ocean warming,0.02911766968372435
Namibia,ssp245,medium-term,ocean warming,0.11586695982515066
Namibia,ssp585,current,ocean warming,0.02935160423029661
Namibia,ssp585,medium-term,ocean warming,0.17020161140549275
Namibia,ssp245,current,primary productivity,0.009768578947481827
Namibia,ssp245,medium-term,primary productivity,0.05946149872053111
Namibia,ssp585,current,primary productivity,0.009542396971936122
Namibia,ssp585,medium-term,primary productivity,0.09092388769236691
Namibia,ssp245,current,reduced oxygen,0.145409977625609
Namibia,ssp245,medium-term,reduced oxygen,0.1463886660184398
Namibia,ssp585,current,reduced oxygen,0.145409977625609
Namibia,ssp585,medium-term,reduced oxygen,0.14629142628529307
Namibia,ssp245,current,sea level rise,0.009155893315809837
Namibia,ssp245,medium-term,sea level rise,0.04096097673730818
Namibia,ssp585,current,sea level rise,0.015603566936750359
Namibia,ssp585,medium-term,sea level rise,0.0655862193721318
South Africa,ssp245,current,acidification,0.0038482694382251754
South Africa,ssp245,medium-term,acidification,0.013866571660617352
South Africa,ssp585,current,acidification,0.0037978833513634307
South Africa,ssp585,medium-term,acidification,0.022220335153421786
South Africa,ssp245,current,air heat index,5.528360846933135e-8
South Africa,ssp245,medium-term,air heat index,3.498918500997807e-5
South Africa,ssp585,current,air heat index,3.0405770142289644e-8
South Africa,ssp585,medium-term,air heat index,9.700252481358753e-5
South Africa,ssp245,current,coastal disturbance,0.05583618039113729
South Africa,ssp245,medium-term,coastal disturbance,0.053165666958516516
South Africa,ssp585,current,coastal disturbance,0.05533981188838231
South Africa,ssp585,medium-term,coastal disturbance,0.04866216541313589
South Africa,ssp245,current,fisheries biomass loss,0.12582564802420648
South Africa,ssp245,medium-term,fisheries biomass loss,0.31958893666172966
South Africa,ssp585,current,fisheries biomass loss,0.1259168284529943
South Africa,ssp585,medium-term,fisheries biomass loss,0.32181039442072884
South Africa,ssp245,current,light pollution,0.0031933916932768273
South Africa,ssp245,medium-term,light pollution,0.004084415404806841
South Africa,ssp585,current,light pollution,0.003213578772220161
South Africa,ssp585,medium-term,light pollution,0.004455865372607673
South Africa,ssp245,current,nutrient pollution,0.022297062129024724
South Africa,ssp245,medium-term,nutrient pollution,0.028105432379093857
South Africa,ssp585,current,nutrient pollution,0.022254661810237775
South Africa,ssp585,medium-term,nutrient pollution,0.03126507392480968
South Africa,ssp245,current,ocean warming,0.05413356764871704
South Africa,ssp245,medium-term,ocean warming,0.14979117067852105
South Africa,ssp585,current,ocean warming,0.06204241561359703
South Africa,ssp585,medium-term,ocean warming,0.2095505213738482
South Africa,ssp245,current,primary productivity,0.001654647454298609
South Africa,ssp245,medium-term,primary productivity,0.0045766887351403026
South Africa,ssp585,current,primary productivity,0.0016818896719725275
South Africa,ssp585,medium-term,primary productivity,0.005822720098249403
South Africa,ssp245,current,reduced oxygen,0.031739992029559766
South Africa,ssp245,medium-term,reduced oxygen,0.03319169533116136
South Africa,ssp585,current,reduced oxygen,0.031739992029559766
South Africa,ssp585,medium-term,reduced oxygen,0.036051582768926074
South Africa,ssp245,current,sea level rise,0.007642384428226461
South Africa,ssp245,medium-term,sea level rise,0.039734934611711986
South Africa,ssp585,current,sea level rise,0.012578931260944485
South Africa,ssp585,medium-term,sea level rise,0.06622970885661714
Maldives,ssp245,current,acidification,0
Maldives,ssp245,medium-term,acidification,0
Maldives,ssp585,current,acidification,0
Maldives,ssp585,medium-term,acidification,0.0038627178527882284
Maldives,ssp245,current,air heat index,3.2102998672061853e-7
Maldives,ssp245,medium-term,air heat index,0.0028081315057283097
Maldives,ssp585,current,air heat index,1.245456862354009e-5
Maldives,ssp585,medium-term,air heat index,0.027524581621884637
Maldives,ssp245,current,coastal disturbance,0.015667800255223494
Maldives,ssp245,medium-term,coastal disturbance,0.017084667227566946
Maldives,ssp585,current,coastal disturbance,0.015609385860015777
Maldives,ssp585,medium-term,coastal disturbance,0.0166703930700578
Maldives,ssp245,current,fisheries biomass loss,0
Maldives,ssp245,medium-term,fisheries biomass loss,0.39948898091071455
Maldives,ssp585,current,fisheries biomass loss,0
Maldives,ssp585,medium-term,fisheries biomass loss,0.3983683712291324
Maldives,ssp245,current,light pollution,2.097130305299265e-5
Maldives,ssp245,medium-term,light pollution,1.675452187571684e-5
Maldives,ssp585,current,light pollution,2.0299312635808453e-5
Maldives,ssp585,medium-term,light pollution,1.675452187571684e-5
Maldives,ssp245,current,nutrient pollution,0
Maldives,ssp245,medium-term,nutrient pollution,0
Maldives,ssp585,current,nutrient pollution,0
Maldives,ssp585,medium-term,nutrient pollution,0
Maldives,ssp245,current,ocean warming,0.08635988305643767
Maldives,ssp245,medium-term,ocean warming,0.365237062825984
Maldives,ssp585,current,ocean warming,0.09518315947642743
Maldives,ssp585,medium-term,ocean warming,0.43757266160516206
Maldives,ssp245,current,primary productivity,0.005248638500097648
Maldives,ssp245,medium-term,primary productivity,0.034112464013480094
Maldives,ssp585,current,primary productivity,0.003511409564736925
Maldives,ssp585,medium-term,primary productivity,0.03543383673572511
Maldives,ssp245,current,reduced oxygen,0.13468536865568084
Maldives,ssp245,medium-term,reduced oxygen,0.13662801241454833
Maldives,ssp585,current,reduced oxygen,0.13468536865568084
Maldives,ssp585,medium-term,reduced oxygen,0.1356899092902137
Maldives,ssp245,current,sea level rise,0.002642484655485365
Maldives,ssp245,medium-term,sea level rise,0.014209475064096082
Maldives,ssp585,current,sea level rise,0.004672093684380896
Maldives,ssp585,medium-term,sea level rise,0.025121513833063835
Sri Lanka,ssp245,current,acidification,0
Sri Lanka,ssp245,medium-term,acidification,0.0014540104753282897
Sri Lanka,ssp585,current,acidification,0
Sri Lanka,ssp585,medium-term,acidification,0.011907195676295435
Sri Lanka,ssp245,current,air heat index,0.0027648669774863986
Sri Lanka,ssp245,medium-term,air heat index,0.038367572288231705
Sri Lanka,ssp585,current,air heat index,0.00284747307622189
Sri Lanka,ssp585,medium-term,air heat index,0.07122141177456474
Sri Lanka,ssp245,current,coastal disturbance,0.12399319005525881
Sri Lanka,ssp245,medium-term,coastal disturbance,0.12253072435764169
Sri Lanka,ssp585,current,coastal disturbance,0.1233413962800531
Sri Lanka,ssp585,medium-term,coastal disturbance,0.11360034533648451
Sri Lanka,ssp245,current,fisheries biomass loss,0.1775232756241938
Sri Lanka,ssp245,medium-term,fisheries biomass loss,0.3322656053515521
Sri Lanka,ssp585,current,fisheries biomass loss,0.17781562369002762
Sri Lanka,ssp585,medium-term,fisheries biomass loss,0.331843329091936
Sri Lanka,ssp245,current,light pollution,0.0016847983141760623
Sri Lanka,ssp245,medium-term,light pollution,0.007134018507374555
Sri Lanka,ssp585,current,light pollution,0.0015835345118147674
Sri Lanka,ssp585,medium-term,light pollution,0.008820599755640706
Sri Lanka,ssp245,current,nutrient pollution,0.028780156413731432
Sri Lanka,ssp245,medium-term,nutrient pollution,0.05113196947755774
Sri Lanka,ssp585,current,nutrient pollution,0.027629257654509385
Sri Lanka,ssp585,medium-term,nutrient pollution,0.05179749516850391
Sri Lanka,ssp245,current,ocean warming,0.03917404373279093
Sri Lanka,ssp245,medium-term,ocean warming,0.21547839073369207
Sri Lanka,ssp585,current,ocean warming,0.049628014759821294
Sri Lanka,ssp585,medium-term,ocean warming,0.26870640504960236
Sri Lanka,ssp245,current,primary productivity,0.01881469847076448
Sri Lanka,ssp245,medium-term,primary productivity,0.049094607223084306
Sri Lanka,ssp585,current,primary productivity,0.017857452577146903
Sri Lanka,ssp585,medium-term,primary productivity,0.05561080780253673
Sri Lanka,ssp245,current,reduced oxygen,0.04575939451454639
Sri Lanka,ssp245,medium-term,reduced oxygen,0.050181855242854366
Sri Lanka,ssp585,current,reduced oxygen,0.04575939451454639
Sri Lanka,ssp585,medium-term,reduced oxygen,0.05030620302056995
Sri Lanka,ssp245,current,sea level rise,6.73414048736943e-4
Sri Lanka,ssp245,medium-term,sea level rise,0.0405411882695267
Sri Lanka,ssp585,current,sea level rise,0.003776802368510358
Sri Lanka,ssp585,medium-term,sea level rise,0.07793203261023772
Pakistan,ssp245,current,acidification,0
Pakistan,ssp245,medium-term,acidification,0
Pakistan,ssp585,current,acidification,0
Pakistan,ssp585,medium-term,acidification,0
Pakistan,ssp245,current,air heat index,0.003229989021380326
Pakistan,ssp245,medium-term,air heat index,0.008315322501227473
Pakistan,ssp585,current,air heat index,0.0029916068290874952
Pakistan,ssp585,medium-term,air heat index,0.00916421785586065
Pakistan,ssp245,current,coastal disturbance,0.06730963998019465
Pakistan,ssp245,medium-term,coastal disturbance,0.07010306072373153
Pakistan,ssp585,current,coastal disturbance,0.06604763469429822
Pakistan,ssp585,medium-term,coastal disturbance,0.05837026561541056
Pakistan,ssp245,current,fisheries biomass loss,0.2012189178753863
Pakistan,ssp245,medium-term,fisheries biomass loss,0.33545295877653797
Pakistan,ssp585,current,fisheries biomass loss,0.2008828183555906
Pakistan,ssp585,medium-term,fisheries biomass loss,0.33539056771112147
Pakistan,ssp245,current,light pollution,0.0032199126273330316
Pakistan,ssp245,medium-term,light pollution,0.0051386540602706785
Pakistan,ssp585,current,light pollution,0.0031597463890456743
Pakistan,ssp585,medium-term,light pollution,0.005349015095832823
Pakistan,ssp245,current,nutrient pollution,0.03179169167223464
Pakistan,ssp245,medium-term,nutrient pollution,0.03832528899179491
Pakistan,ssp585,current,nutrient pollution,0.03199648156712126
Pakistan,ssp585,medium-term,nutrient pollution,0.03716013302818468
Pakistan,ssp245,current,ocean warming,0.010978879062948085
Pakistan,ssp245,medium-term,ocean warming,0.11695633641909553
Pakistan,ssp585,current,ocean warming,0.018073713527779513
Pakistan,ssp585,medium-term,ocean warming,0.16709914556818067
Pakistan,ssp245,current,primary productivity,0.02060146634358804
Pakistan,ssp245,medium-term,primary productivity,0.05117448888162662
Pakistan,ssp585,current,primary productivity,0.01801364062953126
Pakistan,ssp585,medium-term,primary productivity,0.0599407203791535
Pakistan,ssp245,current,reduced oxygen,0.002781317706453886
Pakistan,ssp245,medium-term,reduced oxygen,0.0080551148848617
Pakistan,ssp585,current,reduced oxygen,0.002781317706453886
Pakistan,ssp585,medium-term,reduced oxygen,0.005543761106398523
Pakistan,ssp245,current,sea level rise,0
Pakistan,ssp245,medium-term,sea level rise,0.021836465105910686
Pakistan,ssp585,current,sea level rise,5.600176110814265e-4
Pakistan,ssp585,medium-term,sea level rise,0.06125537502227592
Iran,ssp245,current,acidification,0
Iran,ssp245,medium-term,acidification,0
Iran,ssp585,current,acidification,0
Iran,ssp585,medium-term,acidification,0
Iran,ssp245,current,air heat index,4.403464667323564e-4
Iran,ssp245,medium-term,air heat index,5.124534679138814e-4
Iran,ssp585,current,air heat index,4.162830300986619e-4
Iran,ssp585,medium-term,air heat index,3.196435555088048e-4
Iran,ssp245,current,coastal disturbance,0.04613881005685268
Iran,ssp245,medium-term,coastal disturbance,0.04255495151227988
Iran,ssp585,current,coastal disturbance,0.044406627286253095
Iran,ssp585,medium-term,coastal disturbance,0.03507537219779748
Iran,ssp245,current,fisheries biomass loss,0.20067073771066263
Iran,ssp245,medium-term,fisheries biomass loss,0.33862198071991234
Iran,ssp585,current,fisheries biomass loss,0.1999458777293128
Iran,ssp585,medium-term,fisheries biomass loss,0.33856344784540165
Iran,ssp245,current,light pollution,0.004677277576582068
Iran,ssp245,medium-term,light pollution,0.004532270693769007
Iran,ssp585,current,light pollution,0.005258058633467169
Iran,ssp585,medium-term,light pollution,0.0044332432130667595
Iran,ssp245,current,nutrient pollution,0.0106823978385242
Iran,ssp245,medium-term,nutrient pollution,0.014400513330799641
Iran,ssp585,current,nutrient pollution,0.010812354714424075
Iran,ssp585,medium-term,nutrient pollution,0.01401809907860454
Iran,ssp245,current,ocean warming,0.029362243668092168
Iran,ssp245,medium-term,ocean warming,0.13537094991186102
Iran,ssp585,current,ocean warming,0.043661078672906854
Iran,ssp585,medium-term,ocean warming,0.19154986524064296
Iran,ssp245,current,primary productivity,0.021720092659248784
Iran,ssp245,medium-term,primary productivity,0.04466645942896581
Iran,ssp585,current,primary productivity,0.019573778752357357
Iran,ssp585,medium-term,primary productivity,0.05143768527686946
Iran,ssp245,current,reduced oxygen,0.009753931799497675
Iran,ssp245,medium-term,reduced oxygen,0.019111745574543537
Iran,ssp585,current,reduced oxygen,0.009753931799497675
Iran,ssp585,medium-term,reduced oxygen,0.015567624442160168
Iran,ssp245,current,sea level rise,2.5032000577172645e-5
Iran,ssp245,medium-term,sea level rise,0.019849410989332728
Iran,ssp585,current,sea level rise,0.0037511520159874616
Iran,ssp585,medium-term,sea level rise,0.054893490466937485
India,ssp245,current,acidification,0
India,ssp245,medium-term,acidification,7.072836309947845e-5
India,ssp585,current,acidification,0
India,ssp585,medium-term,acidification,0.0018965843080749405
India,ssp245,current,air heat index,0.0025345911222462146
India,ssp245,medium-term,air heat index,0.017670235215145876
India,ssp585,current,air heat index,0.0025420066961351095
India,ssp585,medium-term,air heat index,0.02029945129915827
India,ssp245,current,coastal disturbance,0.151931668659556
India,ssp245,medium-term,coastal disturbance,0.1514549588311273
India,ssp585,current,coastal disturbance,0.1508714576220916
India,ssp585,medium-term,coastal disturbance,0.14055150294513513
India,ssp245,current,fisheries biomass loss,0.196612954786873
India,ssp245,medium-term,fisheries biomass loss,0.3255936433453314
India,ssp585,current,fisheries biomass loss,0.1965452126061099
India,ssp585,medium-term,fisheries biomass loss,0.32535363667359796
India,ssp245,current,light pollution,0.003914654546673905
India,ssp245,medium-term,light pollution,0.006575560958839326
India,ssp585,current,light pollution,0.003930410509377025
India,ssp585,medium-term,light pollution,0.009033528272386125
India,ssp245,current,nutrient pollution,0.09090159855736436
India,ssp245,medium-term,nutrient pollution,0.12399753536017441
India,ssp585,current,nutrient pollution,0.09121942561068479
India,ssp585,medium-term,nutrient pollution,0.12210554620947169
India,ssp245,current,ocean warming,0.02917976033460287
India,ssp245,medium-term,ocean warming,0.14316916267608218
India,ssp585,current,ocean warming,0.03174321048794687
India,ssp585,medium-term,ocean warming,0.19465607854984587
India,ssp245,current,primary productivity,0.015292948458703218
India,ssp245,medium-term,primary productivity,0.03375927922588204
India,ssp585,current,primary productivity,0.014232592242591066
India,ssp585,medium-term,primary productivity,0.040746383260358045
India,ssp245,current,reduced oxygen,0.02526689993954103
India,ssp245,medium-term,reduced oxygen,0.031354521602651925
India,ssp585,current,reduced oxygen,0.02526689993954103
India,ssp585,medium-term,reduced oxygen,0.02974848822140668
India,ssp245,current,sea level rise,2.7236727628281796e-5
India,ssp245,medium-term,sea level rise,0.0245037775823791
India,ssp585,current,sea level rise,5.734506225087993e-4
India,ssp585,medium-term,sea level rise,0.05822233534989845
Bangladesh,ssp245,current,acidification,0
Bangladesh,ssp245,medium-term,acidification,0.010780648340621268
Bangladesh,ssp585,current,acidification,0
Bangladesh,ssp585,medium-term,acidification,0.01901827224129769
Bangladesh,ssp245,current,air heat index,0.002943846798848872
Bangladesh,ssp245,medium-term,air heat index,0.019519650372006973
Bangladesh,ssp585,current,air heat index,0.0027251520540173017
Bangladesh,ssp585,medium-term,air heat index,0.02306919654806942
Bangladesh,ssp245,current,coastal disturbance,0.14348096375736122
Bangladesh,ssp245,medium-term,coastal disturbance,0.1420418989918307
Bangladesh,ssp585,current,coastal disturbance,0.14228720388622654
Bangladesh,ssp585,medium-term,coastal disturbance,0.1292750977575101
Bangladesh,ssp245,current,fisheries biomass loss,0.1644147857379745
Bangladesh,ssp245,medium-term,fisheries biomass loss,0.22864716654617545
Bangladesh,ssp585,current,fisheries biomass loss,0.16429873062731407
Bangladesh,ssp585,medium-term,fisheries biomass loss,0.22859003136141431
Bangladesh,ssp245,current,light pollution,4.5413329996865014e-4
Bangladesh,ssp245,medium-term,light pollution,0.005577131758390696
Bangladesh,ssp585,current,light pollution,4.604341082656401e-4
Bangladesh,ssp585,medium-term,light pollution,0.010254444830604602
Bangladesh,ssp245,current,nutrient pollution,0.07069364414184504
Bangladesh,ssp245,medium-term,nutrient pollution,0.09306890282691571
Bangladesh,ssp585,current,nutrient pollution,0.07092525073838121
Bangladesh,ssp585,medium-term,nutrient pollution,0.09376198303747652
Bangladesh,ssp245,current,ocean warming,0.004270477251264584
Bangladesh,ssp245,medium-term,ocean warming,0.061295793813246596
Bangladesh,ssp585,current,ocean warming,0.018743320479485917
Bangladesh,ssp585,medium-term,ocean warming,0.08123868040969136
Bangladesh,ssp245,current,primary productivity,0
Bangladesh,ssp245,medium-term,primary productivity,0
Bangladesh,ssp585,current,primary productivity,0
Bangladesh,ssp585,medium-term,primary productivity,0
Bangladesh,ssp245,current,reduced oxygen,0.0034096901487995104
Bangladesh,ssp245,medium-term,reduced oxygen,0.009793641127319704
Bangladesh,ssp585,current,reduced oxygen,0.0034096901487995104
Bangladesh,ssp585,medium-term,reduced oxygen,0.0038649809454476504
Bangladesh,ssp245,current,sea level rise,0
Bangladesh,ssp245,medium-term,sea level rise,0.025222181264361293
Bangladesh,ssp585,current,sea level rise,0
Bangladesh,ssp585,medium-term,sea level rise,0.06008495580141731
Azores,ssp245,current,acidification,0.0013812525329537583
Azores,ssp245,medium-term,acidification,0.06377613636815442
Azores,ssp585,current,acidification,0.002361855565102222
Azores,ssp585,medium-term,acidification,0.09058925814365919
Azores,ssp245,current,air heat index,0
Azores,ssp245,medium-term,air heat index,0
Azores,ssp585,current,air heat index,0
Azores,ssp585,medium-term,air heat index,0
Azores,ssp245,current,coastal disturbance,0.020355280560434324
Azores,ssp245,medium-term,coastal disturbance,0.01627789306055535
Azores,ssp585,current,coastal disturbance,0.020237149990086068
Azores,ssp585,medium-term,coastal disturbance,0.014826190034774105
Azores,ssp245,current,fisheries biomass loss,0
Azores,ssp245,medium-term,fisheries biomass loss,0.11480065613466374
Azores,ssp585,current,fisheries biomass loss,0
Azores,ssp585,medium-term,fisheries biomass loss,0.1368977009715023
Azores,ssp245,current,light pollution,5.278450749632496e-4
Azores,ssp245,medium-term,light pollution,4.881289639577383e-4
Azores,ssp585,current,light pollution,5.058287262289308e-4
Azores,ssp585,medium-term,light pollution,4.0275598824370386e-4
Azores,ssp245,current,nutrient pollution,0
Azores,ssp245,medium-term,nutrient pollution,0
Azores,ssp585,current,nutrient pollution,0
Azores,ssp585,medium-term,nutrient pollution,0
Azores,ssp245,current,ocean warming,0.05582509941213894
Azores,ssp245,medium-term,ocean warming,0.16198602068775544
Azores,ssp585,current,ocean warming,0.10275433858554683
Azores,ssp585,medium-term,ocean warming,0.2674112966430361
Azores,ssp245,current,primary productivity,0.005278794420407902
Azores,ssp245,medium-term,primary productivity,0.16126448017117173
Azores,ssp585,current,primary productivity,0.0036318381707009495
Azores,ssp585,medium-term,primary productivity,0.18497712382298884
Azores,ssp245,current,reduced oxygen,0.006648309313053862
Azores,ssp245,medium-term,reduced oxygen,0.010769717892449246
Azores,ssp585,current,reduced oxygen,0.006648309313053862
Azores,ssp585,medium-term,reduced oxygen,0.0130092070152415
Azores,ssp245,current,sea level rise,0.0023378112672288575
Azores,ssp245,medium-term,sea level rise,0.014636583115353312
Azores,ssp585,current,sea level rise,0.005183884641574635
Azores,ssp585,medium-term,sea level rise,0.022682510075770095
Madeira,ssp245,current,acidification,0
Madeira,ssp245,medium-term,acidification,0.02926193662706043
Madeira,ssp585,current,acidification,0
Madeira,ssp585,medium-term,acidification,0.06100591552400434
Madeira,ssp245,current,air heat index,0
Madeira,ssp245,medium-term,air heat index,0
Madeira,ssp585,current,air heat index,0
Madeira,ssp585,medium-term,air heat index,0
Madeira,ssp245,current,coastal disturbance,0.03189519128394941
Madeira,ssp245,medium-term,coastal disturbance,0.028193054686868748
Madeira,ssp585,current,coastal disturbance,0.03184049851705296
Madeira,ssp585,medium-term,coastal disturbance,0.027517259332661956
Madeira,ssp245,current,fisheries biomass loss,0.02313664981597628
Madeira,ssp245,medium-term,fisheries biomass loss,0.13309575003260857
Madeira,ssp585,current,fisheries biomass loss,0.022761274806271103
Madeira,ssp585,medium-term,fisheries biomass loss,0.16107887690113307
Madeira,ssp245,current,light pollution,0.002475676927097562
Madeira,ssp245,medium-term,light pollution,0.0025746280381147364
Madeira,ssp585,current,light pollution,0.0024371560147851833
Madeira,ssp585,medium-term,light pollution,0.002842894965923685
Madeira,ssp245,current,nutrient pollution,1.9731157544315624e-4
Madeira,ssp245,medium-term,nutrient pollution,1.6355991139146826e-4
Madeira,ssp585,current,nutrient pollution,1.9707037351819677e-4
Madeira,ssp585,medium-term,nutrient pollution,1.654632188355637e-4
Madeira,ssp245,current,ocean warming,0.09488300578500218
Madeira,ssp245,medium-term,ocean warming,0.275467551848315
Madeira,ssp585,current,ocean warming,0.12452375342447915
Madeira,ssp585,medium-term,ocean warming,0.34946811233519265
Madeira,ssp245,current,primary productivity,0.012429157575154118
Madeira,ssp245,medium-term,primary productivity,0.12490843711260056
Madeira,ssp585,current,primary productivity,0.01627380286218364
Madeira,ssp585,medium-term,primary productivity,0.13836396390807318
Madeira,ssp245,current,reduced oxygen,0.006086017091667965
Madeira,ssp245,medium-term,reduced oxygen,0.013955715500687024
Madeira,ssp585,current,reduced oxygen,0.006086017091667965
Madeira,ssp585,medium-term,reduced oxygen,0.015211198593069011
Madeira,ssp245,current,sea level rise,0.004772346980692083
Madeira,ssp245,medium-term,sea level rise,0.010538636172943944
Madeira,ssp585,current,sea level rise,0.005921470414920661
Madeira,ssp585,medium-term,sea level rise,0.015400636935067413
Canary Islands,ssp245,current,acidification,0
Canary Islands,ssp245,medium-term,acidification,0.023015341871744033
Canary Islands,ssp585,current,acidification,0
Canary Islands,ssp585,medium-term,acidification,0.05350327126287021
Canary Islands,ssp245,current,air heat index,0
Canary Islands,ssp245,medium-term,air heat index,0
Canary Islands,ssp585,current,air heat index,0
Canary Islands,ssp585,medium-term,air heat index,0
Canary Islands,ssp245,current,coastal disturbance,0.04760781896941275
Canary Islands,ssp245,medium-term,coastal disturbance,0.04313431889881156
Canary Islands,ssp585,current,coastal disturbance,0.0469265387225999
Canary Islands,ssp585,medium-term,coastal disturbance,0.04264678959556289
Canary Islands,ssp245,current,fisheries biomass loss,0.1442406515752423
Canary Islands,ssp245,medium-term,fisheries biomass loss,0.3111301261563846
Canary Islands,ssp585,current,fisheries biomass loss,0.14540301592978408
Canary Islands,ssp585,medium-term,fisheries biomass loss,0.30854877855770235
Canary Islands,ssp245,current,light pollution,0.004248380195819883
Canary Islands,ssp245,medium-term,light pollution,0.003981875624739241
Canary Islands,ssp585,current,light pollution,0.004351973612264029
Canary Islands,ssp585,medium-term,light pollution,0.004143978308701631
Canary Islands,ssp245,current,nutrient pollution,8.024394553614385e-4
Canary Islands,ssp245,medium-term,nutrient pollution,5.719921717403641e-4
Canary Islands,ssp585,current,nutrient pollution,7.940430269224981e-4
Canary Islands,ssp585,medium-term,nutrient pollution,4.727093935659573e-4
Canary Islands,ssp245,current,ocean warming,0.04621475718361988
Canary Islands,ssp245,medium-term,ocean warming,0.22510928614346054
Canary Islands,ssp585,current,ocean warming,0.1038102925851239
Canary Islands,ssp585,medium-term,ocean warming,0.27342033436213786
Canary Islands,ssp245,current,primary productivity,0
Canary Islands,ssp245,medium-term,primary productivity,0.14154194463225048
Canary Islands,ssp585,current,primary productivity,0
Canary Islands,ssp585,medium-term,primary productivity,0.12368729228351029
Canary Islands,ssp245,current,reduced oxygen,0.020344889902031982
Canary Islands,ssp245,medium-term,reduced oxygen,0.034957685377605296
Canary Islands,ssp585,current,reduced oxygen,0.020344889902031982
Canary Islands,ssp585,medium-term,reduced oxygen,0.04127020221997335
Canary Islands,ssp245,current,sea level rise,0.012568896479908666
Canary Islands,ssp245,medium-term,sea level rise,0.030476685335000593
Canary Islands,ssp585,current,sea level rise,0.015458879639155728
Canary Islands,ssp585,medium-term,sea level rise,0.042929148523474174
Gibraltar,ssp245,current,acidification,0
Gibraltar,ssp245,medium-term,acidification,0.047499784365451575
Gibraltar,ssp585,current,acidification,0
Gibraltar,ssp585,medium-term,acidification,0.08015689366341879
Gibraltar,ssp245,current,air heat index,0
Gibraltar,ssp245,medium-term,air heat index,0
Gibraltar,ssp585,current,air heat index,0
Gibraltar,ssp585,medium-term,air heat index,0
Gibraltar,ssp245,current,coastal disturbance,0.11672482457167159
Gibraltar,ssp245,medium-term,coastal disturbance,0.1163203390315175
Gibraltar,ssp585,current,coastal disturbance,0.11686832613001265
Gibraltar,ssp585,medium-term,coastal disturbance,0.11873427483563621
Gibraltar,ssp245,current,fisheries biomass loss,0
Gibraltar,ssp245,medium-term,fisheries biomass loss,0
Gibraltar,ssp585,current,fisheries biomass loss,0
Gibraltar,ssp585,medium-term,fisheries biomass loss,0
Gibraltar,ssp245,current,light pollution,0.031703108300765344
Gibraltar,ssp245,medium-term,light pollution,0.025512699037790288
Gibraltar,ssp585,current,light pollution,0.03196956124156713
Gibraltar,ssp585,medium-term,light pollution,0.026578210294246663
Gibraltar,ssp245,current,nutrient pollution,0.013843370465716959
Gibraltar,ssp245,medium-term,nutrient pollution,0.011752509492604672
Gibraltar,ssp585,current,nutrient pollution,0.013744867038136958
Gibraltar,ssp585,medium-term,nutrient pollution,0.010222540537749101
Gibraltar,ssp245,current,ocean warming,0.11641960866594064
Gibraltar,ssp245,medium-term,ocean warming,0.34246173687279224
Gibraltar,ssp585,current,ocean warming,0.09831361290222655
Gibraltar,ssp585,medium-term,ocean warming,0.38924817259733874
Gibraltar,ssp245,current,primary productivity,0
Gibraltar,ssp245,medium-term,primary productivity,0.001247841331254069
Gibraltar,ssp585,current,primary productivity,0
Gibraltar,ssp585,medium-term,primary productivity,0
Gibraltar,ssp245,current,reduced oxygen,0.04066191000492836
Gibraltar,ssp245,medium-term,reduced oxygen,0.06622096954864294
Gibraltar,ssp585,current,reduced oxygen,0.04066191000492836
Gibraltar,ssp585,medium-term,reduced oxygen,0.07083265929638098
Gibraltar,ssp245,current,sea level rise,8.236658468376845e-4
Gibraltar,ssp245,medium-term,sea level rise,0.015705598673472796
Gibraltar,ssp585,current,sea level rise,0.004393182074030237
Gibraltar,ssp585,medium-term,sea level rise,0.03301589625577132
Malta,ssp245,current,acidification,0.0028160763357694416
Malta,ssp245,medium-term,acidification,0.0549134878279195
Malta,ssp585,current,acidification,7.205456868885818e-27
Malta,ssp585,medium-term,acidification,0.08237023386500368
Malta,ssp245,current,air heat index,0
Malta,ssp245,medium-term,air heat index,1.5411858063695601e-4
Malta,ssp585,current,air heat index,0
Malta,ssp585,medium-term,air heat index,7.910979591542853e-4
Malta,ssp245,current,coastal disturbance,0.11076888646736431
Malta,ssp245,medium-term,coastal disturbance,0.1107480871413524
Malta,ssp585,current,coastal disturbance,0.11077632755817225
Malta,ssp585,medium-term,coastal disturbance,0.1120695107364251
Malta,ssp245,current,fisheries biomass loss,0.23969498774580036
Malta,ssp245,medium-term,fisheries biomass loss,0.2509544862046217
Malta,ssp585,current,fisheries biomass loss,0.24037757266196422
Malta,ssp585,medium-term,fisheries biomass loss,0.25946024618848845
Malta,ssp245,current,light pollution,0.011404944306559629
Malta,ssp245,medium-term,light pollution,0.010908428299687026
Malta,ssp585,current,light pollution,0.01140337416654802
Malta,ssp585,medium-term,light pollution,0.01223703963526835
Malta,ssp245,current,nutrient pollution,6.556481507488804e-4
Malta,ssp245,medium-term,nutrient pollution,3.160215922916702e-4
Malta,ssp585,current,nutrient pollution,6.548561637085457e-4
Malta,ssp585,medium-term,nutrient pollution,1.6165199742382917e-4
Malta,ssp245,current,ocean warming,0.07132390236098823
Malta,ssp245,medium-term,ocean warming,0.3404712734404408
Malta,ssp585,current,ocean warming,0.07423664956901727
Malta,ssp585,medium-term,ocean warming,0.39476774878179033
Malta,ssp245,current,primary productivity,1.0882801560955594e-5
Malta,ssp245,medium-term,primary productivity,0.019900152327318208
Malta,ssp585,current,primary productivity,2.1666768156573306e-4
Malta,ssp585,medium-term,primary productivity,0.02176429265139935
Malta,ssp245,current,reduced oxygen,0.00868183400568796
Malta,ssp245,medium-term,reduced oxygen,0.014257353366277432
Malta,ssp585,current,reduced oxygen,0.00868183400568796
Malta,ssp585,medium-term,reduced oxygen,0.01936678614280633
Malta,ssp245,current,sea level rise,0.011018487368710337
Malta,ssp245,medium-term,sea level rise,0.026191303638430932
Malta,ssp585,current,sea level rise,0.014281633525388313
Malta,ssp585,medium-term,sea level rise,0.04284702589114507
Greece,ssp245,current,acidification,0.14574676765504432
Greece,ssp245,medium-term,acidification,0.16511883467552815
Greece,ssp585,current,acidification,0.14455463991694148
Greece,ssp585,medium-term,acidification,0.17823223238562805
Greece,ssp245,current,air heat index,1.0195805971880302e-7
Greece,ssp245,medium-term,air heat index,8.019867131978562e-5
Greece,ssp585,current,air heat index,2.72401122157313e-7
Greece,ssp585,medium-term,air heat index,4.7938520224295267e-4
Greece,ssp245,current,coastal disturbance,0.04441219118972305
Greece,ssp245,medium-term,coastal disturbance,0.03817383092332994
Greece,ssp585,current,coastal disturbance,0.044174366764543026
Greece,ssp585,medium-term,coastal disturbance,0.0365313336963006
Greece,ssp245,current,fisheries biomass loss,0.23440914731935555
Greece,ssp245,medium-term,fisheries biomass loss,0.3587095459088227
Greece,ssp585,current,fisheries biomass loss,0.2343307147120185
Greece,ssp585,medium-term,fisheries biomass loss,0.3588795700527956
Greece,ssp245,current,light pollution,0.0023130099846231655
Greece,ssp245,medium-term,light pollution,0.0021730049813004503
Greece,ssp585,current,light pollution,0.002370489910762435
Greece,ssp585,medium-term,light pollution,0.002387064189844182
Greece,ssp245,current,nutrient pollution,0.007221843345067361
Greece,ssp245,medium-term,nutrient pollution,0.0072931809152940955
Greece,ssp585,current,nutrient pollution,0.007210056926931345
Greece,ssp585,medium-term,nutrient pollution,0.007087814238681042
Greece,ssp245,current,ocean warming,0.072221558754084
Greece,ssp245,medium-term,ocean warming,0.2831118369074975
Greece,ssp585,current,ocean warming,0.10117806606714427
Greece,ssp585,medium-term,ocean warming,0.3034411006924589
Greece,ssp245,current,primary productivity,0.006510976907853139
Greece,ssp245,medium-term,primary productivity,0
Greece,ssp585,current,primary productivity,0.006442863107948454
Greece,ssp585,medium-term,primary productivity,1.864342650405684e-5
Greece,ssp245,current,reduced oxygen,0.01381759171147712
Greece,ssp245,medium-term,reduced oxygen,0.020690554057417123
Greece,ssp585,current,reduced oxygen,0.01381759171147712
Greece,ssp585,medium-term,reduced oxygen,0.02225812555549722
Greece,ssp245,current,sea level rise,0.0051232137131049325
Greece,ssp245,medium-term,sea level rise,0.023449855242018758
Greece,ssp585,current,sea level rise,0.008449906305407665
Greece,ssp585,medium-term,sea level rise,0.045660020373629893
Albania,ssp245,current,acidification,0.0373820075745318
Albania,ssp245,medium-term,acidification,0.06217619430051306
Albania,ssp585,current,acidification,0.03585621058425192
Albania,ssp585,medium-term,acidification,0.07895995023664747
Albania,ssp245,current,air heat index,0
Albania,ssp245,medium-term,air heat index,3.590914478405612e-4
Albania,ssp585,current,air heat index,0
Albania,ssp585,medium-term,air heat index,0.00169022351723445
Albania,ssp245,current,coastal disturbance,0.09632907153290446
Albania,ssp245,medium-term,coastal disturbance,0.0863477625194837
Albania,ssp585,current,coastal disturbance,0.09557503538896887
Albania,ssp585,medium-term,coastal disturbance,0.07569195621053576
Albania,ssp245,current,fisheries biomass loss,0
Albania,ssp245,medium-term,fisheries biomass loss,0
Albania,ssp585,current,fisheries biomass loss,0
Albania,ssp585,medium-term,fisheries biomass loss,0
Albania,ssp245,current,light pollution,0.00404631659335318
Albania,ssp245,medium-term,light pollution,0.005923098451154919
Albania,ssp585,current,light pollution,0.0040056882142579684
Albania,ssp585,medium-term,light pollution,0.005524880656693848
Albania,ssp245,current,nutrient pollution,0.09180130687922793
Albania,ssp245,medium-term,nutrient pollution,0.0939556214090868
Albania,ssp585,current,nutrient pollution,0.09178268959911134
Albania,ssp585,medium-term,nutrient pollution,0.0944665014732279
Albania,ssp245,current,ocean warming,0.027476650091133932
Albania,ssp245,medium-term,ocean warming,0.21652124071639664
Albania,ssp585,current,ocean warming,0.07441613838504775
Albania,ssp585,medium-term,ocean warming,0.26744673674573727
Albania,ssp245,current,primary productivity,6.721260856160202e-4
Albania,ssp245,medium-term,primary productivity,0
Albania,ssp585,current,primary productivity,7.807631294096605e-4
Albania,ssp585,medium-term,primary productivity,0
Albania,ssp245,current,reduced oxygen,0.003480141532763467
Albania,ssp245,medium-term,reduced oxygen,0.011684593205370207
Albania,ssp585,current,reduced oxygen,0.003480141532763467
Albania,ssp585,medium-term,reduced oxygen,0.012726871242455374
Albania,ssp245,current,sea level rise,0.007821478458687149
Albania,ssp245,medium-term,sea level rise,0.03354435578163646
Albania,ssp585,current,sea level rise,0.013650893118397543
Albania,ssp585,medium-term,sea level rise,0.06533325675074393
Spain,ssp245,current,acidification,0.005116811617386395
Spain,ssp245,medium-term,acidification,0.038138389013355374
Spain,ssp585,current,acidification,0.0043838593490248285
Spain,ssp585,medium-term,acidification,0.05767197383060479
Spain,ssp245,current,air heat index,0
Spain,ssp245,medium-term,air heat index,2.4271527537839543e-6
Spain,ssp585,current,air heat index,0
Spain,ssp585,medium-term,air heat index,5.3425986793305886e-5
Spain,ssp245,current,coastal disturbance,0.09037468139552839
Spain,ssp245,medium-term,coastal disturbance,0.08475163640212476
Spain,ssp585,current,coastal disturbance,0.08959964422323391
Spain,ssp585,medium-term,coastal disturbance,0.08519757493309664
Spain,ssp245,current,fisheries biomass loss,0.16413058710819997
Spain,ssp245,medium-term,fisheries biomass loss,0.24829932881749037
Spain,ssp585,current,fisheries biomass loss,0.16499275740977565
Spain,ssp585,medium-term,fisheries biomass loss,0.261917623794934
Spain,ssp245,current,light pollution,0.010886725669266689
Spain,ssp245,medium-term,light pollution,0.009767073735228567
Spain,ssp585,current,light pollution,0.01096365087683045
Spain,ssp585,medium-term,light pollution,0.010374425168709083
Spain,ssp245,current,nutrient pollution,0.019848395993000516
Spain,ssp245,medium-term,nutrient pollution,0.01705180625187717
Spain,ssp585,current,nutrient pollution,0.019819639501925557
Spain,ssp585,medium-term,nutrient pollution,0.015204438926515736
Spain,ssp245,current,ocean warming,0.06989434702343826
Spain,ssp245,medium-term,ocean warming,0.2114079235859028
Spain,ssp585,current,ocean warming,0.07486744025646164
Spain,ssp585,medium-term,ocean warming,0.25365765600614154
Spain,ssp245,current,primary productivity,0.0029748803327181695
Spain,ssp245,medium-term,primary productivity,0.020044203416667124
Spain,ssp585,current,primary productivity,0.0026176251219003376
Spain,ssp585,medium-term,primary productivity,0.01676832145692065
Spain,ssp245,current,reduced oxygen,0.006493897625037744
Spain,ssp245,medium-term,reduced oxygen,0.017239941820992085
Spain,ssp585,current,reduced oxygen,0.006493897625037744
Spain,ssp585,medium-term,reduced oxygen,0.02096960813074063
Spain,ssp245,current,sea level rise,0.01534548542213205
Spain,ssp245,medium-term,sea level rise,0.03468758927894281
Spain,ssp585,current,sea level rise,0.017573124436719736
Spain,ssp585,medium-term,sea level rise,0.05796623457839824
Portugal,ssp245,current,acidification,0.009252515691803074
Portugal,ssp245,medium-term,acidification,0.039696849527089316
Portugal,ssp585,current,acidification,0.009092143215735898
Portugal,ssp585,medium-term,acidification,0.05743255257135334
Portugal,ssp245,current,air heat index,0
Portugal,ssp245,medium-term,air heat index,0
Portugal,ssp585,current,air heat index,0
Portugal,ssp585,medium-term,air heat index,0
Portugal,ssp245,current,coastal disturbance,0.11421213640024651
Portugal,ssp245,medium-term,coastal disturbance,0.10654945062037832
Portugal,ssp585,current,coastal disturbance,0.11422741700327521
Portugal,ssp585,medium-term,coastal disturbance,0.10742859863276462
Portugal,ssp245,current,fisheries biomass loss,0.11800073788099055
Portugal,ssp245,medium-term,fisheries biomass loss,0.13310393098461393
Portugal,ssp585,current,fisheries biomass loss,0.11812747112870255
Portugal,ssp585,medium-term,fisheries biomass loss,0.15063015541573527
Portugal,ssp245,current,light pollution,0.019304107163533094
Portugal,ssp245,medium-term,light pollution,0.01590802547782617
Portugal,ssp585,current,light pollution,0.01913057147633724
Portugal,ssp585,medium-term,light pollution,0.016433221457713677
Portugal,ssp245,current,nutrient pollution,0.02893920904165633
Portugal,ssp245,medium-term,nutrient pollution,0.027583105867346486
Portugal,ssp585,current,nutrient pollution,0.029020266475096902
Portugal,ssp585,medium-term,nutrient pollution,0.026664122133366525
Portugal,ssp245,current,ocean warming,0.0664114557089227
Portugal,ssp245,medium-term,ocean warming,0.12199334863605442
Portugal,ssp585,current,ocean warming,0.05104271973579495
Portugal,ssp585,medium-term,ocean warming,0.1667439559385475
Portugal,ssp245,current,primary productivity,0.01085848286957209
Portugal,ssp245,medium-term,primary productivity,0.05249317740062096
Portugal,ssp585,current,primary productivity,0.009427934992772006
Portugal,ssp585,medium-term,primary productivity,0.04237580036071521
Portugal,ssp245,current,reduced oxygen,0.00908201379783944
Portugal,ssp245,medium-term,reduced oxygen,0.01609820605939502
Portugal,ssp585,current,reduced oxygen,0.00908201379783944
Portugal,ssp585,medium-term,reduced oxygen,0.020831111486585327
Portugal,ssp245,current,sea level rise,0.016683090316633967
Portugal,ssp245,medium-term,sea level rise,0.04736701203112509
Portugal,ssp585,current,sea level rise,0.020517786665163164
Portugal,ssp585,medium-term,sea level rise,0.07276730963529207
Italy,ssp245,current,acidification,0.044192999999118986
Italy,ssp245,medium-term,acidification,0.0849933898852472
Italy,ssp585,current,acidification,0.04246788489606724
Italy,ssp585,medium-term,acidification,0.10818212003955284
Italy,ssp245,current,air heat index,0
Italy,ssp245,medium-term,air heat index,5.3381079378986006e-5
Italy,ssp585,current,air heat index,6.784549556338154e-10
Italy,ssp585,medium-term,air heat index,3.694224075822808e-4
Italy,ssp245,current,coastal disturbance,0.08194056436899491
Italy,ssp245,medium-term,coastal disturbance,0.07749034456541377
Italy,ssp585,current,coastal disturbance,0.08171519061513205
Italy,ssp585,medium-term,coastal disturbance,0.078901423493793435
Italy,ssp245,current,fisheries biomass loss,0.23732256653417144
Italy,ssp245,medium-term,fisheries biomass loss,0.35270921858011195
Italy,ssp585,current,fisheries biomass loss,0.2378883845215074
Italy,ssp585,medium-term,fisheries biomass loss,0.3529436664371213
Italy,ssp245,current,light pollution,0.00983202161593766
Italy,ssp245,medium-term,light pollution,0.00864394687715851
Italy,ssp585,current,light pollution,0.009938621527269762
Italy,ssp585,medium-term,light pollution,0.009436275798808347
Italy,ssp245,current,nutrient pollution,0.030412558880161516
Italy,ssp245,medium-term,nutrient pollution,0.025728901862846494
Italy,ssp585,current,nutrient pollution,0.030363514106565546
Italy,ssp585,medium-term,nutrient pollution,0.023394037373667218
Italy,ssp245,current,ocean warming,0.04558166310394158
Italy,ssp245,medium-term,ocean warming,0.24077107234603445
Italy,ssp585,current,ocean warming,0.06712158929744687
Italy,ssp585,medium-term,ocean warming,0.2843689297837503
Italy,ssp245,current,primary productivity,1.5491843924897587e-6
Italy,ssp245,medium-term,primary productivity,0.0014973022017745038
Italy,ssp585,current,primary productivity,1.1083395757051317e-5
Italy,ssp585,medium-term,primary productivity,0.001547294047780318
Italy,ssp245,current,reduced oxygen,0.005525561740542677
Italy,ssp245,medium-term,reduced oxygen,0.01557149418498468
Italy,ssp585,current,reduced oxygen,0.005525561740542677
Italy,ssp585,medium-term,reduced oxygen,0.016893629963373825
Italy,ssp245,current,sea level rise,0.00897888944705274
Italy,ssp245,medium-term,sea level rise,0.02409123708040643
Italy,ssp585,current,sea level rise,0.011604592206107054
Italy,ssp585,medium-term,sea level rise,0.046169536060585804
Montenegro,ssp245,current,acidification,0.03697882629001407
Montenegro,ssp245,medium-term,acidification,0.06150559761364752
Montenegro,ssp585,current,acidification,0.035469486498500215
Montenegro,ssp585,medium-term,acidification,0.07810833456560745
Montenegro,ssp245,current,air heat index,0
Montenegro,ssp245,medium-term,air heat index,2.1068789697139759e-4
Montenegro,ssp585,current,air heat index,0
Montenegro,ssp585,medium-term,air heat index,8.669019654666165e-4
Montenegro,ssp245,current,coastal disturbance,0.0898242067627946
Montenegro,ssp245,medium-term,coastal disturbance,0.08730003810467615
Montenegro,ssp585,current,coastal disturbance,0.08956414253294372
Montenegro,ssp585,medium-term,coastal disturbance,0.08503148959676639
Montenegro,ssp245,current,fisheries biomass loss,0.21802702316500502
Montenegro,ssp245,medium-term,fisheries biomass loss,0.31792344164167496
Montenegro,ssp585,current,fisheries biomass loss,0.21787958052852352
Montenegro,ssp585,medium-term,fisheries biomass loss,0.31672398808235624
Montenegro,ssp245,current,light pollution,0.006241509227477544
Montenegro,ssp245,medium-term,light pollution,0.007192960750875625
Montenegro,ssp585,current,light pollution,0.006278221180325309
Montenegro,ssp585,medium-term,light pollution,0.009558274349446633
Montenegro,ssp245,current,nutrient pollution,0.04515215483431724
Montenegro,ssp245,medium-term,nutrient pollution,0.04514711288239118
Montenegro,ssp585,current,nutrient pollution,0.04516045913308925
Montenegro,ssp585,medium-term,nutrient pollution,0.045591818848943776
Montenegro,ssp245,current,ocean warming,0.03957267401560314
Montenegro,ssp245,medium-term,ocean warming,0.24763119465958502
Montenegro,ssp585,current,ocean warming,0.08719621014360796
Montenegro,ssp585,medium-term,ocean warming,0.3003632029978125
Montenegro,ssp245,current,primary productivity,0
Montenegro,ssp245,medium-term,primary productivity,0
Montenegro,ssp585,current,primary productivity,0
Montenegro,ssp585,medium-term,primary productivity,0
Montenegro,ssp245,current,reduced oxygen,0.002408011129459893
Montenegro,ssp245,medium-term,reduced oxygen,0.009027348498546355
Montenegro,ssp585,current,reduced oxygen,0.002408011129459893
Montenegro,ssp585,medium-term,reduced oxygen,0.009863919143064212
Montenegro,ssp245,current,sea level rise,0.0052116428419610415
Montenegro,ssp245,medium-term,sea level rise,0.024308155214510345
Montenegro,ssp585,current,sea level rise,0.009572084404022336
Montenegro,ssp585,medium-term,sea level rise,0.04850871380868143
Croatia,ssp245,current,acidification,0.03776827418777492
Croatia,ssp245,medium-term,acidification,0.06281865889195049
Croatia,ssp585,current,acidification,0.036226711821525114
Croatia,ssp585,medium-term,acidification,0.0797758408264808
Croatia,ssp245,current,air heat index,2.182669537173102e-9
Croatia,ssp245,medium-term,air heat index,5.424378584666621e-5
Croatia,ssp585,current,air heat index,2.182669537173102e-9
Croatia,ssp585,medium-term,air heat index,7.094456295076072e-4
Croatia,ssp245,current,coastal disturbance,0.07006886010751728
Croatia,ssp245,medium-term,coastal disturbance,0.05858358206128414
Croatia,ssp585,current,coastal disturbance,0.06954737953343024
Croatia,ssp585,medium-term,coastal disturbance,0.05239640748046583
Croatia,ssp245,current,fisheries biomass loss,0.265134530342739
Croatia,ssp245,medium-term,fisheries biomass loss,0.35262516760614393
Croatia,ssp585,current,fisheries biomass loss,0.2651211069628827
Croatia,ssp585,medium-term,fisheries biomass loss,0.3519525698977067
Croatia,ssp245,current,light pollution,0.004369601431423028
Croatia,ssp245,medium-term,light pollution,0.0037848407919792515
Croatia,ssp585,current,light pollution,0.00454811227695618
Croatia,ssp585,medium-term,light pollution,0.003620870789158323
Croatia,ssp245,current,nutrient pollution,0.01072623187968571
Croatia,ssp245,medium-term,nutrient pollution,0.011622775454202766
Croatia,ssp585,current,nutrient pollution,0.010810048594735486
Croatia,ssp585,medium-term,nutrient pollution,0.011116497426632168
Croatia,ssp245,current,ocean warming,0.04027012840835471
Croatia,ssp245,medium-term,ocean warming,0.20479174394402558
Croatia,ssp585,current,ocean warming,0.05662974880969899
Croatia,ssp585,medium-term,ocean warming,0.23958252591266432
Croatia,ssp245,current,primary productivity,0
Croatia,ssp245,medium-term,primary productivity,0.0011938843914334762
Croatia,ssp585,current,primary productivity,0
Croatia,ssp585,medium-term,primary productivity,7.696078559208252e-4
Croatia,ssp245,current,reduced oxygen,0.0025542321649185073
Croatia,ssp245,medium-term,reduced oxygen,0.009675976047091077
Croatia,ssp585,current,reduced oxygen,0.0025542321649185073
Croatia,ssp585,medium-term,reduced oxygen,0.012860018965147336
Croatia,ssp245,current,sea level rise,4.446288917067323e-4
Croatia,ssp245,medium-term,sea level rise,0.024973384692869256
Croatia,ssp585,current,sea level rise,0.0030117117253296937
Croatia,ssp585,medium-term,sea level rise,0.06456029540566317
Slovenia,ssp245,current,acidification,0.035282851329611724
Slovenia,ssp245,medium-term,acidification,0.05868474039380089
Slovenia,ssp585,current,acidification,0.033842734996142085
Slovenia,ssp585,medium-term,acidification,0.0745260178373428
Slovenia,ssp245,current,air heat index,0
Slovenia,ssp245,medium-term,air heat index,4.2226845749837594e-5
Slovenia,ssp585,current,air heat index,0
Slovenia,ssp585,medium-term,air heat index,5.817800715703912e-4
Slovenia,ssp245,current,coastal disturbance,0.13472108947462402
Slovenia,ssp245,medium-term,coastal disturbance,0.12527481255528983
Slovenia,ssp585,current,coastal disturbance,0.13452270050765947
Slovenia,ssp585,medium-term,coastal disturbance,0.12389139467268251
Slovenia,ssp245,current,fisheries biomass loss,0
Slovenia,ssp245,medium-term,fisheries biomass loss,0
Slovenia,ssp585,current,fisheries biomass loss,0
Slovenia,ssp585,medium-term,fisheries biomass loss,0
Slovenia,ssp245,current,light pollution,0.020967780967112038
Slovenia,ssp245,medium-term,light pollution,0.025833932835212174
Slovenia,ssp585,current,light pollution,0.015669810452891387
Slovenia,ssp585,medium-term,light pollution,0.02979412168497219
Slovenia,ssp245,current,nutrient pollution,0.02782561457206611
Slovenia,ssp245,medium-term,nutrient pollution,0.023310002841526508
Slovenia,ssp585,current,nutrient pollution,0.027741223780822104
Slovenia,ssp585,medium-term,nutrient pollution,0.02064586082997266
Slovenia,ssp245,current,ocean warming,0.019783106939030393
Slovenia,ssp245,medium-term,ocean warming,0.11482599892042343
Slovenia,ssp585,current,ocean warming,0.033251310445848496
Slovenia,ssp585,medium-term,ocean warming,0.12501150323441834
Slovenia,ssp245,current,primary productivity,0
Slovenia,ssp245,medium-term,primary productivity,0.008563186450828644
Slovenia,ssp585,current,primary productivity,0
Slovenia,ssp585,medium-term,primary productivity,0.005697498899280612
Slovenia,ssp245,current,reduced oxygen,0.007401245656438956
Slovenia,ssp245,medium-term,reduced oxygen,0.018182095650445255
Slovenia,ssp585,current,reduced oxygen,0.007401245656438956
Slovenia,ssp585,medium-term,reduced oxygen,0.02071374525735336
Slovenia,ssp245,current,sea level rise,0
Slovenia,ssp245,medium-term,sea level rise,0.017279659939958943
Slovenia,ssp585,current,sea level rise,0
Slovenia,ssp585,medium-term,sea level rise,0.0520348013669718
Bosnia and Herzegovina,ssp245,current,acidification,0.0013667355233337698
Bosnia and Herzegovina,ssp245,medium-term,acidification,0.002273243832557144
Bosnia and Herzegovina,ssp585,current,acidification,0.0013109504070598589
Bosnia and Herzegovina,ssp585,medium-term,acidification,0.0028868800145573858
Bosnia and Herzegovina,ssp245,current,air heat index,0
Bosnia and Herzegovina,ssp245,medium-term,air heat index,2.7258799661922243e-8
Bosnia and Herzegovina,ssp585,current,air heat index,0
Bosnia and Herzegovina,ssp585,medium-term,air heat index,1.4138878517163297e-5
Bosnia and Herzegovina,ssp245,current,coastal disturbance,0.008310423387835416
Bosnia and Herzegovina,ssp245,medium-term,coastal disturbance,0.006720944928626214
Bosnia and Herzegovina,ssp585,current,coastal disturbance,0.008211581424499544
Bosnia and Herzegovina,ssp585,medium-term,coastal disturbance,0.005677097166577967
Bosnia and Herzegovina,ssp245,current,fisheries biomass loss,0
Bosnia and Herzegovina,ssp245,medium-term,fisheries biomass loss,0
Bosnia and Herzegovina,ssp585,current,fisheries biomass loss,0
Bosnia and Herzegovina,ssp585,medium-term,fisheries biomass loss,0
Bosnia and Herzegovina,ssp245,current,light pollution,0
Bosnia and Herzegovina,ssp245,medium-term,light pollution,0
Bosnia and Herzegovina,ssp585,current,light pollution,0
Bosnia and Herzegovina,ssp585,medium-term,light pollution,0
Bosnia and Herzegovina,ssp245,current,nutrient pollution,5.09045962341285e-4
Bosnia and Herzegovina,ssp245,medium-term,nutrient pollution,7.165302182935799e-4
Bosnia and Herzegovina,ssp585,current,nutrient pollution,5.097956770138504e-4
Bosnia and Herzegovina,ssp585,medium-term,nutrient pollution,7.239738624775782e-4
Bosnia and Herzegovina,ssp245,current,ocean warming,0.001494622799024605
Bosnia and Herzegovina,ssp245,medium-term,ocean warming,0.00878595793619751
Bosnia and Herzegovina,ssp585,current,ocean warming,0.002140946181801453
Bosnia and Herzegovina,ssp585,medium-term,ocean warming,0.01094306198259194
Bosnia and Herzegovina,ssp245,current,primary productivity,0
Bosnia and Herzegovina,ssp245,medium-term,primary productivity,0
Bosnia and Herzegovina,ssp585,current,primary productivity,0
Bosnia and Herzegovina,ssp585,medium-term,primary productivity,0
Bosnia and Herzegovina,ssp245,current,reduced oxygen,5.112207266696108e-5
Bosnia and Herzegovina,ssp245,medium-term,reduced oxygen,3.931635631791626e-4
Bosnia and Herzegovina,ssp585,current,reduced oxygen,5.112207266696108e-5
Bosnia and Herzegovina,ssp585,medium-term,reduced oxygen,6.066990996866176e-4
Bosnia and Herzegovina,ssp245,current,sea level rise,2.3735701931097228e-4
Bosnia and Herzegovina,ssp245,medium-term,sea level rise,0.003368207757982107
Bosnia and Herzegovina,ssp585,current,sea level rise,8.991671105225881e-4
Bosnia and Herzegovina,ssp585,medium-term,sea level rise,0.0075204023936142434
Prince Edward Islands,ssp245,current,acidification,0.11236414031166508
Prince Edward Islands,ssp245,medium-term,acidification,0.1784304136676223
Prince Edward Islands,ssp585,current,acidification,0.11236414031166508
Prince Edward Islands,ssp585,medium-term,acidification,0.21444668861049404
Prince Edward Islands,ssp245,current,air heat index,0
Prince Edward Islands,ssp245,medium-term,air heat index,0
Prince Edward Islands,ssp585,current,air heat index,0
Prince Edward Islands,ssp585,medium-term,air heat index,0
Prince Edward Islands,ssp245,current,coastal disturbance,0
Prince Edward Islands,ssp245,medium-term,coastal disturbance,0
Prince Edward Islands,ssp585,current,coastal disturbance,0
Prince Edward Islands,ssp585,medium-term,coastal disturbance,0
Prince Edward Islands,ssp245,current,fisheries biomass loss,0.03754573329776601
Prince Edward Islands,ssp245,medium-term,fisheries biomass loss,0.06622629893929509
Prince Edward Islands,ssp585,current,fisheries biomass loss,0.037084540712876826
Prince Edward Islands,ssp585,medium-term,fisheries biomass loss,0.06815869571771661
Prince Edward Islands,ssp245,current,light pollution,0
Prince Edward Islands,ssp245,medium-term,light pollution,0
Prince Edward Islands,ssp585,current,light pollution,0
Prince Edward Islands,ssp585,medium-term,light pollution,0
Prince Edward Islands,ssp245,current,nutrient pollution,0
Prince Edward Islands,ssp245,medium-term,nutrient pollution,0
Prince Edward Islands,ssp585,current,nutrient pollution,0
Prince Edward Islands,ssp585,medium-term,nutrient pollution,0
Prince Edward Islands,ssp245,current,ocean warming,0.06598186275388454
Prince Edward Islands,ssp245,medium-term,ocean warming,0.19324699962669764
Prince Edward Islands,ssp585,current,ocean warming,0.024423102675083665
Prince Edward Islands,ssp585,medium-term,ocean warming,0.24069224525639485
Prince Edward Islands,ssp245,current,primary productivity,0
Prince Edward Islands,ssp245,medium-term,primary productivity,0
Prince Edward Islands,ssp585,current,primary productivity,0
Prince Edward Islands,ssp585,medium-term,primary productivity,0
Prince Edward Islands,ssp245,current,reduced oxygen,5.358493636686496e-6
Prince Edward Islands,ssp245,medium-term,reduced oxygen,0.001306065458846672
Prince Edward Islands,ssp585,current,reduced oxygen,5.358493636686496e-6
Prince Edward Islands,ssp585,medium-term,reduced oxygen,0.0018164766110782527
Prince Edward Islands,ssp245,current,sea level rise,0.0026714108493792617
Prince Edward Islands,ssp245,medium-term,sea level rise,0.015604720439138898
Prince Edward Islands,ssp585,current,sea level rise,0.0038216537538352676
Prince Edward Islands,ssp585,medium-term,sea level rise,0.024250703967629454
Crozet Islands,ssp245,current,acidification,0.10791248781138815
Crozet Islands,ssp245,medium-term,acidification,0.1678156921178535
Crozet Islands,ssp585,current,acidification,0.10814957067278945
Crozet Islands,ssp585,medium-term,acidification,0.20270673923888743
Crozet Islands,ssp245,current,air heat index,0
Crozet Islands,ssp245,medium-term,air heat index,0
Crozet Islands,ssp585,current,air heat index,0
Crozet Islands,ssp585,medium-term,air heat index,0
Crozet Islands,ssp245,current,coastal disturbance,0
Crozet Islands,ssp245,medium-term,coastal disturbance,0
Crozet Islands,ssp585,current,coastal disturbance,0
Crozet Islands,ssp585,medium-term,coastal disturbance,0
Crozet Islands,ssp245,current,fisheries biomass loss,0.06282760964261667
Crozet Islands,ssp245,medium-term,fisheries biomass loss,0.09490245887822571
Crozet Islands,ssp585,current,fisheries biomass loss,0.062074745588428674
Crozet Islands,ssp585,medium-term,fisheries biomass loss,0.09451094948547377
Crozet Islands,ssp245,current,light pollution,0
Crozet Islands,ssp245,medium-term,light pollution,0
Crozet Islands,ssp585,current,light pollution,0
Crozet Islands,ssp585,medium-term,light pollution,0
Crozet Islands,ssp245,current,nutrient pollution,0
Crozet Islands,ssp245,medium-term,nutrient pollution,0
Crozet Islands,ssp585,current,nutrient pollution,0
Crozet Islands,ssp585,medium-term,nutrient pollution,0
Crozet Islands,ssp245,current,ocean warming,0.09210013966133244
Crozet Islands,ssp245,medium-term,ocean warming,0.30644849048985634
Crozet Islands,ssp585,current,ocean warming,0.025027816159308713
Crozet Islands,ssp585,medium-term,ocean warming,0.33923176529996063
Crozet Islands,ssp245,current,primary productivity,0
Crozet Islands,ssp245,medium-term,primary productivity,0
Crozet Islands,ssp585,current,primary productivity,0
Crozet Islands,ssp585,medium-term,primary productivity,0
Crozet Islands,ssp245,current,reduced oxygen,2.4652300445802744e-4
Crozet Islands,ssp245,medium-term,reduced oxygen,0.0016678213385559494
Crozet Islands,ssp585,current,reduced oxygen,2.4652300445802744e-4
Crozet Islands,ssp585,medium-term,reduced oxygen,0.002399663208272783
Crozet Islands,ssp245,current,sea level rise,0.0033805356833909164
Crozet Islands,ssp245,medium-term,sea level rise,0.015879199914966842
Crozet Islands,ssp585,current,sea level rise,0.004783135731746109
Crozet Islands,ssp585,medium-term,sea level rise,0.02426551255380868
Amsterdam Island and Saint Paul Island,ssp245,current,acidification,0.014314367604204863
Amsterdam Island and Saint Paul Island,ssp245,medium-term,acidification,0.06929060567714866
Amsterdam Island and Saint Paul Island,ssp585,current,acidification,0.014310221294863366
Amsterdam Island and Saint Paul Island,ssp585,medium-term,acidification,0.09929858761218686
Amsterdam Island and Saint Paul Island,ssp245,current,air heat index,0
Amsterdam Island and Saint Paul Island,ssp245,medium-term,air heat index,0
Amsterdam Island and Saint Paul Island,ssp585,current,air heat index,0
Amsterdam Island and Saint Paul Island,ssp585,medium-term,air heat index,0
Amsterdam Island and Saint Paul Island,ssp245,current,coastal disturbance,0
Amsterdam Island and Saint Paul Island,ssp245,medium-term,coastal disturbance,0
Amsterdam Island and Saint Paul Island,ssp585,current,coastal disturbance,0
Amsterdam Island and Saint Paul Island,ssp585,medium-term,coastal disturbance,0
Amsterdam Island and Saint Paul Island,ssp245,current,fisheries biomass loss,0.0571632249892294
Amsterdam Island and Saint Paul Island,ssp245,medium-term,fisheries biomass loss,0.08561654178538447
Amsterdam Island and Saint Paul Island,ssp585,current,fisheries biomass loss,0.05702832179455678
Amsterdam Island and Saint Paul Island,ssp585,medium-term,fisheries biomass loss,0.08495762203650277
Amsterdam Island and Saint Paul Island,ssp245,current,light pollution,0
Amsterdam Island and Saint Paul Island,ssp245,medium-term,light pollution,0
Amsterdam Island and Saint Paul Island,ssp585,current,light pollution,0
Amsterdam Island and Saint Paul Island,ssp585,medium-term,light pollution,0
Amsterdam Island and Saint Paul Island,ssp245,current,nutrient pollution,0
Amsterdam Island and Saint Paul Island,ssp245,medium-term,nutrient pollution,0
Amsterdam Island and Saint Paul Island,ssp585,current,nutrient pollution,0
Amsterdam Island and Saint Paul Island,ssp585,medium-term,nutrient pollution,0
Amsterdam Island and Saint Paul Island,ssp245,current,ocean warming,0.03453353043005336
Amsterdam Island and Saint Paul Island,ssp245,medium-term,ocean warming,0.12537601617441396
Amsterdam Island and Saint Paul Island,ssp585,current,ocean warming,0.05186709433170714
Amsterdam Island and Saint Paul Island,ssp585,medium-term,ocean warming,0.20914550906066628
Amsterdam Island and Saint Paul Island,ssp245,current,primary productivity,0
Amsterdam Island and Saint Paul Island,ssp245,medium-term,primary productivity,0
Amsterdam Island and Saint Paul Island,ssp585,current,primary productivity,0
Amsterdam Island and Saint Paul Island,ssp585,medium-term,primary productivity,2.7421216155687386e-4
Amsterdam Island and Saint Paul Island,ssp245,current,reduced oxygen,0.0027608476895200802
Amsterdam Island and Saint Paul Island,ssp245,medium-term,reduced oxygen,0.00355847864136649
Amsterdam Island and Saint Paul Island,ssp585,current,reduced oxygen,0.0027608476895200802
Amsterdam Island and Saint Paul Island,ssp585,medium-term,reduced oxygen,0.004060187020665276
Amsterdam Island and Saint Paul Island,ssp245,current,sea level rise,0.0010746089246822508
Amsterdam Island and Saint Paul Island,ssp245,medium-term,sea level rise,0.004423456518755603
Amsterdam Island and Saint Paul Island,ssp585,current,sea level rise,0.0018034097447525703
Amsterdam Island and Saint Paul Island,ssp585,medium-term,sea level rise,0.007656733447220176
Kerguelen Islands,ssp245,current,acidification,0.07810288083760497
Kerguelen Islands,ssp245,medium-term,acidification,0.11674754846847898
Kerguelen Islands,ssp585,current,acidification,0.07647361472814025
Kerguelen Islands,ssp585,medium-term,acidification,0.1410180305442934
Kerguelen Islands,ssp245,current,air heat index,0
Kerguelen Islands,ssp245,medium-term,air heat index,0
Kerguelen Islands,ssp585,current,air heat index,0
Kerguelen Islands,ssp585,medium-term,air heat index,0
Kerguelen Islands,ssp245,current,coastal disturbance,0
Kerguelen Islands,ssp245,medium-term,coastal disturbance,0
Kerguelen Islands,ssp585,current,coastal disturbance,0
Kerguelen Islands,ssp585,medium-term,coastal disturbance,0
Kerguelen Islands,ssp245,current,fisheries biomass loss,0.08760108122038693
Kerguelen Islands,ssp245,medium-term,fisheries biomass loss,0.1086549602859241
Kerguelen Islands,ssp585,current,fisheries biomass loss,0.08703216386125544
Kerguelen Islands,ssp585,medium-term,fisheries biomass loss,0.10906503317330687
Kerguelen Islands,ssp245,current,light pollution,0
Kerguelen Islands,ssp245,medium-term,light pollution,0
Kerguelen Islands,ssp585,current,light pollution,0
Kerguelen Islands,ssp585,medium-term,light pollution,0
Kerguelen Islands,ssp245,current,nutrient pollution,0
Kerguelen Islands,ssp245,medium-term,nutrient pollution,0
Kerguelen Islands,ssp585,current,nutrient pollution,0
Kerguelen Islands,ssp585,medium-term,nutrient pollution,0
Kerguelen Islands,ssp245,current,ocean warming,0.0758915369818604
Kerguelen Islands,ssp245,medium-term,ocean warming,0.2808068926718514
Kerguelen Islands,ssp585,current,ocean warming,0.04870960848474288
Kerguelen Islands,ssp585,medium-term,ocean warming,0.2859477394554035
Kerguelen Islands,ssp245,current,primary productivity,0
Kerguelen Islands,ssp245,medium-term,primary productivity,0
Kerguelen Islands,ssp585,current,primary productivity,0
Kerguelen Islands,ssp585,medium-term,primary productivity,0
Kerguelen Islands,ssp245,current,reduced oxygen,0.0017993293417275175
Kerguelen Islands,ssp245,medium-term,reduced oxygen,0.005975126906101334
Kerguelen Islands,ssp585,current,reduced oxygen,0.0017993293417275175
Kerguelen Islands,ssp585,medium-term,reduced oxygen,0.007920424251573837
Kerguelen Islands,ssp245,current,sea level rise,0.01953653971347945
Kerguelen Islands,ssp245,medium-term,sea level rise,0.08171761063789271
Kerguelen Islands,ssp585,current,sea level rise,0.0227350240472689
Kerguelen Islands,ssp585,medium-term,sea level rise,0.13204250627819894
Heard and McDonald Islands,ssp245,current,acidification,0.11403362995012382
Heard and McDonald Islands,ssp245,medium-term,acidification,0.1724301138995846
Heard and McDonald Islands,ssp585,current,acidification,0.114301833769332
Heard and McDonald Islands,ssp585,medium-term,acidification,0.2066490948018327
Heard and McDonald Islands,ssp245,current,air heat index,0
Heard and McDonald Islands,ssp245,medium-term,air heat index,0
Heard and McDonald Islands,ssp585,current,air heat index,0
Heard and McDonald Islands,ssp585,medium-term,air heat index,0
Heard and McDonald Islands,ssp245,current,coastal disturbance,0
Heard and McDonald Islands,ssp245,medium-term,coastal disturbance,0
Heard and McDonald Islands,ssp585,current,coastal disturbance,0
Heard and McDonald Islands,ssp585,medium-term,coastal disturbance,0
Heard and McDonald Islands,ssp245,current,fisheries biomass loss,0.08048329299920927
Heard and McDonald Islands,ssp245,medium-term,fisheries biomass loss,0.10610690457057596
Heard and McDonald Islands,ssp585,current,fisheries biomass loss,0.07932759553477808
Heard and McDonald Islands,ssp585,medium-term,fisheries biomass loss,0.10758972717424815
Heard and McDonald Islands,ssp245,current,light pollution,0
Heard and McDonald Islands,ssp245,medium-term,light pollution,0
Heard and McDonald Islands,ssp585,current,light pollution,0
Heard and McDonald Islands,ssp585,medium-term,light pollution,0
Heard and McDonald Islands,ssp245,current,nutrient pollution,0
Heard and McDonald Islands,ssp245,medium-term,nutrient pollution,0
Heard and McDonald Islands,ssp585,current,nutrient pollution,0
Heard and McDonald Islands,ssp585,medium-term,nutrient pollution,0
Heard and McDonald Islands,ssp245,current,ocean warming,0.07549575966716777
Heard and McDonald Islands,ssp245,medium-term,ocean warming,0.41157249133539153
Heard and McDonald Islands,ssp585,current,ocean warming,0.03113308392463902
Heard and McDonald Islands,ssp585,medium-term,ocean warming,0.4126041179879394
Heard and McDonald Islands,ssp245,current,primary productivity,0.003783929470481931
Heard and McDonald Islands,ssp245,medium-term,primary productivity,0
Heard and McDonald Islands,ssp585,current,primary productivity,0.0037990206158535016
Heard and McDonald Islands,ssp585,medium-term,primary productivity,0
Heard and McDonald Islands,ssp245,current,reduced oxygen,0.0032778160952264073
Heard and McDonald Islands,ssp245,medium-term,reduced oxygen,0.003976643846572849
Heard and McDonald Islands,ssp585,current,reduced oxygen,0.0032778160952264073
Heard and McDonald Islands,ssp585,medium-term,reduced oxygen,0.005630236909723862
Heard and McDonald Islands,ssp245,current,sea level rise,0.009121237653744174
Heard and McDonald Islands,ssp245,medium-term,sea level rise,0.039204292188514955
Heard and McDonald Islands,ssp585,current,sea level rise,0.01018379026875967
Heard and McDonald Islands,ssp585,medium-term,sea level rise,0.06194080359273357
Cape Verde,ssp245,current,acidification,0
Cape Verde,ssp245,medium-term,acidification,0
Cape Verde,ssp585,current,acidification,0
Cape Verde,ssp585,medium-term,acidification,0.0039600739024626816
Cape Verde,ssp245,current,air heat index,0
Cape Verde,ssp245,medium-term,air heat index,6.526490705340875e-6
Cape Verde,ssp585,current,air heat index,0
Cape Verde,ssp585,medium-term,air heat index,5.131073623828712e-5
Cape Verde,ssp245,current,coastal disturbance,0.034552297824729516
Cape Verde,ssp245,medium-term,coastal disturbance,0.036704852292062905
Cape Verde,ssp585,current,coastal disturbance,0.03428748060065056
Cape Verde,ssp585,medium-term,coastal disturbance,0.03441066571598393
Cape Verde,ssp245,current,fisheries biomass loss,0.20075931595623595
Cape Verde,ssp245,medium-term,fisheries biomass loss,0.35085942316504387
Cape Verde,ssp585,current,fisheries biomass loss,0.20144898756188923
Cape Verde,ssp585,medium-term,fisheries biomass loss,0.3510452861354047
Cape Verde,ssp245,current,light pollution,2.813307565717831e-4
Cape Verde,ssp245,medium-term,light pollution,8.877358896069829e-4
Cape Verde,ssp585,current,light pollution,2.893924597706014e-4
Cape Verde,ssp585,medium-term,light pollution,0.0012910196500982593
Cape Verde,ssp245,current,nutrient pollution,6.597066671008576e-5
Cape Verde,ssp245,medium-term,nutrient pollution,2.6827062160835304e-4
Cape Verde,ssp585,current,nutrient pollution,6.678693830127986e-5
Cape Verde,ssp585,medium-term,nutrient pollution,1.77428491914806e-4
Cape Verde,ssp245,current,ocean warming,0.0076639323025559
Cape Verde,ssp245,medium-term,ocean warming,0.19777236757952285
Cape Verde,ssp585,current,ocean warming,0.04430070682983723
Cape Verde,ssp585,medium-term,ocean warming,0.2538048927127744
Cape Verde,ssp245,current,primary productivity,0.010620595138534862
Cape Verde,ssp245,medium-term,primary productivity,0.05987917466336512
Cape Verde,ssp585,current,primary productivity,0.007579750445758799
Cape Verde,ssp585,medium-term,primary productivity,0.04815141310968934
Cape Verde,ssp245,current,reduced oxygen,0.09277287211262635
Cape Verde,ssp245,medium-term,reduced oxygen,0.09828290441302508
Cape Verde,ssp585,current,reduced oxygen,0.09277287211262635
Cape Verde,ssp585,medium-term,reduced oxygen,0.10108126065331478
Cape Verde,ssp245,current,sea level rise,0.00509402296154156
Cape Verde,ssp245,medium-term,sea level rise,0.01985264404973319
Cape Verde,ssp585,current,sea level rise,0.006787033902120607
Cape Verde,ssp585,medium-term,sea level rise,0.030245956384440713
Mauritania,ssp245,current,acidification,0.001738296841062073
Mauritania,ssp245,medium-term,acidification,0.025709709941880786
Mauritania,ssp585,current,acidification,0.0015255103424276877
Mauritania,ssp585,medium-term,acidification,0.038382650745125084
Mauritania,ssp245,current,air heat index,1.2732340846237592e-4
Mauritania,ssp245,medium-term,air heat index,0.0014281411508630208
Mauritania,ssp585,current,air heat index,1.4950637563868716e-4
Mauritania,ssp585,medium-term,air heat index,0.0022496175179287817
Mauritania,ssp245,current,coastal disturbance,0.02340509317971632
Mauritania,ssp245,medium-term,coastal disturbance,0.026308593869695678
Mauritania,ssp585,current,coastal disturbance,0.022955586053468827
Mauritania,ssp585,medium-term,coastal disturbance,0.022064214183385927
Mauritania,ssp245,current,fisheries biomass loss,0.26516334799127983
Mauritania,ssp245,medium-term,fisheries biomass loss,0.3187077126900401
Mauritania,ssp585,current,fisheries biomass loss,0.26518058740725386
Mauritania,ssp585,medium-term,fisheries biomass loss,0.3186467616598758
Mauritania,ssp245,current,light pollution,8.322314639350515e-5
Mauritania,ssp245,medium-term,light pollution,6.283735906355323e-4
Mauritania,ssp585,current,light pollution,5.184030218644692e-5
Mauritania,ssp585,medium-term,light pollution,7.417914132138482e-4
Mauritania,ssp245,current,nutrient pollution,0.002966903294583867
Mauritania,ssp245,medium-term,nutrient pollution,0.00391199916628765
Mauritania,ssp585,current,nutrient pollution,0.0029695429947301294
Mauritania,ssp585,medium-term,nutrient pollution,0.0037327965356122165
Mauritania,ssp245,current,ocean warming,0.011528172659912198
Mauritania,ssp245,medium-term,ocean warming,0.07930137960634782
Mauritania,ssp585,current,ocean warming,0.017135532286038303
Mauritania,ssp585,medium-term,ocean warming,0.1160183972858179
Mauritania,ssp245,current,primary productivity,0.005986308175152715
Mauritania,ssp245,medium-term,primary productivity,0.03673407584423621
Mauritania,ssp585,current,primary productivity,0.006224512391158798
Mauritania,ssp585,medium-term,primary productivity,0.048233694457919155
Mauritania,ssp245,current,reduced oxygen,0.08787064259578668
Mauritania,ssp245,medium-term,reduced oxygen,0.08904872432395737
Mauritania,ssp585,current,reduced oxygen,0.08787064259578668
Mauritania,ssp585,medium-term,reduced oxygen,0.08841697687414238
Mauritania,ssp245,current,sea level rise,0.008574568827535968
Mauritania,ssp245,medium-term,sea level rise,0.042162437429348526
Mauritania,ssp585,current,sea level rise,0.013505149006701665
Mauritania,ssp585,medium-term,sea level rise,0.0673334693319864
Gambia,ssp245,current,acidification,0.002776230992114708
Gambia,ssp245,medium-term,acidification,0.008674410822681642
Gambia,ssp585,current,acidification,0.002812053272322777
Gambia,ssp585,medium-term,acidification,0.011690848995769759
Gambia,ssp245,current,air heat index,1.3041108500652199e-4
Gambia,ssp245,medium-term,air heat index,0.0018466906751402551
Gambia,ssp585,current,air heat index,1.6903921496123044e-4
Gambia,ssp585,medium-term,air heat index,0.0032752900280886227
Gambia,ssp245,current,coastal disturbance,0.06817572039500293
Gambia,ssp245,medium-term,coastal disturbance,0.0760561063213067
Gambia,ssp585,current,coastal disturbance,0.06789610301299641
Gambia,ssp585,medium-term,coastal disturbance,0.07341340300368351
Gambia,ssp245,current,fisheries biomass loss,0.10375453480001953
Gambia,ssp245,medium-term,fisheries biomass loss,0.12618468060520374
Gambia,ssp585,current,fisheries biomass loss,0.10377329295345893
Gambia,ssp585,medium-term,fisheries biomass loss,0.12616439037568247
Gambia,ssp245,current,light pollution,0.0012891047841549147
Gambia,ssp245,medium-term,light pollution,0.006927066317681844
Gambia,ssp585,current,light pollution,0.0012830387646115716
Gambia,ssp585,medium-term,light pollution,0.0067035723807445415
Gambia,ssp245,current,nutrient pollution,0.021814947284545066
Gambia,ssp245,medium-term,nutrient pollution,0.03030933062157904
Gambia,ssp585,current,nutrient pollution,0.021807902484099233
Gambia,ssp585,medium-term,nutrient pollution,0.0317698418447536
Gambia,ssp245,current,ocean warming,0.007178196840939361
Gambia,ssp245,medium-term,ocean warming,0.030371316245226706
Gambia,ssp585,current,ocean warming,0.005025503830347588
Gambia,ssp585,medium-term,ocean warming,0.039241996046621354
Gambia,ssp245,current,primary productivity,0.006865036232597453
Gambia,ssp245,medium-term,primary productivity,0.025111655385828473
Gambia,ssp585,current,primary productivity,0.006256916424414762
Gambia,ssp585,medium-term,primary productivity,0.029814974604071013
Gambia,ssp245,current,reduced oxygen,0.0038852201197237773
Gambia,ssp245,medium-term,reduced oxygen,0.004567270594412144
Gambia,ssp585,current,reduced oxygen,0.0038852201197237773
Gambia,ssp585,medium-term,reduced oxygen,0.005120645151671649
Gambia,ssp245,current,sea level rise,0.0035818013944663102
Gambia,ssp245,medium-term,sea level rise,0.01746131989380552
Gambia,ssp585,current,sea level rise,0.005518302583368494
Gambia,ssp585,medium-term,sea level rise,0.02735247899674707
Senegal,ssp245,current,acidification,0.002845673855217846
Senegal,ssp245,medium-term,acidification,0.017312218744620057
Senegal,ssp585,current,acidification,0.0028742990615063316
Senegal,ssp585,medium-term,acidification,0.025186952242484312
Senegal,ssp245,current,air heat index,1.957163694188745e-4
Senegal,ssp245,medium-term,air heat index,0.0029621372737609476
Senegal,ssp585,current,air heat index,2.5202407728565026e-4
Senegal,ssp585,medium-term,air heat index,0.011570966216975344
Senegal,ssp245,current,coastal disturbance,0.09772420956887037
Senegal,ssp245,medium-term,coastal disturbance,0.10654191565204936
Senegal,ssp585,current,coastal disturbance,0.09642836444001801
Senegal,ssp585,medium-term,coastal disturbance,0.09308313888192322
Senegal,ssp245,current,fisheries biomass loss,0.19782667391944656
Senegal,ssp245,medium-term,fisheries biomass loss,0.23521534308078726
Senegal,ssp585,current,fisheries biomass loss,0.19803049034630033
Senegal,ssp585,medium-term,fisheries biomass loss,0.2347924108198749
Senegal,ssp245,current,light pollution,0.002759075734791045
Senegal,ssp245,medium-term,light pollution,0.005772597896499652
Senegal,ssp585,current,light pollution,0.0026055125169864505
Senegal,ssp585,medium-term,light pollution,0.005976686148233874
Senegal,ssp245,current,nutrient pollution,0.024192346104605845
Senegal,ssp245,medium-term,nutrient pollution,0.05306870861501395
Senegal,ssp585,current,nutrient pollution,0.024294810842372908
Senegal,ssp585,medium-term,nutrient pollution,0.05408482117557178
Senegal,ssp245,current,ocean warming,0.010376928158897401
Senegal,ssp245,medium-term,ocean warming,0.06318780848328415
Senegal,ssp585,current,ocean warming,0.011875027923809933
Senegal,ssp585,medium-term,ocean warming,0.08384356539862713
Senegal,ssp245,current,primary productivity,0.011887605915873933
Senegal,ssp245,medium-term,primary productivity,0.04451618535450414
Senegal,ssp585,current,primary productivity,0.010926690001365195
Senegal,ssp585,medium-term,primary productivity,0.054636429474043555
Senegal,ssp245,current,reduced oxygen,0.06188530998025124
Senegal,ssp245,medium-term,reduced oxygen,0.06331930585937137
Senegal,ssp585,current,reduced oxygen,0.06188530998025124
Senegal,ssp585,medium-term,reduced oxygen,0.06339309047673518
Senegal,ssp245,current,sea level rise,0.007446954802600918
Senegal,ssp245,medium-term,sea level rise,0.035186812689410756
Senegal,ssp585,current,sea level rise,0.011411563169160957
Senegal,ssp585,medium-term,sea level rise,0.05498793410572285
Saint Helena,ssp245,current,acidification,0
Saint Helena,ssp245,medium-term,acidification,0.01894815284509832
Saint Helena,ssp585,current,acidification,0
Saint Helena,ssp585,medium-term,acidification,0.052366736826343185
Saint Helena,ssp245,current,air heat index,0
Saint Helena,ssp245,medium-term,air heat index,0
Saint Helena,ssp585,current,air heat index,0
Saint Helena,ssp585,medium-term,air heat index,0
Saint Helena,ssp245,current,coastal disturbance,0.01336002459129304
Saint Helena,ssp245,medium-term,coastal disturbance,0.01336002459129304
Saint Helena,ssp585,current,coastal disturbance,0.01336002459129304
Saint Helena,ssp585,medium-term,coastal disturbance,0.01336002459129304
Saint Helena,ssp245,current,fisheries biomass loss,0
Saint Helena,ssp245,medium-term,fisheries biomass loss,0.02854396037491824
Saint Helena,ssp585,current,fisheries biomass loss,0
Saint Helena,ssp585,medium-term,fisheries biomass loss,0.050482329891565314
Saint Helena,ssp245,current,light pollution,0
Saint Helena,ssp245,medium-term,light pollution,0
Saint Helena,ssp585,current,light pollution,0
Saint Helena,ssp585,medium-term,light pollution,0
Saint Helena,ssp245,current,nutrient pollution,0
Saint Helena,ssp245,medium-term,nutrient pollution,0
Saint Helena,ssp585,current,nutrient pollution,0
Saint Helena,ssp585,medium-term,nutrient pollution,0
Saint Helena,ssp245,current,ocean warming,0.08309368106256443
Saint Helena,ssp245,medium-term,ocean warming,0.3097259104379191
Saint Helena,ssp585,current,ocean warming,0.08027242802745604
Saint Helena,ssp585,medium-term,ocean warming,0.411987885932831
Saint Helena,ssp245,current,primary productivity,0.02391581067990955
Saint Helena,ssp245,medium-term,primary productivity,0.08284063983410306
Saint Helena,ssp585,current,primary productivity,0.02495652990046437
Saint Helena,ssp585,medium-term,primary productivity,0.1071348940313328
Saint Helena,ssp245,current,reduced oxygen,0.01870728202641203
Saint Helena,ssp245,medium-term,reduced oxygen,0.014278782016958756
Saint Helena,ssp585,current,reduced oxygen,0.01870728202641203
Saint Helena,ssp585,medium-term,reduced oxygen,0.013637791248925167
Saint Helena,ssp245,current,sea level rise,0.00205476833070861
Saint Helena,ssp245,medium-term,sea level rise,0.009929067069606388
Saint Helena,ssp585,current,sea level rise,0.0037236053722153875
Saint Helena,ssp585,medium-term,sea level rise,0.015411984219099395
Sierra Leone,ssp245,current,acidification,0
Sierra Leone,ssp245,medium-term,acidification,0
Sierra Leone,ssp585,current,acidification,0
Sierra Leone,ssp585,medium-term,acidification,3.397545382993271e-4
Sierra Leone,ssp245,current,air heat index,6.432165617204033e-7
Sierra Leone,ssp245,medium-term,air heat index,0.0019125320056142907
Sierra Leone,ssp585,current,air heat index,1.242904298649254e-6
Sierra Leone,ssp585,medium-term,air heat index,0.0062915652864224585
Sierra Leone,ssp245,current,coastal disturbance,0.1214853658950435
Sierra Leone,ssp245,medium-term,coastal disturbance,0.13081342394446163
Sierra Leone,ssp585,current,coastal disturbance,0.11985850548565698
Sierra Leone,ssp585,medium-term,coastal disturbance,0.11515046399740857
Sierra Leone,ssp245,current,fisheries biomass loss,0.24939349063626853
Sierra Leone,ssp245,medium-term,fisheries biomass loss,0.28347650691839155
Sierra Leone,ssp585,current,fisheries biomass loss,0.24905530281530303
Sierra Leone,ssp585,medium-term,fisheries biomass loss,0.28334230636911734
Sierra Leone,ssp245,current,light pollution,7.407113281361589e-4
Sierra Leone,ssp245,medium-term,light pollution,0.006263357852817751
Sierra Leone,ssp585,current,light pollution,5.868896377862817e-4
Sierra Leone,ssp585,medium-term,light pollution,0.006414562708385578
Sierra Leone,ssp245,current,nutrient pollution,0.03894427762214951
Sierra Leone,ssp245,medium-term,nutrient pollution,0.06228305912580875
Sierra Leone,ssp585,current,nutrient pollution,0.03915453958574232
Sierra Leone,ssp585,medium-term,nutrient pollution,0.06553888161439943
Sierra Leone,ssp245,current,ocean warming,0.0269931374685199
Sierra Leone,ssp245,medium-term,ocean warming,0.15837278956083567
Sierra Leone,ssp585,current,ocean warming,0.018951994400465213
Sierra Leone,ssp585,medium-term,ocean warming,0.17723364383328727
Sierra Leone,ssp245,current,primary productivity,4.556643605837584e-4
Sierra Leone,ssp245,medium-term,primary productivity,0.01766788956964529
Sierra Leone,ssp585,current,primary productivity,9.280828704650696e-4
Sierra Leone,ssp585,medium-term,primary productivity,0.0093248546240649
Sierra Leone,ssp245,current,reduced oxygen,0.03447636380223963
Sierra Leone,ssp245,medium-term,reduced oxygen,0.03522991087858993
Sierra Leone,ssp585,current,reduced oxygen,0.03447636380223963
Sierra Leone,ssp585,medium-term,reduced oxygen,0.030761751708698486
Sierra Leone,ssp245,current,sea level rise,0.012870900069722824
Sierra Leone,ssp245,medium-term,sea level rise,0.06484446547082848
Sierra Leone,ssp585,current,sea level rise,0.018751524894757912
Sierra Leone,ssp585,medium-term,sea level rise,0.0992249635164626
Liberia,ssp245,current,acidification,0
Liberia,ssp245,medium-term,acidification,0
Liberia,ssp585,current,acidification,0
Liberia,ssp585,medium-term,acidification,0
Liberia,ssp245,current,air heat index,0
Liberia,ssp245,medium-term,air heat index,7.863199577384095e-4
Liberia,ssp585,current,air heat index,0
Liberia,ssp585,medium-term,air heat index,0.0032232379087612836
Liberia,ssp245,current,coastal disturbance,0.08812234118607064
Liberia,ssp245,medium-term,coastal disturbance,0.10198847549987217
Liberia,ssp585,current,coastal disturbance,0.0870025498695538
Liberia,ssp585,medium-term,coastal disturbance,0.08914255189561768
Liberia,ssp245,current,fisheries biomass loss,0.25714736904919844
Liberia,ssp245,medium-term,fisheries biomass loss,0.3470477463685841
Liberia,ssp585,current,fisheries biomass loss,0.2572118459890979
Liberia,ssp585,medium-term,fisheries biomass loss,0.3469451164040947
Liberia,ssp245,current,light pollution,2.268474582056762e-4
Liberia,ssp245,medium-term,light pollution,0.0034289756653639153
Liberia,ssp585,current,light pollution,2.0194020702807113e-4
Liberia,ssp585,medium-term,light pollution,0.0040101171133885925
Liberia,ssp245,current,nutrient pollution,0.02412653816224203
Liberia,ssp245,medium-term,nutrient pollution,0.04490032314752657
Liberia,ssp585,current,nutrient pollution,0.024266235860248134
Liberia,ssp585,medium-term,nutrient pollution,0.0483784513724897
Liberia,ssp245,current,ocean warming,0.038043450483902626
Liberia,ssp245,medium-term,ocean warming,0.20533153960672543
Liberia,ssp585,current,ocean warming,0.023915198169405422
Liberia,ssp585,medium-term,ocean warming,0.19995511328223595
Liberia,ssp245,current,primary productivity,2.5159090129993605e-4
Liberia,ssp245,medium-term,primary productivity,0.017909768374699653
Liberia,ssp585,current,primary productivity,5.623577562769098e-4
Liberia,ssp585,medium-term,primary productivity,0.021367249546184602
Liberia,ssp245,current,reduced oxygen,0.11733950563226074
Liberia,ssp245,medium-term,reduced oxygen,0.11411254448375012
Liberia,ssp585,current,reduced oxygen,0.11733950563226074
Liberia,ssp585,medium-term,reduced oxygen,0.11331338597773798
Liberia,ssp245,current,sea level rise,0.0116024733933695
Liberia,ssp245,medium-term,sea level rise,0.05465705183949987
Liberia,ssp585,current,sea level rise,0.01705025108468752
Liberia,ssp585,medium-term,sea level rise,0.08302094497235625
Togo,ssp245,current,acidification,0
Togo,ssp245,medium-term,acidification,0
Togo,ssp585,current,acidification,0
Togo,ssp585,medium-term,acidification,0
Togo,ssp245,current,air heat index,0.001186753925867377
Togo,ssp245,medium-term,air heat index,0.11429439894855023
Togo,ssp585,current,air heat index,9.86169243697076e-4
Togo,ssp585,medium-term,air heat index,0.11764559112489223
Togo,ssp245,current,coastal disturbance,0.25993297384120523
Togo,ssp245,medium-term,coastal disturbance,0.27566474495688453
Togo,ssp585,current,coastal disturbance,0.25830999000463634
Togo,ssp585,medium-term,coastal disturbance,0.257238870835863
Togo,ssp245,current,fisheries biomass loss,0.28127576081315053
Togo,ssp245,medium-term,fisheries biomass loss,0.41570971194887535
Togo,ssp585,current,fisheries biomass loss,0.28066363876569084
Togo,ssp585,medium-term,fisheries biomass loss,0.4156151780276559
Togo,ssp245,current,light pollution,0.006172364285885121
Togo,ssp245,medium-term,light pollution,0.02197821699664928
Togo,ssp585,current,light pollution,0.005578666115616212
Togo,ssp585,medium-term,light pollution,0.022823893313307052
Togo,ssp245,current,nutrient pollution,0.05928873481582286
Togo,ssp245,medium-term,nutrient pollution,0.11691335282093859
Togo,ssp585,current,nutrient pollution,0.05989521335827702
Togo,ssp585,medium-term,nutrient pollution,0.11940939755222643
Togo,ssp245,current,ocean warming,0.04198424251444521
Togo,ssp245,medium-term,ocean warming,0.24420674977300222
Togo,ssp585,current,ocean warming,0.03974987913898075
Togo,ssp585,medium-term,ocean warming,0.25602456133347007
Togo,ssp245,current,primary productivity,0.0179051639555837
Togo,ssp245,medium-term,primary productivity,0.03636552530297195
Togo,ssp585,current,primary productivity,0.018657749371777752
Togo,ssp585,medium-term,primary productivity,0.054250979964854194
Togo,ssp245,current,reduced oxygen,0.07617698774192831
Togo,ssp245,medium-term,reduced oxygen,0.08370075482089305
Togo,ssp585,current,reduced oxygen,0.07617698774192831
Togo,ssp585,medium-term,reduced oxygen,0.07942926937757874
Togo,ssp245,current,sea level rise,0.020156456937547772
Togo,ssp245,medium-term,sea level rise,0.0776831089053303
Togo,ssp585,current,sea level rise,0.032819827983621506
Togo,ssp585,medium-term,sea level rise,0.1205886107403785
Benin,ssp245,current,acidification,0
Benin,ssp245,medium-term,acidification,0
Benin,ssp585,current,acidification,0
Benin,ssp585,medium-term,acidification,7.947258208496034e-5
Benin,ssp245,current,air heat index,5.020129877569454e-4
Benin,ssp245,medium-term,air heat index,0.27339276267836493
Benin,ssp585,current,air heat index,4.2984474566765043e-4
Benin,ssp585,medium-term,air heat index,0.2757943463123714
Benin,ssp245,current,coastal disturbance,0.2730560249231833
Benin,ssp245,medium-term,coastal disturbance,0.29879128077300265
Benin,ssp585,current,coastal disturbance,0.27173895738087595
Benin,ssp585,medium-term,coastal disturbance,0.28276239920038887
Benin,ssp245,current,fisheries biomass loss,0.2424671923411855
Benin,ssp245,medium-term,fisheries biomass loss,0.3868603563654081
Benin,ssp585,current,fisheries biomass loss,0.24271934217055482
Benin,ssp585,medium-term,fisheries biomass loss,0.3866977676807437
Benin,ssp245,current,light pollution,0.012450066290815206
Benin,ssp245,medium-term,light pollution,0.027276514939558183
Benin,ssp585,current,light pollution,0.012119402830042722
Benin,ssp585,medium-term,light pollution,0.03100848462418071
Benin,ssp245,current,nutrient pollution,0.17371220654073719
Benin,ssp245,medium-term,nutrient pollution,0.23960387230666433
Benin,ssp585,current,nutrient pollution,0.17471332017536648
Benin,ssp585,medium-term,nutrient pollution,0.2459597146304683
Benin,ssp245,current,ocean warming,0.04500039898509082
Benin,ssp245,medium-term,ocean warming,0.26237699445482576
Benin,ssp585,current,ocean warming,0.04681310470156556
Benin,ssp585,medium-term,ocean warming,0.2788462627856158
Benin,ssp245,current,primary productivity,0.011794322731740671
Benin,ssp245,medium-term,primary productivity,0.02164405418595076
Benin,ssp585,current,primary productivity,0.012362481995486023
Benin,ssp585,medium-term,primary productivity,0.033030130870580855
Benin,ssp245,current,reduced oxygen,0.083869711620423
Benin,ssp245,medium-term,reduced oxygen,0.08993852069594747
Benin,ssp585,current,reduced oxygen,0.083869711620423
Benin,ssp585,medium-term,reduced oxygen,0.08274575855125477
Benin,ssp245,current,sea level rise,0.01798547436434698
Benin,ssp245,medium-term,sea level rise,0.06661450818743712
Benin,ssp585,current,sea level rise,0.029041093912383076
Benin,ssp585,medium-term,sea level rise,0.1027545134469013
Ghana,ssp245,current,acidification,0
Ghana,ssp245,medium-term,acidification,0
Ghana,ssp585,current,acidification,0
Ghana,ssp585,medium-term,acidification,0
Ghana,ssp245,current,air heat index,3.0497531226639354e-4
Ghana,ssp245,medium-term,air heat index,0.06652728279243361
Ghana,ssp585,current,air heat index,2.8463214590228883e-4
Ghana,ssp585,medium-term,air heat index,0.13919394779816788
Ghana,ssp245,current,coastal disturbance,0.18146463537449875
Ghana,ssp245,medium-term,coastal disturbance,0.19569407449975576
Ghana,ssp585,current,coastal disturbance,0.18003018547335428
Ghana,ssp585,medium-term,coastal disturbance,0.1811859956941306
Ghana,ssp245,current,fisheries biomass loss,0.22535243540258934
Ghana,ssp245,medium-term,fisheries biomass loss,0.31856013750290063
Ghana,ssp585,current,fisheries biomass loss,0.22563498483905875
Ghana,ssp585,medium-term,fisheries biomass loss,0.3176263014694817
Ghana,ssp245,current,light pollution,0.0049418208680018305
Ghana,ssp245,medium-term,light pollution,0.010024751753634086
Ghana,ssp585,current,light pollution,0.004866931752091108
Ghana,ssp585,medium-term,light pollution,0.011395938843947318
Ghana,ssp245,current,nutrient pollution,0.060549613468479445
Ghana,ssp245,medium-term,nutrient pollution,0.1154703623487
Ghana,ssp585,current,nutrient pollution,0.060782410714279714
Ghana,ssp585,medium-term,nutrient pollution,0.11675649089280438
Ghana,ssp245,current,ocean warming,0.026618618979541007
Ghana,ssp245,medium-term,ocean warming,0.15265323530828206
Ghana,ssp585,current,ocean warming,0.02014116367503388
Ghana,ssp585,medium-term,ocean warming,0.1540402331082704
Ghana,ssp245,current,primary productivity,0.011442149459395803
Ghana,ssp245,medium-term,primary productivity,0.031581339015172516
Ghana,ssp585,current,primary productivity,0.012585191038270436
Ghana,ssp585,medium-term,primary productivity,0.04568025854400805
Ghana,ssp245,current,reduced oxygen,0.07263542264230928
Ghana,ssp245,medium-term,reduced oxygen,0.07516904946778102
Ghana,ssp585,current,reduced oxygen,0.07263542264230928
Ghana,ssp585,medium-term,reduced oxygen,0.07570255580456947
Ghana,ssp245,current,sea level rise,0.01787120643974526
Ghana,ssp245,medium-term,sea level rise,0.0657643789270908
Ghana,ssp585,current,sea level rise,0.02719148792294007
Ghana,ssp585,medium-term,sea level rise,0.10035870120799566
Guinea Bissau,ssp245,current,acidification,0.009981124622134257
Guinea Bissau,ssp245,medium-term,acidification,0.032432077243832354
Guinea Bissau,ssp585,current,acidification,0.01080434775443185
Guinea Bissau,ssp585,medium-term,acidification,0.04437950983451745
Guinea Bissau,ssp245,current,air heat index,2.663842763707016e-4
Guinea Bissau,ssp245,medium-term,air heat index,0.04570879483780561
Guinea Bissau,ssp585,current,air heat index,2.615056562280396e-4
Guinea Bissau,ssp585,medium-term,air heat index,0.11346545401029288
Guinea Bissau,ssp245,current,coastal disturbance,0.09421421437455138
Guinea Bissau,ssp245,medium-term,coastal disturbance,0.10667125390447417
Guinea Bissau,ssp585,current,coastal disturbance,0.09237743639116675
Guinea Bissau,ssp585,medium-term,coastal disturbance,0.08770642718714859
Guinea Bissau,ssp245,current,fisheries biomass loss,0.21627641427987374
Guinea Bissau,ssp245,medium-term,fisheries biomass loss,0.24730401281924105
Guinea Bissau,ssp585,current,fisheries biomass loss,0.21645697265869387
Guinea Bissau,ssp585,medium-term,fisheries biomass loss,0.24727608759093506
Guinea Bissau,ssp245,current,light pollution,1.7086901606466507e-4
Guinea Bissau,ssp245,medium-term,light pollution,0.001816938965837322
Guinea Bissau,ssp585,current,light pollution,1.6495609500755855e-4
Guinea Bissau,ssp585,medium-term,light pollution,0.0021700413899592465
Guinea Bissau,ssp245,current,nutrient pollution,0.019235697491491944
Guinea Bissau,ssp245,medium-term,nutrient pollution,0.02436632986794216
Guinea Bissau,ssp585,current,nutrient pollution,0.019367322009891563
Guinea Bissau,ssp585,medium-term,nutrient pollution,0.02616044014183369
Guinea Bissau,ssp245,current,ocean warming,0.01722050644248856
Guinea Bissau,ssp245,medium-term,ocean warming,0.08323443232392236
Guinea Bissau,ssp585,current,ocean warming,0.015096997710875608
Guinea Bissau,ssp585,medium-term,ocean warming,0.10258496001882192
Guinea Bissau,ssp245,current,primary productivity,0.012454980486817918
Guinea Bissau,ssp245,medium-term,primary productivity,0.042150711169811894
Guinea Bissau,ssp585,current,primary productivity,0.011783521610353394
Guinea Bissau,ssp585,medium-term,primary productivity,0.03590564945640299
Guinea Bissau,ssp245,current,reduced oxygen,4.965707197852745e-4
Guinea Bissau,ssp245,medium-term,reduced oxygen,0.005176707982466792
Guinea Bissau,ssp585,current,reduced oxygen,4.965707197852745e-4
Guinea Bissau,ssp585,medium-term,reduced oxygen,0.0060364023975872
Guinea Bissau,ssp245,current,sea level rise,0.013082138332538306
Guinea Bissau,ssp245,medium-term,sea level rise,0.08256844482623422
Guinea Bissau,ssp585,current,sea level rise,0.02198443641320456
Guinea Bissau,ssp585,medium-term,sea level rise,0.12967219995573545
Guinea,ssp245,current,acidification,0.0017064192956856533
Guinea,ssp245,medium-term,acidification,0.01627919490767367
Guinea,ssp585,current,acidification,0.001422016109693827
Guinea,ssp585,medium-term,acidification,0.028159673284911455
Guinea,ssp245,current,air heat index,2.502972988947603e-5
Guinea,ssp245,medium-term,air heat index,0.007387557856522367
Guinea,ssp585,current,air heat index,2.73779564508913e-5
Guinea,ssp585,medium-term,air heat index,0.044930763564687885
Guinea,ssp245,current,coastal disturbance,0.14125737454284848
Guinea,ssp245,medium-term,coastal disturbance,0.1580255964005898
Guinea,ssp585,current,coastal disturbance,0.1392138919513118
Guinea,ssp585,medium-term,coastal disturbance,0.13645225884198833
Guinea,ssp245,current,fisheries biomass loss,0.2556792526755349
Guinea,ssp245,medium-term,fisheries biomass loss,0.27010366154163856
Guinea,ssp585,current,fisheries biomass loss,0.25583457614356164
Guinea,ssp585,medium-term,fisheries biomass loss,0.27003442488161716
Guinea,ssp245,current,light pollution,0.003396763017683822
Guinea,ssp245,medium-term,light pollution,0.011530948357141737
Guinea,ssp585,current,light pollution,0.0029063072492828638
Guinea,ssp585,medium-term,light pollution,0.014587080665387645
Guinea,ssp245,current,nutrient pollution,0.044302991027632285
Guinea,ssp245,medium-term,nutrient pollution,0.07111449260465806
Guinea,ssp585,current,nutrient pollution,0.04468303902583557
Guinea,ssp585,medium-term,nutrient pollution,0.06978415033450217
Guinea,ssp245,current,ocean warming,0.02027625384736374
Guinea,ssp245,medium-term,ocean warming,0.1252466230014328
Guinea,ssp585,current,ocean warming,0.023412897224798578
Guinea,ssp585,medium-term,ocean warming,0.14691200909839522
Guinea,ssp245,current,primary productivity,0.006676602664659488
Guinea,ssp245,medium-term,primary productivity,0.03150535601480875
Guinea,ssp585,current,primary productivity,0.006909355843678592
Guinea,ssp585,medium-term,primary productivity,0.02018607093104081
Guinea,ssp245,current,reduced oxygen,0.001970285512066723
Guinea,ssp245,medium-term,reduced oxygen,0.006076851298781722
Guinea,ssp585,current,reduced oxygen,0.001970285512066723
Guinea,ssp585,medium-term,reduced oxygen,0.007392249892680931
Guinea,ssp245,current,sea level rise,0.01171061080558935
Guinea,ssp245,medium-term,sea level rise,0.07618310471824814
Guinea,ssp585,current,sea level rise,0.019487405660176937
Guinea,ssp585,medium-term,sea level rise,0.11917313496205247
Ivory Coast,ssp245,current,acidification,0
Ivory Coast,ssp245,medium-term,acidification,0
Ivory Coast,ssp585,current,acidification,0
Ivory Coast,ssp585,medium-term,acidification,0
Ivory Coast,ssp245,current,air heat index,2.8166969635881462e-5
Ivory Coast,ssp245,medium-term,air heat index,0.003504324790275266
Ivory Coast,ssp585,current,air heat index,2.3028669908744116e-5
Ivory Coast,ssp585,medium-term,air heat index,0.007358423653405477
Ivory Coast,ssp245,current,coastal disturbance,0.08286082522108894
Ivory Coast,ssp245,medium-term,coastal disturbance,0.08986811231613714
Ivory Coast,ssp585,current,coastal disturbance,0.08178584130376855
Ivory Coast,ssp585,medium-term,coastal disturbance,0.07782793132654732
Ivory Coast,ssp245,current,fisheries biomass loss,0.19805239247990417
Ivory Coast,ssp245,medium-term,fisheries biomass loss,0.2563329800622412
Ivory Coast,ssp585,current,fisheries biomass loss,0.1983473079067701
Ivory Coast,ssp585,medium-term,fisheries biomass loss,0.25617693963085786
Ivory Coast,ssp245,current,light pollution,0.0016410421803618404
Ivory Coast,ssp245,medium-term,light pollution,0.004518897207988449
Ivory Coast,ssp585,current,light pollution,0.0014002829600114819
Ivory Coast,ssp585,medium-term,light pollution,0.005011453303171599
Ivory Coast,ssp245,current,nutrient pollution,0.058878798469035605
Ivory Coast,ssp245,medium-term,nutrient pollution,0.08707432877989707
Ivory Coast,ssp585,current,nutrient pollution,0.05885242368605488
Ivory Coast,ssp585,medium-term,nutrient pollution,0.09065667776334238
Ivory Coast,ssp245,current,ocean warming,0.025398963025638155
Ivory Coast,ssp245,medium-term,ocean warming,0.14563410536279564
Ivory Coast,ssp585,current,ocean warming,0.021391841866922688
Ivory Coast,ssp585,medium-term,ocean warming,0.14418360805209124
Ivory Coast,ssp245,current,primary productivity,0.0036791367824525233
Ivory Coast,ssp245,medium-term,primary productivity,0.022752167049397844
Ivory Coast,ssp585,current,primary productivity,0.004653362305163605
Ivory Coast,ssp585,medium-term,primary productivity,0.026486124084337287
Ivory Coast,ssp245,current,reduced oxygen,0.09215537016915333
Ivory Coast,ssp245,medium-term,reduced oxygen,0.0933431103565005
Ivory Coast,ssp585,current,reduced oxygen,0.09215537016915333
Ivory Coast,ssp585,medium-term,reduced oxygen,0.09467412540892038
Ivory Coast,ssp245,current,sea level rise,0.00901462611204
Ivory Coast,ssp245,medium-term,sea level rise,0.04134665236639929
Ivory Coast,ssp585,current,sea level rise,0.014104731368967695
Ivory Coast,ssp585,medium-term,sea level rise,0.06370744063248131
Nigeria,ssp245,current,acidification,0
Nigeria,ssp245,medium-term,acidification,0
Nigeria,ssp585,current,acidification,0
Nigeria,ssp585,medium-term,acidification,0.004691669594638584
Nigeria,ssp245,current,air heat index,1.816778902160226e-4
Nigeria,ssp245,medium-term,air heat index,0.09057970098927436
Nigeria,ssp585,current,air heat index,1.5765014200777678e-4
Nigeria,ssp585,medium-term,air heat index,0.14530437211140845
Nigeria,ssp245,current,coastal disturbance,0.12342962125763093
Nigeria,ssp245,medium-term,coastal disturbance,0.1376209463625142
Nigeria,ssp585,current,coastal disturbance,0.12198559066382586
Nigeria,ssp585,medium-term,coastal disturbance,0.12285467685397437
Nigeria,ssp245,current,fisheries biomass loss,0.16183999133799637
Nigeria,ssp245,medium-term,fisheries biomass loss,0.25276487971080797
Nigeria,ssp585,current,fisheries biomass loss,0.16180415630983144
Nigeria,ssp585,medium-term,fisheries biomass loss,0.25271106602837484
Nigeria,ssp245,current,light pollution,0.005240202323971864
Nigeria,ssp245,medium-term,light pollution,0.010858773647234164
Nigeria,ssp585,current,light pollution,0.005871861703262231
Nigeria,ssp585,medium-term,light pollution,0.011229905076680891
Nigeria,ssp245,current,nutrient pollution,0.06966859051140313
Nigeria,ssp245,medium-term,nutrient pollution,0.10346284547483993
Nigeria,ssp585,current,nutrient pollution,0.06982986382531753
Nigeria,ssp585,medium-term,nutrient pollution,0.10105780966254445
Nigeria,ssp245,current,ocean warming,0.047550458270858395
Nigeria,ssp245,medium-term,ocean warming,0.23302466656936233
Nigeria,ssp585,current,ocean warming,0.04701558003907135
Nigeria,ssp585,medium-term,ocean warming,0.24667751396271198
Nigeria,ssp245,current,primary productivity,0.001430565204946494
Nigeria,ssp245,medium-term,primary productivity,0.0022244319141340916
Nigeria,ssp585,current,primary productivity,0.0016600552476001861
Nigeria,ssp585,medium-term,primary productivity,0.0028327495641121913
Nigeria,ssp245,current,reduced oxygen,0.007285293162899897
Nigeria,ssp245,medium-term,reduced oxygen,0.012735645191719859
Nigeria,ssp585,current,reduced oxygen,0.007285293162899897
Nigeria,ssp585,medium-term,reduced oxygen,0.01086710652663504
Nigeria,ssp245,current,sea level rise,0.013064544375269108
Nigeria,ssp245,medium-term,sea level rise,0.04441238786116717
Nigeria,ssp585,current,sea level rise,0.021436766518722745
Nigeria,ssp585,medium-term,sea level rise,0.06926668186571595
Yemen,ssp245,current,acidification,8.483737510962582e-5
Yemen,ssp245,medium-term,acidification,0.003943838738237289
Yemen,ssp585,current,acidification,8.483737510962582e-5
Yemen,ssp585,medium-term,acidification,0.01037401323838764
Yemen,ssp245,current,air heat index,0.0011285457574363562
Yemen,ssp245,medium-term,air heat index,0.004888668266544158
Yemen,ssp585,current,air heat index,0.0012351974377338986
Yemen,ssp585,medium-term,air heat index,0.005244651689696863
Yemen,ssp245,current,coastal disturbance,0.05987691925155524
Yemen,ssp245,medium-term,coastal disturbance,0.07099348147826638
Yemen,ssp585,current,coastal disturbance,0.05877293650927212
Yemen,ssp585,medium-term,coastal disturbance,0.05918925526366617
Yemen,ssp245,current,fisheries biomass loss,0.21392897672116476
Yemen,ssp245,medium-term,fisheries biomass loss,0.34974617624403
Yemen,ssp585,current,fisheries biomass loss,0.21432833595485967
Yemen,ssp585,medium-term,fisheries biomass loss,0.3497220448467632
Yemen,ssp245,current,light pollution,9.107979747247608e-4
Yemen,ssp245,medium-term,light pollution,0.002215894135698854
Yemen,ssp585,current,light pollution,6.67324180222312e-4
Yemen,ssp585,medium-term,light pollution,0.0024620259507689337
Yemen,ssp245,current,nutrient pollution,0.009052309472812294
Yemen,ssp245,medium-term,nutrient pollution,0.020146205435439997
Yemen,ssp585,current,nutrient pollution,0.009185350217861574
Yemen,ssp585,medium-term,nutrient pollution,0.02433949469012154
Yemen,ssp245,current,ocean warming,0.0874728007067278
Yemen,ssp245,medium-term,ocean warming,0.24227290942564908
Yemen,ssp585,current,ocean warming,0.052881306078026345
Yemen,ssp585,medium-term,ocean warming,0.30704145723533954
Yemen,ssp245,current,primary productivity,0.001193047971995522
Yemen,ssp245,medium-term,primary productivity,0.016397306671494607
Yemen,ssp585,current,primary productivity,0.0010095378149276022
Yemen,ssp585,medium-term,primary productivity,0.022175873404977748
Yemen,ssp245,current,reduced oxygen,0.14047014200873362
Yemen,ssp245,medium-term,reduced oxygen,0.14621117137499892
Yemen,ssp585,current,reduced oxygen,0.14047014200873362
Yemen,ssp585,medium-term,reduced oxygen,0.14634557666911924
Yemen,ssp245,current,sea level rise,0.0038736149325354573
Yemen,ssp245,medium-term,sea level rise,0.02990828365956898
Yemen,ssp585,current,sea level rise,0.009815159612758983
Yemen,ssp585,medium-term,sea level rise,0.05997174972772822
Oman,ssp245,current,acidification,0.00572359812433042
Oman,ssp245,medium-term,acidification,0.023171598408045106
Oman,ssp585,current,acidification,0.005583658099656677
Oman,ssp585,medium-term,acidification,0.03238811088104125
Oman,ssp245,current,air heat index,0.0014581859242217472
Oman,ssp245,medium-term,air heat index,0.005024255453113748
Oman,ssp585,current,air heat index,0.0014172891621617885
Oman,ssp585,medium-term,air heat index,0.0061441457973716255
Oman,ssp245,current,coastal disturbance,0.03626826646138419
Oman,ssp245,medium-term,coastal disturbance,0.03636033699171951
Oman,ssp585,current,coastal disturbance,0.03550638154815549
Oman,ssp585,medium-term,coastal disturbance,0.03371395509015759
Oman,ssp245,current,fisheries biomass loss,0.2505652444444705
Oman,ssp245,medium-term,fisheries biomass loss,0.35212305624706713
Oman,ssp585,current,fisheries biomass loss,0.2508402833229303
Oman,ssp585,medium-term,fisheries biomass loss,0.3515536557787321
Oman,ssp245,current,light pollution,0.005644994336794549
Oman,ssp245,medium-term,light pollution,0.005538929877703931
Oman,ssp585,current,light pollution,0.005911513517599659
Oman,ssp585,medium-term,light pollution,0.0061153310154701
Oman,ssp245,current,nutrient pollution,0.0014932684640750382
Oman,ssp245,medium-term,nutrient pollution,0.0016673420094716247
Oman,ssp585,current,nutrient pollution,0.00160892156889364
Oman,ssp585,medium-term,nutrient pollution,0.0010702939061972212
Oman,ssp245,current,ocean warming,0.033881639638240084
Oman,ssp245,medium-term,ocean warming,0.16944358580432303
Oman,ssp585,current,ocean warming,0.03881573285009697
Oman,ssp585,medium-term,ocean warming,0.22216339719236747
Oman,ssp245,current,primary productivity,0.017037716311490956
Oman,ssp245,medium-term,primary productivity,0.037560116864583666
Oman,ssp585,current,primary productivity,0.016739051156947446
Oman,ssp585,medium-term,primary productivity,0.04902433317503542
Oman,ssp245,current,reduced oxygen,0.13095390307789698
Oman,ssp245,medium-term,reduced oxygen,0.13492594851294007
Oman,ssp585,current,reduced oxygen,0.13095390307789698
Oman,ssp585,medium-term,reduced oxygen,0.13377681551105888
Oman,ssp245,current,sea level rise,5.310332839542414e-4
Oman,ssp245,medium-term,sea level rise,0.023490489164415766
Oman,ssp585,current,sea level rise,0.003975370786631516
Oman,ssp585,medium-term,sea level rise,0.052504972977105935
Saudi Arabia,ssp245,current,acidification,0
Saudi Arabia,ssp245,medium-term,acidification,0
Saudi Arabia,ssp585,current,acidification,0
Saudi Arabia,ssp585,medium-term,acidification,3.672423821250141e-24
Saudi Arabia,ssp245,current,air heat index,0.002444655625105625
Saudi Arabia,ssp245,medium-term,air heat index,0.04027998479676883
Saudi Arabia,ssp585,current,air heat index,0.002368861329470421
Saudi Arabia,ssp585,medium-term,air heat index,0.03078800477706147
Saudi Arabia,ssp245,current,coastal disturbance,0.05491603399358769
Saudi Arabia,ssp245,medium-term,coastal disturbance,0.056025772675522625
Saudi Arabia,ssp585,current,coastal disturbance,0.05446745747920492
Saudi Arabia,ssp585,medium-term,coastal disturbance,0.053552700837693694
Saudi Arabia,ssp245,current,fisheries biomass loss,0.2472828164945462
Saudi Arabia,ssp245,medium-term,fisheries biomass loss,0.3324526652096504
Saudi Arabia,ssp585,current,fisheries biomass loss,0.24717181809611877
Saudi Arabia,ssp585,medium-term,fisheries biomass loss,0.3323787087629267
Saudi Arabia,ssp245,current,light pollution,0.011322788639080964
Saudi Arabia,ssp245,medium-term,light pollution,0.00952096324829154
Saudi Arabia,ssp585,current,light pollution,0.011743255057494718
Saudi Arabia,ssp585,medium-term,light pollution,0.009211966051968492
Saudi Arabia,ssp245,current,nutrient pollution,0.009942817778475988
Saudi Arabia,ssp245,medium-term,nutrient pollution,0.011699286394388463
Saudi Arabia,ssp585,current,nutrient pollution,0.009967408656408777
Saudi Arabia,ssp585,medium-term,nutrient pollution,0.006557743334895064
Saudi Arabia,ssp245,current,ocean warming,0.049130827567166434
Saudi Arabia,ssp245,medium-term,ocean warming,0.19903511951955297
Saudi Arabia,ssp585,current,ocean warming,0.053841559688314035
Saudi Arabia,ssp585,medium-term,ocean warming,0.25094199807036993
Saudi Arabia,ssp245,current,primary productivity,9.129583654089033e-6
Saudi Arabia,ssp245,medium-term,primary productivity,0
Saudi Arabia,ssp585,current,primary productivity,0
Saudi Arabia,ssp585,medium-term,primary productivity,0
Saudi Arabia,ssp245,current,reduced oxygen,0.031047110896544928
Saudi Arabia,ssp245,medium-term,reduced oxygen,0.03836984219063356
Saudi Arabia,ssp585,current,reduced oxygen,0.031047110896544928
Saudi Arabia,ssp585,medium-term,reduced oxygen,0.03991780877404814
Saudi Arabia,ssp245,current,sea level rise,0.0013513950858724257
Saudi Arabia,ssp245,medium-term,sea level rise,0.03359588516075977
Saudi Arabia,ssp585,current,sea level rise,0.010245336831342072
Saudi Arabia,ssp585,medium-term,sea level rise,0.07983862536454421
Kuwait,ssp245,current,acidification,0
Kuwait,ssp245,medium-term,acidification,0
Kuwait,ssp585,current,acidification,0
Kuwait,ssp585,medium-term,acidification,0
Kuwait,ssp245,current,air heat index,0.0045102491583545795
Kuwait,ssp245,medium-term,air heat index,0.05270249165651977
Kuwait,ssp585,current,air heat index,0.004143924280975221
Kuwait,ssp585,medium-term,air heat index,0.04056822931508779
Kuwait,ssp245,current,coastal disturbance,0.10860419735217874
Kuwait,ssp245,medium-term,coastal disturbance,0.12098068649518406
Kuwait,ssp585,current,coastal disturbance,0.10837143401315391
Kuwait,ssp585,medium-term,coastal disturbance,0.12152121949172094
Kuwait,ssp245,current,fisheries biomass loss,0
Kuwait,ssp245,medium-term,fisheries biomass loss,0.07784741798402844
Kuwait,ssp585,current,fisheries biomass loss,0
Kuwait,ssp585,medium-term,fisheries biomass loss,0.06927414392986167
Kuwait,ssp245,current,light pollution,0.020490775812934063
Kuwait,ssp245,medium-term,light pollution,0.020359583544033753
Kuwait,ssp585,current,light pollution,0.020860408016409968
Kuwait,ssp585,medium-term,light pollution,0.023505542984063748
Kuwait,ssp245,current,nutrient pollution,0.022695583480438073
Kuwait,ssp245,medium-term,nutrient pollution,0.017096059840202175
Kuwait,ssp585,current,nutrient pollution,0.0227437437188607
Kuwait,ssp585,medium-term,nutrient pollution,0.013736274231777578
Kuwait,ssp245,current,ocean warming,0.01892922929065814
Kuwait,ssp245,medium-term,ocean warming,0.12512247627152343
Kuwait,ssp585,current,ocean warming,0.039710181150919906
Kuwait,ssp585,medium-term,ocean warming,0.16655340496880752
Kuwait,ssp245,current,primary productivity,0
Kuwait,ssp245,medium-term,primary productivity,0
Kuwait,ssp585,current,primary productivity,0
Kuwait,ssp585,medium-term,primary productivity,0
Kuwait,ssp245,current,reduced oxygen,0.002880052154788851
Kuwait,ssp245,medium-term,reduced oxygen,0.01098656508987814
Kuwait,ssp585,current,reduced oxygen,0.002880052154788851
Kuwait,ssp585,medium-term,reduced oxygen,0.01029451142491982
Kuwait,ssp245,current,sea level rise,0
Kuwait,ssp245,medium-term,sea level rise,0.02061711262265615
Kuwait,ssp585,current,sea level rise,0.009277950117292575
Kuwait,ssp585,medium-term,sea level rise,0.0671965609007101
Bahrain,ssp245,current,acidification,0
Bahrain,ssp245,medium-term,acidification,0
Bahrain,ssp585,current,acidification,0
Bahrain,ssp585,medium-term,acidification,0
Bahrain,ssp245,current,air heat index,3.903177011207762e-5
Bahrain,ssp245,medium-term,air heat index,0
Bahrain,ssp585,current,air heat index,2.0140526678667114e-4
Bahrain,ssp585,medium-term,air heat index,0
Bahrain,ssp245,current,coastal disturbance,0.21050046269374434
Bahrain,ssp245,medium-term,coastal disturbance,0.2177887913648688
Bahrain,ssp585,current,coastal disturbance,0.210626130515183
Bahrain,ssp585,medium-term,coastal disturbance,0.21805344674319052
Bahrain,ssp245,current,fisheries biomass loss,0
Bahrain,ssp245,medium-term,fisheries biomass loss,0.16713666728636864
Bahrain,ssp585,current,fisheries biomass loss,0
Bahrain,ssp585,medium-term,fisheries biomass loss,0.1706944357164585
Bahrain,ssp245,current,light pollution,0.03413913515437757
Bahrain,ssp245,medium-term,light pollution,0.03008163155959148
Bahrain,ssp585,current,light pollution,0.034092800526113104
Bahrain,ssp585,medium-term,light pollution,0.031489242444939176
Bahrain,ssp245,current,nutrient pollution,0.004873646123179026
Bahrain,ssp245,medium-term,nutrient pollution,0.0047529236433945235
Bahrain,ssp585,current,nutrient pollution,0.004872218361721842
Bahrain,ssp585,medium-term,nutrient pollution,0.0014159127379549986
Bahrain,ssp245,current,ocean warming,0.023998995494780087
Bahrain,ssp245,medium-term,ocean warming,0.08779438033856092
Bahrain,ssp585,current,ocean warming,0.02001897772325637
Bahrain,ssp585,medium-term,ocean warming,0.13418556193276096
Bahrain,ssp245,current,primary productivity,0
Bahrain,ssp245,medium-term,primary productivity,0
Bahrain,ssp585,current,primary productivity,0
Bahrain,ssp585,medium-term,primary productivity,0
Bahrain,ssp245,current,reduced oxygen,0.0017602433575596226
Bahrain,ssp245,medium-term,reduced oxygen,0.015096836479477299
Bahrain,ssp585,current,reduced oxygen,0.0017602433575596226
Bahrain,ssp585,medium-term,reduced oxygen,0.012544552100610996
Bahrain,ssp245,current,sea level rise,7.155114601819047e-6
Bahrain,ssp245,medium-term,sea level rise,0.032184497540583834
Bahrain,ssp585,current,sea level rise,0.012065317406681557
Bahrain,ssp585,medium-term,sea level rise,0.0865610858130491
United Arab Emirates,ssp245,current,acidification,0
United Arab Emirates,ssp245,medium-term,acidification,0
United Arab Emirates,ssp585,current,acidification,0
United Arab Emirates,ssp585,medium-term,acidification,0
United Arab Emirates,ssp245,current,air heat index,1.492431184374254e-4
United Arab Emirates,ssp245,medium-term,air heat index,2.3993964714463735e-5
United Arab Emirates,ssp585,current,air heat index,9.922185131822158e-5
United Arab Emirates,ssp585,medium-term,air heat index,0
United Arab Emirates,ssp245,current,coastal disturbance,0.07683938996686457
United Arab Emirates,ssp245,medium-term,coastal disturbance,0.07725803884725951
United Arab Emirates,ssp585,current,coastal disturbance,0.07700403547595973
United Arab Emirates,ssp585,medium-term,coastal disturbance,0.08015541283444041
United Arab Emirates,ssp245,current,fisheries biomass loss,0.029095784985852684
United Arab Emirates,ssp245,medium-term,fisheries biomass loss,0.3374114494962179
United Arab Emirates,ssp585,current,fisheries biomass loss,0.029583087320175904
United Arab Emirates,ssp585,medium-term,fisheries biomass loss,0.341541524850338
United Arab Emirates,ssp245,current,light pollution,0.016990897970866243
United Arab Emirates,ssp245,medium-term,light pollution,0.014886061394355029
United Arab Emirates,ssp585,current,light pollution,0.016803378201690904
United Arab Emirates,ssp585,medium-term,light pollution,0.016791077867881435
United Arab Emirates,ssp245,current,nutrient pollution,0.011384565726678253
United Arab Emirates,ssp245,medium-term,nutrient pollution,0.00647951865068505
United Arab Emirates,ssp585,current,nutrient pollution,0.011466212575768528
United Arab Emirates,ssp585,medium-term,nutrient pollution,0.003163357063020138
United Arab Emirates,ssp245,current,ocean warming,0.024183293662582192
United Arab Emirates,ssp245,medium-term,ocean warming,0.09165434350327883
United Arab Emirates,ssp585,current,ocean warming,0.029705493225299924
United Arab Emirates,ssp585,medium-term,ocean warming,0.12925871101441982
United Arab Emirates,ssp245,current,primary productivity,0.016398894766846788
United Arab Emirates,ssp245,medium-term,primary productivity,0.024783981255735364
United Arab Emirates,ssp585,current,primary productivity,0.012473209627345428
United Arab Emirates,ssp585,medium-term,primary productivity,0.02702476352826131
United Arab Emirates,ssp245,current,reduced oxygen,0.0034983435097318207
United Arab Emirates,ssp245,medium-term,reduced oxygen,0.0166864860815272
United Arab Emirates,ssp585,current,reduced oxygen,0.0034983435097318207
United Arab Emirates,ssp585,medium-term,reduced oxygen,0.013465775478240315
United Arab Emirates,ssp245,current,sea level rise,0
United Arab Emirates,ssp245,medium-term,sea level rise,0.025308516907198982
United Arab Emirates,ssp585,current,sea level rise,0.005575047569075982
United Arab Emirates,ssp585,medium-term,sea level rise,0.07051790568086569
Georgia,ssp245,current,acidification,0.014674848988364922
Georgia,ssp245,medium-term,acidification,0.015603636518743512
Georgia,ssp585,current,acidification,0.01653242531534861
Georgia,ssp585,medium-term,acidification,0.021176364441649078
Georgia,ssp245,current,air heat index,1.440490801011644e-6
Georgia,ssp245,medium-term,air heat index,3.2360763719761705e-4
Georgia,ssp585,current,air heat index,0
Georgia,ssp585,medium-term,air heat index,0.00075858003830758065
Georgia,ssp245,current,coastal disturbance,0.06489367131778123
Georgia,ssp245,medium-term,coastal disturbance,0.0567787871201663
Georgia,ssp585,current,coastal disturbance,0.064212832667041
Georgia,ssp585,medium-term,coastal disturbance,0.048982254087511536
Georgia,ssp245,current,fisheries biomass loss,0.19688532453176613
Georgia,ssp245,medium-term,fisheries biomass loss,0.3310516571028319
Georgia,ssp585,current,fisheries biomass loss,0.19715899538520412
Georgia,ssp585,medium-term,fisheries biomass loss,0.33060527701962156
Georgia,ssp245,current,light pollution,0.003526266010922905
Georgia,ssp245,medium-term,light pollution,0.004560418514103777
Georgia,ssp585,current,light pollution,0.003659600655410964
Georgia,ssp585,medium-term,light pollution,0.002879599729334213
Georgia,ssp245,current,nutrient pollution,0.04856662253151766
Georgia,ssp245,medium-term,nutrient pollution,0.060199587135498285
Georgia,ssp585,current,nutrient pollution,0.04863429681884158
Georgia,ssp585,medium-term,nutrient pollution,0.07079871924091864
Georgia,ssp245,current,ocean warming,0.015239495077617576
Georgia,ssp245,medium-term,ocean warming,0.19798527006871433
Georgia,ssp585,current,ocean warming,0.03486768635185655
Georgia,ssp585,medium-term,ocean warming,0.24135151227332804
Georgia,ssp245,current,primary productivity,0
Georgia,ssp245,medium-term,primary productivity,0
Georgia,ssp585,current,primary productivity,0
Georgia,ssp585,medium-term,primary productivity,0
Georgia,ssp245,current,reduced oxygen,0.20380394938820248
Georgia,ssp245,medium-term,reduced oxygen,0.20625544024269168
Georgia,ssp585,current,reduced oxygen,0.20380394938820248
Georgia,ssp585,medium-term,reduced oxygen,0.207204384548953
Georgia,ssp245,current,sea level rise,0
Georgia,ssp245,medium-term,sea level rise,0.017243954747801837
Georgia,ssp585,current,sea level rise,0.0025789466816581222
Georgia,ssp585,medium-term,sea level rise,0.036526500208613775
Turkey,ssp245,current,acidification,0.1329618639756566
Turkey,ssp245,medium-term,acidification,0.13346997219385157
Turkey,ssp585,current,acidification,0.13397808110085
Turkey,ssp585,medium-term,acidification,0.13651862309795817
Turkey,ssp245,current,air heat index,1.1397564544120698e-4
Turkey,ssp245,medium-term,air heat index,0.0013429275817251067
Turkey,ssp585,current,air heat index,1.3899900705215977e-4
Turkey,ssp585,medium-term,air heat index,0.0019980390578219443
Turkey,ssp245,current,coastal disturbance,0.07779279439585397
Turkey,ssp245,medium-term,coastal disturbance,0.07606337500710883
Turkey,ssp585,current,coastal disturbance,0.07665360799686592
Turkey,ssp585,medium-term,coastal disturbance,0.06910801272629458
Turkey,ssp245,current,fisheries biomass loss,0.19095559376320512
Turkey,ssp245,medium-term,fisheries biomass loss,0.3253226858125658
Turkey,ssp585,current,fisheries biomass loss,0.19114047829018105
Turkey,ssp585,medium-term,fisheries biomass loss,0.32518143473283895
Turkey,ssp245,current,light pollution,0.008530934320791581
Turkey,ssp245,medium-term,light pollution,0.00962821315937552
Turkey,ssp585,current,light pollution,0.008984535608837513
Turkey,ssp585,medium-term,light pollution,0.009308361781236075
Turkey,ssp245,current,nutrient pollution,0.04280335524477679
Turkey,ssp245,medium-term,nutrient pollution,0.045243881814164444
Turkey,ssp585,current,nutrient pollution,0.04282587027981802
Turkey,ssp585,medium-term,nutrient pollution,0.04226296613930311
Turkey,ssp245,current,ocean warming,0.026765347652030976
Turkey,ssp245,medium-term,ocean warming,0.18855962932259035
Turkey,ssp585,current,ocean warming,0.048398666423966355
Turkey,ssp585,medium-term,ocean warming,0.21929029091969082
Turkey,ssp245,current,primary productivity,0.003680882817433155
Turkey,ssp245,medium-term,primary productivity,0
Turkey,ssp585,current,primary productivity,0.0035955152875089126
Turkey,ssp585,medium-term,primary productivity,1.262759133824368e-4
Turkey,ssp245,current,reduced oxygen,0.04885054763587053
Turkey,ssp245,medium-term,reduced oxygen,0.05544509775684192
Turkey,ssp585,current,reduced oxygen,0.04885054763587053
Turkey,ssp585,medium-term,reduced oxygen,0.05638942134973271
Turkey,ssp245,current,sea level rise,0.0049287404004440885
Turkey,ssp245,medium-term,sea level rise,0.026689645474264743
Turkey,ssp585,current,sea level rise,0.008682198447835484
Turkey,ssp585,medium-term,sea level rise,0.05556189144145031
Syria,ssp245,current,acidification,0.032499998807907104
Syria,ssp245,medium-term,acidification,0.032499998807907104
Syria,ssp585,current,acidification,0.032499998807907104
Syria,ssp585,medium-term,acidification,0.032499998807907104
Syria,ssp245,current,air heat index,5.5059200326468144e-5
Syria,ssp245,medium-term,air heat index,0.002229005096887704
Syria,ssp585,current,air heat index,7.074212729776258e-5
Syria,ssp585,medium-term,air heat index,0.004625049571041017
Syria,ssp245,current,coastal disturbance,0.09400828141078818
Syria,ssp245,medium-term,coastal disturbance,0.10195587797934422
Syria,ssp585,current,coastal disturbance,0.09359235371812247
Syria,ssp585,medium-term,coastal disturbance,0.09768377630098257
Syria,ssp245,current,fisheries biomass loss,0.17540212439052993
Syria,ssp245,medium-term,fisheries biomass loss,0.3089755930501269
Syria,ssp585,current,fisheries biomass loss,0.17549933592235903
Syria,ssp585,medium-term,fisheries biomass loss,0.30896955446805807
Syria,ssp245,current,light pollution,0.0046558888388972255
Syria,ssp245,medium-term,light pollution,0.012647135652696307
Syria,ssp585,current,light pollution,0.004438910317321643
Syria,ssp585,medium-term,light pollution,0.013047309570356446
Syria,ssp245,current,nutrient pollution,0.030455797926083505
Syria,ssp245,medium-term,nutrient pollution,0.04476490086308331
Syria,ssp585,current,nutrient pollution,0.03072651196850984
Syria,ssp585,medium-term,nutrient pollution,0.04660871614200914
Syria,ssp245,current,ocean warming,0.04244108620077895
Syria,ssp245,medium-term,ocean warming,0.2296908121821616
Syria,ssp585,current,ocean warming,0.06854220906889168
Syria,ssp585,medium-term,ocean warming,0.24244346509258322
Syria,ssp245,current,primary productivity,0
Syria,ssp245,medium-term,primary productivity,0
Syria,ssp585,current,primary productivity,0
Syria,ssp585,medium-term,primary productivity,0
Syria,ssp245,current,reduced oxygen,0.008422266167872294
Syria,ssp245,medium-term,reduced oxygen,0.017072994059617486
Syria,ssp585,current,reduced oxygen,0.008422266167872294
Syria,ssp585,medium-term,reduced oxygen,0.021108622284828016
Syria,ssp245,current,sea level rise,0.006541121604459477
Syria,ssp245,medium-term,sea level rise,0.02030552156356862
Syria,ssp585,current,sea level rise,0.011629024433204904
Syria,ssp585,medium-term,sea level rise,0.040505684417439625
Lebanon,ssp245,current,acidification,0
Lebanon,ssp245,medium-term,acidification,0
Lebanon,ssp585,current,acidification,0
Lebanon,ssp585,medium-term,acidification,0
Lebanon,ssp245,current,air heat index,1.6462749194736468e-5
Lebanon,ssp245,medium-term,air heat index,0.0011403289377498863
Lebanon,ssp585,current,air heat index,2.3921109945232192e-5
Lebanon,ssp585,medium-term,air heat index,0.0032040999927134676
Lebanon,ssp245,current,coastal disturbance,0.10970495646721577
Lebanon,ssp245,medium-term,coastal disturbance,0.1104221634736446
Lebanon,ssp585,current,coastal disturbance,0.10949129896917756
Lebanon,ssp585,medium-term,coastal disturbance,0.10827972608372378
Lebanon,ssp245,current,fisheries biomass loss,0.16033122121668633
Lebanon,ssp245,medium-term,fisheries biomass loss,0.2965435394369045
Lebanon,ssp585,current,fisheries biomass loss,0.1607192196295893
Lebanon,ssp585,medium-term,fisheries biomass loss,0.2964834554956972
Lebanon,ssp245,current,light pollution,0.02024732149782887
Lebanon,ssp245,medium-term,light pollution,0.021037302532104975
Lebanon,ssp585,current,light pollution,0.020465993450092024
Lebanon,ssp585,medium-term,light pollution,0.02251279583232314
Lebanon,ssp245,current,nutrient pollution,0.06419110161848286
Lebanon,ssp245,medium-term,nutrient pollution,0.08489309423012772
Lebanon,ssp585,current,nutrient pollution,0.0642478913425128
Lebanon,ssp585,medium-term,nutrient pollution,0.07417191619193049
Lebanon,ssp245,current,ocean warming,0.05236060204515525
Lebanon,ssp245,medium-term,ocean warming,0.23191518154304835
Lebanon,ssp585,current,ocean warming,0.07346258153318724
Lebanon,ssp585,medium-term,ocean warming,0.24978488684295866
Lebanon,ssp245,current,primary productivity,0
Lebanon,ssp245,medium-term,primary productivity,0
Lebanon,ssp585,current,primary productivity,0
Lebanon,ssp585,medium-term,primary productivity,0
Lebanon,ssp245,current,reduced oxygen,0.005794687690054575
Lebanon,ssp245,medium-term,reduced oxygen,0.013078997167171607
Lebanon,ssp585,current,reduced oxygen,0.005794687690054575
Lebanon,ssp585,medium-term,reduced oxygen,0.01745109925981193
Lebanon,ssp245,current,sea level rise,0.008270509517222474
Lebanon,ssp245,medium-term,sea level rise,0.02289546498584307
Lebanon,ssp585,current,sea level rise,0.0136935205955524
Lebanon,ssp585,medium-term,sea level rise,0.04370777076110244
Israel,ssp245,current,acidification,0
Israel,ssp245,medium-term,acidification,0
Israel,ssp585,current,acidification,0
Israel,ssp585,medium-term,acidification,0
Israel,ssp245,current,air heat index,5.5871680624662954e-5
Israel,ssp245,medium-term,air heat index,0.0021068162616812718
Israel,ssp585,current,air heat index,6.972278883114658e-5
Israel,ssp585,medium-term,air heat index,0.0053697769762948155
Israel,ssp245,current,coastal disturbance,0.16539772973771263
Israel,ssp245,medium-term,coastal disturbance,0.17915646927858875
Israel,ssp585,current,coastal disturbance,0.16561148044467922
Israel,ssp585,medium-term,coastal disturbance,0.18205866619483663
Israel,ssp245,current,fisheries biomass loss,0.17844810376920242
Israel,ssp245,medium-term,fisheries biomass loss,0.284599836760709
Israel,ssp585,current,fisheries biomass loss,0.1787635634833833
Israel,ssp585,medium-term,fisheries biomass loss,0.2849971279193058
Israel,ssp245,current,light pollution,0.026014266890706957
Israel,ssp245,medium-term,light pollution,0.0270266678302765
Israel,ssp585,current,light pollution,0.025333680305303294
Israel,ssp585,medium-term,light pollution,0.02696977234837523
Israel,ssp245,current,nutrient pollution,0.07797672868348725
Israel,ssp245,medium-term,nutrient pollution,0.06907386981357395
Israel,ssp585,current,nutrient pollution,0.07669753073423634
Israel,ssp585,medium-term,nutrient pollution,0.04941996641615073
Israel,ssp245,current,ocean warming,0.05981056553644855
Israel,ssp245,medium-term,ocean warming,0.19562123040728063
Israel,ssp585,current,ocean warming,0.06597434959822211
Israel,ssp585,medium-term,ocean warming,0.20984990671704695
Israel,ssp245,current,primary productivity,0
Israel,ssp245,medium-term,primary productivity,0
Israel,ssp585,current,primary productivity,0
Israel,ssp585,medium-term,primary productivity,0
Israel,ssp245,current,reduced oxygen,0.0025280386945844523
Israel,ssp245,medium-term,reduced oxygen,0.007044946107085633
Israel,ssp585,current,reduced oxygen,0.0025280386945844523
Israel,ssp585,medium-term,reduced oxygen,0.010046228756993738
Israel,ssp245,current,sea level rise,0.012053881983310744
Israel,ssp245,medium-term,sea level rise,0.03322892354288119
Israel,ssp585,current,sea level rise,0.02007923058319685
Israel,ssp585,medium-term,sea level rise,0.06281299949908743
Cyprus,ssp245,current,acidification,0.034941415010784425
Cyprus,ssp245,medium-term,acidification,0.034941415010784425
Cyprus,ssp585,current,acidification,0.034941415010784425
Cyprus,ssp585,medium-term,acidification,0.034941415010784425
Cyprus,ssp245,current,air heat index,4.846617303533942e-5
Cyprus,ssp245,medium-term,air heat index,0.0016290179695900313
Cyprus,ssp585,current,air heat index,1.0442809852777456e-4
Cyprus,ssp585,medium-term,air heat index,0.003439392046066527
Cyprus,ssp245,current,coastal disturbance,0.03758393976931984
Cyprus,ssp245,medium-term,coastal disturbance,0.03546722135731703
Cyprus,ssp585,current,coastal disturbance,0.036864388546166374
Cyprus,ssp585,medium-term,coastal disturbance,0.031425369754578096
Cyprus,ssp245,current,fisheries biomass loss,0.1947126418377013
Cyprus,ssp245,medium-term,fisheries biomass loss,0.26383193095576984
Cyprus,ssp585,current,fisheries biomass loss,0.19509542726112725
Cyprus,ssp585,medium-term,fisheries biomass loss,0.2795560916492832
Cyprus,ssp245,current,light pollution,0.004376675933708216
Cyprus,ssp245,medium-term,light pollution,0.0034797160962727817
Cyprus,ssp585,current,light pollution,0.004494974573812004
Cyprus,ssp585,medium-term,light pollution,0.0028188639887536037
Cyprus,ssp245,current,nutrient pollution,0.002629331570227474
Cyprus,ssp245,medium-term,nutrient pollution,0.002090092845063647
Cyprus,ssp585,current,nutrient pollution,0.002684481742956962
Cyprus,ssp585,medium-term,nutrient pollution,0.0016696629071976795
Cyprus,ssp245,current,ocean warming,0.05539485474863519
Cyprus,ssp245,medium-term,ocean warming,0.2693864542109794
Cyprus,ssp585,current,ocean warming,0.08068545594148642
Cyprus,ssp585,medium-term,ocean warming,0.28567043694457045
Cyprus,ssp245,current,primary productivity,0.0049376506162835485
Cyprus,ssp245,medium-term,primary productivity,0
Cyprus,ssp585,current,primary productivity,0.004556388197769728
Cyprus,ssp585,medium-term,primary productivity,0
Cyprus,ssp245,current,reduced oxygen,0.007966390001576468
Cyprus,ssp245,medium-term,reduced oxygen,0.0188854186514908
Cyprus,ssp585,current,reduced oxygen,0.007966390001576468
Cyprus,ssp585,medium-term,reduced oxygen,0.02514670054725961
Cyprus,ssp245,current,sea level rise,0.008493894025667796
Cyprus,ssp245,medium-term,sea level rise,0.021163867846210622
Cyprus,ssp585,current,sea level rise,0.012819097510752423
Cyprus,ssp585,medium-term,sea level rise,0.039152329203004585
Qatar,ssp245,current,acidification,0
Qatar,ssp245,medium-term,acidification,0
Qatar,ssp585,current,acidification,0
Qatar,ssp585,medium-term,acidification,0
Qatar,ssp245,current,air heat index,2.3324583729532515e-4
Qatar,ssp245,medium-term,air heat index,1.5851601253211064e-4
Qatar,ssp585,current,air heat index,3.412601118891682e-4
Qatar,ssp585,medium-term,air heat index,6.343270226391709e-5
Qatar,ssp245,current,coastal disturbance,0.07489021678108695
Qatar,ssp245,medium-term,coastal disturbance,0.07692629660023181
Qatar,ssp585,current,coastal disturbance,0.074829829097604
Qatar,ssp585,medium-term,coastal disturbance,0.07396939854886349
Qatar,ssp245,current,fisheries biomass loss,0.05858053781772195
Qatar,ssp245,medium-term,fisheries biomass loss,0.3028530127535354
Qatar,ssp585,current,fisheries biomass loss,0.05929477142099033
Qatar,ssp585,medium-term,fisheries biomass loss,0.30484754962330907
Qatar,ssp245,current,light pollution,0.017107708835195103
Qatar,ssp245,medium-term,light pollution,0.012192775022237085
Qatar,ssp585,current,light pollution,0.01721734864755705
Qatar,ssp585,medium-term,light pollution,0.014251547477655432
Qatar,ssp245,current,nutrient pollution,0.012514744949265032
Qatar,ssp245,medium-term,nutrient pollution,0.004594927899281899
Qatar,ssp585,current,nutrient pollution,0.012515732977734948
Qatar,ssp585,medium-term,nutrient pollution,0.002131033348790737
Qatar,ssp245,current,ocean warming,0.026387816096581855
Qatar,ssp245,medium-term,ocean warming,0.08635139259477197
Qatar,ssp585,current,ocean warming,0.018456365616168445
Qatar,ssp585,medium-term,ocean warming,0.13356839029117792
Qatar,ssp245,current,primary productivity,3.562565259144737e-4
Qatar,ssp245,medium-term,primary productivity,5.387580733284217e-5
Qatar,ssp585,current,primary productivity,4.107740108594267e-5
Qatar,ssp585,medium-term,primary productivity,0
Qatar,ssp245,current,reduced oxygen,0.0016811510450601395
Qatar,ssp245,medium-term,reduced oxygen,0.013492336975848233
Qatar,ssp585,current,reduced oxygen,0.0016811510450601395
Qatar,ssp585,medium-term,reduced oxygen,0.011568655919740762
Qatar,ssp245,current,sea level rise,1.095475581659991e-4
Qatar,ssp245,medium-term,sea level rise,0.02718082619036087
Qatar,ssp585,current,sea level rise,0.00952477477270589
Qatar,ssp585,medium-term,sea level rise,0.07216225181873988
Iraq,ssp245,current,acidification,0
Iraq,ssp245,medium-term,acidification,0
Iraq,ssp585,current,acidification,0
Iraq,ssp585,medium-term,acidification,0
Iraq,ssp245,current,air heat index,0.005795293519946022
Iraq,ssp245,medium-term,air heat index,0.025689368524278205
Iraq,ssp585,current,air heat index,0.0049680746419148315
Iraq,ssp585,medium-term,air heat index,0.018634663658708125
Iraq,ssp245,current,coastal disturbance,0.061939367859546714
Iraq,ssp245,medium-term,coastal disturbance,0.06601852077033578
Iraq,ssp585,current,coastal disturbance,0.06070088962183541
Iraq,ssp585,medium-term,coastal disturbance,0.0593945470399275
Iraq,ssp245,current,fisheries biomass loss,0
Iraq,ssp245,medium-term,fisheries biomass loss,0
Iraq,ssp585,current,fisheries biomass loss,0
Iraq,ssp585,medium-term,fisheries biomass loss,0
Iraq,ssp245,current,light pollution,0.004925046426554516
Iraq,ssp245,medium-term,light pollution,0.012273659082388297
Iraq,ssp585,current,light pollution,0.0063872930283347725
Iraq,ssp585,medium-term,light pollution,0.015355961138589514
Iraq,ssp245,current,nutrient pollution,0.1310240427531729
Iraq,ssp245,medium-term,nutrient pollution,0.13369126005272847
Iraq,ssp585,current,nutrient pollution,0.1310241191521426
Iraq,ssp585,medium-term,nutrient pollution,0.13315307230853554
Iraq,ssp245,current,ocean warming,0.014596628243857082
Iraq,ssp245,medium-term,ocean warming,0.09611879001992445
Iraq,ssp585,current,ocean warming,0.030652919188368186
Iraq,ssp585,medium-term,ocean warming,0.12786645467794086
Iraq,ssp245,current,primary productivity,0
Iraq,ssp245,medium-term,primary productivity,0
Iraq,ssp585,current,primary productivity,0
Iraq,ssp585,medium-term,primary productivity,0
Iraq,ssp245,current,reduced oxygen,0.0025471465000413813
Iraq,ssp245,medium-term,reduced oxygen,0.00921873100176324
Iraq,ssp585,current,reduced oxygen,0.0025471465000413813
Iraq,ssp585,medium-term,reduced oxygen,0.0086681756401958375
Iraq,ssp245,current,sea level rise,0
Iraq,ssp245,medium-term,sea level rise,0.02136124696375595
Iraq,ssp585,current,sea level rise,0.00956397047007663
Iraq,ssp585,medium-term,sea level rise,0.07026991967318787
Jordan,ssp245,current,acidification,0
Jordan,ssp245,medium-term,acidification,0
Jordan,ssp585,current,acidification,0
Jordan,ssp585,medium-term,acidification,0
Jordan,ssp245,current,air heat index,0
Jordan,ssp245,medium-term,air heat index,1.0702265475022918e-5
Jordan,ssp585,current,air heat index,0
Jordan,ssp585,medium-term,air heat index,7.665542943868786e-5
Jordan,ssp245,current,coastal disturbance,0.01522483179966608
Jordan,ssp245,medium-term,coastal disturbance,0.01667336638395984
Jordan,ssp585,current,coastal disturbance,0.015105619328096504
Jordan,ssp585,medium-term,coastal disturbance,0.015749655120695625
Jordan,ssp245,current,fisheries biomass loss,0
Jordan,ssp245,medium-term,fisheries biomass loss,0
Jordan,ssp585,current,fisheries biomass loss,0
Jordan,ssp585,medium-term,fisheries biomass loss,0
Jordan,ssp245,current,light pollution,0.005250687943771474
Jordan,ssp245,medium-term,light pollution,0.006185539338427276
Jordan,ssp585,current,light pollution,0.006785969560345006
Jordan,ssp585,medium-term,light pollution,0.005715507703522829
Jordan,ssp245,current,nutrient pollution,5.7272760871759e-4
Jordan,ssp245,medium-term,nutrient pollution,0.0011048494561691768
Jordan,ssp585,current,nutrient pollution,5.723928067406329e-4
Jordan,ssp585,medium-term,nutrient pollution,0.0011336046615421462
Jordan,ssp245,current,ocean warming,0.002283680175120628
Jordan,ssp245,medium-term,ocean warming,0.009531882319909823
Jordan,ssp585,current,ocean warming,0.003375874948687846
Jordan,ssp585,medium-term,ocean warming,0.011110599851235739
Jordan,ssp245,current,primary productivity,0
Jordan,ssp245,medium-term,primary productivity,0
Jordan,ssp585,current,primary productivity,0
Jordan,ssp585,medium-term,primary productivity,0
Jordan,ssp245,current,reduced oxygen,9.514428620605031e-5
Jordan,ssp245,medium-term,reduced oxygen,3.7480975758323137e-4
Jordan,ssp585,current,reduced oxygen,9.514428620605031e-5
Jordan,ssp585,medium-term,reduced oxygen,4.899126433883794e-4
Jordan,ssp245,current,sea level rise,8.591478739011412e-4
Jordan,ssp245,medium-term,sea level rise,0.0051331159193068665
Jordan,ssp585,current,sea level rise,0.0021370864124037317
Jordan,ssp585,medium-term,sea level rise,0.011382011231034987
Belgium,ssp245,current,acidification,0.007829906381007994
Belgium,ssp245,medium-term,acidification,0.013418858418988652
Belgium,ssp585,current,acidification,0.007655593571957739
Belgium,ssp585,medium-term,acidification,0.017296172372880392
Belgium,ssp245,current,air heat index,0
Belgium,ssp245,medium-term,air heat index,0
Belgium,ssp585,current,air heat index,0
Belgium,ssp585,medium-term,air heat index,0
Belgium,ssp245,current,coastal disturbance,0.1493669336839383
Belgium,ssp245,medium-term,coastal disturbance,0.14789063971501923
Belgium,ssp585,current,coastal disturbance,0.14980011200838672
Belgium,ssp585,medium-term,coastal disturbance,0.15423430048701303
Belgium,ssp245,current,fisheries biomass loss,0.24100508768797704
Belgium,ssp245,medium-term,fisheries biomass loss,0.23527504236584432
Belgium,ssp585,current,fisheries biomass loss,0.2411357997120113
Belgium,ssp585,medium-term,fisheries biomass loss,0.2385472293060861
Belgium,ssp245,current,light pollution,0.011322999691688701
Belgium,ssp245,medium-term,light pollution,0.011909770001167136
Belgium,ssp585,current,light pollution,0.011391162743644885
Belgium,ssp585,medium-term,light pollution,0.012951131897831432
Belgium,ssp245,current,nutrient pollution,0.019240417141478054
Belgium,ssp245,medium-term,nutrient pollution,0.01353173295673945
Belgium,ssp585,current,nutrient pollution,0.019258606753282944
Belgium,ssp585,medium-term,nutrient pollution,0.012349672231625605
Belgium,ssp245,current,ocean warming,0.01375261223093778
Belgium,ssp245,medium-term,ocean warming,0.025446959901417262
Belgium,ssp585,current,ocean warming,0.0070525271462668696
Belgium,ssp585,medium-term,ocean warming,0.036412230208761207
Belgium,ssp245,current,primary productivity,0
Belgium,ssp245,medium-term,primary productivity,0.07664071509115226
Belgium,ssp585,current,primary productivity,0
Belgium,ssp585,medium-term,primary productivity,0.08422422691977485
Belgium,ssp245,current,reduced oxygen,1.7267058767588206e-4
Belgium,ssp245,medium-term,reduced oxygen,0.0027065799921202633
Belgium,ssp585,current,reduced oxygen,1.7267058767588206e-4
Belgium,ssp585,medium-term,reduced oxygen,0.006358483232983607
Belgium,ssp245,current,sea level rise,0.02427607146091759
Belgium,ssp245,medium-term,sea level rise,0.047393723599318614
Belgium,ssp585,current,sea level rise,0.026522347060228258
Belgium,ssp585,medium-term,sea level rise,0.06982753308195817
Germany,ssp245,current,acidification,0.03143538836630131
Germany,ssp245,medium-term,acidification,0.03640485115507215
Germany,ssp585,current,acidification,0.031261531683913144
Germany,ssp585,medium-term,acidification,0.03972726465733085
Germany,ssp245,current,air heat index,0
Germany,ssp245,medium-term,air heat index,0
Germany,ssp585,current,air heat index,0
Germany,ssp585,medium-term,air heat index,0
Germany,ssp245,current,coastal disturbance,0.0849451590076093
Germany,ssp245,medium-term,coastal disturbance,0.07129239531193572
Germany,ssp585,current,coastal disturbance,0.0835777219150662
Germany,ssp585,medium-term,coastal disturbance,0.07051735749727896
Germany,ssp245,current,fisheries biomass loss,0.23711033198352935
Germany,ssp245,medium-term,fisheries biomass loss,0.2168235935790065
Germany,ssp585,current,fisheries biomass loss,0.23705313759767052
Germany,ssp585,medium-term,fisheries biomass loss,0.21736859939353706
Germany,ssp245,current,light pollution,0.0029285031468525204
Germany,ssp245,medium-term,light pollution,0.006027295451984657
Germany,ssp585,current,light pollution,0.0024293478955607632
Germany,ssp585,medium-term,light pollution,0.006676862053870457
Germany,ssp245,current,nutrient pollution,0.02837128606023929
Germany,ssp245,medium-term,nutrient pollution,0.02472116636196001
Germany,ssp585,current,nutrient pollution,0.028338766481841488
Germany,ssp585,medium-term,nutrient pollution,0.024050568990837528
Germany,ssp245,current,ocean warming,0.007534454362640773
Germany,ssp245,medium-term,ocean warming,0.023691070571450666
Germany,ssp585,current,ocean warming,0.007301203887778537
Germany,ssp585,medium-term,ocean warming,0.04315648192951757
Germany,ssp245,current,primary productivity,1.626201795462088e-4
Germany,ssp245,medium-term,primary productivity,0.037854912127611044
Germany,ssp585,current,primary productivity,3.5945397184819483e-4
Germany,ssp585,medium-term,primary productivity,0.04035048294081702
Germany,ssp245,current,reduced oxygen,4.640835547161529e-6
Germany,ssp245,medium-term,reduced oxygen,0.003101247702946181
Germany,ssp585,current,reduced oxygen,4.640835547161529e-6
Germany,ssp585,medium-term,reduced oxygen,0.005506358035808835
Germany,ssp245,current,sea level rise,0.03520457795767415
Germany,ssp245,medium-term,sea level rise,0.07215377553763616
Germany,ssp585,current,sea level rise,0.038125749392998086
Germany,ssp585,medium-term,sea level rise,0.11099571533655067
Netherlands,ssp245,current,acidification,0.011153806333322133
Netherlands,ssp245,medium-term,acidification,0.01869952217237079
Netherlands,ssp585,current,acidification,0.010797123852355888
Netherlands,ssp585,medium-term,acidification,0.02385282571165168
Netherlands,ssp245,current,air heat index,0
Netherlands,ssp245,medium-term,air heat index,0
Netherlands,ssp585,current,air heat index,0
Netherlands,ssp585,medium-term,air heat index,0
Netherlands,ssp245,current,coastal disturbance,0.12703018146429965
Netherlands,ssp245,medium-term,coastal disturbance,0.11088304250066965
Netherlands,ssp585,current,coastal disturbance,0.12734059712617993
Netherlands,ssp585,medium-term,coastal disturbance,0.11659476750047242
Netherlands,ssp245,current,fisheries biomass loss,0.2741010423584764
Netherlands,ssp245,medium-term,fisheries biomass loss,0.23996249759068672
Netherlands,ssp585,current,fisheries biomass loss,0.2741684736169375
Netherlands,ssp585,medium-term,fisheries biomass loss,0.2399434670578162
Netherlands,ssp245,current,light pollution,0.009324669172517884
Netherlands,ssp245,medium-term,light pollution,0.012755607417167757
Netherlands,ssp585,current,light pollution,0.009654531982030912
Netherlands,ssp585,medium-term,light pollution,0.012034208545103873
Netherlands,ssp245,current,nutrient pollution,0.06646281426744938
Netherlands,ssp245,medium-term,nutrient pollution,0.06000077604638192
Netherlands,ssp585,current,nutrient pollution,0.06644740096758432
Netherlands,ssp585,medium-term,nutrient pollution,0.05656479464333087
Netherlands,ssp245,current,ocean warming,0.011883412491205609
Netherlands,ssp245,medium-term,ocean warming,0.027178176409269447
Netherlands,ssp585,current,ocean warming,0.009391462505714182
Netherlands,ssp585,medium-term,ocean warming,0.046577674350123416
Netherlands,ssp245,current,primary productivity,0
Netherlands,ssp245,medium-term,primary productivity,0.08588290654944908
Netherlands,ssp585,current,primary productivity,1.0566382894344349e-5
Netherlands,ssp585,medium-term,primary productivity,0.0915988435003585
Netherlands,ssp245,current,reduced oxygen,1.6109507723107617e-5
Netherlands,ssp245,medium-term,reduced oxygen,0.0011322017647578384
Netherlands,ssp585,current,reduced oxygen,1.6109507723107617e-5
Netherlands,ssp585,medium-term,reduced oxygen,0.004886460591422661
Netherlands,ssp245,current,sea level rise,0.04869621243467892
Netherlands,ssp245,medium-term,sea level rise,0.0981138944509861
Netherlands,ssp585,current,sea level rise,0.05373746773440634
Netherlands,ssp585,medium-term,sea level rise,0.14355598354924712
France,ssp245,current,acidification,0.028331565664683287
France,ssp245,medium-term,acidification,0.058385136293134354
France,ssp585,current,acidification,0.02680050493325339
France,ssp585,medium-term,acidification,0.07594972644891099
France,ssp245,current,air heat index,0
France,ssp245,medium-term,air heat index,3.048930913414497e-8
France,ssp585,current,air heat index,0
France,ssp585,medium-term,air heat index,4.141253082971893e-6
France,ssp245,current,coastal disturbance,0.08338370525592938
France,ssp245,medium-term,coastal disturbance,0.07882917057967433
France,ssp585,current,coastal disturbance,0.08371620531800755
France,ssp585,medium-term,coastal disturbance,0.08365585074038386
France,ssp245,current,fisheries biomass loss,0.21361415147344195
France,ssp245,medium-term,fisheries biomass loss,0.22726916880695539
France,ssp585,current,fisheries biomass loss,0.21427826353037552
France,ssp585,medium-term,fisheries biomass loss,0.2378171169126348
France,ssp245,current,light pollution,0.006740679210864489
France,ssp245,medium-term,light pollution,0.007998896546843434
France,ssp585,current,light pollution,0.006758930145271154
France,ssp585,medium-term,light pollution,0.008873659210959893
France,ssp245,current,nutrient pollution,0.03562364746025689
France,ssp245,medium-term,nutrient pollution,0.03248907690274624
France,ssp585,current,nutrient pollution,0.035637430409723996
France,ssp585,medium-term,nutrient pollution,0.0319828749884091
France,ssp245,current,ocean warming,0.0393493820413835
France,ssp245,medium-term,ocean warming,0.13262012044701127
France,ssp585,current,ocean warming,0.038328290940493816
France,ssp585,medium-term,ocean warming,0.17352695456123757
France,ssp245,current,primary productivity,0.003814091618193333
France,ssp245,medium-term,primary productivity,0.05986729556837979
France,ssp585,current,primary productivity,0.0034158553358418966
France,ssp585,medium-term,primary productivity,0.06356913291575496
France,ssp245,current,reduced oxygen,0.003487513279832588
France,ssp245,medium-term,reduced oxygen,0.009169126570830178
France,ssp585,current,reduced oxygen,0.003487513279832588
France,ssp585,medium-term,reduced oxygen,0.012094709265952625
France,ssp245,current,sea level rise,0.010413832354015056
France,ssp245,medium-term,sea level rise,0.03239122318160646
France,ssp585,current,sea level rise,0.01192828173490146
France,ssp585,medium-term,sea level rise,0.05778579804416253
