georgn,pressure,pressure_category,scen_time,color,avg_impact
Antarctica,acidification,climate-change-other,ssp245_current,#C84382FF,0.046627765936713944
Australia and New Zealand,acidification,climate-change-other,ssp245_current,#C84382FF,0.011988094779205715
Caribbean,acidification,climate-change-other,ssp245_current,#C84382FF,0
Central America,acidification,climate-change-other,ssp245_current,#C84382FF,0.007460169750016904
Eastern Africa,acidification,climate-change-other,ssp245_current,#C84382FF,1.4686258608022376e-5
Eastern Asia,acidification,climate-change-other,ssp245_current,#C84382FF,0.013959332220637024
Eastern Europe,acidification,climate-change-other,ssp245_current,#C84382FF,0.06574647307920982
Melanesia,acidification,climate-change-other,ssp245_current,#C84382FF,0
Micronesia,acidification,climate-change-other,ssp245_current,#C84382FF,0
Middle Africa,acidification,climate-change-other,ssp245_current,#C84382FF,0.007614320587192837
Northern Africa,acidification,climate-change-other,ssp245_current,#C84382FF,0.0026727279573766187
Northern America,acidification,climate-change-other,ssp245_current,#C84382FF,0.08233781452708529
Northern Europe,acidification,climate-change-other,ssp245_current,#C84382FF,0.040453697391146536
Polynesia,acidification,climate-change-other,ssp245_current,#C84382FF,0
South America,acidification,climate-change-other,ssp245_current,#C84382FF,0.027277923808446278
South-eastern Asia,acidification,climate-change-other,ssp245_current,#C84382FF,3.472930136238411e-5
Southern Africa,acidification,climate-change-other,ssp245_current,#C84382FF,0.009802253225330364
Southern Asia,acidification,climate-change-other,ssp245_current,#C84382FF,0
Southern Europe,acidification,climate-change-other,ssp245_current,#C84382FF,0.06779394601407157
Southern Islands,acidification,climate-change-other,ssp245_current,#C84382FF,0.08560703766700802
Western Africa,acidification,climate-change-other,ssp245_current,#C84382FF,0.002276705434203942
Western Asia,acidification,climate-change-other,ssp245_current,#C84382FF,0.041148084689558634
Western Europe,acidification,climate-change-other,ssp245_current,#C84382FF,0.036876073054495716
Antarctica,acidification,climate-change-other,ssp245_medium-term,#C84382FF,0.0833252230577274
Australia and New Zealand,acidification,climate-change-other,ssp245_medium-term,#C84382FF,0.02604994509236045
Caribbean,acidification,climate-change-other,ssp245_medium-term,#C84382FF,0
Central America,acidification,climate-change-other,ssp245_medium-term,#C84382FF,0.017533601546928554
Eastern Africa,acidification,climate-change-other,ssp245_medium-term,#C84382FF,4.605684228941507e-4
Eastern Asia,acidification,climate-change-other,ssp245_medium-term,#C84382FF,0.03367134041548845
Eastern Europe,acidification,climate-change-other,ssp245_medium-term,#C84382FF,0.09457823314199132
Melanesia,acidification,climate-change-other,ssp245_medium-term,#C84382FF,2.589265758110802e-5
Micronesia,acidification,climate-change-other,ssp245_medium-term,#C84382FF,2.610628724177323e-4
Middle Africa,acidification,climate-change-other,ssp245_medium-term,#C84382FF,0.025309192187753723
Northern Africa,acidification,climate-change-other,ssp245_medium-term,#C84382FF,0.02346320070722191
Northern America,acidification,climate-change-other,ssp245_medium-term,#C84382FF,0.12523943717313957
Northern Europe,acidification,climate-change-other,ssp245_medium-term,#C84382FF,0.0650534862355378
Polynesia,acidification,climate-change-other,ssp245_medium-term,#C84382FF,8.473178510080328e-5
South America,acidification,climate-change-other,ssp245_medium-term,#C84382FF,0.046919157481327904
South-eastern Asia,acidification,climate-change-other,ssp245_medium-term,#C84382FF,0.002282666165509489
Southern Africa,acidification,climate-change-other,ssp245_medium-term,#C84382FF,0.023753797486779454
Southern Asia,acidification,climate-change-other,ssp245_medium-term,#C84382FF,0.002046146972427895
Southern Europe,acidification,climate-change-other,ssp245_medium-term,#C84382FF,0.09985422422771026
Southern Islands,acidification,climate-change-other,ssp245_medium-term,#C84382FF,0.1349504258548348
Western Africa,acidification,climate-change-other,ssp245_medium-term,#C84382FF,0.010952080977483437
Western Asia,acidification,climate-change-other,ssp245_medium-term,#C84382FF,0.04427958941698903
Western Europe,acidification,climate-change-other,ssp245_medium-term,#C84382FF,0.06227149971349094
Antarctica,acidification,climate-change-other,ssp245_near-term,#C84382FF,0.06290926039141788
Australia and New Zealand,acidification,climate-change-other,ssp245_near-term,#C84382FF,0.0177972527392801
Caribbean,acidification,climate-change-other,ssp245_near-term,#C84382FF,0
Central America,acidification,climate-change-other,ssp245_near-term,#C84382FF,0.011095217249052013
Eastern Africa,acidification,climate-change-other,ssp245_near-term,#C84382FF,1.1614374175360411e-4
Eastern Asia,acidification,climate-change-other,ssp245_near-term,#C84382FF,0.0215649609421756
Eastern Europe,acidification,climate-change-other,ssp245_near-term,#C84382FF,0.08120464366843733
Melanesia,acidification,climate-change-other,ssp245_near-term,#C84382FF,0
Micronesia,acidification,climate-change-other,ssp245_near-term,#C84382FF,0
Middle Africa,acidification,climate-change-other,ssp245_near-term,#C84382FF,0.012187315583495286
Northern Africa,acidification,climate-change-other,ssp245_near-term,#C84382FF,0.011195890406034633
Northern America,acidification,climate-change-other,ssp245_near-term,#C84382FF,0.10504932185985857
Northern Europe,acidification,climate-change-other,ssp245_near-term,#C84382FF,0.05203880781707478
Polynesia,acidification,climate-change-other,ssp245_near-term,#C84382FF,0
South America,acidification,climate-change-other,ssp245_near-term,#C84382FF,0.03574405478757934
South-eastern Asia,acidification,climate-change-other,ssp245_near-term,#C84382FF,1.4949751893513462e-4
Southern Africa,acidification,climate-change-other,ssp245_near-term,#C84382FF,0.014604039867322388
Southern Asia,acidification,climate-change-other,ssp245_near-term,#C84382FF,8.914400321336128e-4
Southern Europe,acidification,climate-change-other,ssp245_near-term,#C84382FF,0.08304441045325077
Southern Islands,acidification,climate-change-other,ssp245_near-term,#C84382FF,0.10717931132619476
Western Africa,acidification,climate-change-other,ssp245_near-term,#C84382FF,0.005601966558199221
Western Asia,acidification,climate-change-other,ssp245_near-term,#C84382FF,0.04186354651959442
Western Europe,acidification,climate-change-other,ssp245_near-term,#C84382FF,0.04968163205111099
Antarctica,acidification,climate-change-other,ssp585_current,#C84382FF,0.046534074371806115
Australia and New Zealand,acidification,climate-change-other,ssp585_current,#C84382FF,0.012037290966089433
Caribbean,acidification,climate-change-other,ssp585_current,#C84382FF,0
Central America,acidification,climate-change-other,ssp585_current,#C84382FF,0.007376748074658382
Eastern Africa,acidification,climate-change-other,ssp585_current,#C84382FF,1.4686258608022376e-5
Eastern Asia,acidification,climate-change-other,ssp585_current,#C84382FF,0.01461076688792575
Eastern Europe,acidification,climate-change-other,ssp585_current,#C84382FF,0.06549108377413296
Melanesia,acidification,climate-change-other,ssp585_current,#C84382FF,0
Micronesia,acidification,climate-change-other,ssp585_current,#C84382FF,0
Middle Africa,acidification,climate-change-other,ssp585_current,#C84382FF,0.00802276329021269
Northern Africa,acidification,climate-change-other,ssp585_current,#C84382FF,0.0020930054277669475
Northern America,acidification,climate-change-other,ssp585_current,#C84382FF,0.08335460310544485
Northern Europe,acidification,climate-change-other,ssp585_current,#C84382FF,0.04086707886148949
Polynesia,acidification,climate-change-other,ssp585_current,#C84382FF,0
South America,acidification,climate-change-other,ssp585_current,#C84382FF,0.027479750748994978
South-eastern Asia,acidification,climate-change-other,ssp585_current,#C84382FF,3.472930136238411e-5
Southern Africa,acidification,climate-change-other,ssp585_current,#C84382FF,0.009781574902796233
Southern Asia,acidification,climate-change-other,ssp585_current,#C84382FF,0
Southern Europe,acidification,climate-change-other,ssp585_current,#C84382FF,0.06664167339960653
Southern Islands,acidification,climate-change-other,ssp585_current,#C84382FF,0.08449911852395947
Western Africa,acidification,climate-change-other,ssp585_current,#C84382FF,0.0023433719656280444
Western Asia,acidification,climate-change-other,ssp585_current,#C84382FF,0.04146182568869471
Western Europe,acidification,climate-change-other,ssp585_current,#C84382FF,0.035634461220950896
Antarctica,acidification,climate-change-other,ssp585_medium-term,#C84382FF,0.09548186442010327
Australia and New Zealand,acidification,climate-change-other,ssp585_medium-term,#C84382FF,0.037091181481509965
Caribbean,acidification,climate-change-other,ssp585_medium-term,#C84382FF,1.2971686425956074e-4
Central America,acidification,climate-change-other,ssp585_medium-term,#C84382FF,0.02473100622417074
Eastern Africa,acidification,climate-change-other,ssp585_medium-term,#C84382FF,0.002865314959762397
Eastern Asia,acidification,climate-change-other,ssp585_medium-term,#C84382FF,0.04882790362284259
Eastern Europe,acidification,climate-change-other,ssp585_medium-term,#C84382FF,0.10721451027288138
Melanesia,acidification,climate-change-other,ssp585_medium-term,#C84382FF,9.067241757847128e-4
Micronesia,acidification,climate-change-other,ssp585_medium-term,#C84382FF,0.0018803319201430961
Middle Africa,acidification,climate-change-other,ssp585_medium-term,#C84382FF,0.04025669478401051
Northern Africa,acidification,climate-change-other,ssp585_medium-term,#C84382FF,0.035880899403798946
Northern America,acidification,climate-change-other,ssp585_medium-term,#C84382FF,0.13820011227463067
Northern Europe,acidification,climate-change-other,ssp585_medium-term,#C84382FF,0.0780851710786612
Polynesia,acidification,climate-change-other,ssp585_medium-term,#C84382FF,8.189425356181415e-4
South America,acidification,climate-change-other,ssp585_medium-term,#C84382FF,0.05735933798552669
South-eastern Asia,acidification,climate-change-other,ssp585_medium-term,#C84382FF,0.011109119301111366
Southern Africa,acidification,climate-change-other,ssp585_medium-term,#C84382FF,0.032403623279107535
Southern Asia,acidification,climate-change-other,ssp585_medium-term,#C84382FF,0.005917628143253099
Southern Europe,acidification,climate-change-other,ssp585_medium-term,#C84382FF,0.12022047428293797
Southern Islands,acidification,climate-change-other,ssp585_medium-term,#C84382FF,0.16435170981179548
Western Africa,acidification,climate-change-other,ssp585_medium-term,#C84382FF,0.017372574341801058
Western Asia,acidification,climate-change-other,ssp585_medium-term,#C84382FF,0.04763272447769525
Western Europe,acidification,climate-change-other,ssp585_medium-term,#C84382FF,0.07745977868396206
Antarctica,acidification,climate-change-other,ssp585_near-term,#C84382FF,0.06656807490952035
Australia and New Zealand,acidification,climate-change-other,ssp585_near-term,#C84382FF,0.01959566636706981
Caribbean,acidification,climate-change-other,ssp585_near-term,#C84382FF,0
Central America,acidification,climate-change-other,ssp585_near-term,#C84382FF,0.012332305706214334
Eastern Africa,acidification,climate-change-other,ssp585_near-term,#C84382FF,1.4435317949429072e-4
Eastern Asia,acidification,climate-change-other,ssp585_near-term,#C84382FF,0.023990975488981305
Eastern Europe,acidification,climate-change-other,ssp585_near-term,#C84382FF,0.08513215089290188
Melanesia,acidification,climate-change-other,ssp585_near-term,#C84382FF,0
Micronesia,acidification,climate-change-other,ssp585_near-term,#C84382FF,0
Middle Africa,acidification,climate-change-other,ssp585_near-term,#C84382FF,0.01403037857736119
Northern Africa,acidification,climate-change-other,ssp585_near-term,#C84382FF,0.014010007764581653
Northern America,acidification,climate-change-other,ssp585_near-term,#C84382FF,0.1089710907566296
Northern Europe,acidification,climate-change-other,ssp585_near-term,#C84382FF,0.05605933834134649
Polynesia,acidification,climate-change-other,ssp585_near-term,#C84382FF,0
South America,acidification,climate-change-other,ssp585_near-term,#C84382FF,0.037746613405038064
South-eastern Asia,acidification,climate-change-other,ssp585_near-term,#C84382FF,2.0484011874809135e-4
Southern Africa,acidification,climate-change-other,ssp585_near-term,#C84382FF,0.0156531193514967
Southern Asia,acidification,climate-change-other,ssp585_near-term,#C84382FF,0.0010566831205625529
Southern Europe,acidification,climate-change-other,ssp585_near-term,#C84382FF,0.08740815875010408
Southern Islands,acidification,climate-change-other,ssp585_near-term,#C84382FF,0.11409919859659151
Western Africa,acidification,climate-change-other,ssp585_near-term,#C84382FF,0.006736885838486139
Western Asia,acidification,climate-change-other,ssp585_near-term,#C84382FF,0.04298317181881804
Western Europe,acidification,climate-change-other,ssp585_near-term,#C84382FF,0.053026455994975026
Antarctica,air heat index,climate-change-temperature,ssp245_current,#8A0000FF,0
Australia and New Zealand,air heat index,climate-change-temperature,ssp245_current,#8A0000FF,0.0015794793731702826
Caribbean,air heat index,climate-change-temperature,ssp245_current,#8A0000FF,3.643075853830992e-4
Central America,air heat index,climate-change-temperature,ssp245_current,#8A0000FF,0.001130674021701798
Eastern Africa,air heat index,climate-change-temperature,ssp245_current,#8A0000FF,5.678885115841045e-4
Eastern Asia,air heat index,climate-change-temperature,ssp245_current,#8A0000FF,0.0010819145055454818
Eastern Europe,air heat index,climate-change-temperature,ssp245_current,#8A0000FF,0
Melanesia,air heat index,climate-change-temperature,ssp245_current,#8A0000FF,1.3425570917433612e-5
Micronesia,air heat index,climate-change-temperature,ssp245_current,#8A0000FF,4.416669987808982e-8
Middle Africa,air heat index,climate-change-temperature,ssp245_current,#8A0000FF,1.0501058658556585e-5
Northern Africa,air heat index,climate-change-temperature,ssp245_current,#8A0000FF,3.465682362053459e-4
Northern America,air heat index,climate-change-temperature,ssp245_current,#8A0000FF,6.337476534284543e-5
Northern Europe,air heat index,climate-change-temperature,ssp245_current,#8A0000FF,0
Polynesia,air heat index,climate-change-temperature,ssp245_current,#8A0000FF,0
South America,air heat index,climate-change-temperature,ssp245_current,#8A0000FF,1.3877625141476036e-4
South-eastern Asia,air heat index,climate-change-temperature,ssp245_current,#8A0000FF,6.740563391853795e-4
Southern Africa,air heat index,climate-change-temperature,ssp245_current,#8A0000FF,5.730625433050362e-8
Southern Asia,air heat index,climate-change-temperature,ssp245_current,#8A0000FF,0.0032435478027509025
Southern Europe,air heat index,climate-change-temperature,ssp245_current,#8A0000FF,2.284495646674175e-8
Southern Islands,air heat index,climate-change-temperature,ssp245_current,#8A0000FF,0
Western Africa,air heat index,climate-change-temperature,ssp245_current,#8A0000FF,2.517557234321493e-4
Western Asia,air heat index,climate-change-temperature,ssp245_current,#8A0000FF,0.0013625383696765584
Western Europe,air heat index,climate-change-temperature,ssp245_current,#8A0000FF,0
Antarctica,air heat index,climate-change-temperature,ssp245_medium-term,#8A0000FF,0
Australia and New Zealand,air heat index,climate-change-temperature,ssp245_medium-term,#8A0000FF,0.02833817016063642
Caribbean,air heat index,climate-change-temperature,ssp245_medium-term,#8A0000FF,0.024299416634909293
Central America,air heat index,climate-change-temperature,ssp245_medium-term,#8A0000FF,0.02560944033972753
Eastern Africa,air heat index,climate-change-temperature,ssp245_medium-term,#8A0000FF,0.005416704536886864
Eastern Asia,air heat index,climate-change-temperature,ssp245_medium-term,#8A0000FF,0.016068865313689243
Eastern Europe,air heat index,climate-change-temperature,ssp245_medium-term,#8A0000FF,1.8986712186497964e-6
Melanesia,air heat index,climate-change-temperature,ssp245_medium-term,#8A0000FF,0.001113366868893523
Micronesia,air heat index,climate-change-temperature,ssp245_medium-term,#8A0000FF,0.0010390050657630289
Middle Africa,air heat index,climate-change-temperature,ssp245_medium-term,#8A0000FF,0.001992995706176006
Northern Africa,air heat index,climate-change-temperature,ssp245_medium-term,#8A0000FF,0.005593575642551604
Northern America,air heat index,climate-change-temperature,ssp245_medium-term,#8A0000FF,0.0032215838787539876
Northern Europe,air heat index,climate-change-temperature,ssp245_medium-term,#8A0000FF,0
Polynesia,air heat index,climate-change-temperature,ssp245_medium-term,#8A0000FF,1.3492946626781526e-4
South America,air heat index,climate-change-temperature,ssp245_medium-term,#8A0000FF,0.002632278894337881
South-eastern Asia,air heat index,climate-change-temperature,ssp245_medium-term,#8A0000FF,0.01564967915022154
Southern Africa,air heat index,climate-change-temperature,ssp245_medium-term,#8A0000FF,2.4365969530024428e-5
Southern Asia,air heat index,climate-change-temperature,ssp245_medium-term,#8A0000FF,0.022778689964968436
Southern Europe,air heat index,climate-change-temperature,ssp245_medium-term,#8A0000FF,5.364650529073112e-5
Southern Islands,air heat index,climate-change-temperature,ssp245_medium-term,#8A0000FF,0
Western Africa,air heat index,climate-change-temperature,ssp245_medium-term,#8A0000FF,0.04615189862214912
Western Asia,air heat index,climate-change-temperature,ssp245_medium-term,#8A0000FF,0.014814385826121016
Western Europe,air heat index,climate-change-temperature,ssp245_medium-term,#8A0000FF,1.9000956781098687e-8
Antarctica,air heat index,climate-change-temperature,ssp245_near-term,#8A0000FF,0
Australia and New Zealand,air heat index,climate-change-temperature,ssp245_near-term,#8A0000FF,0.01372123460419742
Caribbean,air heat index,climate-change-temperature,ssp245_near-term,#8A0000FF,0.002456488274480276
Central America,air heat index,climate-change-temperature,ssp245_near-term,#8A0000FF,0.008177112926548179
Eastern Africa,air heat index,climate-change-temperature,ssp245_near-term,#8A0000FF,0.0015064972788919882
Eastern Asia,air heat index,climate-change-temperature,ssp245_near-term,#8A0000FF,0.009314569657740843
Eastern Europe,air heat index,climate-change-temperature,ssp245_near-term,#8A0000FF,1.9960133157499174e-7
Melanesia,air heat index,climate-change-temperature,ssp245_near-term,#8A0000FF,9.945127624240293e-5
Micronesia,air heat index,climate-change-temperature,ssp245_near-term,#8A0000FF,5.529644191801367e-5
Middle Africa,air heat index,climate-change-temperature,ssp245_near-term,#8A0000FF,1.988390429995811e-4
Northern Africa,air heat index,climate-change-temperature,ssp245_near-term,#8A0000FF,0.0020027145970555513
Northern America,air heat index,climate-change-temperature,ssp245_near-term,#8A0000FF,5.716143801672946e-4
Northern Europe,air heat index,climate-change-temperature,ssp245_near-term,#8A0000FF,0
Polynesia,air heat index,climate-change-temperature,ssp245_near-term,#8A0000FF,4.718943878334903e-6
South America,air heat index,climate-change-temperature,ssp245_near-term,#8A0000FF,7.807268461897411e-4
South-eastern Asia,air heat index,climate-change-temperature,ssp245_near-term,#8A0000FF,0.0029596811013248687
Southern Africa,air heat index,climate-change-temperature,ssp245_near-term,#8A0000FF,4.793739421380323e-6
Southern Asia,air heat index,climate-change-temperature,ssp245_near-term,#8A0000FF,0.012795360171007106
Southern Europe,air heat index,climate-change-temperature,ssp245_near-term,#8A0000FF,2.6447813280063605e-6
Southern Islands,air heat index,climate-change-temperature,ssp245_near-term,#8A0000FF,0
Western Africa,air heat index,climate-change-temperature,ssp245_near-term,#8A0000FF,0.004485718718341649
Western Asia,air heat index,climate-change-temperature,ssp245_near-term,#8A0000FF,0.010036133527070367
Western Europe,air heat index,climate-change-temperature,ssp245_near-term,#8A0000FF,0
Antarctica,air heat index,climate-change-temperature,ssp585_current,#8A0000FF,0
Australia and New Zealand,air heat index,climate-change-temperature,ssp585_current,#8A0000FF,0.0013149722526885736
Caribbean,air heat index,climate-change-temperature,ssp585_current,#8A0000FF,4.489070416382852e-4
Central America,air heat index,climate-change-temperature,ssp585_current,#8A0000FF,0.0011772121603449088
Eastern Africa,air heat index,climate-change-temperature,ssp585_current,#8A0000FF,6.244030770591148e-4
Eastern Asia,air heat index,climate-change-temperature,ssp585_current,#8A0000FF,0.0010569758318551136
Eastern Europe,air heat index,climate-change-temperature,ssp585_current,#8A0000FF,0
Melanesia,air heat index,climate-change-temperature,ssp585_current,#8A0000FF,1.2504329520087578e-5
Micronesia,air heat index,climate-change-temperature,ssp585_current,#8A0000FF,2.3657894317309197e-7
Middle Africa,air heat index,climate-change-temperature,ssp585_current,#8A0000FF,7.79563703946176e-6
Northern Africa,air heat index,climate-change-temperature,ssp585_current,#8A0000FF,3.5749148596217744e-4
Northern America,air heat index,climate-change-temperature,ssp585_current,#8A0000FF,6.46759739392274e-5
Northern Europe,air heat index,climate-change-temperature,ssp585_current,#8A0000FF,0
Polynesia,air heat index,climate-change-temperature,ssp585_current,#8A0000FF,0
South America,air heat index,climate-change-temperature,ssp585_current,#8A0000FF,1.6508393884121994e-4
South-eastern Asia,air heat index,climate-change-temperature,ssp585_current,#8A0000FF,6.235955926488207e-4
Southern Africa,air heat index,climate-change-temperature,ssp585_current,#8A0000FF,1.6657356572960375e-8
Southern Asia,air heat index,climate-change-temperature,ssp585_current,#8A0000FF,0.0032086223369762437
Southern Europe,air heat index,climate-change-temperature,ssp585_current,#8A0000FF,6.066226179338022e-8
Southern Islands,air heat index,climate-change-temperature,ssp585_current,#8A0000FF,0
Western Africa,air heat index,climate-change-temperature,ssp585_current,#8A0000FF,3.0565639458306085e-4
Western Asia,air heat index,climate-change-temperature,ssp585_current,#8A0000FF,0.0013537991106111885
Western Europe,air heat index,climate-change-temperature,ssp585_current,#8A0000FF,0
Antarctica,air heat index,climate-change-temperature,ssp585_medium-term,#8A0000FF,0
Australia and New Zealand,air heat index,climate-change-temperature,ssp585_medium-term,#8A0000FF,0.03134919093529267
Caribbean,air heat index,climate-change-temperature,ssp585_medium-term,#8A0000FF,0.03469003462191484
Central America,air heat index,climate-change-temperature,ssp585_medium-term,#8A0000FF,0.03576929992110136
Eastern Africa,air heat index,climate-change-temperature,ssp585_medium-term,#8A0000FF,0.012556055096046273
Eastern Asia,air heat index,climate-change-temperature,ssp585_medium-term,#8A0000FF,0.018323879708834197
Eastern Europe,air heat index,climate-change-temperature,ssp585_medium-term,#8A0000FF,7.741815810371019e-6
Melanesia,air heat index,climate-change-temperature,ssp585_medium-term,#8A0000FF,0.008462509601539785
Micronesia,air heat index,climate-change-temperature,ssp585_medium-term,#8A0000FF,0.012698021812856765
Middle Africa,air heat index,climate-change-temperature,ssp585_medium-term,#8A0000FF,0.006183253688266051
Northern Africa,air heat index,climate-change-temperature,ssp585_medium-term,#8A0000FF,0.009699927190352394
Northern America,air heat index,climate-change-temperature,ssp585_medium-term,#8A0000FF,0.004518913138224064
Northern Europe,air heat index,climate-change-temperature,ssp585_medium-term,#8A0000FF,0
Polynesia,air heat index,climate-change-temperature,ssp585_medium-term,#8A0000FF,6.533228141904014e-4
South America,air heat index,climate-change-temperature,ssp585_medium-term,#8A0000FF,0.004794755570982989
South-eastern Asia,air heat index,climate-change-temperature,ssp585_medium-term,#8A0000FF,0.027439887897745083
Southern Africa,air heat index,climate-change-temperature,ssp585_medium-term,#8A0000FF,6.942322581278086e-5
Southern Asia,air heat index,climate-change-temperature,ssp585_medium-term,#8A0000FF,0.03233527809668264
Southern Europe,air heat index,climate-change-temperature,ssp585_medium-term,#8A0000FF,3.701855360087643e-4
Southern Islands,air heat index,climate-change-temperature,ssp585_medium-term,#8A0000FF,0
Western Africa,air heat index,climate-change-temperature,ssp585_medium-term,#8A0000FF,0.07996184533248181
Western Asia,air heat index,climate-change-temperature,ssp585_medium-term,#8A0000FF,0.013245835990091348
Western Europe,air heat index,climate-change-temperature,ssp585_medium-term,#8A0000FF,3.056915229041808e-6
Antarctica,air heat index,climate-change-temperature,ssp585_near-term,#8A0000FF,0
Australia and New Zealand,air heat index,climate-change-temperature,ssp585_near-term,#8A0000FF,0.017794681058281997
Caribbean,air heat index,climate-change-temperature,ssp585_near-term,#8A0000FF,0.006788161223956812
Central America,air heat index,climate-change-temperature,ssp585_near-term,#8A0000FF,0.009957306332094221
Eastern Africa,air heat index,climate-change-temperature,ssp585_near-term,#8A0000FF,0.0017275518173753399
Eastern Asia,air heat index,climate-change-temperature,ssp585_near-term,#8A0000FF,0.011659906271183322
Eastern Europe,air heat index,climate-change-temperature,ssp585_near-term,#8A0000FF,5.035060235213618e-7
Melanesia,air heat index,climate-change-temperature,ssp585_near-term,#8A0000FF,1.8868335597801276e-4
Micronesia,air heat index,climate-change-temperature,ssp585_near-term,#8A0000FF,1.234175230748234e-4
Middle Africa,air heat index,climate-change-temperature,ssp585_near-term,#8A0000FF,3.482922707676129e-4
Northern Africa,air heat index,climate-change-temperature,ssp585_near-term,#8A0000FF,0.0026774096069463065
Northern America,air heat index,climate-change-temperature,ssp585_near-term,#8A0000FF,6.161795463887789e-4
Northern Europe,air heat index,climate-change-temperature,ssp585_near-term,#8A0000FF,0
Polynesia,air heat index,climate-change-temperature,ssp585_near-term,#8A0000FF,1.4663155779300282e-5
South America,air heat index,climate-change-temperature,ssp585_near-term,#8A0000FF,0.0010157569214482075
South-eastern Asia,air heat index,climate-change-temperature,ssp585_near-term,#8A0000FF,0.004749758557359356
Southern Africa,air heat index,climate-change-temperature,ssp585_near-term,#8A0000FF,6.746914744216131e-6
Southern Asia,air heat index,climate-change-temperature,ssp585_near-term,#8A0000FF,0.014406568655178736
Southern Europe,air heat index,climate-change-temperature,ssp585_near-term,#8A0000FF,1.4187265601846482e-5
Southern Islands,air heat index,climate-change-temperature,ssp585_near-term,#8A0000FF,0
Western Africa,air heat index,climate-change-temperature,ssp585_near-term,#8A0000FF,0.006784709249127448
Western Asia,air heat index,climate-change-temperature,ssp585_near-term,#8A0000FF,0.010939851341510315
Western Europe,air heat index,climate-change-temperature,ssp585_near-term,#8A0000FF,3.571687311922661e-9
Antarctica,coastal disturbance,land-based,ssp245_current,#ECA045FF,0
Australia and New Zealand,coastal disturbance,land-based,ssp245_current,#ECA045FF,0.03184194661413441
Caribbean,coastal disturbance,land-based,ssp245_current,#ECA045FF,0.08444258898864043
Central America,coastal disturbance,land-based,ssp245_current,#ECA045FF,0.07810109047971417
Eastern Africa,coastal disturbance,land-based,ssp245_current,#ECA045FF,0.10501354230170189
Eastern Asia,coastal disturbance,land-based,ssp245_current,#ECA045FF,0.1680636036130715
Eastern Europe,coastal disturbance,land-based,ssp245_current,#ECA045FF,0.014453485151392166
Melanesia,coastal disturbance,land-based,ssp245_current,#ECA045FF,0.0425706584014182
Micronesia,coastal disturbance,land-based,ssp245_current,#ECA045FF,0.011851827100505096
Middle Africa,coastal disturbance,land-based,ssp245_current,#ECA045FF,0.08825553632685132
Northern Africa,coastal disturbance,land-based,ssp245_current,#ECA045FF,0.12233584677966194
Northern America,coastal disturbance,land-based,ssp245_current,#ECA045FF,0.024012970954847366
Northern Europe,coastal disturbance,land-based,ssp245_current,#ECA045FF,0.08729693370119948
Polynesia,coastal disturbance,land-based,ssp245_current,#ECA045FF,0.015349392688896256
South America,coastal disturbance,land-based,ssp245_current,#ECA045FF,0.07628079497270457
South-eastern Asia,coastal disturbance,land-based,ssp245_current,#ECA045FF,0.11661286252631332
Southern Africa,coastal disturbance,land-based,ssp245_current,#ECA045FF,0.07735874416173524
Southern Asia,coastal disturbance,land-based,ssp245_current,#ECA045FF,0.1706217249444333
Southern Europe,coastal disturbance,land-based,ssp245_current,#ECA045FF,0.11813078009201906
Southern Islands,coastal disturbance,land-based,ssp245_current,#ECA045FF,0
Western Africa,coastal disturbance,land-based,ssp245_current,#ECA045FF,0.14909137515338247
Western Asia,coastal disturbance,land-based,ssp245_current,#ECA045FF,0.12371702801643197
Western Europe,coastal disturbance,land-based,ssp245_current,#ECA045FF,0.1959478004863834
Antarctica,coastal disturbance,land-based,ssp245_medium-term,#ECA045FF,0
Australia and New Zealand,coastal disturbance,land-based,ssp245_medium-term,#ECA045FF,0.03410317418513279
Caribbean,coastal disturbance,land-based,ssp245_medium-term,#ECA045FF,0.08514656824589345
Central America,coastal disturbance,land-based,ssp245_medium-term,#ECA045FF,0.08295418707173083
Eastern Africa,coastal disturbance,land-based,ssp245_medium-term,#ECA045FF,0.11776584902907174
Eastern Asia,coastal disturbance,land-based,ssp245_medium-term,#ECA045FF,0.1613280140737441
Eastern Europe,coastal disturbance,land-based,ssp245_medium-term,#ECA045FF,0.013468193501690368
Melanesia,coastal disturbance,land-based,ssp245_medium-term,#ECA045FF,0.045573536614574854
Micronesia,coastal disturbance,land-based,ssp245_medium-term,#ECA045FF,0.011641383325096143
Middle Africa,coastal disturbance,land-based,ssp245_medium-term,#ECA045FF,0.09809536450854583
Northern Africa,coastal disturbance,land-based,ssp245_medium-term,#ECA045FF,0.1305224107310701
Northern America,coastal disturbance,land-based,ssp245_medium-term,#ECA045FF,0.025477044466794017
Northern Europe,coastal disturbance,land-based,ssp245_medium-term,#ECA045FF,0.09066995265897297
Polynesia,coastal disturbance,land-based,ssp245_medium-term,#ECA045FF,0.01526198982497882
South America,coastal disturbance,land-based,ssp245_medium-term,#ECA045FF,0.07908786928645302
South-eastern Asia,coastal disturbance,land-based,ssp245_medium-term,#ECA045FF,0.11259095409081456
Southern Africa,coastal disturbance,land-based,ssp245_medium-term,#ECA045FF,0.0803256696401823
Southern Asia,coastal disturbance,land-based,ssp245_medium-term,#ECA045FF,0.1767726413293185
Southern Europe,coastal disturbance,land-based,ssp245_medium-term,#ECA045FF,0.11784641768288902
Southern Islands,coastal disturbance,land-based,ssp245_medium-term,#ECA045FF,0
Western Africa,coastal disturbance,land-based,ssp245_medium-term,#ECA045FF,0.16421092691064607
Western Asia,coastal disturbance,land-based,ssp245_medium-term,#ECA045FF,0.13435720380918117
Western Europe,coastal disturbance,land-based,ssp245_medium-term,#ECA045FF,0.19826948726193033
Antarctica,coastal disturbance,land-based,ssp245_near-term,#ECA045FF,0
Australia and New Zealand,coastal disturbance,land-based,ssp245_near-term,#ECA045FF,0.03280053188166144
Caribbean,coastal disturbance,land-based,ssp245_near-term,#ECA045FF,0.08541000125075175
Central America,coastal disturbance,land-based,ssp245_near-term,#ECA045FF,0.08084095826147086
Eastern Africa,coastal disturbance,land-based,ssp245_near-term,#ECA045FF,0.11235397127819834
Eastern Asia,coastal disturbance,land-based,ssp245_near-term,#ECA045FF,0.16595581372504883
Eastern Europe,coastal disturbance,land-based,ssp245_near-term,#ECA045FF,0.013886494381086674
Melanesia,coastal disturbance,land-based,ssp245_near-term,#ECA045FF,0.04448262338378877
Micronesia,coastal disturbance,land-based,ssp245_near-term,#ECA045FF,0.011783730575941294
Middle Africa,coastal disturbance,land-based,ssp245_near-term,#ECA045FF,0.09273431662586157
Northern Africa,coastal disturbance,land-based,ssp245_near-term,#ECA045FF,0.12727984433171963
Northern America,coastal disturbance,land-based,ssp245_near-term,#ECA045FF,0.024622865644491364
Northern Europe,coastal disturbance,land-based,ssp245_near-term,#ECA045FF,0.08927031307752555
Polynesia,coastal disturbance,land-based,ssp245_near-term,#ECA045FF,0.01540675172176658
South America,coastal disturbance,land-based,ssp245_near-term,#ECA045FF,0.07801086644820568
South-eastern Asia,coastal disturbance,land-based,ssp245_near-term,#ECA045FF,0.11517570644317796
Southern Africa,coastal disturbance,land-based,ssp245_near-term,#ECA045FF,0.07890093958001193
Southern Asia,coastal disturbance,land-based,ssp245_near-term,#ECA045FF,0.1743213412440175
Southern Europe,coastal disturbance,land-based,ssp245_near-term,#ECA045FF,0.11817027094337221
Southern Islands,coastal disturbance,land-based,ssp245_near-term,#ECA045FF,0
Western Africa,coastal disturbance,land-based,ssp245_near-term,#ECA045FF,0.1567052965889963
Western Asia,coastal disturbance,land-based,ssp245_near-term,#ECA045FF,0.1288062799285204
Western Europe,coastal disturbance,land-based,ssp245_near-term,#ECA045FF,0.1972173808768076
Antarctica,coastal disturbance,land-based,ssp585_current,#ECA045FF,0
Australia and New Zealand,coastal disturbance,land-based,ssp585_current,#ECA045FF,0.03216690394548078
Caribbean,coastal disturbance,land-based,ssp585_current,#ECA045FF,0.08409184384876421
Central America,coastal disturbance,land-based,ssp585_current,#ECA045FF,0.0774391885810698
Eastern Africa,coastal disturbance,land-based,ssp585_current,#ECA045FF,0.10397712219759958
Eastern Asia,coastal disturbance,land-based,ssp585_current,#ECA045FF,0.16815807332090793
Eastern Europe,coastal disturbance,land-based,ssp585_current,#ECA045FF,0.014456767753668272
Melanesia,coastal disturbance,land-based,ssp585_current,#ECA045FF,0.042180097517010746
Micronesia,coastal disturbance,land-based,ssp585_current,#ECA045FF,0.011750043599657546
Middle Africa,coastal disturbance,land-based,ssp585_current,#ECA045FF,0.08770855165159518
Northern Africa,coastal disturbance,land-based,ssp585_current,#ECA045FF,0.12175252203178492
Northern America,coastal disturbance,land-based,ssp585_current,#ECA045FF,0.024189493599115614
Northern Europe,coastal disturbance,land-based,ssp585_current,#ECA045FF,0.08790350360258879
Polynesia,coastal disturbance,land-based,ssp585_current,#ECA045FF,0.015186599790047313
South America,coastal disturbance,land-based,ssp585_current,#ECA045FF,0.07593953301890907
South-eastern Asia,coastal disturbance,land-based,ssp585_current,#ECA045FF,0.11616725384727337
Southern Africa,coastal disturbance,land-based,ssp585_current,#ECA045FF,0.07745679557055668
Southern Asia,coastal disturbance,land-based,ssp585_current,#ECA045FF,0.1698949161559187
Southern Europe,coastal disturbance,land-based,ssp585_current,#ECA045FF,0.11861743298903349
Southern Islands,coastal disturbance,land-based,ssp585_current,#ECA045FF,0
Western Africa,coastal disturbance,land-based,ssp585_current,#ECA045FF,0.1480257945302132
Western Asia,coastal disturbance,land-based,ssp585_current,#ECA045FF,0.12351828915252155
Western Europe,coastal disturbance,land-based,ssp585_current,#ECA045FF,0.19684026341673636
Antarctica,coastal disturbance,land-based,ssp585_medium-term,#ECA045FF,0
Australia and New Zealand,coastal disturbance,land-based,ssp585_medium-term,#ECA045FF,0.036509448219079234
Caribbean,coastal disturbance,land-based,ssp585_medium-term,#ECA045FF,0.08272461559426658
Central America,coastal disturbance,land-based,ssp585_medium-term,#ECA045FF,0.07819581706109331
Eastern Africa,coastal disturbance,land-based,ssp585_medium-term,#ECA045FF,0.11244215525569543
Eastern Asia,coastal disturbance,land-based,ssp585_medium-term,#ECA045FF,0.16295945288773303
Eastern Europe,coastal disturbance,land-based,ssp585_medium-term,#ECA045FF,0.013532211695948091
Melanesia,coastal disturbance,land-based,ssp585_medium-term,#ECA045FF,0.04331131237330446
Micronesia,coastal disturbance,land-based,ssp585_medium-term,#ECA045FF,0.010786847696280695
Middle Africa,coastal disturbance,land-based,ssp585_medium-term,#ECA045FF,0.09504111132500119
Northern Africa,coastal disturbance,land-based,ssp585_medium-term,#ECA045FF,0.12596944970890753
Northern America,coastal disturbance,land-based,ssp585_medium-term,#ECA045FF,0.026927934932246794
Northern Europe,coastal disturbance,land-based,ssp585_medium-term,#ECA045FF,0.0945562170760192
Polynesia,coastal disturbance,land-based,ssp585_medium-term,#ECA045FF,0.013954731356876852
South America,coastal disturbance,land-based,ssp585_medium-term,#ECA045FF,0.07652351124898174
South-eastern Asia,coastal disturbance,land-based,ssp585_medium-term,#ECA045FF,0.10993602912022944
Southern Africa,coastal disturbance,land-based,ssp585_medium-term,#ECA045FF,0.08057032282521255
Southern Asia,coastal disturbance,land-based,ssp585_medium-term,#ECA045FF,0.1727134520221442
Southern Europe,coastal disturbance,land-based,ssp585_medium-term,#ECA045FF,0.1214585159449351
Southern Islands,coastal disturbance,land-based,ssp585_medium-term,#ECA045FF,0
Western Africa,coastal disturbance,land-based,ssp585_medium-term,#ECA045FF,0.15788248538246044
Western Asia,coastal disturbance,land-based,ssp585_medium-term,#ECA045FF,0.13088981947871248
Western Europe,coastal disturbance,land-based,ssp585_medium-term,#ECA045FF,0.2047710523887527
Antarctica,coastal disturbance,land-based,ssp585_near-term,#ECA045FF,0
Australia and New Zealand,coastal disturbance,land-based,ssp585_near-term,#ECA045FF,0.03390463979197662
Caribbean,coastal disturbance,land-based,ssp585_near-term,#ECA045FF,0.08427896103313152
Central America,coastal disturbance,land-based,ssp585_near-term,#ECA045FF,0.0787359793457585
Eastern Africa,coastal disturbance,land-based,ssp585_near-term,#ECA045FF,0.10947334388234806
Eastern Asia,coastal disturbance,land-based,ssp585_near-term,#ECA045FF,0.1664576207425637
Eastern Europe,coastal disturbance,land-based,ssp585_near-term,#ECA045FF,0.013933960601449382
Melanesia,coastal disturbance,land-based,ssp585_near-term,#ECA045FF,0.043294670701227736
Micronesia,coastal disturbance,land-based,ssp585_near-term,#ECA045FF,0.011431195325944285
Middle Africa,coastal disturbance,land-based,ssp585_near-term,#ECA045FF,0.09120496398892182
Northern Africa,coastal disturbance,land-based,ssp585_near-term,#ECA045FF,0.1252128785379008
Northern America,coastal disturbance,land-based,ssp585_near-term,#ECA045FF,0.02522066560705129
Northern Europe,coastal disturbance,land-based,ssp585_near-term,#ECA045FF,0.09107871801597207
Polynesia,coastal disturbance,land-based,ssp585_near-term,#ECA045FF,0.014850500080111287
South America,coastal disturbance,land-based,ssp585_near-term,#ECA045FF,0.07685746750609963
South-eastern Asia,coastal disturbance,land-based,ssp585_near-term,#ECA045FF,0.11392212257631096
Southern Africa,coastal disturbance,land-based,ssp585_near-term,#ECA045FF,0.07922120956581498
Southern Asia,coastal disturbance,land-based,ssp585_near-term,#ECA045FF,0.17228362940116201
Southern Europe,coastal disturbance,land-based,ssp585_near-term,#ECA045FF,0.11972073921521373
Southern Islands,coastal disturbance,land-based,ssp585_near-term,#ECA045FF,0
Western Africa,coastal disturbance,land-based,ssp585_near-term,#ECA045FF,0.15368727252418388
Western Asia,coastal disturbance,land-based,ssp585_near-term,#ECA045FF,0.12785232611536565
Western Europe,coastal disturbance,land-based,ssp585_near-term,#ECA045FF,0.20003346663164537
Antarctica,fisheries biomass loss,fisheries,ssp245_current,#4DB0D3FF,0.06316948603620637
Australia and New Zealand,fisheries biomass loss,fisheries,ssp245_current,#4DB0D3FF,0.08662239232650552
Caribbean,fisheries biomass loss,fisheries,ssp245_current,#4DB0D3FF,0.08300093384708422
Central America,fisheries biomass loss,fisheries,ssp245_current,#4DB0D3FF,0.18500343586710108
Eastern Africa,fisheries biomass loss,fisheries,ssp245_current,#4DB0D3FF,0.08353911888489943
Eastern Asia,fisheries biomass loss,fisheries,ssp245_current,#4DB0D3FF,0.31915531767527683
Eastern Europe,fisheries biomass loss,fisheries,ssp245_current,#4DB0D3FF,0.20705946538266987
Melanesia,fisheries biomass loss,fisheries,ssp245_current,#4DB0D3FF,0.0823896888859779
Micronesia,fisheries biomass loss,fisheries,ssp245_current,#4DB0D3FF,0.04456015515311348
Middle Africa,fisheries biomass loss,fisheries,ssp245_current,#4DB0D3FF,0.15705424735661466
Northern Africa,fisheries biomass loss,fisheries,ssp245_current,#4DB0D3FF,0.24611167686212762
Northern America,fisheries biomass loss,fisheries,ssp245_current,#4DB0D3FF,0.173405437086009
Northern Europe,fisheries biomass loss,fisheries,ssp245_current,#4DB0D3FF,0.24186188270888292
Polynesia,fisheries biomass loss,fisheries,ssp245_current,#4DB0D3FF,0.05902502334175087
South America,fisheries biomass loss,fisheries,ssp245_current,#4DB0D3FF,0.17241416126527567
South-eastern Asia,fisheries biomass loss,fisheries,ssp245_current,#4DB0D3FF,0.178296446804369
Southern Africa,fisheries biomass loss,fisheries,ssp245_current,#4DB0D3FF,0.12478765981032174
Southern Asia,fisheries biomass loss,fisheries,ssp245_current,#4DB0D3FF,0.18783499216939586
Southern Europe,fisheries biomass loss,fisheries,ssp245_current,#4DB0D3FF,0.21582841308592832
Southern Islands,fisheries biomass loss,fisheries,ssp245_current,#4DB0D3FF,0.08216032618624906
Western Africa,fisheries biomass loss,fisheries,ssp245_current,#4DB0D3FF,0.23478002923182484
Western Asia,fisheries biomass loss,fisheries,ssp245_current,#4DB0D3FF,0.20962586369366465
Western Europe,fisheries biomass loss,fisheries,ssp245_current,#4DB0D3FF,0.26012305881399206
Antarctica,fisheries biomass loss,fisheries,ssp245_medium-term,#4DB0D3FF,0.11770344623833677
Australia and New Zealand,fisheries biomass loss,fisheries,ssp245_medium-term,#4DB0D3FF,0.11625052140490763
Caribbean,fisheries biomass loss,fisheries,ssp245_medium-term,#4DB0D3FF,0.14492961480843644
Central America,fisheries biomass loss,fisheries,ssp245_medium-term,#4DB0D3FF,0.29642548365616783
Eastern Africa,fisheries biomass loss,fisheries,ssp245_medium-term,#4DB0D3FF,0.19148111022839379
Eastern Asia,fisheries biomass loss,fisheries,ssp245_medium-term,#4DB0D3FF,0.33296149184190577
Eastern Europe,fisheries biomass loss,fisheries,ssp245_medium-term,#4DB0D3FF,0.30428033322010856
Melanesia,fisheries biomass loss,fisheries,ssp245_medium-term,#4DB0D3FF,0.11253664224637583
Micronesia,fisheries biomass loss,fisheries,ssp245_medium-term,#4DB0D3FF,0.08161050848861852
Middle Africa,fisheries biomass loss,fisheries,ssp245_medium-term,#4DB0D3FF,0.2158126123036727
Northern Africa,fisheries biomass loss,fisheries,ssp245_medium-term,#4DB0D3FF,0.34197522579943795
Northern America,fisheries biomass loss,fisheries,ssp245_medium-term,#4DB0D3FF,0.19404099939024438
Northern Europe,fisheries biomass loss,fisheries,ssp245_medium-term,#4DB0D3FF,0.24704753865190537
Polynesia,fisheries biomass loss,fisheries,ssp245_medium-term,#4DB0D3FF,0.08880229624673557
South America,fisheries biomass loss,fisheries,ssp245_medium-term,#4DB0D3FF,0.2565153273244545
South-eastern Asia,fisheries biomass loss,fisheries,ssp245_medium-term,#4DB0D3FF,0.2742793836228216
Southern Africa,fisheries biomass loss,fisheries,ssp245_medium-term,#4DB0D3FF,0.20179161380572289
Southern Asia,fisheries biomass loss,fisheries,ssp245_medium-term,#4DB0D3FF,0.32486053567138223
Southern Europe,fisheries biomass loss,fisheries,ssp245_medium-term,#4DB0D3FF,0.3027315490670408
Southern Islands,fisheries biomass loss,fisheries,ssp245_medium-term,#4DB0D3FF,0.13149469522126286
Western Africa,fisheries biomass loss,fisheries,ssp245_medium-term,#4DB0D3FF,0.3220726189195794
Western Asia,fisheries biomass loss,fisheries,ssp245_medium-term,#4DB0D3FF,0.35616516584514707
Western Europe,fisheries biomass loss,fisheries,ssp245_medium-term,#4DB0D3FF,0.2598549894949149
Antarctica,fisheries biomass loss,fisheries,ssp245_near-term,#4DB0D3FF,0.09169056808126927
Australia and New Zealand,fisheries biomass loss,fisheries,ssp245_near-term,#4DB0D3FF,0.1018931701292263
Caribbean,fisheries biomass loss,fisheries,ssp245_near-term,#4DB0D3FF,0.11706984282037892
Central America,fisheries biomass loss,fisheries,ssp245_near-term,#4DB0D3FF,0.2491502161069125
Eastern Africa,fisheries biomass loss,fisheries,ssp245_near-term,#4DB0D3FF,0.14490939775409697
Eastern Asia,fisheries biomass loss,fisheries,ssp245_near-term,#4DB0D3FF,0.330868479481679
Eastern Europe,fisheries biomass loss,fisheries,ssp245_near-term,#4DB0D3FF,0.26239155908040057
Melanesia,fisheries biomass loss,fisheries,ssp245_near-term,#4DB0D3FF,0.09794217910798995
Micronesia,fisheries biomass loss,fisheries,ssp245_near-term,#4DB0D3FF,0.06361846451394829
Middle Africa,fisheries biomass loss,fisheries,ssp245_near-term,#4DB0D3FF,0.19027154394645893
Northern Africa,fisheries biomass loss,fisheries,ssp245_near-term,#4DB0D3FF,0.30415872921796056
Northern America,fisheries biomass loss,fisheries,ssp245_near-term,#4DB0D3FF,0.1858399465497194
Northern Europe,fisheries biomass loss,fisheries,ssp245_near-term,#4DB0D3FF,0.2508386345965332
Polynesia,fisheries biomass loss,fisheries,ssp245_near-term,#4DB0D3FF,0.07433511927466756
South America,fisheries biomass loss,fisheries,ssp245_near-term,#4DB0D3FF,0.22333955623689272
South-eastern Asia,fisheries biomass loss,fisheries,ssp245_near-term,#4DB0D3FF,0.23316664601330975
Southern Africa,fisheries biomass loss,fisheries,ssp245_near-term,#4DB0D3FF,0.1667779060046767
Southern Asia,fisheries biomass loss,fisheries,ssp245_near-term,#4DB0D3FF,0.26992754203780395
Southern Europe,fisheries biomass loss,fisheries,ssp245_near-term,#4DB0D3FF,0.267392884528475
Southern Islands,fisheries biomass loss,fisheries,ssp245_near-term,#4DB0D3FF,0.10795467809462805
Western Africa,fisheries biomass loss,fisheries,ssp245_near-term,#4DB0D3FF,0.2894453076717069
Western Asia,fisheries biomass loss,fisheries,ssp245_near-term,#4DB0D3FF,0.3034889903042818
Western Europe,fisheries biomass loss,fisheries,ssp245_near-term,#4DB0D3FF,0.2701402368562991
Antarctica,fisheries biomass loss,fisheries,ssp585_current,#4DB0D3FF,0.06316948603620637
Australia and New Zealand,fisheries biomass loss,fisheries,ssp585_current,#4DB0D3FF,0.0922689687537537
Caribbean,fisheries biomass loss,fisheries,ssp585_current,#4DB0D3FF,0.086926088836636
Central America,fisheries biomass loss,fisheries,ssp585_current,#4DB0D3FF,0.18500343586710108
Eastern Africa,fisheries biomass loss,fisheries,ssp585_current,#4DB0D3FF,0.08353911888489943
Eastern Asia,fisheries biomass loss,fisheries,ssp585_current,#4DB0D3FF,0.31915531767527683
Eastern Europe,fisheries biomass loss,fisheries,ssp585_current,#4DB0D3FF,0.20705946538266987
Melanesia,fisheries biomass loss,fisheries,ssp585_current,#4DB0D3FF,0.08817735979928942
Micronesia,fisheries biomass loss,fisheries,ssp585_current,#4DB0D3FF,0.04925450674073968
Middle Africa,fisheries biomass loss,fisheries,ssp585_current,#4DB0D3FF,0.1590462954149603
Northern Africa,fisheries biomass loss,fisheries,ssp585_current,#4DB0D3FF,0.24611167686212762
Northern America,fisheries biomass loss,fisheries,ssp585_current,#4DB0D3FF,0.17493484246498617
Northern Europe,fisheries biomass loss,fisheries,ssp585_current,#4DB0D3FF,0.24186188270888292
Polynesia,fisheries biomass loss,fisheries,ssp585_current,#4DB0D3FF,0.06472249123215229
South America,fisheries biomass loss,fisheries,ssp585_current,#4DB0D3FF,0.17292514010300009
South-eastern Asia,fisheries biomass loss,fisheries,ssp585_current,#4DB0D3FF,0.178296446804369
Southern Africa,fisheries biomass loss,fisheries,ssp585_current,#4DB0D3FF,0.12627442601051161
Southern Asia,fisheries biomass loss,fisheries,ssp585_current,#4DB0D3FF,0.18783499216939586
Southern Europe,fisheries biomass loss,fisheries,ssp585_current,#4DB0D3FF,0.21624345575122744
Southern Islands,fisheries biomass loss,fisheries,ssp585_current,#4DB0D3FF,0.08216032618624906
Western Africa,fisheries biomass loss,fisheries,ssp585_current,#4DB0D3FF,0.23478002923182484
Western Asia,fisheries biomass loss,fisheries,ssp585_current,#4DB0D3FF,0.20962586369366465
Western Europe,fisheries biomass loss,fisheries,ssp585_current,#4DB0D3FF,0.26012305881399206
Antarctica,fisheries biomass loss,fisheries,ssp585_medium-term,#4DB0D3FF,0.11770344623833677
Australia and New Zealand,fisheries biomass loss,fisheries,ssp585_medium-term,#4DB0D3FF,0.16088396459511087
Caribbean,fisheries biomass loss,fisheries,ssp585_medium-term,#4DB0D3FF,0.17643786895363459
Central America,fisheries biomass loss,fisheries,ssp585_medium-term,#4DB0D3FF,0.2961512262759785
Eastern Africa,fisheries biomass loss,fisheries,ssp585_medium-term,#4DB0D3FF,0.19516892323096552
Eastern Asia,fisheries biomass loss,fisheries,ssp585_medium-term,#4DB0D3FF,0.33340779917597496
Eastern Europe,fisheries biomass loss,fisheries,ssp585_medium-term,#4DB0D3FF,0.3042600614867266
Melanesia,fisheries biomass loss,fisheries,ssp585_medium-term,#4DB0D3FF,0.1581592916376389
Micronesia,fisheries biomass loss,fisheries,ssp585_medium-term,#4DB0D3FF,0.12182836164472262
Middle Africa,fisheries biomass loss,fisheries,ssp585_medium-term,#4DB0D3FF,0.23151535841107304
Northern Africa,fisheries biomass loss,fisheries,ssp585_medium-term,#4DB0D3FF,0.3419804927589416
Northern America,fisheries biomass loss,fisheries,ssp585_medium-term,#4DB0D3FF,0.21794883434148804
Northern Europe,fisheries biomass loss,fisheries,ssp585_medium-term,#4DB0D3FF,0.2518368692778099
Polynesia,fisheries biomass loss,fisheries,ssp585_medium-term,#4DB0D3FF,0.13486655718748272
South America,fisheries biomass loss,fisheries,ssp585_medium-term,#4DB0D3FF,0.26699466361360885
South-eastern Asia,fisheries biomass loss,fisheries,ssp585_medium-term,#4DB0D3FF,0.27427485241032146
Southern Africa,fisheries biomass loss,fisheries,ssp585_medium-term,#4DB0D3FF,0.21338679740075134
Southern Asia,fisheries biomass loss,fisheries,ssp585_medium-term,#4DB0D3FF,0.32486053567138223
Southern Europe,fisheries biomass loss,fisheries,ssp585_medium-term,#4DB0D3FF,0.3083365916475875
Southern Islands,fisheries biomass loss,fisheries,ssp585_medium-term,#4DB0D3FF,0.13149469522126286
Western Africa,fisheries biomass loss,fisheries,ssp585_medium-term,#4DB0D3FF,0.3224340636370637
Western Asia,fisheries biomass loss,fisheries,ssp585_medium-term,#4DB0D3FF,0.35614101824840166
Western Europe,fisheries biomass loss,fisheries,ssp585_medium-term,#4DB0D3FF,0.2616225107015708
Antarctica,fisheries biomass loss,fisheries,ssp585_near-term,#4DB0D3FF,0.09169056808126927
Australia and New Zealand,fisheries biomass loss,fisheries,ssp585_near-term,#4DB0D3FF,0.12865262871486766
Caribbean,fisheries biomass loss,fisheries,ssp585_near-term,#4DB0D3FF,0.13613186346337516
Central America,fisheries biomass loss,fisheries,ssp585_near-term,#4DB0D3FF,0.24913870495070373
Eastern Africa,fisheries biomass loss,fisheries,ssp585_near-term,#4DB0D3FF,0.14614779612283843
Eastern Asia,fisheries biomass loss,fisheries,ssp585_near-term,#4DB0D3FF,0.3322227639404332
Eastern Europe,fisheries biomass loss,fisheries,ssp585_near-term,#4DB0D3FF,0.26238957036357224
Melanesia,fisheries biomass loss,fisheries,ssp585_near-term,#4DB0D3FF,0.12529895513324074
Micronesia,fisheries biomass loss,fisheries,ssp585_near-term,#4DB0D3FF,0.08775399859218252
Middle Africa,fisheries biomass loss,fisheries,ssp585_near-term,#4DB0D3FF,0.19968741144696803
Northern Africa,fisheries biomass loss,fisheries,ssp585_near-term,#4DB0D3FF,0.3041594026863163
Northern America,fisheries biomass loss,fisheries,ssp585_near-term,#4DB0D3FF,0.1996629424314509
Northern Europe,fisheries biomass loss,fisheries,ssp585_near-term,#4DB0D3FF,0.25539036235948276
Polynesia,fisheries biomass loss,fisheries,ssp585_near-term,#4DB0D3FF,0.10167976891527182
South America,fisheries biomass loss,fisheries,ssp585_near-term,#4DB0D3FF,0.2280730510971227
South-eastern Asia,fisheries biomass loss,fisheries,ssp585_near-term,#4DB0D3FF,0.23316664601330975
Southern Africa,fisheries biomass loss,fisheries,ssp585_near-term,#4DB0D3FF,0.17376627609128473
Southern Asia,fisheries biomass loss,fisheries,ssp585_near-term,#4DB0D3FF,0.26992754203780395
Southern Europe,fisheries biomass loss,fisheries,ssp585_near-term,#4DB0D3FF,0.2701541593061008
Southern Islands,fisheries biomass loss,fisheries,ssp585_near-term,#4DB0D3FF,0.10795467809462805
Western Africa,fisheries biomass loss,fisheries,ssp585_near-term,#4DB0D3FF,0.28971397798875953
Western Asia,fisheries biomass loss,fisheries,ssp585_near-term,#4DB0D3FF,0.3035694306994305
Western Europe,fisheries biomass loss,fisheries,ssp585_near-term,#4DB0D3FF,0.27190056734735574
Antarctica,light pollution,land-based,ssp245_current,#DFC524FF,0
Australia and New Zealand,light pollution,land-based,ssp245_current,#DFC524FF,0.0010396444912510062
Caribbean,light pollution,land-based,ssp245_current,#DFC524FF,0.0023841622266604907
Central America,light pollution,land-based,ssp245_current,#DFC524FF,0.001457362312530424
Eastern Africa,light pollution,land-based,ssp245_current,#DFC524FF,7.512889989745021e-4
Eastern Asia,light pollution,land-based,ssp245_current,#DFC524FF,0.014264448567469019
Eastern Europe,light pollution,land-based,ssp245_current,#DFC524FF,7.103453821012749e-4
Melanesia,light pollution,land-based,ssp245_current,#DFC524FF,1.0337626672661023e-4
Micronesia,light pollution,land-based,ssp245_current,#DFC524FF,2.3110626377750065e-4
Middle Africa,light pollution,land-based,ssp245_current,#DFC524FF,0.0025297736995012784
Northern Africa,light pollution,land-based,ssp245_current,#DFC524FF,0.009808866389335879
Northern America,light pollution,land-based,ssp245_current,#DFC524FF,0.0018728522639511985
Northern Europe,light pollution,land-based,ssp245_current,#DFC524FF,0.0047260108016263114
Polynesia,light pollution,land-based,ssp245_current,#DFC524FF,7.462002604342538e-5
South America,light pollution,land-based,ssp245_current,#DFC524FF,0.0037792006687763337
South-eastern Asia,light pollution,land-based,ssp245_current,#DFC524FF,0.001879284154878993
Southern Africa,light pollution,land-based,ssp245_current,#DFC524FF,0.004344394337607365
Southern Asia,light pollution,land-based,ssp245_current,#DFC524FF,0.005477448007344636
Southern Europe,light pollution,land-based,ssp245_current,#DFC524FF,0.010719108946179565
Southern Islands,light pollution,land-based,ssp245_current,#DFC524FF,0
Western Africa,light pollution,land-based,ssp245_current,#DFC524FF,0.002636324959553154
Western Asia,light pollution,land-based,ssp245_current,#DFC524FF,0.013319087925466041
Western Europe,light pollution,land-based,ssp245_current,#DFC524FF,0.012122415075907375
Antarctica,light pollution,land-based,ssp245_medium-term,#DFC524FF,0
Australia and New Zealand,light pollution,land-based,ssp245_medium-term,#DFC524FF,0.0015454928370904324
Caribbean,light pollution,land-based,ssp245_medium-term,#DFC524FF,0.002888443531050093
Central America,light pollution,land-based,ssp245_medium-term,#DFC524FF,0.002126163065467511
Eastern Africa,light pollution,land-based,ssp245_medium-term,#DFC524FF,0.0030206781819928966
Eastern Asia,light pollution,land-based,ssp245_medium-term,#DFC524FF,0.015864052317996504
Eastern Europe,light pollution,land-based,ssp245_medium-term,#DFC524FF,6.836664668723144e-4
Melanesia,light pollution,land-based,ssp245_medium-term,#DFC524FF,2.1427211269915683e-4
Micronesia,light pollution,land-based,ssp245_medium-term,#DFC524FF,1.2837663940578557e-4
Middle Africa,light pollution,land-based,ssp245_medium-term,#DFC524FF,0.00490114205547053
Northern Africa,light pollution,land-based,ssp245_medium-term,#DFC524FF,0.012445225995016304
Northern America,light pollution,land-based,ssp245_medium-term,#DFC524FF,0.0020320590538862866
Northern Europe,light pollution,land-based,ssp245_medium-term,#DFC524FF,0.0059968896758336564
Polynesia,light pollution,land-based,ssp245_medium-term,#DFC524FF,1.739467053582666e-4
South America,light pollution,land-based,ssp245_medium-term,#DFC524FF,0.004062565037912212
South-eastern Asia,light pollution,land-based,ssp245_medium-term,#DFC524FF,0.004742728449648081
Southern Africa,light pollution,land-based,ssp245_medium-term,#DFC524FF,0.0054703727187431625
Southern Asia,light pollution,land-based,ssp245_medium-term,#DFC524FF,0.012272424380736694
Southern Europe,light pollution,land-based,ssp245_medium-term,#DFC524FF,0.009919368767635753
Southern Islands,light pollution,land-based,ssp245_medium-term,#DFC524FF,0
Western Africa,light pollution,land-based,ssp245_medium-term,#DFC524FF,0.009018117176896915
Western Asia,light pollution,land-based,ssp245_medium-term,#DFC524FF,0.014431590994584964
Western Europe,light pollution,land-based,ssp245_medium-term,#DFC524FF,0.017376181605834526
Antarctica,light pollution,land-based,ssp245_near-term,#DFC524FF,0
Australia and New Zealand,light pollution,land-based,ssp245_near-term,#DFC524FF,0.0012782680899871427
Caribbean,light pollution,land-based,ssp245_near-term,#DFC524FF,0.002460323477522719
Central America,light pollution,land-based,ssp245_near-term,#DFC524FF,0.0016179578617111258
Eastern Africa,light pollution,land-based,ssp245_near-term,#DFC524FF,0.0015172321640913203
Eastern Asia,light pollution,land-based,ssp245_near-term,#DFC524FF,0.015516388434536165
Eastern Europe,light pollution,land-based,ssp245_near-term,#DFC524FF,6.491923437864781e-4
Melanesia,light pollution,land-based,ssp245_near-term,#DFC524FF,1.2512152467057257e-4
Micronesia,light pollution,land-based,ssp245_near-term,#DFC524FF,1.4019121348004165e-4
Middle Africa,light pollution,land-based,ssp245_near-term,#DFC524FF,0.003016142194102562
Northern Africa,light pollution,land-based,ssp245_near-term,#DFC524FF,0.010898026444785547
Northern America,light pollution,land-based,ssp245_near-term,#DFC524FF,0.0018610898856558707
Northern Europe,light pollution,land-based,ssp245_near-term,#DFC524FF,0.005473153657932296
Polynesia,light pollution,land-based,ssp245_near-term,#DFC524FF,1.206286241420913e-4
South America,light pollution,land-based,ssp245_near-term,#DFC524FF,0.0037677953846611445
South-eastern Asia,light pollution,land-based,ssp245_near-term,#DFC524FF,0.0038450382125179024
Southern Africa,light pollution,land-based,ssp245_near-term,#DFC524FF,0.004884405871093232
Southern Asia,light pollution,land-based,ssp245_near-term,#DFC524FF,0.0090181673813458825
Southern Europe,light pollution,land-based,ssp245_near-term,#DFC524FF,0.009692007425566654
Southern Islands,light pollution,land-based,ssp245_near-term,#DFC524FF,0
Western Africa,light pollution,land-based,ssp245_near-term,#DFC524FF,0.0052802854656576175
Western Asia,light pollution,land-based,ssp245_near-term,#DFC524FF,0.012735279638687824
Western Europe,light pollution,land-based,ssp245_near-term,#DFC524FF,0.016348449823433833
Antarctica,light pollution,land-based,ssp585_current,#DFC524FF,0
Australia and New Zealand,light pollution,land-based,ssp585_current,#DFC524FF,0.0010610968804974582
Caribbean,light pollution,land-based,ssp585_current,#DFC524FF,0.0023569616219480485
Central America,light pollution,land-based,ssp585_current,#DFC524FF,0.0014558163624841987
Eastern Africa,light pollution,land-based,ssp585_current,#DFC524FF,7.123990655142559e-4
Eastern Asia,light pollution,land-based,ssp585_current,#DFC524FF,0.014245959268014884
Eastern Europe,light pollution,land-based,ssp585_current,#DFC524FF,7.106329098783825e-4
Melanesia,light pollution,land-based,ssp585_current,#DFC524FF,1.0829615639697399e-4
Micronesia,light pollution,land-based,ssp585_current,#DFC524FF,2.2425322488768437e-4
Middle Africa,light pollution,land-based,ssp585_current,#DFC524FF,0.0026492169584308063
Northern Africa,light pollution,land-based,ssp585_current,#DFC524FF,0.00994770946906037
Northern America,light pollution,land-based,ssp585_current,#DFC524FF,0.0018386477140957095
Northern Europe,light pollution,land-based,ssp585_current,#DFC524FF,0.004799910839866758
Polynesia,light pollution,land-based,ssp585_current,#DFC524FF,5.8785172379863985e-5
South America,light pollution,land-based,ssp585_current,#DFC524FF,0.003833207243602824
South-eastern Asia,light pollution,land-based,ssp585_current,#DFC524FF,0.0018595555679875428
Southern Africa,light pollution,land-based,ssp585_current,#DFC524FF,0.004383495545207135
Southern Asia,light pollution,land-based,ssp585_current,#DFC524FF,0.0055077966173246095
Southern Europe,light pollution,land-based,ssp585_current,#DFC524FF,0.010596137212435549
Southern Islands,light pollution,land-based,ssp585_current,#DFC524FF,0
Western Africa,light pollution,land-based,ssp585_current,#DFC524FF,0.002643092514279364
Western Asia,light pollution,land-based,ssp585_current,#DFC524FF,0.013284438020430733
Western Europe,light pollution,land-based,ssp585_current,#DFC524FF,0.012880765060881925
Antarctica,light pollution,land-based,ssp585_medium-term,#DFC524FF,0
Australia and New Zealand,light pollution,land-based,ssp585_medium-term,#DFC524FF,0.001887756272059416
Caribbean,light pollution,land-based,ssp585_medium-term,#DFC524FF,0.003144300394545359
Central America,light pollution,land-based,ssp585_medium-term,#DFC524FF,0.002015503991494098
Eastern Africa,light pollution,land-based,ssp585_medium-term,#DFC524FF,0.004739947260766856
Eastern Asia,light pollution,land-based,ssp585_medium-term,#DFC524FF,0.01732317709155314
Eastern Europe,light pollution,land-based,ssp585_medium-term,#DFC524FF,7.500684785072895e-4
Melanesia,light pollution,land-based,ssp585_medium-term,#DFC524FF,3.005323175512804e-4
Micronesia,light pollution,land-based,ssp585_medium-term,#DFC524FF,1.3275889348967102e-4
Middle Africa,light pollution,land-based,ssp585_medium-term,#DFC524FF,0.005357673694484084
Northern Africa,light pollution,land-based,ssp585_medium-term,#DFC524FF,0.012256574886285813
Northern America,light pollution,land-based,ssp585_medium-term,#DFC524FF,0.002292878445172938
Northern Europe,light pollution,land-based,ssp585_medium-term,#DFC524FF,0.006800738833828117
Polynesia,light pollution,land-based,ssp585_medium-term,#DFC524FF,1.7961356024341851e-4
South America,light pollution,land-based,ssp585_medium-term,#DFC524FF,0.004107953810887689
South-eastern Asia,light pollution,land-based,ssp585_medium-term,#DFC524FF,0.0055680521416726905
Southern Africa,light pollution,land-based,ssp585_medium-term,#DFC524FF,0.00560708874427951
Southern Asia,light pollution,land-based,ssp585_medium-term,#DFC524FF,0.0157381743128536
Southern Europe,light pollution,land-based,ssp585_medium-term,#DFC524FF,0.011110524151535404
Southern Islands,light pollution,land-based,ssp585_medium-term,#DFC524FF,0
Western Africa,light pollution,land-based,ssp585_medium-term,#DFC524FF,0.009904986267541388
Western Asia,light pollution,land-based,ssp585_medium-term,#DFC524FF,0.014783195405655774
Western Europe,light pollution,land-based,ssp585_medium-term,#DFC524FF,0.01981773899924685
Antarctica,light pollution,land-based,ssp585_near-term,#DFC524FF,0
Australia and New Zealand,light pollution,land-based,ssp585_near-term,#DFC524FF,0.001361609833036191
Caribbean,light pollution,land-based,ssp585_near-term,#DFC524FF,0.0024497586904317125
Central America,light pollution,land-based,ssp585_near-term,#DFC524FF,0.001645547520667915
Eastern Africa,light pollution,land-based,ssp585_near-term,#DFC524FF,0.001645241735918618
Eastern Asia,light pollution,land-based,ssp585_near-term,#DFC524FF,0.016161609157784432
Eastern Europe,light pollution,land-based,ssp585_near-term,#DFC524FF,6.741782810331195e-4
Melanesia,light pollution,land-based,ssp585_near-term,#DFC524FF,1.6364525673049076e-4
Micronesia,light pollution,land-based,ssp585_near-term,#DFC524FF,1.2461784662116696e-4
Middle Africa,light pollution,land-based,ssp585_near-term,#DFC524FF,0.003188376421768577
Northern Africa,light pollution,land-based,ssp585_near-term,#DFC524FF,0.010617350036635302
Northern America,light pollution,land-based,ssp585_near-term,#DFC524FF,0.00196749209002114
Northern Europe,light pollution,land-based,ssp585_near-term,#DFC524FF,0.005756176382903231
Polynesia,light pollution,land-based,ssp585_near-term,#DFC524FF,1.4178997580056708e-4
South America,light pollution,land-based,ssp585_near-term,#DFC524FF,0.0037335386807425186
South-eastern Asia,light pollution,land-based,ssp585_near-term,#DFC524FF,0.004096049726996352
Southern Africa,light pollution,land-based,ssp585_near-term,#DFC524FF,0.00501610608084393
Southern Asia,light pollution,land-based,ssp585_near-term,#DFC524FF,0.009942964534225536
Southern Europe,light pollution,land-based,ssp585_near-term,#DFC524FF,0.01001910154740224
Southern Islands,light pollution,land-based,ssp585_near-term,#DFC524FF,0
Western Africa,light pollution,land-based,ssp585_near-term,#DFC524FF,0.005464512809690919
Western Asia,light pollution,land-based,ssp585_near-term,#DFC524FF,0.012835569122133461
Western Europe,light pollution,land-based,ssp585_near-term,#DFC524FF,0.017506282874073607
Antarctica,nutrient pollution,land-based,ssp245_current,#ED8660FF,0
Australia and New Zealand,nutrient pollution,land-based,ssp245_current,#ED8660FF,0.00532421207897193
Caribbean,nutrient pollution,land-based,ssp245_current,#ED8660FF,0.007493128662206138
Central America,nutrient pollution,land-based,ssp245_current,#ED8660FF,0.025472020416941993
Eastern Africa,nutrient pollution,land-based,ssp245_current,#ED8660FF,0.016115976728166205
Eastern Asia,nutrient pollution,land-based,ssp245_current,#ED8660FF,0.052146745413164074
Eastern Europe,nutrient pollution,land-based,ssp245_current,#ED8660FF,0.004582370817555931
Melanesia,nutrient pollution,land-based,ssp245_current,#ED8660FF,7.170061918306923e-4
Micronesia,nutrient pollution,land-based,ssp245_current,#ED8660FF,0
Middle Africa,nutrient pollution,land-based,ssp245_current,#ED8660FF,0.023533272616909767
Northern Africa,nutrient pollution,land-based,ssp245_current,#ED8660FF,0.021109276193930722
Northern America,nutrient pollution,land-based,ssp245_current,#ED8660FF,0.0042482868543782006
Northern Europe,nutrient pollution,land-based,ssp245_current,#ED8660FF,0.009330202768649262
Polynesia,nutrient pollution,land-based,ssp245_current,#ED8660FF,3.797165521004031e-5
South America,nutrient pollution,land-based,ssp245_current,#ED8660FF,0.02135693144476819
South-eastern Asia,nutrient pollution,land-based,ssp245_current,#ED8660FF,0.015302955220720003
Southern Africa,nutrient pollution,land-based,ssp245_current,#ED8660FF,0.01914922249214225
Southern Asia,nutrient pollution,land-based,ssp245_current,#ED8660FF,0.06470096653965565
Southern Europe,nutrient pollution,land-based,ssp245_current,#ED8660FF,0.019324040037535444
Southern Islands,nutrient pollution,land-based,ssp245_current,#ED8660FF,0
Western Africa,nutrient pollution,land-based,ssp245_current,#ED8660FF,0.03911297434111394
Western Asia,nutrient pollution,land-based,ssp245_current,#ED8660FF,0.023653497162773963
Western Europe,nutrient pollution,land-based,ssp245_current,#ED8660FF,0.045075265519335446
Antarctica,nutrient pollution,land-based,ssp245_medium-term,#ED8660FF,0
Australia and New Zealand,nutrient pollution,land-based,ssp245_medium-term,#ED8660FF,0.006023084107847983
Caribbean,nutrient pollution,land-based,ssp245_medium-term,#ED8660FF,0.008435856902019652
Central America,nutrient pollution,land-based,ssp245_medium-term,#ED8660FF,0.028689505862292273
Eastern Africa,nutrient pollution,land-based,ssp245_medium-term,#ED8660FF,0.026049707473016135
Eastern Asia,nutrient pollution,land-based,ssp245_medium-term,#ED8660FF,0.05016778338438488
Eastern Europe,nutrient pollution,land-based,ssp245_medium-term,#ED8660FF,0.004663628291220251
Melanesia,nutrient pollution,land-based,ssp245_medium-term,#ED8660FF,0.0013311014293672678
Micronesia,nutrient pollution,land-based,ssp245_medium-term,#ED8660FF,0
Middle Africa,nutrient pollution,land-based,ssp245_medium-term,#ED8660FF,0.040155310327043725
Northern Africa,nutrient pollution,land-based,ssp245_medium-term,#ED8660FF,0.026482996991175133
Northern America,nutrient pollution,land-based,ssp245_medium-term,#ED8660FF,0.00429182957424026
Northern Europe,nutrient pollution,land-based,ssp245_medium-term,#ED8660FF,0.007982030590701033
Polynesia,nutrient pollution,land-based,ssp245_medium-term,#ED8660FF,4.991034771354701e-5
South America,nutrient pollution,land-based,ssp245_medium-term,#ED8660FF,0.026319360655003784
South-eastern Asia,nutrient pollution,land-based,ssp245_medium-term,#ED8660FF,0.02247939706181502
Southern Africa,nutrient pollution,land-based,ssp245_medium-term,#ED8660FF,0.023753094402966562
Southern Asia,nutrient pollution,land-based,ssp245_medium-term,#ED8660FF,0.0883473920993409
Southern Europe,nutrient pollution,land-based,ssp245_medium-term,#ED8660FF,0.017463378365341366
Southern Islands,nutrient pollution,land-based,ssp245_medium-term,#ED8660FF,0
Western Africa,nutrient pollution,land-based,ssp245_medium-term,#ED8660FF,0.06274019830449236
Western Asia,nutrient pollution,land-based,ssp245_medium-term,#ED8660FF,0.026759241513528455
Western Europe,nutrient pollution,land-based,ssp245_medium-term,#ED8660FF,0.040552510725196354
Antarctica,nutrient pollution,land-based,ssp245_near-term,#ED8660FF,0
Australia and New Zealand,nutrient pollution,land-based,ssp245_near-term,#ED8660FF,0.005837567098982568
Caribbean,nutrient pollution,land-based,ssp245_near-term,#ED8660FF,0.00890205266758869
Central America,nutrient pollution,land-based,ssp245_near-term,#ED8660FF,0.02847672523149378
Eastern Africa,nutrient pollution,land-based,ssp245_near-term,#ED8660FF,0.020634536930391065
Eastern Asia,nutrient pollution,land-based,ssp245_near-term,#ED8660FF,0.05298903985088369
Eastern Europe,nutrient pollution,land-based,ssp245_near-term,#ED8660FF,0.0045955663599904295
Melanesia,nutrient pollution,land-based,ssp245_near-term,#ED8660FF,0.0010612790610409141
Micronesia,nutrient pollution,land-based,ssp245_near-term,#ED8660FF,0
Middle Africa,nutrient pollution,land-based,ssp245_near-term,#ED8660FF,0.03315938871714585
Northern Africa,nutrient pollution,land-based,ssp245_near-term,#ED8660FF,0.02466191629199948
Northern America,nutrient pollution,land-based,ssp245_near-term,#ED8660FF,0.004329368795760507
Northern Europe,nutrient pollution,land-based,ssp245_near-term,#ED8660FF,0.008160873424679548
Polynesia,nutrient pollution,land-based,ssp245_near-term,#ED8660FF,4.596509675112593e-5
South America,nutrient pollution,land-based,ssp245_near-term,#ED8660FF,0.02431514651004482
South-eastern Asia,nutrient pollution,land-based,ssp245_near-term,#ED8660FF,0.01895215670037761
Southern Africa,nutrient pollution,land-based,ssp245_near-term,#ED8660FF,0.021903112917741854
Southern Asia,nutrient pollution,land-based,ssp245_near-term,#ED8660FF,0.08268438884579518
Southern Europe,nutrient pollution,land-based,ssp245_near-term,#ED8660FF,0.018707474884759066
Southern Islands,nutrient pollution,land-based,ssp245_near-term,#ED8660FF,0
Western Africa,nutrient pollution,land-based,ssp245_near-term,#ED8660FF,0.05259387466257765
Western Asia,nutrient pollution,land-based,ssp245_near-term,#ED8660FF,0.026139425811849214
Western Europe,nutrient pollution,land-based,ssp245_near-term,#ED8660FF,0.04215775753443027
Antarctica,nutrient pollution,land-based,ssp585_current,#ED8660FF,0
Australia and New Zealand,nutrient pollution,land-based,ssp585_current,#ED8660FF,0.005258789587740882
Caribbean,nutrient pollution,land-based,ssp585_current,#ED8660FF,0.007534891866967918
Central America,nutrient pollution,land-based,ssp585_current,#ED8660FF,0.025476354845438035
Eastern Africa,nutrient pollution,land-based,ssp585_current,#ED8660FF,0.016182566090636872
Eastern Asia,nutrient pollution,land-based,ssp585_current,#ED8660FF,0.052321583057761696
Eastern Europe,nutrient pollution,land-based,ssp585_current,#ED8660FF,0.0045840037349927434
Melanesia,nutrient pollution,land-based,ssp585_current,#ED8660FF,7.174208280568635e-4
Micronesia,nutrient pollution,land-based,ssp585_current,#ED8660FF,0
Middle Africa,nutrient pollution,land-based,ssp585_current,#ED8660FF,0.0235779235756461
Northern Africa,nutrient pollution,land-based,ssp585_current,#ED8660FF,0.02118036907388678
Northern America,nutrient pollution,land-based,ssp585_current,#ED8660FF,0.004296980765860566
Northern Europe,nutrient pollution,land-based,ssp585_current,#ED8660FF,0.009288090337050676
Polynesia,nutrient pollution,land-based,ssp585_current,#ED8660FF,3.795145994772792e-5
South America,nutrient pollution,land-based,ssp585_current,#ED8660FF,0.021364609658216346
South-eastern Asia,nutrient pollution,land-based,ssp585_current,#ED8660FF,0.01536390666903044
Southern Africa,nutrient pollution,land-based,ssp585_current,#ED8660FF,0.0191029535904093
Southern Asia,nutrient pollution,land-based,ssp585_current,#ED8660FF,0.06481436772879375
Southern Europe,nutrient pollution,land-based,ssp585_current,#ED8660FF,0.019307725071312603
Southern Islands,nutrient pollution,land-based,ssp585_current,#ED8660FF,0
Western Africa,nutrient pollution,land-based,ssp585_current,#ED8660FF,0.03925760963148987
Western Asia,nutrient pollution,land-based,ssp585_current,#ED8660FF,0.023705332042241137
Western Europe,nutrient pollution,land-based,ssp585_current,#ED8660FF,0.045072065597848154
Antarctica,nutrient pollution,land-based,ssp585_medium-term,#ED8660FF,0
Australia and New Zealand,nutrient pollution,land-based,ssp585_medium-term,#ED8660FF,0.005801557149427503
Caribbean,nutrient pollution,land-based,ssp585_medium-term,#ED8660FF,0.008121646533062578
Central America,nutrient pollution,land-based,ssp585_medium-term,#ED8660FF,0.0282144200109668
Eastern Africa,nutrient pollution,land-based,ssp585_medium-term,#ED8660FF,0.02850218601148979
Eastern Asia,nutrient pollution,land-based,ssp585_medium-term,#ED8660FF,0.046391637138871566
Eastern Europe,nutrient pollution,land-based,ssp585_medium-term,#ED8660FF,0.004462344805874461
Melanesia,nutrient pollution,land-based,ssp585_medium-term,#ED8660FF,0.0015368793326920674
Micronesia,nutrient pollution,land-based,ssp585_medium-term,#ED8660FF,0
Middle Africa,nutrient pollution,land-based,ssp585_medium-term,#ED8660FF,0.039401100987039486
Northern Africa,nutrient pollution,land-based,ssp585_medium-term,#ED8660FF,0.02523285193315691
Northern America,nutrient pollution,land-based,ssp585_medium-term,#ED8660FF,0.003862233640198083
Northern Europe,nutrient pollution,land-based,ssp585_medium-term,#ED8660FF,0.0075870077699620045
Polynesia,nutrient pollution,land-based,ssp585_medium-term,#ED8660FF,5.20167868906673e-5
South America,nutrient pollution,land-based,ssp585_medium-term,#ED8660FF,0.02730765712293885
South-eastern Asia,nutrient pollution,land-based,ssp585_medium-term,#ED8660FF,0.022121730429951823
Southern Africa,nutrient pollution,land-based,ssp585_medium-term,#ED8660FF,0.026035952067838333
Southern Asia,nutrient pollution,land-based,ssp585_medium-term,#ED8660FF,0.08727142454362162
Southern Europe,nutrient pollution,land-based,ssp585_medium-term,#ED8660FF,0.016266298222484713
Southern Islands,nutrient pollution,land-based,ssp585_medium-term,#ED8660FF,0
Western Africa,nutrient pollution,land-based,ssp585_medium-term,#ED8660FF,0.06369375872731708
Western Asia,nutrient pollution,land-based,ssp585_medium-term,#ED8660FF,0.02460497075267669
Western Europe,nutrient pollution,land-based,ssp585_medium-term,#ED8660FF,0.03943231662291312
Antarctica,nutrient pollution,land-based,ssp585_near-term,#ED8660FF,0
Australia and New Zealand,nutrient pollution,land-based,ssp585_near-term,#ED8660FF,0.0055798112220404785
Caribbean,nutrient pollution,land-based,ssp585_near-term,#ED8660FF,0.008819849221125263
Central America,nutrient pollution,land-based,ssp585_near-term,#ED8660FF,0.028745736460582545
Eastern Africa,nutrient pollution,land-based,ssp585_near-term,#ED8660FF,0.02166041564699053
Eastern Asia,nutrient pollution,land-based,ssp585_near-term,#ED8660FF,0.052114275407729456
Eastern Europe,nutrient pollution,land-based,ssp585_near-term,#ED8660FF,0.004577008080808411
Melanesia,nutrient pollution,land-based,ssp585_near-term,#ED8660FF,0.001134355139234823
Micronesia,nutrient pollution,land-based,ssp585_near-term,#ED8660FF,0
Middle Africa,nutrient pollution,land-based,ssp585_near-term,#ED8660FF,0.03451961638555634
Northern Africa,nutrient pollution,land-based,ssp585_near-term,#ED8660FF,0.024642808710366965
Northern America,nutrient pollution,land-based,ssp585_near-term,#ED8660FF,0.004236349906779809
Northern Europe,nutrient pollution,land-based,ssp585_near-term,#ED8660FF,0.008019581521250265
Polynesia,nutrient pollution,land-based,ssp585_near-term,#ED8660FF,4.626454995186764e-5
South America,nutrient pollution,land-based,ssp585_near-term,#ED8660FF,0.024698918172449125
South-eastern Asia,nutrient pollution,land-based,ssp585_near-term,#ED8660FF,0.019323936796388934
Southern Africa,nutrient pollution,land-based,ssp585_near-term,#ED8660FF,0.0230689972790845
Southern Asia,nutrient pollution,land-based,ssp585_near-term,#ED8660FF,0.08431345013766128
Southern Europe,nutrient pollution,land-based,ssp585_near-term,#ED8660FF,0.01837132167844202
Southern Islands,nutrient pollution,land-based,ssp585_near-term,#ED8660FF,0
Western Africa,nutrient pollution,land-based,ssp585_near-term,#ED8660FF,0.05429923549882055
Western Asia,nutrient pollution,land-based,ssp585_near-term,#ED8660FF,0.025406049987091946
Western Europe,nutrient pollution,land-based,ssp585_near-term,#ED8660FF,0.04206873649827685
Antarctica,ocean warming,climate-change-temperature,ssp245_current,#3B060AFF,0.07134187608359882
Australia and New Zealand,ocean warming,climate-change-temperature,ssp245_current,#3B060AFF,0.03234119974506804
Caribbean,ocean warming,climate-change-temperature,ssp245_current,#3B060AFF,0.06538373201221277
Central America,ocean warming,climate-change-temperature,ssp245_current,#3B060AFF,0.05559884099710687
Eastern Africa,ocean warming,climate-change-temperature,ssp245_current,#3B060AFF,0.055970640019094055
Eastern Asia,ocean warming,climate-change-temperature,ssp245_current,#3B060AFF,0.04577603974223036
Eastern Europe,ocean warming,climate-change-temperature,ssp245_current,#3B060AFF,0.09634790161630702
Melanesia,ocean warming,climate-change-temperature,ssp245_current,#3B060AFF,0.047697912519409066
Micronesia,ocean warming,climate-change-temperature,ssp245_current,#3B060AFF,0.0526483895913943
Middle Africa,ocean warming,climate-change-temperature,ssp245_current,#3B060AFF,0.04989894025760172
Northern Africa,ocean warming,climate-change-temperature,ssp245_current,#3B060AFF,0.05514888830756957
Northern America,ocean warming,climate-change-temperature,ssp245_current,#3B060AFF,0.1376189570561132
Northern Europe,ocean warming,climate-change-temperature,ssp245_current,#3B060AFF,0.0409459003652053
Polynesia,ocean warming,climate-change-temperature,ssp245_current,#3B060AFF,0.05036701137255584
South America,ocean warming,climate-change-temperature,ssp245_current,#3B060AFF,0.031019916844373215
South-eastern Asia,ocean warming,climate-change-temperature,ssp245_current,#3B060AFF,0.04950473211351
Southern Africa,ocean warming,climate-change-temperature,ssp245_current,#3B060AFF,0.042714442563248495
Southern Asia,ocean warming,climate-change-temperature,ssp245_current,#3B060AFF,0.03506083284658896
Southern Europe,ocean warming,climate-change-temperature,ssp245_current,#3B060AFF,0.054896744129448276
Southern Islands,ocean warming,climate-change-temperature,ssp245_current,#3B060AFF,0.07686659115184702
Western Africa,ocean warming,climate-change-temperature,ssp245_current,#3B060AFF,0.0259383510661199
Western Asia,ocean warming,climate-change-temperature,ssp245_current,#3B060AFF,0.04551903652630344
Western Europe,ocean warming,climate-change-temperature,ssp245_current,#3B060AFF,0.027475077600672904
Antarctica,ocean warming,climate-change-temperature,ssp245_medium-term,#3B060AFF,0.1467107912738592
Australia and New Zealand,ocean warming,climate-change-temperature,ssp245_medium-term,#3B060AFF,0.12252168673444008
Caribbean,ocean warming,climate-change-temperature,ssp245_medium-term,#3B060AFF,0.30189090246818695
Central America,ocean warming,climate-change-temperature,ssp245_medium-term,#3B060AFF,0.19425261763951276
Eastern Africa,ocean warming,climate-change-temperature,ssp245_medium-term,#3B060AFF,0.2485789540203284
Eastern Asia,ocean warming,climate-change-temperature,ssp245_medium-term,#3B060AFF,0.14232732168641818
Eastern Europe,ocean warming,climate-change-temperature,ssp245_medium-term,#3B060AFF,0.23837249147022843
Melanesia,ocean warming,climate-change-temperature,ssp245_medium-term,#3B060AFF,0.213176553379937
Micronesia,ocean warming,climate-change-temperature,ssp245_medium-term,#3B060AFF,0.2705844715857868
Middle Africa,ocean warming,climate-change-temperature,ssp245_medium-term,#3B060AFF,0.1892302671569863
Northern Africa,ocean warming,climate-change-temperature,ssp245_medium-term,#3B060AFF,0.21383701030153332
Northern America,ocean warming,climate-change-temperature,ssp245_medium-term,#3B060AFF,0.27451222792823365
Northern Europe,ocean warming,climate-change-temperature,ssp245_medium-term,#3B060AFF,0.10701547901229132
Polynesia,ocean warming,climate-change-temperature,ssp245_medium-term,#3B060AFF,0.23787368036163478
South America,ocean warming,climate-change-temperature,ssp245_medium-term,#3B060AFF,0.12986424887919923
South-eastern Asia,ocean warming,climate-change-temperature,ssp245_medium-term,#3B060AFF,0.20479488091769782
Southern Africa,ocean warming,climate-change-temperature,ssp245_medium-term,#3B060AFF,0.14004749895669902
Southern Asia,ocean warming,climate-change-temperature,ssp245_medium-term,#3B060AFF,0.1770030955311051
Southern Europe,ocean warming,climate-change-temperature,ssp245_medium-term,#3B060AFF,0.2324461837464963
Southern Islands,ocean warming,climate-change-temperature,ssp245_medium-term,#3B060AFF,0.28635283108929116
Western Africa,ocean warming,climate-change-temperature,ssp245_medium-term,#3B060AFF,0.1630942667476231
Western Asia,ocean warming,climate-change-temperature,ssp245_medium-term,#3B060AFF,0.19552207097191462
Western Europe,ocean warming,climate-change-temperature,ssp245_medium-term,#3B060AFF,0.09203144992633375
Antarctica,ocean warming,climate-change-temperature,ssp245_near-term,#3B060AFF,0.10606133628738204
Australia and New Zealand,ocean warming,climate-change-temperature,ssp245_near-term,#3B060AFF,0.05205674305526408
Caribbean,ocean warming,climate-change-temperature,ssp245_near-term,#3B060AFF,0.19731749821964087
Central America,ocean warming,climate-change-temperature,ssp245_near-term,#3B060AFF,0.11730505832486285
Eastern Africa,ocean warming,climate-change-temperature,ssp245_near-term,#3B060AFF,0.1301807737412215
Eastern Asia,ocean warming,climate-change-temperature,ssp245_near-term,#3B060AFF,0.09024126076120915
Eastern Europe,ocean warming,climate-change-temperature,ssp245_near-term,#3B060AFF,0.1776846667928382
Melanesia,ocean warming,climate-change-temperature,ssp245_near-term,#3B060AFF,0.10385521759263203
Micronesia,ocean warming,climate-change-temperature,ssp245_near-term,#3B060AFF,0.1338862619261143
Middle Africa,ocean warming,climate-change-temperature,ssp245_near-term,#3B060AFF,0.08278306015392337
Northern Africa,ocean warming,climate-change-temperature,ssp245_near-term,#3B060AFF,0.13651366165597967
Northern America,ocean warming,climate-change-temperature,ssp245_near-term,#3B060AFF,0.19919932855913725
Northern Europe,ocean warming,climate-change-temperature,ssp245_near-term,#3B060AFF,0.09266053831344244
Polynesia,ocean warming,climate-change-temperature,ssp245_near-term,#3B060AFF,0.11410742381089088
South America,ocean warming,climate-change-temperature,ssp245_near-term,#3B060AFF,0.06146614737739457
South-eastern Asia,ocean warming,climate-change-temperature,ssp245_near-term,#3B060AFF,0.1041070610396527
Southern Africa,ocean warming,climate-change-temperature,ssp245_near-term,#3B060AFF,0.08270597073871304
Southern Asia,ocean warming,climate-change-temperature,ssp245_near-term,#3B060AFF,0.07867252151660568
Southern Europe,ocean warming,climate-change-temperature,ssp245_near-term,#3B060AFF,0.13748808200296486
Southern Islands,ocean warming,climate-change-temperature,ssp245_near-term,#3B060AFF,0.08994697935120081
Western Africa,ocean warming,climate-change-temperature,ssp245_near-term,#3B060AFF,0.07973511023035396
Western Asia,ocean warming,climate-change-temperature,ssp245_near-term,#3B060AFF,0.11064751023117221
Western Europe,ocean warming,climate-change-temperature,ssp245_near-term,#3B060AFF,0.06446246487206315
Antarctica,ocean warming,climate-change-temperature,ssp585_current,#3B060AFF,0.05914358673526888
Australia and New Zealand,ocean warming,climate-change-temperature,ssp585_current,#3B060AFF,0.02564701588490429
Caribbean,ocean warming,climate-change-temperature,ssp585_current,#3B060AFF,0.07869698170499766
Central America,ocean warming,climate-change-temperature,ssp585_current,#3B060AFF,0.0399524782399571
Eastern Africa,ocean warming,climate-change-temperature,ssp585_current,#3B060AFF,0.05155660725425629
Eastern Asia,ocean warming,climate-change-temperature,ssp585_current,#3B060AFF,0.03356177354776814
Eastern Europe,ocean warming,climate-change-temperature,ssp585_current,#3B060AFF,0.11921422134046399
Melanesia,ocean warming,climate-change-temperature,ssp585_current,#3B060AFF,0.056541536241134366
Micronesia,ocean warming,climate-change-temperature,ssp585_current,#3B060AFF,0.06477471955420333
Middle Africa,ocean warming,climate-change-temperature,ssp585_current,#3B060AFF,0.04982079518599664
Northern Africa,ocean warming,climate-change-temperature,ssp585_current,#3B060AFF,0.07335066476620773
Northern America,ocean warming,climate-change-temperature,ssp585_current,#3B060AFF,0.11836528668952838
Northern Europe,ocean warming,climate-change-temperature,ssp585_current,#3B060AFF,0.06943849464797429
Polynesia,ocean warming,climate-change-temperature,ssp585_current,#3B060AFF,0.05172316790062246
South America,ocean warming,climate-change-temperature,ssp585_current,#3B060AFF,0.023781891285593937
South-eastern Asia,ocean warming,climate-change-temperature,ssp585_current,#3B060AFF,0.05063551352140926
Southern Africa,ocean warming,climate-change-temperature,ssp585_current,#3B060AFF,0.047842386366771426
Southern Asia,ocean warming,climate-change-temperature,ssp585_current,#3B060AFF,0.043096922685167814
Southern Europe,ocean warming,climate-change-temperature,ssp585_current,#3B060AFF,0.07862759474242331
Southern Islands,ocean warming,climate-change-temperature,ssp585_current,#3B060AFF,0.04399057548268903
Western Africa,ocean warming,climate-change-temperature,ssp585_current,#3B060AFF,0.028699011211459208
Western Asia,ocean warming,climate-change-temperature,ssp585_current,#3B060AFF,0.050799281988033455
Western Europe,ocean warming,climate-change-temperature,ssp585_current,#3B060AFF,0.026614972051700686
Antarctica,ocean warming,climate-change-temperature,ssp585_medium-term,#3B060AFF,0.16072131767342532
Australia and New Zealand,ocean warming,climate-change-temperature,ssp585_medium-term,#3B060AFF,0.17278919856230562
Caribbean,ocean warming,climate-change-temperature,ssp585_medium-term,#3B060AFF,0.35242411336981083
Central America,ocean warming,climate-change-temperature,ssp585_medium-term,#3B060AFF,0.24391628021192718
Eastern Africa,ocean warming,climate-change-temperature,ssp585_medium-term,#3B060AFF,0.30548308781231187
Eastern Asia,ocean warming,climate-change-temperature,ssp585_medium-term,#3B060AFF,0.20227696481225094
Eastern Europe,ocean warming,climate-change-temperature,ssp585_medium-term,#3B060AFF,0.27806560901722716
Melanesia,ocean warming,climate-change-temperature,ssp585_medium-term,#3B060AFF,0.29355947091988593
Micronesia,ocean warming,climate-change-temperature,ssp585_medium-term,#3B060AFF,0.3389986541150412
Middle Africa,ocean warming,climate-change-temperature,ssp585_medium-term,#3B060AFF,0.2517766507761798
Northern Africa,ocean warming,climate-change-temperature,ssp585_medium-term,#3B060AFF,0.25412818103387336
Northern America,ocean warming,climate-change-temperature,ssp585_medium-term,#3B060AFF,0.2758430707572084
Northern Europe,ocean warming,climate-change-temperature,ssp585_medium-term,#3B060AFF,0.1575775578358332
Polynesia,ocean warming,climate-change-temperature,ssp585_medium-term,#3B060AFF,0.2889420337930705
South America,ocean warming,climate-change-temperature,ssp585_medium-term,#3B060AFF,0.164247425411692
South-eastern Asia,ocean warming,climate-change-temperature,ssp585_medium-term,#3B060AFF,0.2836456086788332
Southern Africa,ocean warming,climate-change-temperature,ssp585_medium-term,#3B060AFF,0.20191949299233863
Southern Asia,ocean warming,climate-change-temperature,ssp585_medium-term,#3B060AFF,0.23410079710508874
Southern Europe,ocean warming,climate-change-temperature,ssp585_medium-term,#3B060AFF,0.2714345231992511
Southern Islands,ocean warming,climate-change-temperature,ssp585_medium-term,#3B060AFF,0.3044040115475294
Western Africa,ocean warming,climate-change-temperature,ssp585_medium-term,#3B060AFF,0.18604761415522306
Western Asia,ocean warming,climate-change-temperature,ssp585_medium-term,#3B060AFF,0.24268413725336965
Western Europe,ocean warming,climate-change-temperature,ssp585_medium-term,#3B060AFF,0.12734969068874785
Antarctica,ocean warming,climate-change-temperature,ssp585_near-term,#3B060AFF,0.10064312834745717
Australia and New Zealand,ocean warming,climate-change-temperature,ssp585_near-term,#3B060AFF,0.06569425563499695
Caribbean,ocean warming,climate-change-temperature,ssp585_near-term,#3B060AFF,0.2017162356844266
Central America,ocean warming,climate-change-temperature,ssp585_near-term,#3B060AFF,0.12979775146810288
Eastern Africa,ocean warming,climate-change-temperature,ssp585_near-term,#3B060AFF,0.13706911465170166
Eastern Asia,ocean warming,climate-change-temperature,ssp585_near-term,#3B060AFF,0.10414040867158605
Eastern Europe,ocean warming,climate-change-temperature,ssp585_near-term,#3B060AFF,0.16266184347848595
Melanesia,ocean warming,climate-change-temperature,ssp585_near-term,#3B060AFF,0.11740561311003721
Micronesia,ocean warming,climate-change-temperature,ssp585_near-term,#3B060AFF,0.15941419536203397
Middle Africa,ocean warming,climate-change-temperature,ssp585_near-term,#3B060AFF,0.11600569997391888
Northern Africa,ocean warming,climate-change-temperature,ssp585_near-term,#3B060AFF,0.12826983088117405
Northern America,ocean warming,climate-change-temperature,ssp585_near-term,#3B060AFF,0.1481803711649122
Northern Europe,ocean warming,climate-change-temperature,ssp585_near-term,#3B060AFF,0.0855710144029712
Polynesia,ocean warming,climate-change-temperature,ssp585_near-term,#3B060AFF,0.13077975218676086
South America,ocean warming,climate-change-temperature,ssp585_near-term,#3B060AFF,0.07913078494331917
South-eastern Asia,ocean warming,climate-change-temperature,ssp585_near-term,#3B060AFF,0.1292979743204622
Southern Africa,ocean warming,climate-change-temperature,ssp585_near-term,#3B060AFF,0.06700086191256864
Southern Asia,ocean warming,climate-change-temperature,ssp585_near-term,#3B060AFF,0.08813701839912323
Southern Europe,ocean warming,climate-change-temperature,ssp585_near-term,#3B060AFF,0.13860658259133427
Southern Islands,ocean warming,climate-change-temperature,ssp585_near-term,#3B060AFF,0.15707227003338825
Western Africa,ocean warming,climate-change-temperature,ssp585_near-term,#3B060AFF,0.08861985547706465
Western Asia,ocean warming,climate-change-temperature,ssp585_near-term,#3B060AFF,0.10787389482792252
Western Europe,ocean warming,climate-change-temperature,ssp585_near-term,#3B060AFF,0.06604734567397377
Antarctica,primary productivity,productivity,ssp245_current,#A1BE79FF,0.003006053515688208
Australia and New Zealand,primary productivity,productivity,ssp245_current,#A1BE79FF,0.003981319544542609
Caribbean,primary productivity,productivity,ssp245_current,#A1BE79FF,1.5657627798472957e-4
Central America,primary productivity,productivity,ssp245_current,#A1BE79FF,0.0014738316367817114
Eastern Africa,primary productivity,productivity,ssp245_current,#A1BE79FF,0.0021180205969487716
Eastern Asia,primary productivity,productivity,ssp245_current,#A1BE79FF,0.0032870752541309337
Eastern Europe,primary productivity,productivity,ssp245_current,#A1BE79FF,1.1180968812162522e-4
Melanesia,primary productivity,productivity,ssp245_current,#A1BE79FF,0.008738162103162632
Micronesia,primary productivity,productivity,ssp245_current,#A1BE79FF,0.01818641341205236
Middle Africa,primary productivity,productivity,ssp245_current,#A1BE79FF,0.010100952556586515
Northern Africa,primary productivity,productivity,ssp245_current,#A1BE79FF,3.1613953819628675e-4
Northern America,primary productivity,productivity,ssp245_current,#A1BE79FF,3.6036548674893166e-4
Northern Europe,primary productivity,productivity,ssp245_current,#A1BE79FF,3.674872083545448e-4
Polynesia,primary productivity,productivity,ssp245_current,#A1BE79FF,0.006727751339564246
South America,primary productivity,productivity,ssp245_current,#A1BE79FF,0.0027507027423852113
South-eastern Asia,primary productivity,productivity,ssp245_current,#A1BE79FF,0.0014192838872077432
Southern Africa,primary productivity,productivity,ssp245_current,#A1BE79FF,0.004829102731200462
Southern Asia,primary productivity,productivity,ssp245_current,#A1BE79FF,0.015637060992120477
Southern Europe,primary productivity,productivity,ssp245_current,#A1BE79FF,0.003720729197348118
Southern Islands,primary productivity,productivity,ssp245_current,#A1BE79FF,3.0937958098569253e-4
Western Africa,primary productivity,productivity,ssp245_current,#A1BE79FF,0.007634205408473017
Western Asia,primary productivity,productivity,ssp245_current,#A1BE79FF,0.005266222958994595
Western Europe,primary productivity,productivity,ssp245_current,#A1BE79FF,0.0031073030032819885
Antarctica,primary productivity,productivity,ssp245_medium-term,#A1BE79FF,4.285783835801703e-6
Australia and New Zealand,primary productivity,productivity,ssp245_medium-term,#A1BE79FF,0.014252611003229351
Caribbean,primary productivity,productivity,ssp245_medium-term,#A1BE79FF,0.01700077030644804
Central America,primary productivity,productivity,ssp245_medium-term,#A1BE79FF,0.002958375823878033
Eastern Africa,primary productivity,productivity,ssp245_medium-term,#A1BE79FF,0.01951833463067829
Eastern Asia,primary productivity,productivity,ssp245_medium-term,#A1BE79FF,0.009919289474974507
Eastern Europe,primary productivity,productivity,ssp245_medium-term,#A1BE79FF,0.0034646096927020537
Melanesia,primary productivity,productivity,ssp245_medium-term,#A1BE79FF,0.05869636918420005
Micronesia,primary productivity,productivity,ssp245_medium-term,#A1BE79FF,0.08163839117555546
Middle Africa,primary productivity,productivity,ssp245_medium-term,#A1BE79FF,0.042459136551608795
Northern Africa,primary productivity,productivity,ssp245_medium-term,#A1BE79FF,0.006468626081383986
Northern America,primary productivity,productivity,ssp245_medium-term,#A1BE79FF,0.004400873981040164
Northern Europe,primary productivity,productivity,ssp245_medium-term,#A1BE79FF,0.06807284642973431
Polynesia,primary productivity,productivity,ssp245_medium-term,#A1BE79FF,0.02773579857071158
South America,primary productivity,productivity,ssp245_medium-term,#A1BE79FF,0.008166247325292164
South-eastern Asia,primary productivity,productivity,ssp245_medium-term,#A1BE79FF,0.008551991785091046
Southern Africa,primary productivity,productivity,ssp245_medium-term,#A1BE79FF,0.025610721986575213
Southern Asia,primary productivity,productivity,ssp245_medium-term,#A1BE79FF,0.03754662738586111
Southern Europe,primary productivity,productivity,ssp245_medium-term,#A1BE79FF,0.022561953846956133
Southern Islands,primary productivity,productivity,ssp245_medium-term,#A1BE79FF,0
Western Africa,primary productivity,productivity,ssp245_medium-term,#A1BE79FF,0.03425905988715368
Western Asia,primary productivity,productivity,ssp245_medium-term,#A1BE79FF,0.010088490697665993
Western Europe,primary productivity,productivity,ssp245_medium-term,#A1BE79FF,0.06947442666380597
Antarctica,primary productivity,productivity,ssp245_near-term,#A1BE79FF,1.9058332795235353e-4
Australia and New Zealand,primary productivity,productivity,ssp245_near-term,#A1BE79FF,0.009475189127463127
Caribbean,primary productivity,productivity,ssp245_near-term,#A1BE79FF,0.01941725873384786
Central America,primary productivity,productivity,ssp245_near-term,#A1BE79FF,0.001967707342448706
Eastern Africa,primary productivity,productivity,ssp245_near-term,#A1BE79FF,0.014503313433027366
Eastern Asia,primary productivity,productivity,ssp245_near-term,#A1BE79FF,0.009346894172237765
Eastern Europe,primary productivity,productivity,ssp245_near-term,#A1BE79FF,0.002769839208332637
Melanesia,primary productivity,productivity,ssp245_near-term,#A1BE79FF,0.04258589525400153
Micronesia,primary productivity,productivity,ssp245_near-term,#A1BE79FF,0.057679954777703824
Middle Africa,primary productivity,productivity,ssp245_near-term,#A1BE79FF,0.038101462263411615
Northern Africa,primary productivity,productivity,ssp245_near-term,#A1BE79FF,0.004960447726363575
Northern America,primary productivity,productivity,ssp245_near-term,#A1BE79FF,0.0016413884488225196
Northern Europe,primary productivity,productivity,ssp245_near-term,#A1BE79FF,0.043945288344705284
Polynesia,primary productivity,productivity,ssp245_near-term,#A1BE79FF,0.018171504607364386
South America,primary productivity,productivity,ssp245_near-term,#A1BE79FF,0.006014211376177065
South-eastern Asia,primary productivity,productivity,ssp245_near-term,#A1BE79FF,0.006840588319826771
Southern Africa,primary productivity,productivity,ssp245_near-term,#A1BE79FF,0.022522423900242998
Southern Asia,primary productivity,productivity,ssp245_near-term,#A1BE79FF,0.029160933499944898
Southern Europe,primary productivity,productivity,ssp245_near-term,#A1BE79FF,0.01633138691567374
Southern Islands,primary productivity,productivity,ssp245_near-term,#A1BE79FF,0
Western Africa,primary productivity,productivity,ssp245_near-term,#A1BE79FF,0.026243579042680612
Western Asia,primary productivity,productivity,ssp245_near-term,#A1BE79FF,0.008670659800613574
Western Europe,primary productivity,productivity,ssp245_near-term,#A1BE79FF,0.050631629585224394
Antarctica,primary productivity,productivity,ssp585_current,#A1BE79FF,0.0029728811225984836
Australia and New Zealand,primary productivity,productivity,ssp585_current,#A1BE79FF,0.0038338519102492285
Caribbean,primary productivity,productivity,ssp585_current,#A1BE79FF,1.9796842300495366e-4
Central America,primary productivity,productivity,ssp585_current,#A1BE79FF,0.0014511108667198804
Eastern Africa,primary productivity,productivity,ssp585_current,#A1BE79FF,0.0018601418432847173
Eastern Asia,primary productivity,productivity,ssp585_current,#A1BE79FF,0.0034485907886763405
Eastern Europe,primary productivity,productivity,ssp585_current,#A1BE79FF,1.377207652512833e-4
Melanesia,primary productivity,productivity,ssp585_current,#A1BE79FF,0.0087812934627707
Micronesia,primary productivity,productivity,ssp585_current,#A1BE79FF,0.017813780763235917
Middle Africa,primary productivity,productivity,ssp585_current,#A1BE79FF,0.010776910236034845
Northern Africa,primary productivity,productivity,ssp585_current,#A1BE79FF,3.3180612913451176e-4
Northern America,primary productivity,productivity,ssp585_current,#A1BE79FF,3.693458619448887e-4
Northern Europe,primary productivity,productivity,ssp585_current,#A1BE79FF,3.368886679706117e-4
Polynesia,primary productivity,productivity,ssp585_current,#A1BE79FF,0.007176543433759773
South America,primary productivity,productivity,ssp585_current,#A1BE79FF,0.0028176619133375882
South-eastern Asia,primary productivity,productivity,ssp585_current,#A1BE79FF,0.0016870945579610373
Southern Africa,primary productivity,productivity,ssp585_current,#A1BE79FF,0.004769312764832957
Southern Asia,primary productivity,productivity,ssp585_current,#A1BE79FF,0.014258147415163331
Southern Europe,primary productivity,productivity,ssp585_current,#A1BE79FF,0.003576023477831946
Southern Islands,primary productivity,productivity,ssp585_current,#A1BE79FF,3.106279761476513e-4
Western Africa,primary productivity,productivity,ssp585_current,#A1BE79FF,0.0073320324773975595
Western Asia,primary productivity,productivity,ssp585_current,#A1BE79FF,0.0048461448607216165
Western Europe,primary productivity,productivity,ssp585_current,#A1BE79FF,0.0028733705028005678
Antarctica,primary productivity,productivity,ssp585_medium-term,#A1BE79FF,0
Australia and New Zealand,primary productivity,productivity,ssp585_medium-term,#A1BE79FF,0.015745851014814224
Caribbean,primary productivity,productivity,ssp585_medium-term,#A1BE79FF,0.014528392946798849
Central America,primary productivity,productivity,ssp585_medium-term,#A1BE79FF,0.004941171088811877
Eastern Africa,primary productivity,productivity,ssp585_medium-term,#A1BE79FF,0.02282747059703193
Eastern Asia,primary productivity,productivity,ssp585_medium-term,#A1BE79FF,0.009465439499374355
Eastern Europe,primary productivity,productivity,ssp585_medium-term,#A1BE79FF,0.0029495930100961547
Melanesia,primary productivity,productivity,ssp585_medium-term,#A1BE79FF,0.07326155195034004
Micronesia,primary productivity,productivity,ssp585_medium-term,#A1BE79FF,0.09767212246890009
Middle Africa,primary productivity,productivity,ssp585_medium-term,#A1BE79FF,0.06280518994742046
Northern Africa,primary productivity,productivity,ssp585_medium-term,#A1BE79FF,0.004399615131042495
Northern America,primary productivity,productivity,ssp585_medium-term,#A1BE79FF,0.004650006243563634
Northern Europe,primary productivity,productivity,ssp585_medium-term,#A1BE79FF,0.07270333698760875
Polynesia,primary productivity,productivity,ssp585_medium-term,#A1BE79FF,0.03197587589280828
South America,primary productivity,productivity,ssp585_medium-term,#A1BE79FF,0.0067767698668292605
South-eastern Asia,primary productivity,productivity,ssp585_medium-term,#A1BE79FF,0.008208104314833549
Southern Africa,primary productivity,productivity,ssp585_medium-term,#A1BE79FF,0.0384068030907957
Southern Asia,primary productivity,productivity,ssp585_medium-term,#A1BE79FF,0.04378009993641782
Southern Europe,primary productivity,productivity,ssp585_medium-term,#A1BE79FF,0.021576242255985173
Southern Islands,primary productivity,productivity,ssp585_medium-term,#A1BE79FF,2.1383336682275892e-5
Western Africa,primary productivity,productivity,ssp585_medium-term,#A1BE79FF,0.03512499617227155
Western Asia,primary productivity,productivity,ssp585_medium-term,#A1BE79FF,0.012933338542759146
Western Europe,primary productivity,productivity,ssp585_medium-term,#A1BE79FF,0.07360731725138075
Antarctica,primary productivity,productivity,ssp585_near-term,#A1BE79FF,3.918179803999508e-4
Australia and New Zealand,primary productivity,productivity,ssp585_near-term,#A1BE79FF,0.007293662781776528
Caribbean,primary productivity,productivity,ssp585_near-term,#A1BE79FF,0.012764145640870275
Central America,primary productivity,productivity,ssp585_near-term,#A1BE79FF,0.0021679766100757597
Eastern Africa,primary productivity,productivity,ssp585_near-term,#A1BE79FF,0.0152165916751474
Eastern Asia,primary productivity,productivity,ssp585_near-term,#A1BE79FF,0.008686253766398694
Eastern Europe,primary productivity,productivity,ssp585_near-term,#A1BE79FF,0.002693366967192216
Melanesia,primary productivity,productivity,ssp585_near-term,#A1BE79FF,0.04769033022303459
Micronesia,primary productivity,productivity,ssp585_near-term,#A1BE79FF,0.07149369994099437
Middle Africa,primary productivity,productivity,ssp585_near-term,#A1BE79FF,0.044683280002467136
Northern Africa,primary productivity,productivity,ssp585_near-term,#A1BE79FF,0.007366643676704705
Northern America,primary productivity,productivity,ssp585_near-term,#A1BE79FF,0.0020670227487568733
Northern Europe,primary productivity,productivity,ssp585_near-term,#A1BE79FF,0.048609041465497285
Polynesia,primary productivity,productivity,ssp585_near-term,#A1BE79FF,0.017857530866751643
South America,primary productivity,productivity,ssp585_near-term,#A1BE79FF,0.005168568013961553
South-eastern Asia,primary productivity,productivity,ssp585_near-term,#A1BE79FF,0.005913532603448068
Southern Africa,primary productivity,productivity,ssp585_near-term,#A1BE79FF,0.022741903423333154
Southern Asia,primary productivity,productivity,ssp585_near-term,#A1BE79FF,0.035445385921519044
Southern Europe,primary productivity,productivity,ssp585_near-term,#A1BE79FF,0.017195982999105304
Southern Islands,primary productivity,productivity,ssp585_near-term,#A1BE79FF,3.945928033925762e-6
Western Africa,primary productivity,productivity,ssp585_near-term,#A1BE79FF,0.021953878308585088
Western Asia,primary productivity,productivity,ssp585_near-term,#A1BE79FF,0.010317131600862178
Western Europe,primary productivity,productivity,ssp585_near-term,#A1BE79FF,0.053586047992058565
Antarctica,reduced oxygen,climate-change-other,ssp245_current,#E95D93FF,0.0011636062563249888
Australia and New Zealand,reduced oxygen,climate-change-other,ssp245_current,#E95D93FF,0.0020044520475933063
Caribbean,reduced oxygen,climate-change-other,ssp245_current,#E95D93FF,0.0035562547550550935
Central America,reduced oxygen,climate-change-other,ssp245_current,#E95D93FF,0.0840003427621594
Eastern Africa,reduced oxygen,climate-change-other,ssp245_current,#E95D93FF,0.038934428848613686
Eastern Asia,reduced oxygen,climate-change-other,ssp245_current,#E95D93FF,0.017079354912793915
Eastern Europe,reduced oxygen,climate-change-other,ssp245_current,#E95D93FF,0.01347505569158942
Melanesia,reduced oxygen,climate-change-other,ssp245_current,#E95D93FF,0.009070421983906438
Micronesia,reduced oxygen,climate-change-other,ssp245_current,#E95D93FF,0.022834194418762364
Middle Africa,reduced oxygen,climate-change-other,ssp245_current,#E95D93FF,0.10747743353382673
Northern Africa,reduced oxygen,climate-change-other,ssp245_current,#E95D93FF,0.02206982112429088
Northern America,reduced oxygen,climate-change-other,ssp245_current,#E95D93FF,0.014383420087868672
Northern Europe,reduced oxygen,climate-change-other,ssp245_current,#E95D93FF,0.0010119296573700943
Polynesia,reduced oxygen,climate-change-other,ssp245_current,#E95D93FF,0.004628011404233131
South America,reduced oxygen,climate-change-other,ssp245_current,#E95D93FF,0.042156150118987205
South-eastern Asia,reduced oxygen,climate-change-other,ssp245_current,#E95D93FF,0.03055491431556762
Southern Africa,reduced oxygen,climate-change-other,ssp245_current,#E95D93FF,0.07204279261724177
Southern Asia,reduced oxygen,climate-change-other,ssp245_current,#E95D93FF,0.03297441930242012
Southern Europe,reduced oxygen,climate-change-other,ssp245_current,#E95D93FF,0.009267900739446286
Southern Islands,reduced oxygen,climate-change-other,ssp245_current,#E95D93FF,0.001671465684916401
Western Africa,reduced oxygen,climate-change-other,ssp245_current,#E95D93FF,0.05562407047865408
Western Asia,reduced oxygen,climate-change-other,ssp245_current,#E95D93FF,0.06599233297582704
Western Europe,reduced oxygen,climate-change-other,ssp245_current,#E95D93FF,0.0019351375823957115
Antarctica,reduced oxygen,climate-change-other,ssp245_medium-term,#E95D93FF,9.166311576646709e-4
Australia and New Zealand,reduced oxygen,climate-change-other,ssp245_medium-term,#E95D93FF,0.00694758259303421
Caribbean,reduced oxygen,climate-change-other,ssp245_medium-term,#E95D93FF,0.009116404780419793
Central America,reduced oxygen,climate-change-other,ssp245_medium-term,#E95D93FF,0.08738454511593974
Eastern Africa,reduced oxygen,climate-change-other,ssp245_medium-term,#E95D93FF,0.04339156637018631
Eastern Asia,reduced oxygen,climate-change-other,ssp245_medium-term,#E95D93FF,0.025975971703448918
Eastern Europe,reduced oxygen,climate-change-other,ssp245_medium-term,#E95D93FF,0.0227777595929811
Melanesia,reduced oxygen,climate-change-other,ssp245_medium-term,#E95D93FF,0.011270154993505064
Micronesia,reduced oxygen,climate-change-other,ssp245_medium-term,#E95D93FF,0.024481479871646106
Middle Africa,reduced oxygen,climate-change-other,ssp245_medium-term,#E95D93FF,0.10941215904007451
Northern Africa,reduced oxygen,climate-change-other,ssp245_medium-term,#E95D93FF,0.029490293542246637
Northern America,reduced oxygen,climate-change-other,ssp245_medium-term,#E95D93FF,0.020971969168589878
Northern Europe,reduced oxygen,climate-change-other,ssp245_medium-term,#E95D93FF,0.005175233043907679
Polynesia,reduced oxygen,climate-change-other,ssp245_medium-term,#E95D93FF,0.00606509669458674
South America,reduced oxygen,climate-change-other,ssp245_medium-term,#E95D93FF,0.045675343494616945
South-eastern Asia,reduced oxygen,climate-change-other,ssp245_medium-term,#E95D93FF,0.03656863514206441
Southern Africa,reduced oxygen,climate-change-other,ssp245_medium-term,#E95D93FF,0.07376104046468027
Southern Asia,reduced oxygen,climate-change-other,ssp245_medium-term,#E95D93FF,0.039975064784090006
Southern Europe,reduced oxygen,climate-change-other,ssp245_medium-term,#E95D93FF,0.01880635731902269
Southern Islands,reduced oxygen,climate-change-other,ssp245_medium-term,#E95D93FF,0.0047525475635019025
Western Africa,reduced oxygen,climate-change-other,ssp245_medium-term,#E95D93FF,0.058662309561730464
Western Asia,reduced oxygen,climate-change-other,ssp245_medium-term,#E95D93FF,0.0738064702855399
Western Europe,reduced oxygen,climate-change-other,ssp245_medium-term,#E95D93FF,0.007587099732079705
Antarctica,reduced oxygen,climate-change-other,ssp245_near-term,#E95D93FF,0.001005232839647808
Australia and New Zealand,reduced oxygen,climate-change-other,ssp245_near-term,#E95D93FF,0.003455706093927406
Caribbean,reduced oxygen,climate-change-other,ssp245_near-term,#E95D93FF,0.005812217222708099
Central America,reduced oxygen,climate-change-other,ssp245_near-term,#E95D93FF,0.08497326277419782
Eastern Africa,reduced oxygen,climate-change-other,ssp245_near-term,#E95D93FF,0.04010597789377154
Eastern Asia,reduced oxygen,climate-change-other,ssp245_near-term,#E95D93FF,0.020191886415184112
Eastern Europe,reduced oxygen,climate-change-other,ssp245_near-term,#E95D93FF,0.017076101062133534
Melanesia,reduced oxygen,climate-change-other,ssp245_near-term,#E95D93FF,0.010557467845849329
Micronesia,reduced oxygen,climate-change-other,ssp245_near-term,#E95D93FF,0.023579715549365304
Middle Africa,reduced oxygen,climate-change-other,ssp245_near-term,#E95D93FF,0.10636159983501631
Northern Africa,reduced oxygen,climate-change-other,ssp245_near-term,#E95D93FF,0.025160053554147428
Northern America,reduced oxygen,climate-change-other,ssp245_near-term,#E95D93FF,0.016506535206109323
Northern Europe,reduced oxygen,climate-change-other,ssp245_near-term,#E95D93FF,0.0027662300539108547
Polynesia,reduced oxygen,climate-change-other,ssp245_near-term,#E95D93FF,0.004797069896358161
South America,reduced oxygen,climate-change-other,ssp245_near-term,#E95D93FF,0.04345467682681114
South-eastern Asia,reduced oxygen,climate-change-other,ssp245_near-term,#E95D93FF,0.032903412284413965
Southern Africa,reduced oxygen,climate-change-other,ssp245_near-term,#E95D93FF,0.07213142236508141
Southern Asia,reduced oxygen,climate-change-other,ssp245_near-term,#E95D93FF,0.035342654590955855
Southern Europe,reduced oxygen,climate-change-other,ssp245_near-term,#E95D93FF,0.014250724941069291
Southern Islands,reduced oxygen,climate-change-other,ssp245_near-term,#E95D93FF,0.00250186907949081
Western Africa,reduced oxygen,climate-change-other,ssp245_near-term,#E95D93FF,0.055906935983306684
Western Asia,reduced oxygen,climate-change-other,ssp245_near-term,#E95D93FF,0.06912713584935616
Western Europe,reduced oxygen,climate-change-other,ssp245_near-term,#E95D93FF,0.004048405063720731
Antarctica,reduced oxygen,climate-change-other,ssp585_current,#E95D93FF,0.0011636062563249888
Australia and New Zealand,reduced oxygen,climate-change-other,ssp585_current,#E95D93FF,0.0020044520475933063
Caribbean,reduced oxygen,climate-change-other,ssp585_current,#E95D93FF,0.0035562547550550935
Central America,reduced oxygen,climate-change-other,ssp585_current,#E95D93FF,0.0840003427621594
Eastern Africa,reduced oxygen,climate-change-other,ssp585_current,#E95D93FF,0.038934428848613686
Eastern Asia,reduced oxygen,climate-change-other,ssp585_current,#E95D93FF,0.017079354912793915
Eastern Europe,reduced oxygen,climate-change-other,ssp585_current,#E95D93FF,0.01347505569158942
Melanesia,reduced oxygen,climate-change-other,ssp585_current,#E95D93FF,0.009070421983906438
Micronesia,reduced oxygen,climate-change-other,ssp585_current,#E95D93FF,0.022834194418762364
Middle Africa,reduced oxygen,climate-change-other,ssp585_current,#E95D93FF,0.10747743353382673
Northern Africa,reduced oxygen,climate-change-other,ssp585_current,#E95D93FF,0.02206982112429088
Northern America,reduced oxygen,climate-change-other,ssp585_current,#E95D93FF,0.014383420087868672
Northern Europe,reduced oxygen,climate-change-other,ssp585_current,#E95D93FF,0.0010119296573700943
Polynesia,reduced oxygen,climate-change-other,ssp585_current,#E95D93FF,0.004628011404233131
South America,reduced oxygen,climate-change-other,ssp585_current,#E95D93FF,0.042156150118987205
South-eastern Asia,reduced oxygen,climate-change-other,ssp585_current,#E95D93FF,0.03055491431556762
Southern Africa,reduced oxygen,climate-change-other,ssp585_current,#E95D93FF,0.07204279261724177
Southern Asia,reduced oxygen,climate-change-other,ssp585_current,#E95D93FF,0.03297441930242012
Southern Europe,reduced oxygen,climate-change-other,ssp585_current,#E95D93FF,0.009267900739446286
Southern Islands,reduced oxygen,climate-change-other,ssp585_current,#E95D93FF,0.001671465684916401
Western Africa,reduced oxygen,climate-change-other,ssp585_current,#E95D93FF,0.05562407047865408
Western Asia,reduced oxygen,climate-change-other,ssp585_current,#E95D93FF,0.06599233297582704
Western Europe,reduced oxygen,climate-change-other,ssp585_current,#E95D93FF,0.0019351375823957115
Antarctica,reduced oxygen,climate-change-other,ssp585_medium-term,#E95D93FF,8.983627491301512e-4
Australia and New Zealand,reduced oxygen,climate-change-other,ssp585_medium-term,#E95D93FF,0.008959985650798944
Caribbean,reduced oxygen,climate-change-other,ssp585_medium-term,#E95D93FF,0.010694052870317779
Central America,reduced oxygen,climate-change-other,ssp585_medium-term,#E95D93FF,0.08930489576384781
Eastern Africa,reduced oxygen,climate-change-other,ssp585_medium-term,#E95D93FF,0.045524924650350296
Eastern Asia,reduced oxygen,climate-change-other,ssp585_medium-term,#E95D93FF,0.029749813041986196
Eastern Europe,reduced oxygen,climate-change-other,ssp585_medium-term,#E95D93FF,0.026228074633379308
Melanesia,reduced oxygen,climate-change-other,ssp585_medium-term,#E95D93FF,0.012398180322206206
Micronesia,reduced oxygen,climate-change-other,ssp585_medium-term,#E95D93FF,0.025943411885781302
Middle Africa,reduced oxygen,climate-change-other,ssp585_medium-term,#E95D93FF,0.10286256897193176
Northern Africa,reduced oxygen,climate-change-other,ssp585_medium-term,#E95D93FF,0.03235541790449243
Northern America,reduced oxygen,climate-change-other,ssp585_medium-term,#E95D93FF,0.025769858476463268
Northern Europe,reduced oxygen,climate-change-other,ssp585_medium-term,#E95D93FF,0.008780941569215326
Polynesia,reduced oxygen,climate-change-other,ssp585_medium-term,#E95D93FF,0.006330956431874838
South America,reduced oxygen,climate-change-other,ssp585_medium-term,#E95D93FF,0.04745830568037415
South-eastern Asia,reduced oxygen,climate-change-other,ssp585_medium-term,#E95D93FF,0.03659737076476966
Southern Africa,reduced oxygen,climate-change-other,ssp585_medium-term,#E95D93FF,0.07594325731538507
Southern Asia,reduced oxygen,climate-change-other,ssp585_medium-term,#E95D93FF,0.0372468944886893
Southern Europe,reduced oxygen,climate-change-other,ssp585_medium-term,#E95D93FF,0.02182452216906776
Southern Islands,reduced oxygen,climate-change-other,ssp585_medium-term,#E95D93FF,0.006292603917789104
Western Africa,reduced oxygen,climate-change-other,ssp585_medium-term,#E95D93FF,0.058571545744247874
Western Asia,reduced oxygen,climate-change-other,ssp585_medium-term,#E95D93FF,0.07460033523459873
Western Europe,reduced oxygen,climate-change-other,ssp585_medium-term,#E95D93FF,0.012139384020488284
Antarctica,reduced oxygen,climate-change-other,ssp585_near-term,#E95D93FF,0.0011938648300853308
Australia and New Zealand,reduced oxygen,climate-change-other,ssp585_near-term,#E95D93FF,0.004041284319827105
Caribbean,reduced oxygen,climate-change-other,ssp585_near-term,#E95D93FF,0.005536870329528255
Central America,reduced oxygen,climate-change-other,ssp585_near-term,#E95D93FF,0.08584629658023078
Eastern Africa,reduced oxygen,climate-change-other,ssp585_near-term,#E95D93FF,0.040779941509219604
Eastern Asia,reduced oxygen,climate-change-other,ssp585_near-term,#E95D93FF,0.021992310523485017
Eastern Europe,reduced oxygen,climate-change-other,ssp585_near-term,#E95D93FF,0.017216368510623206
Melanesia,reduced oxygen,climate-change-other,ssp585_near-term,#E95D93FF,0.0100646707929497
Micronesia,reduced oxygen,climate-change-other,ssp585_near-term,#E95D93FF,0.023616080299832434
Middle Africa,reduced oxygen,climate-change-other,ssp585_near-term,#E95D93FF,0.10465609112515087
Northern Africa,reduced oxygen,climate-change-other,ssp585_near-term,#E95D93FF,0.02519385916663937
Northern America,reduced oxygen,climate-change-other,ssp585_near-term,#E95D93FF,0.017090977991413847
Northern Europe,reduced oxygen,climate-change-other,ssp585_near-term,#E95D93FF,0.0027457068146307033
Polynesia,reduced oxygen,climate-change-other,ssp585_near-term,#E95D93FF,0.0046967871469957845
South America,reduced oxygen,climate-change-other,ssp585_near-term,#E95D93FF,0.04361713603590097
South-eastern Asia,reduced oxygen,climate-change-other,ssp585_near-term,#E95D93FF,0.03265767523957815
Southern Africa,reduced oxygen,climate-change-other,ssp585_near-term,#E95D93FF,0.07333205397418
Southern Asia,reduced oxygen,climate-change-other,ssp585_near-term,#E95D93FF,0.03373123571895287
Southern Europe,reduced oxygen,climate-change-other,ssp585_near-term,#E95D93FF,0.013469371973661744
Southern Islands,reduced oxygen,climate-change-other,ssp585_near-term,#E95D93FF,0.002609829050122934
Western Africa,reduced oxygen,climate-change-other,ssp585_near-term,#E95D93FF,0.055915742850943105
Western Asia,reduced oxygen,climate-change-other,ssp585_near-term,#E95D93FF,0.0684293161961603
Western Europe,reduced oxygen,climate-change-other,ssp585_near-term,#E95D93FF,0.0042054286458770435
Antarctica,sea level rise,climate-change-other,ssp245_current,#9F2C6CFF,4.1551052545649387e-4
Australia and New Zealand,sea level rise,climate-change-other,ssp245_current,#9F2C6CFF,0.005482408214265602
Caribbean,sea level rise,climate-change-other,ssp245_current,#9F2C6CFF,0.01869049588341284
Central America,sea level rise,climate-change-other,ssp245_current,#9F2C6CFF,0.04165152796403985
Eastern Africa,sea level rise,climate-change-other,ssp245_current,#9F2C6CFF,0.010739010752694596
Eastern Asia,sea level rise,climate-change-other,ssp245_current,#9F2C6CFF,0.002371634890172925
Eastern Europe,sea level rise,climate-change-other,ssp245_current,#9F2C6CFF,0.02679230430669276
Melanesia,sea level rise,climate-change-other,ssp245_current,#9F2C6CFF,6.878863528808766e-4
Micronesia,sea level rise,climate-change-other,ssp245_current,#9F2C6CFF,6.525479785813591e-4
Middle Africa,sea level rise,climate-change-other,ssp245_current,#9F2C6CFF,0.019943937313288224
Northern Africa,sea level rise,climate-change-other,ssp245_current,#9F2C6CFF,0.014949997670974427
Northern America,sea level rise,climate-change-other,ssp245_current,#9F2C6CFF,0.034037034345971086
Northern Europe,sea level rise,climate-change-other,ssp245_current,#9F2C6CFF,0.008284532047616701
Polynesia,sea level rise,climate-change-other,ssp245_current,#9F2C6CFF,0.0022545998772913844
South America,sea level rise,climate-change-other,ssp245_current,#9F2C6CFF,0.007152736541208527
South-eastern Asia,sea level rise,climate-change-other,ssp245_current,#9F2C6CFF,0.00617635943492959
Southern Africa,sea level rise,climate-change-other,ssp245_current,#9F2C6CFF,0.01353562515215129
Southern Asia,sea level rise,climate-change-other,ssp245_current,#9F2C6CFF,3.557923774329149e-4
Southern Europe,sea level rise,climate-change-other,ssp245_current,#9F2C6CFF,0.011182561077056646
Southern Islands,sea level rise,climate-change-other,ssp245_current,#9F2C6CFF,0.01688015739465707
Western Africa,sea level rise,climate-change-other,ssp245_current,#9F2C6CFF,0.01519660095132471
Western Asia,sea level rise,climate-change-other,ssp245_current,#9F2C6CFF,0.004414339347434198
Western Europe,sea level rise,climate-change-other,ssp245_current,#9F2C6CFF,0.02727159796112119
Antarctica,sea level rise,climate-change-other,ssp245_medium-term,#9F2C6CFF,0.01053214042299819
Australia and New Zealand,sea level rise,climate-change-other,ssp245_medium-term,#9F2C6CFF,0.05887793745001865
Caribbean,sea level rise,climate-change-other,ssp245_medium-term,#9F2C6CFF,0.05808525749503205
Central America,sea level rise,climate-change-other,ssp245_medium-term,#9F2C6CFF,0.08993603897947805
Eastern Africa,sea level rise,climate-change-other,ssp245_medium-term,#9F2C6CFF,0.05111962543794675
Eastern Asia,sea level rise,climate-change-other,ssp245_medium-term,#9F2C6CFF,0.054437278765565214
Eastern Europe,sea level rise,climate-change-other,ssp245_medium-term,#9F2C6CFF,0.07011443004266545
Melanesia,sea level rise,climate-change-other,ssp245_medium-term,#9F2C6CFF,0.027831005936338464
Micronesia,sea level rise,climate-change-other,ssp245_medium-term,#9F2C6CFF,0.011002850657061867
Middle Africa,sea level rise,climate-change-other,ssp245_medium-term,#9F2C6CFF,0.06366723896797268
Northern Africa,sea level rise,climate-change-other,ssp245_medium-term,#9F2C6CFF,0.051303531460063286
Northern America,sea level rise,climate-change-other,ssp245_medium-term,#9F2C6CFF,0.05087120718897688
Northern Europe,sea level rise,climate-change-other,ssp245_medium-term,#9F2C6CFF,0.023756130035498663
Polynesia,sea level rise,climate-change-other,ssp245_medium-term,#9F2C6CFF,0.011378361712861735
South America,sea level rise,climate-change-other,ssp245_medium-term,#9F2C6CFF,0.036749365856644164
South-eastern Asia,sea level rise,climate-change-other,ssp245_medium-term,#9F2C6CFF,0.052355932129074474
Southern Africa,sea level rise,climate-change-other,ssp245_medium-term,#9F2C6CFF,0.0661951554245852
Southern Asia,sea level rise,climate-change-other,ssp245_medium-term,#9F2C6CFF,0.03502161133641412
Southern Europe,sea level rise,climate-change-other,ssp245_medium-term,#9F2C6CFF,0.03556466985133429
Southern Islands,sea level rise,climate-change-other,ssp245_medium-term,#9F2C6CFF,0.07144911837207878
Western Africa,sea level rise,climate-change-other,ssp245_medium-term,#9F2C6CFF,0.07127715354712988
Western Asia,sea level rise,climate-change-other,ssp245_medium-term,#9F2C6CFF,0.038579656307997034
Western Europe,sea level rise,climate-change-other,ssp245_medium-term,#9F2C6CFF,0.066489898557849
Antarctica,sea level rise,climate-change-other,ssp245_near-term,#9F2C6CFF,4.1551052545649387e-4
Australia and New Zealand,sea level rise,climate-change-other,ssp245_near-term,#9F2C6CFF,0.005482408214265602
Caribbean,sea level rise,climate-change-other,ssp245_near-term,#9F2C6CFF,0.01869049588341284
Central America,sea level rise,climate-change-other,ssp245_near-term,#9F2C6CFF,0.04165152796403985
Eastern Africa,sea level rise,climate-change-other,ssp245_near-term,#9F2C6CFF,0.010739010752694596
Eastern Asia,sea level rise,climate-change-other,ssp245_near-term,#9F2C6CFF,0.002371634890172925
Eastern Europe,sea level rise,climate-change-other,ssp245_near-term,#9F2C6CFF,0.02679230430669276
Melanesia,sea level rise,climate-change-other,ssp245_near-term,#9F2C6CFF,6.878863528808766e-4
Micronesia,sea level rise,climate-change-other,ssp245_near-term,#9F2C6CFF,6.525479785813591e-4
Middle Africa,sea level rise,climate-change-other,ssp245_near-term,#9F2C6CFF,0.019943937313288224
Northern Africa,sea level rise,climate-change-other,ssp245_near-term,#9F2C6CFF,0.014949997670974427
Northern America,sea level rise,climate-change-other,ssp245_near-term,#9F2C6CFF,0.034037034345971086
Northern Europe,sea level rise,climate-change-other,ssp245_near-term,#9F2C6CFF,0.008284532047616701
Polynesia,sea level rise,climate-change-other,ssp245_near-term,#9F2C6CFF,0.0022545998772913844
South America,sea level rise,climate-change-other,ssp245_near-term,#9F2C6CFF,0.007152736541208527
South-eastern Asia,sea level rise,climate-change-other,ssp245_near-term,#9F2C6CFF,0.00617635943492959
Southern Africa,sea level rise,climate-change-other,ssp245_near-term,#9F2C6CFF,0.01353562515215129
Southern Asia,sea level rise,climate-change-other,ssp245_near-term,#9F2C6CFF,3.557923774329149e-4
Southern Europe,sea level rise,climate-change-other,ssp245_near-term,#9F2C6CFF,0.011182561077056646
Southern Islands,sea level rise,climate-change-other,ssp245_near-term,#9F2C6CFF,0.01688015739465707
Western Africa,sea level rise,climate-change-other,ssp245_near-term,#9F2C6CFF,0.01519660095132471
Western Asia,sea level rise,climate-change-other,ssp245_near-term,#9F2C6CFF,0.004414339347434198
Western Europe,sea level rise,climate-change-other,ssp245_near-term,#9F2C6CFF,0.02727159796112119
Antarctica,sea level rise,climate-change-other,ssp585_current,#9F2C6CFF,0.001685293202247511
Australia and New Zealand,sea level rise,climate-change-other,ssp585_current,#9F2C6CFF,0.013530959769067518
Caribbean,sea level rise,climate-change-other,ssp585_current,#9F2C6CFF,0.022299278628623093
Central America,sea level rise,climate-change-other,ssp585_current,#9F2C6CFF,0.04982334104389748
Eastern Africa,sea level rise,climate-change-other,ssp585_current,#9F2C6CFF,0.01721725813454463
Eastern Asia,sea level rise,climate-change-other,ssp585_current,#9F2C6CFF,0.00832746992139449
Eastern Europe,sea level rise,climate-change-other,ssp585_current,#9F2C6CFF,0.03399542836385063
Melanesia,sea level rise,climate-change-other,ssp585_current,#9F2C6CFF,0.0035603223186254133
Micronesia,sea level rise,climate-change-other,ssp585_current,#9F2C6CFF,0.0026757710917691374
Middle Africa,sea level rise,climate-change-other,ssp585_current,#9F2C6CFF,0.03376776427673153
Northern Africa,sea level rise,climate-change-other,ssp585_current,#9F2C6CFF,0.022597174338832682
Northern America,sea level rise,climate-change-other,ssp585_current,#9F2C6CFF,0.03720783604574467
Northern Europe,sea level rise,climate-change-other,ssp585_current,#9F2C6CFF,0.010153898450201409
Polynesia,sea level rise,climate-change-other,ssp585_current,#9F2C6CFF,0.0032652559980574647
South America,sea level rise,climate-change-other,ssp585_current,#9F2C6CFF,0.009488103163981998
South-eastern Asia,sea level rise,climate-change-other,ssp585_current,#9F2C6CFF,0.008825044830234415
Southern Africa,sea level rise,climate-change-other,ssp585_current,#9F2C6CFF,0.022546299272177144
Southern Asia,sea level rise,climate-change-other,ssp585_current,#9F2C6CFF,0.0024677934343067796
Southern Europe,sea level rise,climate-change-other,ssp585_current,#9F2C6CFF,0.015055542741463791
Southern Islands,sea level rise,climate-change-other,ssp585_current,#9F2C6CFF,0.019807786578576115
Western Africa,sea level rise,climate-change-other,ssp585_current,#9F2C6CFF,0.023801691938778183
Western Asia,sea level rise,climate-change-other,ssp585_current,#9F2C6CFF,0.012287991961041377
Western Europe,sea level rise,climate-change-other,ssp585_current,#9F2C6CFF,0.03036519531525476
Antarctica,sea level rise,climate-change-other,ssp585_medium-term,#9F2C6CFF,0.025750925455393158
Australia and New Zealand,sea level rise,climate-change-other,ssp585_medium-term,#9F2C6CFF,0.1058249607706007
Caribbean,sea level rise,climate-change-other,ssp585_medium-term,#9F2C6CFF,0.08160545674390245
Central America,sea level rise,climate-change-other,ssp585_medium-term,#9F2C6CFF,0.1243974025748103
Eastern Africa,sea level rise,climate-change-other,ssp585_medium-term,#9F2C6CFF,0.09348315987816645
Eastern Asia,sea level rise,climate-change-other,ssp585_medium-term,#9F2C6CFF,0.1074409331279271
Eastern Europe,sea level rise,climate-change-other,ssp585_medium-term,#9F2C6CFF,0.10042382673113766
Melanesia,sea level rise,climate-change-other,ssp585_medium-term,#9F2C6CFF,0.04847944120919579
Micronesia,sea level rise,climate-change-other,ssp585_medium-term,#9F2C6CFF,0.016520695207406098
Middle Africa,sea level rise,climate-change-other,ssp585_medium-term,#9F2C6CFF,0.10347733156442052
Northern Africa,sea level rise,climate-change-other,ssp585_medium-term,#9F2C6CFF,0.0893588329557744
Northern America,sea level rise,climate-change-other,ssp585_medium-term,#9F2C6CFF,0.06339512500821223
Northern Europe,sea level rise,climate-change-other,ssp585_medium-term,#9F2C6CFF,0.04464572028168397
Polynesia,sea level rise,climate-change-other,ssp585_medium-term,#9F2C6CFF,0.017914334657829503
South America,sea level rise,climate-change-other,ssp585_medium-term,#9F2C6CFF,0.06689183621610797
South-eastern Asia,sea level rise,climate-change-other,ssp585_medium-term,#9F2C6CFF,0.08704116396743901
Southern Africa,sea level rise,climate-change-other,ssp585_medium-term,#9F2C6CFF,0.10858626799536972
Southern Asia,sea level rise,climate-change-other,ssp585_medium-term,#9F2C6CFF,0.08218247732281257
Southern Europe,sea level rise,climate-change-other,ssp585_medium-term,#9F2C6CFF,0.06560718663187869
Southern Islands,sea level rise,climate-change-other,ssp585_medium-term,#9F2C6CFF,0.11509333523805645
Western Africa,sea level rise,climate-change-other,ssp585_medium-term,#9F2C6CFF,0.11076351826710532
Western Asia,sea level rise,climate-change-other,ssp585_medium-term,#9F2C6CFF,0.08579928361142164
Western Europe,sea level rise,climate-change-other,ssp585_medium-term,#9F2C6CFF,0.10897282650831693
Antarctica,sea level rise,climate-change-other,ssp585_near-term,#9F2C6CFF,0.001685293202247511
Australia and New Zealand,sea level rise,climate-change-other,ssp585_near-term,#9F2C6CFF,0.013530959769067518
Caribbean,sea level rise,climate-change-other,ssp585_near-term,#9F2C6CFF,0.022299278628623093
Central America,sea level rise,climate-change-other,ssp585_near-term,#9F2C6CFF,0.04982334104389748
Eastern Africa,sea level rise,climate-change-other,ssp585_near-term,#9F2C6CFF,0.01721725813454463
Eastern Asia,sea level rise,climate-change-other,ssp585_near-term,#9F2C6CFF,0.00832746992139449
Eastern Europe,sea level rise,climate-change-other,ssp585_near-term,#9F2C6CFF,0.03399542836385063
Melanesia,sea level rise,climate-change-other,ssp585_near-term,#9F2C6CFF,0.0035603223186254133
Micronesia,sea level rise,climate-change-other,ssp585_near-term,#9F2C6CFF,0.0026757710917691374
Middle Africa,sea level rise,climate-change-other,ssp585_near-term,#9F2C6CFF,0.03376776427673153
Northern Africa,sea level rise,climate-change-other,ssp585_near-term,#9F2C6CFF,0.022597174338832682
Northern America,sea level rise,climate-change-other,ssp585_near-term,#9F2C6CFF,0.03720783604574467
Northern Europe,sea level rise,climate-change-other,ssp585_near-term,#9F2C6CFF,0.010153898450201409
Polynesia,sea level rise,climate-change-other,ssp585_near-term,#9F2C6CFF,0.0032652559980574647
South America,sea level rise,climate-change-other,ssp585_near-term,#9F2C6CFF,0.009488103163981998
South-eastern Asia,sea level rise,climate-change-other,ssp585_near-term,#9F2C6CFF,0.008825044830234415
Southern Africa,sea level rise,climate-change-other,ssp585_near-term,#9F2C6CFF,0.022546299272177144
Southern Asia,sea level rise,climate-change-other,ssp585_near-term,#9F2C6CFF,0.0024677934343067796
Southern Europe,sea level rise,climate-change-other,ssp585_near-term,#9F2C6CFF,0.015055542741463791
Southern Islands,sea level rise,climate-change-other,ssp585_near-term,#9F2C6CFF,0.019807786578576115
Western Africa,sea level rise,climate-change-other,ssp585_near-term,#9F2C6CFF,0.023801691938778183
Western Asia,sea level rise,climate-change-other,ssp585_near-term,#9F2C6CFF,0.012287991961041377
Western Europe,sea level rise,climate-change-other,ssp585_near-term,#9F2C6CFF,0.03036519531525476
